timestamp,service,endpoint,region,latency_ms,cpu_usage,memory_usage,queue_lag,amount,error_code,severity,status,error_count,anomaly_probability_%,is_anomaly,client_id,machine_id,resource_stress_score
2026-10-07T14:35:43,fraud-detection,/payment,us-west-2,160,100,100,12,0,ERR-903,High,Failure,14,90,1,CUST-100483,DEV-LIN-11235,2.6143
2026-10-07T14:35:43,trading-engine,/trade,us-west-2,137,78,56,1,8486.9,ERR-108,Low,Failure,10,20,1,CUST-123456,DEV-WIN-99325,10.0027
2026-10-07T14:35:43,ledger-service,/balance_check,us-west-2,26,16,50,5,0,ERR-201,Low,Failure,7,35,1,CUST-100483,DEV-LIN-11235,3.2333
2026-10-07T14:35:53,ledger-service,/balance_check,us-west-2,5,11,16,2,0,ERR-000,Healthy,Success,14,2,0,CUST-134098,DEV-MAC-0149A5,1.2
2026-10-07T14:36:03,fraud-detection,/payment,us-east-1,125,88,90,9,0,ERR-205,Low,Failure,13,39,1,CUST-109482,DEV-LIN-11235,2.0412
2026-10-07T14:36:03,ledger-service,/balance_check,us-west-2,31,22,54,5,0,ERR-903,High,Failure,2,83,1,CUST-123456,DEV-WIN-99325,3.6667
2026-10-07T14:36:03,payment-api,/withdrawal,us-west-2,156,76,60,15,6232.05,ERR-205,Low,Failure,16,29,1,CUST-109482,DEV-WIN-84725,2.5573
2026-10-07T14:36:13,investment-engine,/portfolio,ap-southeast-1,205,90,100,36,14481.88,ERR-901,High,Failure,4,87,1,CUST-100483,DEV-MAC-75825,2.5286
2026-10-07T14:36:23,payment-api,/transfer,ap-southeast-1,141,66,54,15,8270.85,ERR-110,Low,Failure,11,22,1,CUST-100483,DEV-WIN-99325,2.384
2026-10-07T14:36:23,ledger-service,/balance_check,us-west-2,29,18,50,5,0,ERR-104,Low,Failure,5,30,1,CUST-123456,DEV-MAC-75825,3.4
2026-10-07T14:36:33,ledger-service,/balance_check,eu-west-1,28,20,47,5,0,ERR-109,Low,Failure,7,22,1,CUST-112349,DEV-WIN-99325,3.3833
2026-10-07T14:36:33,investment-engine,/portfolio,us-east-1,199,81,87,30,14973.42,ERR-104,Low,Failure,1,26,1,CUST-123456,DEV-MAC-75825,2.2383
2026-10-07T14:36:53,payment-api,/withdrawal,eu-west-1,215,100,77,18,1497.47,ERR-901,Critical,Failure,15,96,1,CUST-123456,DEV-MAC-75825,3.2783
2026-10-07T14:37:03,ledger-service,/balance_check,ap-southeast-1,28,19,42,5,0,ERR-702,Low,Failure,3,31,1,CUST-109482,DEV-MAC-0149A5,3.2667
2026-10-07T14:37:13,ledger-service,/balance_check,eu-west-1,28,20,48,5,0,ERR-702,Low,Failure,4,20,1,CUST-112349,DEV-WIN-84725,3.4
2026-10-07T14:37:23,fraud-detection,/payment,us-east-1,155,100,100,11,0,ERR-109,High,Failure,14,86,1,CUST-109482,DEV-LIN-11235,2.481
2026-10-07T14:37:33,ledger-service,/balance_check,eu-west-1,30,18,46,5,0,ERR-110,Low,Failure,1,22,1,CUST-112349,DEV-MAC-0149A5,3.3667
2026-10-07T14:37:33,payment-api,/transfer,us-east-1,164,87,65,15,4295.91,ERR-903,High,Failure,4,89,1,CUST-134098,DEV-MAC-75825,2.706
2026-10-07T14:37:43,investment-engine,/portfolio,ap-southeast-1,197,82,80,24,5805.97,ERR-905,Low,Failure,19,28,1,CUST-134098,DEV-MAC-0149A5,2.0229
2026-10-07T14:37:43,ledger-service,/balance_check,eu-west-1,33,21,50,5,0,ERR-206,High,Failure,8,88,1,CUST-123456,DEV-WIN-99325,3.6333
2026-10-07T14:37:43,trading-engine,/trade,us-east-1,142,68,59,2,8285.3,ERR-702,Low,Failure,3,38,1,CUST-112349,DEV-WIN-84725,10.8086
2026-10-07T14:37:53,ledger-service,/balance_check,eu-west-1,20,3,1,1,0,ERR-000,Healthy,Success,19,3,0,CUST-123456,DEV-LIN-11235,0.9833
2026-10-07T14:38:03,ledger-service,/balance_check,eu-west-1,30,20,50,4,0,ERR-210,Low,Failure,17,38,1,CUST-100483,DEV-MAC-0149A5,3.3
2026-10-07T14:38:13,ledger-service,/balance_check,ap-southeast-1,5,8,34,2,0,ERR-000,Healthy,Success,12,1,0,CUST-123456,DEV-LIN-11235,1.4
2026-10-07T14:38:13,auth-service,/login,ap-southeast-1,42,16,45,5,0,ERR-110,Low,Failure,6,21,1,CUST-112349,DEV-LIN-11235,2.4075
2026-10-07T14:38:23,fraud-detection,/payment,us-east-1,147,86,95,10,0,ERR-308,Low,Failure,1,28,1,CUST-123456,DEV-WIN-84725,2.2878
2026-10-07T14:38:33,payment-api,/transfer,eu-west-1,190,89,65,15,6812.72,ERR-903,High,Failure,12,80,1,CUST-109482,DEV-MAC-0149A5,2.8267
2026-10-07T14:38:33,investment-engine,/portfolio,us-west-2,160,89,84,26,11523.22,ERR-207,Low,Failure,7,23,1,CUST-100483,DEV-LIN-11235,2.0091
2026-10-07T14:38:43,ledger-service,/balance_check,us-west-2,36,24,53,5,0,ERR-903,High,Failure,11,85,1,CUST-123456,DEV-MAC-75825,3.8833
2026-10-07T14:38:43,trading-engine,/trade,us-east-1,177,89,60,2,6585.07,ERR-204,High,Failure,7,81,1,CUST-109482,DEV-WIN-84725,13.2139
2026-10-07T14:38:43,auth-service,/login,us-west-2,46,18,40,4,0,ERR-107,Low,Failure,8,25,1,CUST-100483,DEV-WIN-84725,2.235
2026-10-07T14:38:53,ledger-service,/balance_check,us-east-1,29,19,45,5,0,ERR-703,Low,Failure,7,22,1,CUST-100483,DEV-LIN-11235,3.35
2026-10-07T14:38:53,auth-service,/login,eu-west-1,47,19,48,4,0,ERR-208,Low,Failure,11,37,1,CUST-100483,DEV-WIN-99325,2.3675
2026-10-07T14:39:03,trading-engine,/trade,ap-southeast-1,140,76,54,1,5306.98,ERR-902,Low,Failure,3,21,1,CUST-134098,DEV-MAC-0149A5,10.1921
2026-10-07T14:39:13,trading-engine,/trade,eu-west-1,143,77,54,1,9182.5,ERR-207,Low,Failure,2,36,1,CUST-109482,DEV-WIN-84725,10.3955
2026-10-07T14:39:13,ledger-service,/balance_check,ap-southeast-1,24,17,50,5,0,ERR-903,Low,Failure,1,37,1,CUST-109482,DEV-MAC-75825,3.2
2026-10-07T14:39:23,ledger-service,/balance_check,eu-west-1,30,24,59,5,0,ERR-903,High,Failure,14,87,1,CUST-134098,DEV-WIN-84725,3.7833
2026-10-07T14:39:33,ledger-service,/balance_check,us-west-2,28,18,47,5,0,ERR-701,Low,Failure,6,30,1,CUST-123456,DEV-WIN-99325,3.3167
2026-10-07T14:39:53,payment-api,/transfer,ap-southeast-1,151,73,55,13,6355.76,ERR-109,Low,Failure,3,34,1,CUST-112349,DEV-WIN-84725,2.354
2026-10-07T14:39:53,ledger-service,/balance_check,us-west-2,28,20,49,5,0,ERR-108,Low,Failure,20,37,1,CUST-112349,DEV-WIN-99325,3.4167
2026-10-07T14:39:53,trading-engine,/trade,us-west-2,125,69,53,1,4897.62,ERR-000,Normal,Success,2,5,0,CUST-134098,DEV-LIN-11235,9.1668
2026-10-07T14:40:03,ledger-service,/balance_check,eu-west-1,34,20,51,5,0,ERR-303,High,Failure,20,81,1,CUST-112349,DEV-WIN-99325,3.65
2026-10-07T14:40:13,auth-service,/login,eu-west-1,45,18,46,4,0,ERR-704,Low,Failure,5,20,1,CUST-123456,DEV-MAC-75825,2.2975
2026-10-07T14:40:13,trading-engine,/trade,ap-southeast-1,125,65,58,2,8135.01,ERR-704,Low,Failure,13,27,1,CUST-109482,DEV-WIN-84725,9.6633
2026-10-07T14:40:23,trading-engine,/trade,eu-west-1,166,86,71,2,1548.52,ERR-903,High,Failure,15,86,1,CUST-134098,DEV-WIN-99325,12.492
2026-10-07T14:40:23,payment-api,/transfer,us-east-1,158,80,54,15,2975.85,ERR-105,Low,Failure,11,29,1,CUST-112349,DEV-MAC-0149A5,2.5687
2026-10-07T14:40:33,trading-engine,/trade,eu-west-1,163,81,64,2,6397.39,ERR-903,High,Failure,17,90,1,CUST-100483,DEV-MAC-0149A5,12.2617
2026-10-07T14:40:43,ledger-service,/balance_check,ap-southeast-1,29,20,48,4,0,ERR-209,Low,Failure,20,35,1,CUST-100483,DEV-WIN-99325,3.2333
2026-10-07T14:40:53,payment-api,/withdrawal,us-east-1,147,78,54,14,8497.56,ERR-205,Low,Failure,6,25,1,CUST-112349,DEV-MAC-0149A5,2.4413
2026-10-07T14:40:53,fraud-detection,/payment,eu-west-1,140,89,91,10,0,ERR-110,Low,Failure,18,38,1,CUST-112349,DEV-WIN-84725,2.2447
2026-10-07T14:41:03,ledger-service,/balance_check,us-east-1,32,23,53,5,0,ERR-903,High,Failure,14,84,1,CUST-100483,DEV-WIN-99325,3.7167
2026-10-07T14:41:13,ledger-service,/balance_check,ap-southeast-1,30,19,50,4,0,ERR-308,Low,Failure,7,30,1,CUST-112349,DEV-WIN-84725,3.2667
2026-10-07T14:41:13,investment-engine,/portfolio,us-east-1,198,74,76,24,9644.45,ERR-703,Low,Failure,20,29,1,CUST-112349,DEV-LIN-11235,1.9784
2026-10-07T14:41:23,payment-api,/transfer,us-west-2,149,78,57,13,3603.08,ERR-103,Low,Failure,20,32,1,CUST-123456,DEV-MAC-75825,2.3977
2026-10-07T14:41:23,ledger-service,/balance_check,us-west-2,29,16,47,4,0,ERR-110,Low,Failure,5,28,1,CUST-109482,DEV-MAC-75825,3.0833
2026-10-07T14:41:33,auth-service,/login,us-east-1,50,19,47,4,0,ERR-303,Low,Failure,3,27,1,CUST-112349,DEV-WIN-84725,2.3925
2026-10-07T14:41:43,ledger-service,/balance_check,us-west-2,28,19,50,5,0,ERR-901,Low,Failure,13,28,1,CUST-109482,DEV-WIN-99325,3.4
2026-10-07T14:41:53,ledger-service,/balance_check,eu-west-1,27,18,47,5,0,ERR-209,Low,Failure,5,24,1,CUST-112349,DEV-WIN-99325,3.2833
2026-10-07T14:41:53,payment-api,/withdrawal,us-west-2,153,72,55,14,4533.52,ERR-703,Low,Failure,10,33,1,CUST-123456,DEV-WIN-84725,2.4203
2026-10-07T14:42:13,investment-engine,/portfolio,ap-southeast-1,210,93,90,33,8539.55,ERR-104,High,Failure,6,84,1,CUST-109482,DEV-WIN-84725,2.4408
2026-10-07T14:42:23,ledger-service,/balance_check,eu-west-1,30,19,47,5,0,ERR-307,Low,Failure,9,39,1,CUST-123456,DEV-WIN-99325,3.4167
2026-10-07T14:42:33,ledger-service,/balance_check,eu-west-1,27,19,46,4,0,ERR-306,Low,Failure,11,23,1,CUST-134098,DEV-MAC-0149A5,3.1
2026-10-07T14:42:43,auth-service,/login,eu-west-1,45,16,45,4,0,ERR-701,Low,Failure,17,39,1,CUST-123456,DEV-WIN-99325,2.245
2026-10-07T14:42:43,fraud-detection,/payment,us-east-1,173,92,100,10,0,ERR-904,High,Failure,3,85,1,CUST-112349,DEV-LIN-11235,2.481
2026-10-07T14:42:43,ledger-service,/balance_check,ap-southeast-1,27,20,45,4,0,ERR-203,Low,Failure,19,31,1,CUST-112349,DEV-WIN-99325,3.1167
2026-10-07T14:42:43,investment-engine,/portfolio,us-west-2,198,83,86,30,7292.96,ERR-306,Low,Failure,14,38,1,CUST-112349,DEV-MAC-0149A5,2.243
2026-10-07T14:42:53,trading-engine,/trade,eu-west-1,145,75,56,2,3643.97,ERR-703,Low,Failure,13,33,1,CUST-100483,DEV-MAC-75825,11.026
2026-10-07T14:43:03,trading-engine,/trade,us-west-2,149,73,57,2,8292.18,ERR-701,Low,Failure,16,22,1,CUST-100483,DEV-MAC-75825,11.288
2026-10-07T14:43:03,fraud-detection,/payment,us-east-1,143,86,95,9,0,ERR-702,Low,Failure,20,20,1,CUST-112349,DEV-MAC-0149A5,2.1611
2026-10-07T14:43:13,ledger-service,/balance_check,us-west-2,16,7,4,1,0,ERR-000,Healthy,Success,9,0,0,CUST-123456,DEV-LIN-11235,1.0333
2026-10-07T14:43:13,payment-api,/withdrawal,us-east-1,153,72,60,14,5184.64,ERR-204,Low,Failure,17,21,1,CUST-134098,DEV-WIN-84725,2.4453
2026-10-07T14:43:23,payment-api,/transfer,ap-southeast-1,154,77,55,13,1719.82,ERR-109,Low,Failure,5,24,1,CUST-109482,DEV-MAC-75825,2.3993
2026-10-07T14:43:33,ledger-service,/balance_check,eu-west-1,29,18,45,5,0,ERR-108,Low,Failure,4,24,1,CUST-123456,DEV-MAC-75825,3.3167
2026-10-07T14:43:43,ledger-service,/balance_check,eu-west-1,30,20,46,4,0,ERR-209,Low,Failure,5,32,1,CUST-112349,DEV-LIN-11235,3.2333
2026-10-07T14:43:53,fraud-detection,/payment,us-east-1,141,85,94,9,0,ERR-108,Low,Failure,8,37,1,CUST-100483,DEV-LIN-11235,2.1443
2026-10-07T14:43:53,ledger-service,/balance_check,ap-southeast-1,25,19,43,5,0,ERR-210,Low,Failure,3,31,1,CUST-123456,DEV-WIN-99325,3.1833
2026-10-07T14:44:03,ledger-service,/balance_check,eu-west-1,20,3,5,2,0,ERR-000,Healthy,Success,10,0,0,CUST-100483,DEV-WIN-84725,1.25
2026-10-07T14:44:03,payment-api,/transfer,eu-west-1,153,80,59,15,8032.26,ERR-107,Low,Failure,1,40,1,CUST-112349,DEV-LIN-11235,2.5737
2026-10-07T14:44:13,investment-engine,/portfolio,eu-west-1,189,88,89,29,7445.75,ERR-206,Low,Failure,14,37,1,CUST-123456,DEV-LIN-11235,2.2105
2026-10-07T14:44:13,ledger-service,/balance_check,us-east-1,28,18,47,5,0,ERR-204,Low,Failure,8,29,1,CUST-134098,DEV-LIN-11235,3.3167
2026-10-07T14:44:23,trading-engine,/trade,ap-southeast-1,143,76,58,1,3542.09,ERR-701,Low,Failure,3,33,1,CUST-123456,DEV-LIN-11235,10.3999
2026-10-07T14:44:23,ledger-service,/balance_check,ap-southeast-1,34,23,58,6,0,ERR-903,High,Failure,9,89,1,CUST-100483,DEV-WIN-99325,4.0667
2026-10-07T14:44:33,investment-engine,/portfolio,ap-southeast-1,172,81,76,26,7540.62,ERR-103,Low,Failure,9,25,1,CUST-112349,DEV-MAC-75825,1.9934
2026-10-07T14:44:33,ledger-service,/balance_check,us-west-2,34,22,54,5,0,ERR-903,High,Failure,20,85,1,CUST-100483,DEV-MAC-0149A5,3.7667
2026-10-07T14:44:33,fraud-detection,/payment,ap-southeast-1,140,86,92,9,0,ERR-205,Low,Failure,6,21,1,CUST-134098,DEV-MAC-0149A5,2.1382
2026-10-07T14:44:43,ledger-service,/balance_check,us-west-2,28,20,45,4,0,ERR-101,Low,Failure,18,40,1,CUST-112349,DEV-WIN-84725,3.15
2026-10-07T14:44:43,auth-service,/login,us-east-1,17,4,21,1,0,ERR-000,Healthy,Success,2,1,0,CUST-123456,DEV-WIN-84725,0.755
2026-10-07T14:44:53,payment-api,/transfer,ap-southeast-1,24,33,36,1,2471.94,ERR-000,Healthy,Success,5,4,0,CUST-134098,DEV-WIN-84725,0.6177
2026-10-07T14:44:53,ledger-service,/balance_check,eu-west-1,27,19,46,4,0,ERR-304,Low,Failure,1,20,1,CUST-100483,DEV-MAC-75825,3.1
2026-10-07T14:45:03,ledger-service,/balance_check,ap-southeast-1,32,23,54,5,0,ERR-903,High,Failure,15,88,1,CUST-123456,DEV-MAC-0149A5,3.7333
2026-10-07T14:45:03,payment-api,/withdrawal,eu-west-1,3,51,9,8,2180.08,ERR-000,Healthy,Success,14,1,0,CUST-123456,DEV-MAC-0149A5,1.0153
2026-10-07T14:45:13,ledger-service,/balance_check,us-east-1,27,19,49,4,0,ERR-206,Low,Failure,5,40,1,CUST-112349,DEV-WIN-99325,3.15
2026-10-07T14:45:23,ledger-service,/balance_check,eu-west-1,28,19,46,5,0,ERR-205,Low,Failure,20,20,1,CUST-134098,DEV-MAC-0149A5,3.3333
2026-10-07T14:45:23,trading-engine,/trade,eu-west-1,155,95,66,2,6961.32,ERR-903,High,Failure,11,80,1,CUST-123456,DEV-MAC-0149A5,11.7789
2026-10-07T14:45:33,payment-api,/transfer,ap-southeast-1,147,76,49,13,6570.17,ERR-108,Low,Failure,19,29,1,CUST-112349,DEV-WIN-99325,2.333
2026-10-07T14:45:33,ledger-service,/balance_check,us-west-2,30,18,50,5,0,ERR-905,Low,Failure,16,25,1,CUST-123456,DEV-MAC-0149A5,3.4333
2026-10-07T14:45:33,auth-service,/login,eu-west-1,50,21,52,5,0,ERR-903,Medium,Failure,14,65,1,CUST-109482,DEV-LIN-11235,2.695
2026-10-07T14:45:43,ledger-service,/balance_check,eu-west-1,29,18,45,5,0,ERR-102,Low,Failure,16,21,1,CUST-134098,DEV-MAC-75825,3.3167
2026-10-07T14:45:43,fraud-detection,/payment,us-east-1,137,87,91,9,0,ERR-304,Low,Failure,7,20,1,CUST-123456,DEV-MAC-0149A5,2.1197
2026-10-07T14:46:03,ledger-service,/balance_check,eu-west-1,31,22,50,6,0,ERR-209,High,Failure,3,85,1,CUST-109482,DEV-WIN-99325,3.8
2026-10-07T14:46:03,trading-engine,/trade,us-west-2,145,77,56,2,7506.02,ERR-103,Low,Failure,8,33,1,CUST-109482,DEV-LIN-11235,11.0327
2026-10-07T14:46:13,investment-engine,/portfolio,eu-west-1,208,90,90,32,7397.4,ERR-310,High,Failure,4,86,1,CUST-109482,DEV-LIN-11235,2.3858
2026-10-07T14:46:23,investment-engine,/portfolio,ap-southeast-1,218,98,90,30,9888.99,ERR-301,High,Failure,3,85,1,CUST-134098,DEV-WIN-84725,2.3924
2026-10-07T14:46:33,payment-api,/withdrawal,us-east-1,140,72,53,13,7343.38,ERR-107,Low,Failure,17,26,1,CUST-123456,DEV-WIN-99325,2.2917
2026-10-07T14:46:53,ledger-service,/balance_check,us-east-1,28,19,45,4,0,ERR-703,Low,Failure,7,39,1,CUST-112349,DEV-LIN-11235,3.1167
2026-10-07T14:47:03,payment-api,/transfer,ap-southeast-1,191,85,72,15,9191.22,ERR-903,High,Failure,16,85,1,CUST-100483,DEV-WIN-84725,2.8323
2026-10-07T14:47:03,fraud-detection,/payment,eu-west-1,125,75,95,10,0,ERR-306,Low,Failure,7,20,1,CUST-109482,DEV-WIN-99325,2.1136
2026-10-07T14:47:23,ledger-service,/balance_check,ap-southeast-1,27,20,49,4,0,ERR-306,Low,Failure,4,25,1,CUST-100483,DEV-WIN-99325,3.1833
2026-10-07T14:47:33,trading-engine,/trade,us-east-1,144,74,56,2,2238.46,ERR-204,Low,Failure,18,40,1,CUST-109482,DEV-MAC-0149A5,10.956
2026-10-07T14:47:33,ledger-service,/balance_check,us-east-1,29,19,50,4,0,ERR-305,Low,Failure,3,30,1,CUST-123456,DEV-LIN-11235,3.2333
2026-10-07T14:47:43,ledger-service,/balance_check,ap-southeast-1,21,12,8,1,0,ERR-000,Healthy,Success,2,4,0,CUST-100483,DEV-LIN-11235,1.4333
2026-10-07T14:47:53,trading-engine,/trade,ap-southeast-1,140,70,57,1,9460.98,ERR-904,Low,Failure,15,27,1,CUST-112349,DEV-LIN-11235,10.178
2026-10-07T14:47:53,ledger-service,/balance_check,us-east-1,34,20,54,5,0,ERR-302,High,Failure,15,82,1,CUST-100483,DEV-WIN-84725,3.7
2026-10-07T14:48:03,ledger-service,/balance_check,eu-west-1,30,18,46,5,0,ERR-105,Low,Failure,2,39,1,CUST-109482,DEV-WIN-84725,3.3667
2026-10-07T14:48:13,auth-service,/login,ap-southeast-1,47,20,45,4,0,ERR-705,Low,Failure,20,26,1,CUST-100483,DEV-WIN-99325,2.35
2026-10-07T14:48:13,payment-api,/withdrawal,eu-west-1,172,84,60,15,2650.78,ERR-309,High,Failure,13,83,1,CUST-100483,DEV-MAC-75825,2.688
2026-10-07T14:48:23,ledger-service,/balance_check,us-west-2,24,20,41,5,0,ERR-305,Low,Failure,1,38,1,CUST-112349,DEV-WIN-99325,3.15
2026-10-07T14:48:23,payment-api,/withdrawal,ap-southeast-1,148,78,54,13,6341.52,ERR-309,Low,Failure,8,20,1,CUST-100483,DEV-MAC-75825,2.3787
2026-10-07T14:48:23,trading-engine,/trade,ap-southeast-1,143,76,60,1,1598.07,ERR-209,Low,Failure,1,32,1,CUST-112349,DEV-LIN-11235,10.4039
2026-10-07T14:48:23,fraud-detection,/payment,us-west-2,180,96,100,11,0,ERR-303,High,Failure,16,88,1,CUST-109482,DEV-MAC-0149A5,2.6377
2026-10-07T14:48:33,ledger-service,/balance_check,us-east-1,27,18,45,5,0,ERR-107,Low,Failure,3,23,1,CUST-134098,DEV-WIN-84725,3.25
2026-10-07T14:48:33,trading-engine,/trade,us-west-2,141,73,57,2,2428.12,ERR-201,Low,Failure,19,36,1,CUST-100483,DEV-MAC-75825,10.7547
2026-10-07T14:48:43,investment-engine,/portfolio,us-east-1,86,46,28,11,5025.2,ERR-000,Healthy,Success,14,3,0,CUST-112349,DEV-WIN-99325,0.938
2026-10-07T14:48:43,ledger-service,/balance_check,ap-southeast-1,30,19,42,4,0,ERR-110,Low,Failure,6,26,1,CUST-112349,DEV-MAC-75825,3.1333
2026-10-07T14:48:53,ledger-service,/balance_check,us-east-1,27,20,48,4,0,ERR-703,Low,Failure,2,31,1,CUST-109482,DEV-LIN-11235,3.1667
2026-10-07T14:49:03,payment-api,/transfer,us-west-2,145,74,54,14,2332.11,ERR-307,Low,Failure,19,30,1,CUST-112349,DEV-MAC-0149A5,2.4
2026-10-07T14:49:03,ledger-service,/balance_check,eu-west-1,27,20,48,5,0,ERR-301,Low,Failure,1,30,1,CUST-109482,DEV-MAC-0149A5,3.3667
2026-10-07T14:49:03,trading-engine,/trade,eu-west-1,259,100,94,2,8920.67,ERR-901,Critical,Failure,18,93,1,CUST-123456,DEV-MAC-0149A5,18.7836
2026-10-07T14:49:13,fraud-detection,/payment,ap-southeast-1,163,96,100,12,0,ERR-205,High,Failure,19,81,1,CUST-134098,DEV-WIN-99325,2.6243
2026-10-07T14:49:23,ledger-service,/balance_check,us-west-2,18,9,14,2,0,ERR-000,Healthy,Success,19,5,0,CUST-123456,DEV-WIN-84725,1.5333
2026-10-07T14:49:33,ledger-service,/balance_check,eu-west-1,30,23,57,6,0,ERR-903,High,Failure,19,80,1,CUST-100483,DEV-WIN-99325,3.9167
2026-10-07T14:49:33,fraud-detection,/payment,us-west-2,141,87,96,9,0,ERR-206,Low,Failure,7,36,1,CUST-109482,DEV-MAC-0149A5,2.1512
2026-10-07T14:49:43,ledger-service,/balance_check,ap-southeast-1,10,11,23,1,0,ERR-000,Healthy,Success,20,2,0,CUST-112349,DEV-LIN-11235,1.2833
2026-10-07T14:49:53,trading-engine,/trade,us-east-1,46,3,33,1,4295.49,ERR-000,Healthy,Success,18,5,0,CUST-109482,DEV-MAC-0149A5,3.6411
2026-10-07T14:50:03,investment-engine,/portfolio,eu-west-1,191,81,86,29,14070.59,ERR-104,Low,Failure,15,33,1,CUST-123456,DEV-MAC-0149A5,2.1763
2026-10-07T14:50:03,ledger-service,/balance_check,us-west-2,8,3,20,2,0,ERR-000,Healthy,Success,6,0,0,CUST-123456,DEV-MAC-75825,1.1
2026-10-07T14:50:13,trading-engine,/trade,eu-west-1,150,76,57,1,4772.37,ERR-704,Low,Failure,4,37,1,CUST-134098,DEV-MAC-0149A5,10.8647
2026-10-07T14:50:23,payment-api,/withdrawal,us-west-2,154,80,56,14,6802.7,ERR-305,Low,Failure,9,20,1,CUST-123456,DEV-WIN-84725,2.496
2026-10-07T14:50:23,ledger-service,/balance_check,eu-west-1,29,18,45,5,0,ERR-703,Low,Failure,13,32,1,CUST-123456,DEV-MAC-0149A5,3.3167
2026-10-07T14:50:33,fraud-detection,/payment,us-west-2,20,28,61,2,0,ERR-000,Healthy,Success,7,2,0,CUST-112349,DEV-WIN-99325,0.4629
2026-10-07T14:50:33,ledger-service,/balance_check,us-east-1,19,12,20,2,0,ERR-000,Healthy,Success,8,1,0,CUST-134098,DEV-MAC-0149A5,1.7667
2026-10-07T14:50:43,ledger-service,/balance_check,eu-west-1,30,19,49,5,0,ERR-107,Low,Failure,6,29,1,CUST-123456,DEV-WIN-99325,3.45
2026-10-07T14:50:43,payment-api,/withdrawal,ap-southeast-1,167,95,71,16,6830.97,ERR-903,High,Failure,7,82,1,CUST-100483,DEV-MAC-75825,2.8813
2026-10-07T14:50:43,fraud-detection,/payment,ap-southeast-1,162,90,100,11,0,ERR-310,High,Failure,8,80,1,CUST-134098,DEV-LIN-11235,2.5027
2026-10-07T14:50:53,fraud-detection,/payment,eu-west-1,135,88,91,10,0,ERR-901,Low,Failure,10,20,1,CUST-134098,DEV-MAC-0149A5,2.2089
2026-10-07T14:50:53,ledger-service,/balance_check,eu-west-1,31,24,52,5,0,ERR-903,High,Failure,12,88,1,CUST-123456,DEV-MAC-75825,3.7
2026-10-07T14:51:03,ledger-service,/balance_check,us-east-1,20,12,8,2,0,ERR-000,Healthy,Success,16,4,0,CUST-100483,DEV-MAC-0149A5,1.6
2026-10-07T14:51:03,payment-api,/transfer,ap-southeast-1,159,77,55,15,9889.38,ERR-206,Low,Failure,17,40,1,CUST-123456,DEV-MAC-0149A5,2.5527
2026-10-07T14:51:13,investment-engine,/portfolio,ap-southeast-1,185,84,85,28,13251.49,ERR-106,Low,Failure,16,22,1,CUST-123456,DEV-MAC-75825,2.136
2026-10-07T14:51:23,ledger-service,/balance_check,us-west-2,35,23,52,6,0,ERR-903,High,Failure,10,88,1,CUST-123456,DEV-MAC-75825,4
2026-10-07T14:51:33,fraud-detection,/payment,ap-southeast-1,59,53,20,4,0,ERR-000,Healthy,Success,18,3,0,CUST-109482,DEV-MAC-0149A5,0.9454
2026-10-07T14:51:33,ledger-service,/balance_check,us-west-2,27,19,50,5,0,ERR-303,Low,Failure,14,40,1,CUST-109482,DEV-WIN-99325,3.3667
2026-10-07T14:51:33,trading-engine,/trade,us-west-2,133,75,54,2,8221.82,ERR-105,Low,Failure,3,25,1,CUST-123456,DEV-WIN-99325,10.2221
2026-10-07T14:51:43,payment-api,/transfer,eu-west-1,137,67,49,14,9740.06,ERR-307,Low,Failure,14,24,1,CUST-100483,DEV-MAC-0149A5,2.2847
2026-10-07T14:51:43,auth-service,/login,ap-southeast-1,50,18,47,4,0,ERR-702,Low,Failure,17,26,1,CUST-123456,DEV-MAC-0149A5,2.3725
2026-10-07T14:51:43,ledger-service,/balance_check,eu-west-1,36,21,51,6,0,ERR-903,High,Failure,8,84,1,CUST-134098,DEV-WIN-84725,3.95
2026-10-07T14:51:53,ledger-service,/balance_check,eu-west-1,30,20,49,4,0,ERR-308,Low,Failure,17,20,1,CUST-100483,DEV-LIN-11235,3.2833
2026-10-07T14:51:53,auth-service,/login,eu-west-1,43,18,41,5,0,ERR-703,Low,Failure,19,40,1,CUST-109482,DEV-WIN-84725,2.41
2026-10-07T14:52:03,fraud-detection,/payment,us-east-1,150,88,98,9,0,ERR-701,Low,Failure,17,31,1,CUST-134098,DEV-WIN-99325,2.2157
2026-10-07T14:52:03,payment-api,/transfer,us-west-2,144,76,57,13,1798.49,ERR-202,Low,Failure,14,22,1,CUST-134098,DEV-WIN-84725,2.361
2026-10-07T14:52:13,payment-api,/withdrawal,eu-west-1,158,76,55,15,243.12,ERR-104,Low,Failure,19,31,1,CUST-123456,DEV-WIN-99325,2.5403
2026-10-07T14:52:23,auth-service,/login,us-east-1,45,18,40,4,0,ERR-902,Low,Failure,10,39,1,CUST-123456,DEV-MAC-0149A5,2.2225
2026-10-07T14:52:33,ledger-service,/balance_check,ap-southeast-1,25,18,49,4,0,ERR-307,Low,Failure,11,33,1,CUST-100483,DEV-MAC-0149A5,3.05
2026-10-07T14:52:43,ledger-service,/balance_check,ap-southeast-1,27,20,48,5,0,ERR-106,Low,Failure,1,31,1,CUST-134098,DEV-MAC-75825,3.3667
2026-10-07T14:52:43,trading-engine,/trade,eu-west-1,162,82,63,2,9602.99,ERR-903,High,Failure,3,89,1,CUST-123456,DEV-MAC-75825,12.1964
2026-10-07T14:52:43,fraud-detection,/payment,us-east-1,142,86,92,9,0,ERR-208,Low,Failure,12,31,1,CUST-123456,DEV-MAC-0149A5,2.1515
2026-10-07T14:52:43,payment-api,/withdrawal,us-east-1,65,2,29,2,9465.09,ERR-000,Healthy,Success,17,2,0,CUST-123456,DEV-WIN-99325,0.555
2026-10-07T14:52:53,ledger-service,/balance_check,us-west-2,29,20,49,4,0,ERR-904,Low,Failure,12,30,1,CUST-123456,DEV-MAC-75825,3.25
2026-10-07T14:53:03,fraud-detection,/payment,ap-southeast-1,20,38,61,5,0,ERR-000,Healthy,Success,18,1,0,CUST-134098,DEV-WIN-84725,0.7879
2026-10-07T14:53:03,ledger-service,/balance_check,us-east-1,27,16,40,5,0,ERR-304,Low,Failure,9,35,1,CUST-134098,DEV-WIN-99325,3.1
2026-10-07T14:53:03,trading-engine,/trade,us-west-2,179,86,67,2,2056.93,ERR-903,High,Failure,4,89,1,CUST-112349,DEV-MAC-75825,13.3509
2026-10-07T14:53:13,auth-service,/login,ap-southeast-1,47,20,45,5,0,ERR-105,Low,Failure,6,22,1,CUST-100483,DEV-MAC-0149A5,2.55
2026-10-07T14:53:13,ledger-service,/balance_check,us-east-1,30,18,46,5,0,ERR-207,Low,Failure,20,22,1,CUST-134098,DEV-MAC-75825,3.3667
2026-10-07T14:53:23,investment-engine,/portfolio,eu-west-1,194,89,85,29,13026.69,ERR-310,Low,Failure,12,27,1,CUST-123456,DEV-MAC-75825,2.2243
2026-10-07T14:53:23,trading-engine,/trade,us-west-2,98,44,28,1,8148.26,ERR-000,Healthy,Success,19,2,0,CUST-100483,DEV-LIN-11235,7.2347
2026-10-07T14:53:23,auth-service,/login,us-west-2,47,20,48,5,0,ERR-102,Low,Failure,17,36,1,CUST-134098,DEV-MAC-0149A5,2.5875
2026-10-07T14:53:33,trading-engine,/trade,us-west-2,149,72,56,2,403,ERR-204,Low,Failure,7,33,1,CUST-112349,DEV-LIN-11235,11.2827
2026-10-07T14:53:33,ledger-service,/balance_check,eu-west-1,30,19,43,5,0,ERR-303,Low,Failure,2,22,1,CUST-112349,DEV-MAC-0149A5,3.35
2026-10-07T14:53:33,investment-engine,/portfolio,us-east-1,180,74,72,30,8257.91,ERR-701,Low,Failure,7,31,1,CUST-109482,DEV-MAC-0149A5,2.1106
2026-10-07T14:53:43,ledger-service,/balance_check,eu-west-1,1,1,27,1,0,ERR-000,Healthy,Success,17,3,0,CUST-123456,DEV-MAC-75825,0.7167
2026-10-07T14:53:53,ledger-service,/balance_check,us-east-1,28,18,50,5,0,ERR-201,Low,Failure,10,38,1,CUST-109482,DEV-MAC-75825,3.3667
2026-10-07T14:53:53,auth-service,/login,ap-southeast-1,43,16,40,4,0,ERR-000,Normal,Success,10,13,0,CUST-100483,DEV-WIN-99325,2.1575
2026-10-07T14:54:03,investment-engine,/portfolio,us-east-1,196,90,90,28,10945.57,ERR-310,Low,Failure,3,35,1,CUST-112349,DEV-WIN-84725,2.2124
2026-10-07T14:54:03,auth-service,/login,eu-west-1,46,17,50,4,0,ERR-109,Low,Failure,17,24,1,CUST-100483,DEV-MAC-0149A5,2.34
2026-10-07T14:54:03,ledger-service,/balance_check,ap-southeast-1,28,20,47,4,0,ERR-206,Low,Failure,11,35,1,CUST-109482,DEV-WIN-99325,3.1833
2026-10-07T14:54:13,investment-engine,/portfolio,us-east-1,188,79,88,29,6486.57,ERR-905,Low,Failure,15,40,1,CUST-123456,DEV-LIN-11235,2.1602
2026-10-07T14:54:23,fraud-detection,/payment,us-east-1,168,100,100,10,0,ERR-103,High,Failure,2,81,1,CUST-100483,DEV-WIN-84725,2.4677
2026-10-07T14:54:23,investment-engine,/portfolio,ap-southeast-1,195,90,83,27,5199.65,ERR-305,Low,Failure,16,39,1,CUST-123456,DEV-WIN-99325,2.1621
2026-10-07T14:54:23,ledger-service,/balance_check,us-east-1,30,18,47,5,0,ERR-905,Low,Failure,1,26,1,CUST-100483,DEV-MAC-75825,3.3833
2026-10-07T14:54:33,investment-engine,/portfolio,us-west-2,191,88,84,29,13087.64,ERR-104,Low,Failure,16,38,1,CUST-112349,DEV-MAC-0149A5,2.2074
2026-10-07T14:54:33,fraud-detection,/payment,eu-west-1,46,43,39,7,0,ERR-000,Healthy,Success,14,0,0,CUST-134098,DEV-MAC-0149A5,1.1523
2026-10-07T14:54:43,fraud-detection,/payment,eu-west-1,143,81,82,9,0,ERR-901,Low,Failure,12,20,1,CUST-123456,DEV-MAC-0149A5,2.1359
2026-10-07T14:54:43,ledger-service,/balance_check,us-east-1,29,16,43,5,0,ERR-309,Low,Failure,19,20,1,CUST-112349,DEV-MAC-75825,3.2167
2026-10-07T14:54:53,payment-api,/withdrawal,us-east-1,156,74,57,14,8579.32,ERR-208,Low,Failure,18,23,1,CUST-109482,DEV-WIN-84725,2.459
2026-10-07T14:55:03,ledger-service,/balance_check,ap-southeast-1,30,19,47,4,0,ERR-308,Low,Failure,16,34,1,CUST-100483,DEV-LIN-11235,3.2167
2026-10-07T14:55:13,payment-api,/transfer,us-east-1,151,79,58,13,535.57,ERR-704,Low,Failure,9,22,1,CUST-112349,DEV-WIN-84725,2.419
2026-10-07T14:55:13,ledger-service,/balance_check,ap-southeast-1,30,22,59,6,0,ERR-903,High,Failure,13,85,1,CUST-123456,DEV-WIN-99325,3.9167
2026-10-07T14:55:23,investment-engine,/portfolio,eu-west-1,205,100,98,33,11489.16,ERR-903,High,Failure,16,90,1,CUST-112349,DEV-LIN-11235,2.4747
2026-10-07T14:55:33,ledger-service,/balance_check,us-west-2,32,22,51,6,0,ERR-903,High,Failure,7,84,1,CUST-134098,DEV-LIN-11235,3.85
2026-10-07T14:55:33,investment-engine,/portfolio,us-west-2,217,100,100,32,10894.55,ERR-903,High,Failure,20,87,1,CUST-134098,DEV-MAC-75825,2.4853
2026-10-07T14:55:33,payment-api,/transfer,us-east-1,191,86,61,17,8817.35,ERR-903,High,Failure,20,83,1,CUST-123456,DEV-WIN-99325,2.919
2026-10-07T14:55:43,ledger-service,/balance_check,ap-southeast-1,27,18,47,4,0,ERR-903,Low,Failure,18,30,1,CUST-109482,DEV-MAC-0149A5,3.0833
2026-10-07T14:55:53,payment-api,/withdrawal,ap-southeast-1,163,84,61,16,7324.48,ERR-903,High,Failure,10,80,1,CUST-112349,DEV-MAC-75825,2.7237
2026-10-07T14:55:53,investment-engine,/portfolio,us-west-2,172,77,77,26,9978.63,ERR-000,Normal,Success,15,9,0,CUST-123456,DEV-MAC-0149A5,1.9754
2026-10-07T14:55:53,ledger-service,/balance_check,us-west-2,30,20,47,5,0,ERR-905,Low,Failure,15,29,1,CUST-134098,DEV-WIN-99325,3.45
2026-10-07T14:56:03,ledger-service,/balance_check,us-east-1,28,20,48,4,0,ERR-208,Low,Failure,2,33,1,CUST-100483,DEV-MAC-0149A5,3.2
2026-10-07T14:56:13,ledger-service,/balance_check,us-west-2,36,22,60,5,0,ERR-903,High,Failure,6,90,1,CUST-123456,DEV-LIN-11235,3.9333
2026-10-07T14:56:23,ledger-service,/balance_check,ap-southeast-1,30,17,44,5,0,ERR-704,Low,Failure,16,20,1,CUST-134098,DEV-MAC-75825,3.3
2026-10-07T14:56:33,ledger-service,/balance_check,us-east-1,27,18,47,4,0,ERR-206,Low,Failure,16,28,1,CUST-109482,DEV-MAC-0149A5,3.0833
2026-10-07T14:56:43,payment-api,/transfer,us-west-2,276,100,100,26,3893.69,ERR-901,Critical,Failure,1,90,1,CUST-100483,DEV-WIN-84725,4.1707
2026-10-07T14:56:53,ledger-service,/balance_check,ap-southeast-1,27,20,46,5,0,ERR-705,Low,Failure,3,24,1,CUST-134098,DEV-WIN-84725,3.3333
2026-10-07T14:56:53,fraud-detection,/payment,ap-southeast-1,144,86,90,9,0,ERR-103,Low,Failure,20,26,1,CUST-112349,DEV-WIN-99325,2.1629
2026-10-07T14:56:53,payment-api,/transfer,us-east-1,191,81,66,17,3420.31,ERR-903,High,Failure,14,88,1,CUST-134098,DEV-WIN-99325,2.9023
2026-10-07T14:57:03,ledger-service,/balance_check,ap-southeast-1,32,23,54,6,0,ERR-903,High,Failure,15,88,1,CUST-112349,DEV-MAC-75825,3.9333
2026-10-07T14:57:03,trading-engine,/trade,eu-west-1,138,79,58,1,4691.01,ERR-105,Low,Failure,19,25,1,CUST-134098,DEV-LIN-11235,10.0766
2026-10-07T14:57:03,payment-api,/withdrawal,ap-southeast-1,130,67,56,12,2093.03,ERR-901,Low,Failure,9,24,1,CUST-100483,DEV-MAC-75825,2.1583
2026-10-07T14:57:13,fraud-detection,/payment,ap-southeast-1,168,100,100,11,0,ERR-210,High,Failure,20,81,1,CUST-134098,DEV-WIN-84725,2.5677
2026-10-07T14:57:13,payment-api,/transfer,us-east-1,189,93,67,17,8958.13,ERR-903,High,Failure,1,81,1,CUST-134098,DEV-WIN-99325,2.9993
2026-10-07T14:57:13,ledger-service,/balance_check,eu-west-1,30,19,48,5,0,ERR-105,Low,Failure,10,31,1,CUST-100483,DEV-WIN-99325,3.4333
2026-10-07T14:57:23,ledger-service,/balance_check,us-west-2,28,19,49,5,0,ERR-305,Low,Failure,4,24,1,CUST-123456,DEV-WIN-84725,3.3833
2026-10-07T14:57:33,auth-service,/login,eu-west-1,3,1,7,1,0,ERR-000,Healthy,Success,20,0,0,CUST-123456,DEV-WIN-84725,0.345
2026-10-07T14:57:33,payment-api,/transfer,us-west-2,145,77,55,14,4469.5,ERR-210,Low,Failure,16,23,1,CUST-109482,DEV-WIN-84725,2.43
2026-10-07T14:57:43,auth-service,/login,ap-southeast-1,42,18,40,5,0,ERR-101,Low,Failure,5,34,1,CUST-100483,DEV-MAC-0149A5,2.385
2026-10-07T14:57:43,ledger-service,/balance_check,us-west-2,27,20,45,5,0,ERR-903,Low,Failure,7,23,1,CUST-100483,DEV-LIN-11235,3.3167
2026-10-07T14:57:53,investment-engine,/portfolio,ap-southeast-1,199,89,85,29,8665.81,ERR-702,Low,Failure,20,40,1,CUST-123456,DEV-MAC-75825,2.241
2026-10-07T14:57:53,payment-api,/transfer,ap-southeast-1,158,74,54,15,8096.13,ERR-108,Low,Failure,2,33,1,CUST-100483,DEV-WIN-99325,2.5187
2026-10-07T14:57:53,ledger-service,/balance_check,eu-west-1,32,20,59,6,0,ERR-302,High,Failure,3,89,1,CUST-100483,DEV-WIN-99325,3.9167
2026-10-07T14:58:03,ledger-service,/balance_check,us-east-1,24,19,47,4,0,ERR-306,Low,Failure,7,25,1,CUST-123456,DEV-MAC-0149A5,3.0167
2026-10-07T14:58:13,fraud-detection,/payment,us-east-1,153,92,100,10,0,ERR-301,High,Failure,6,83,1,CUST-112349,DEV-WIN-99325,2.3477
2026-10-07T14:58:23,ledger-service,/balance_check,us-east-1,34,22,59,6,0,ERR-903,High,Failure,15,84,1,CUST-123456,DEV-MAC-0149A5,4.05
2026-10-07T14:58:23,trading-engine,/trade,ap-southeast-1,149,74,54,2,7421.1,ERR-310,Low,Failure,19,34,1,CUST-112349,DEV-WIN-84725,11.2855
2026-10-07T14:58:23,fraud-detection,/payment,us-east-1,157,100,100,10,0,ERR-310,High,Failure,14,90,1,CUST-112349,DEV-WIN-84725,2.3943
2026-10-07T14:58:33,trading-engine,/trade,us-east-1,171,92,63,2,6210.24,ERR-903,High,Failure,4,86,1,CUST-123456,DEV-MAC-0149A5,12.8297
2026-10-07T14:58:43,ledger-service,/balance_check,eu-west-1,29,18,45,4,0,ERR-701,Low,Failure,12,37,1,CUST-100483,DEV-WIN-84725,3.1167
2026-10-07T14:59:03,trading-engine,/trade,us-east-1,141,76,60,1,4802.63,ERR-204,Low,Failure,17,36,1,CUST-109482,DEV-WIN-84725,10.2705
2026-10-07T14:59:03,ledger-service,/balance_check,eu-west-1,25,20,44,4,0,ERR-702,Low,Failure,14,33,1,CUST-134098,DEV-MAC-75825,3.0333
2026-10-07T14:59:13,ledger-service,/balance_check,ap-southeast-1,30,19,45,5,0,ERR-703,Low,Failure,16,24,1,CUST-112349,DEV-MAC-0149A5,3.3833
2026-10-07T14:59:23,investment-engine,/portfolio,ap-southeast-1,191,89,90,28,9289.76,ERR-902,Low,Failure,2,40,1,CUST-112349,DEV-LIN-11235,2.1908
2026-10-07T14:59:23,payment-api,/withdrawal,us-east-1,180,91,62,16,1358.08,ERR-903,High,Failure,8,82,1,CUST-123456,DEV-MAC-0149A5,2.855
2026-10-07T14:59:33,ledger-service,/balance_check,eu-west-1,29,20,45,5,0,ERR-202,Low,Failure,15,27,1,CUST-134098,DEV-MAC-0149A5,3.3833
2026-10-07T14:59:33,payment-api,/withdrawal,us-west-2,263,100,87,24,8742.24,ERR-901,Critical,Failure,1,100,1,CUST-134098,DEV-WIN-99325,3.9203
2026-10-07T14:59:43,ledger-service,/balance_check,us-east-1,5,3,2,1,0,ERR-000,Healthy,Success,10,2,0,CUST-134098,DEV-MAC-75825,0.5
2026-10-07T14:59:43,auth-service,/login,us-west-2,51,20,50,5,0,ERR-905,Medium,Failure,15,79,1,CUST-109482,DEV-LIN-11235,2.6625
2026-10-07T14:59:53,ledger-service,/balance_check,ap-southeast-1,30,19,47,5,0,ERR-107,Low,Failure,8,29,1,CUST-134098,DEV-MAC-0149A5,3.4167
2026-10-07T15:00:03,trading-engine,/trade,ap-southeast-1,164,95,63,2,3224.54,ERR-903,High,Failure,12,80,1,CUST-123456,DEV-WIN-99325,12.373
2026-10-07T15:00:03,ledger-service,/balance_check,ap-southeast-1,27,20,49,4,0,ERR-102,Low,Failure,3,24,1,CUST-134098,DEV-LIN-11235,3.1833
2026-10-07T15:00:03,fraud-detection,/payment,us-west-2,167,94,100,10,0,ERR-204,High,Failure,1,85,1,CUST-109482,DEV-WIN-99325,2.446
2026-10-07T15:00:13,ledger-service,/balance_check,us-east-1,31,22,58,5,0,ERR-903,High,Failure,7,84,1,CUST-112349,DEV-LIN-11235,3.7333
2026-10-07T15:00:13,trading-engine,/trade,eu-west-1,133,71,53,1,4068.24,ERR-000,Normal,Success,5,5,0,CUST-134098,DEV-WIN-84725,9.7068
2026-10-07T15:00:23,auth-service,/login,eu-west-1,47,20,40,5,0,ERR-102,Low,Failure,9,22,1,CUST-109482,DEV-MAC-75825,2.4875
2026-10-07T15:00:23,ledger-service,/balance_check,us-east-1,30,17,48,5,0,ERR-308,Low,Failure,5,33,1,CUST-100483,DEV-MAC-0149A5,3.3667
2026-10-07T15:00:33,auth-service,/login,ap-southeast-1,51,21,52,5,0,ERR-903,Medium,Failure,13,80,1,CUST-123456,DEV-WIN-84725,2.7075
2026-10-07T15:00:33,ledger-service,/balance_check,eu-west-1,30,19,48,4,0,ERR-204,Low,Failure,17,30,1,CUST-100483,DEV-LIN-11235,3.2333
2026-10-07T15:00:43,ledger-service,/balance_check,ap-southeast-1,28,19,46,4,0,ERR-703,Low,Failure,5,33,1,CUST-100483,DEV-MAC-75825,3.1333
2026-10-07T15:00:53,ledger-service,/balance_check,eu-west-1,19,6,13,2,0,ERR-000,Healthy,Success,7,3,0,CUST-134098,DEV-LIN-11235,1.45
2026-10-07T15:00:53,payment-api,/withdrawal,eu-west-1,174,86,65,15,4685.56,ERR-903,High,Failure,2,85,1,CUST-100483,DEV-WIN-99325,2.7377
2026-10-07T15:01:03,investment-engine,/portfolio,ap-southeast-1,205,100,100,36,9566.97,ERR-903,High,Failure,8,81,1,CUST-123456,DEV-WIN-99325,2.5786
2026-10-07T15:01:03,ledger-service,/balance_check,eu-west-1,30,22,51,5,0,ERR-903,High,Failure,3,90,1,CUST-100483,DEV-MAC-75825,3.5833
2026-10-07T15:01:03,payment-api,/withdrawal,eu-west-1,104,56,21,5,7313.88,ERR-000,Healthy,Success,3,2,0,CUST-134098,DEV-WIN-84725,1.321
2026-10-07T15:01:13,ledger-service,/balance_check,eu-west-1,30,20,45,5,0,ERR-105,Low,Failure,10,33,1,CUST-112349,DEV-LIN-11235,3.4167
2026-10-07T15:01:23,payment-api,/withdrawal,us-east-1,191,89,72,18,1604.09,ERR-903,High,Failure,4,84,1,CUST-123456,DEV-MAC-0149A5,3.0657
2026-10-07T15:01:23,ledger-service,/balance_check,ap-southeast-1,30,18,49,4,0,ERR-303,Low,Failure,2,34,1,CUST-123456,DEV-WIN-84725,3.2167
2026-10-07T15:01:33,ledger-service,/balance_check,us-west-2,31,23,50,5,0,ERR-208,High,Failure,9,88,1,CUST-134098,DEV-WIN-99325,3.6333
2026-10-07T15:01:43,ledger-service,/balance_check,eu-west-1,30,24,60,6,0,ERR-903,High,Failure,7,80,1,CUST-109482,DEV-MAC-75825,4
2026-10-07T15:01:43,investment-engine,/portfolio,us-west-2,189,87,83,29,7331.94,ERR-210,Low,Failure,3,21,1,CUST-112349,DEV-MAC-75825,2.1938
2026-10-07T15:01:53,payment-api,/withdrawal,us-east-1,185,86,61,16,1034.19,ERR-903,High,Failure,18,87,1,CUST-112349,DEV-LIN-11235,2.8283
2026-10-07T15:02:03,trading-engine,/trade,us-west-2,144,72,60,1,2781.3,ERR-901,Low,Failure,18,32,1,CUST-112349,DEV-MAC-0149A5,10.4572
2026-10-07T15:02:03,auth-service,/login,us-west-2,45,20,45,4,0,ERR-209,Low,Failure,13,32,1,CUST-134098,DEV-MAC-75825,2.325
2026-10-07T15:02:03,investment-engine,/portfolio,ap-southeast-1,113,58,46,6,9006.1,ERR-000,Healthy,Success,14,0,0,CUST-109482,DEV-WIN-84725,0.9565
2026-10-07T15:02:13,payment-api,/transfer,ap-southeast-1,138,66,51,14,4116.28,ERR-903,Low,Failure,18,35,1,CUST-112349,DEV-LIN-11235,2.2903
2026-10-07T15:02:23,fraud-detection,/payment,us-east-1,135,82,100,9,0,ERR-205,Low,Failure,12,36,1,CUST-100483,DEV-WIN-99325,2.1027
2026-10-07T15:02:23,investment-engine,/portfolio,ap-southeast-1,205,100,99,33,13247.35,ERR-903,High,Failure,20,87,1,CUST-100483,DEV-LIN-11235,2.4767
2026-10-07T15:02:23,auth-service,/login,ap-southeast-1,49,20,45,5,0,ERR-702,Low,Failure,6,32,1,CUST-109482,DEV-LIN-11235,2.575
2026-10-07T15:02:43,payment-api,/transfer,us-west-2,93,15,33,10,1642.4,ERR-000,Healthy,Success,4,4,0,CUST-100483,DEV-MAC-0149A5,1.3287
2026-10-07T15:02:43,auth-service,/login,us-west-2,52,21,50,5,0,ERR-106,Medium,Failure,17,67,1,CUST-112349,DEV-LIN-11235,2.695
2026-10-07T15:02:43,ledger-service,/balance_check,ap-southeast-1,29,19,45,4,0,ERR-905,Low,Failure,20,23,1,CUST-112349,DEV-WIN-84725,3.15
2026-10-07T15:02:53,ledger-service,/balance_check,ap-southeast-1,34,21,56,6,0,ERR-903,High,Failure,16,80,1,CUST-109482,DEV-MAC-75825,3.9667
2026-10-07T15:03:03,ledger-service,/balance_check,eu-west-1,24,16,48,5,0,ERR-101,Low,Failure,2,33,1,CUST-123456,DEV-MAC-75825,3.1333
2026-10-07T15:03:03,fraud-detection,/payment,ap-southeast-1,73,32,28,6,0,ERR-000,Healthy,Success,18,5,0,CUST-100483,DEV-MAC-0149A5,1.194
2026-10-07T15:03:13,ledger-service,/balance_check,eu-west-1,29,19,47,5,0,ERR-306,Low,Failure,19,22,1,CUST-134098,DEV-WIN-84725,3.3833
2026-10-07T15:03:13,investment-engine,/portfolio,us-west-2,189,87,89,27,9334.4,ERR-310,Low,Failure,11,21,1,CUST-112349,DEV-WIN-99325,2.1388
2026-10-07T15:03:23,trading-engine,/trade,us-east-1,179,81,65,2,6376.77,ERR-903,High,Failure,11,84,1,CUST-100483,DEV-LIN-11235,13.3303
2026-10-07T15:03:23,payment-api,/withdrawal,us-east-1,152,68,60,15,7369.91,ERR-303,Low,Failure,16,23,1,CUST-112349,DEV-MAC-0149A5,2.4747
2026-10-07T15:03:23,fraud-detection,/payment,ap-southeast-1,150,82,92,10,0,ERR-207,Low,Failure,2,37,1,CUST-112349,DEV-WIN-99325,2.2948
2026-10-07T15:03:23,ledger-service,/balance_check,us-east-1,30,20,50,5,0,ERR-207,Low,Failure,6,20,1,CUST-112349,DEV-WIN-99325,3.5
2026-10-07T15:03:33,ledger-service,/balance_check,us-west-2,27,18,46,4,0,ERR-110,Low,Failure,14,26,1,CUST-123456,DEV-LIN-11235,3.0667
2026-10-07T15:03:33,payment-api,/withdrawal,ap-southeast-1,157,79,54,12,4502.05,ERR-307,Low,Failure,8,35,1,CUST-109482,DEV-WIN-84725,2.3563
2026-10-07T15:03:43,ledger-service,/balance_check,us-west-2,24,17,42,5,0,ERR-207,Low,Failure,6,27,1,CUST-112349,DEV-WIN-99325,3.0667
2026-10-07T15:03:53,ledger-service,/balance_check,eu-west-1,30,22,56,6,0,ERR-903,High,Failure,10,87,1,CUST-112349,DEV-LIN-11235,3.8667
2026-10-07T15:03:53,fraud-detection,/payment,us-west-2,127,80,96,10,0,ERR-105,Low,Failure,15,33,1,CUST-134098,DEV-MAC-0149A5,2.1404
2026-10-07T15:04:03,fraud-detection,/payment,us-west-2,179,100,100,10,0,ERR-308,High,Failure,15,88,1,CUST-100483,DEV-MAC-75825,2.541
2026-10-07T15:04:03,payment-api,/withdrawal,us-west-2,213,100,74,18,3713.03,ERR-901,Critical,Failure,14,95,1,CUST-112349,DEV-LIN-11235,3.2553
2026-10-07T15:04:03,trading-engine,/trade,eu-west-1,46,11,23,1,6660.11,ERR-000,Healthy,Success,19,5,0,CUST-134098,DEV-MAC-0149A5,3.6483
2026-10-07T15:04:03,ledger-service,/balance_check,us-east-1,31,24,57,5,0,ERR-903,High,Failure,1,85,1,CUST-123456,DEV-MAC-0149A5,3.7833
2026-10-07T15:04:13,fraud-detection,/payment,us-west-2,174,100,100,12,0,ERR-208,High,Failure,6,84,1,CUST-100483,DEV-MAC-0149A5,2.7077
2026-10-07T15:04:23,ledger-service,/balance_check,eu-west-1,28,19,45,4,0,ERR-905,Low,Failure,20,40,1,CUST-123456,DEV-MAC-75825,3.1167
2026-10-07T15:04:23,payment-api,/transfer,us-west-2,145,80,57,15,7300.33,ERR-207,Low,Failure,15,26,1,CUST-100483,DEV-WIN-99325,2.5317
2026-10-07T15:04:33,payment-api,/transfer,us-west-2,166,85,62,18,3010.93,ERR-903,High,Failure,6,86,1,CUST-100483,DEV-WIN-99325,2.8823
2026-10-07T15:04:33,investment-engine,/portfolio,eu-west-1,261,100,100,41,9727.26,ERR-903,Critical,Failure,2,97,1,CUST-123456,DEV-MAC-75825,2.932
2026-10-07T15:04:43,payment-api,/transfer,us-west-2,153,77,56,13,753.25,ERR-702,Low,Failure,3,22,1,CUST-123456,DEV-MAC-0149A5,2.4003
2026-10-07T15:04:43,auth-service,/login,us-east-1,33,7,34,2,0,ERR-000,Healthy,Success,14,2,0,CUST-100483,DEV-MAC-75825,1.3775
2026-10-07T15:05:03,investment-engine,/portfolio,ap-southeast-1,213,100,100,32,12573.32,ERR-903,High,Failure,18,89,1,CUST-112349,DEV-MAC-0149A5,2.472
2026-10-07T15:05:03,auth-service,/login,us-east-1,45,18,47,4,0,ERR-904,Low,Failure,4,27,1,CUST-100483,DEV-LIN-11235,2.31
2026-10-07T15:05:13,payment-api,/transfer,eu-west-1,198,100,75,19,7769.63,ERR-901,Critical,Failure,3,96,1,CUST-100483,DEV-LIN-11235,3.267
2026-10-07T15:05:13,ledger-service,/balance_check,eu-west-1,26,20,46,4,0,ERR-105,Low,Failure,19,20,1,CUST-123456,DEV-MAC-75825,3.1
2026-10-07T15:05:23,trading-engine,/trade,ap-southeast-1,147,75,56,1,7459.34,ERR-704,Low,Failure,19,34,1,CUST-123456,DEV-MAC-0149A5,10.6594
2026-10-07T15:05:33,ledger-service,/balance_check,us-west-2,26,16,50,4,0,ERR-206,Low,Failure,10,37,1,CUST-112349,DEV-MAC-0149A5,3.0333
2026-10-07T15:05:33,auth-service,/login,eu-west-1,48,20,50,5,0,ERR-303,Low,Failure,6,39,1,CUST-100483,DEV-WIN-99325,2.625
2026-10-07T15:05:43,ledger-service,/balance_check,us-west-2,27,18,50,4,0,ERR-902,Low,Failure,11,29,1,CUST-109482,DEV-MAC-0149A5,3.1333
2026-10-07T15:05:53,auth-service,/login,us-west-2,52,21,50,5,0,ERR-304,Medium,Failure,15,62,1,CUST-123456,DEV-LIN-11235,2.695
2026-10-07T15:05:53,ledger-service,/balance_check,us-east-1,27,20,41,4,0,ERR-702,Low,Failure,1,31,1,CUST-134098,DEV-LIN-11235,3.05
2026-10-07T15:06:03,auth-service,/login,us-west-2,8,10,3,1,0,ERR-000,Healthy,Success,18,5,0,CUST-134098,DEV-WIN-99325,0.5375
2026-10-07T15:06:03,payment-api,/transfer,us-east-1,146,68,55,12,5353.93,ERR-207,Low,Failure,6,28,1,CUST-112349,DEV-LIN-11235,2.2257
2026-10-07T15:06:13,ledger-service,/balance_check,us-east-1,4,8,34,3,0,ERR-000,Healthy,Success,19,3,0,CUST-134098,DEV-MAC-75825,1.5667
2026-10-07T15:06:23,ledger-service,/balance_check,eu-west-1,13,12,28,3,0,ERR-000,Healthy,Success,18,3,0,CUST-112349,DEV-WIN-99325,1.9
2026-10-07T15:06:23,payment-api,/transfer,us-east-1,179,81,66,17,3338.06,ERR-903,High,Failure,9,88,1,CUST-134098,DEV-WIN-99325,2.8543
2026-10-07T15:06:33,fraud-detection,/payment,us-west-2,198,100,100,12,0,ERR-904,Critical,Failure,17,98,1,CUST-109482,DEV-WIN-84725,2.8677
2026-10-07T15:06:33,ledger-service,/balance_check,eu-west-1,24,19,44,5,0,ERR-109,Low,Failure,18,36,1,CUST-123456,DEV-WIN-84725,3.1667
2026-10-07T15:06:43,payment-api,/transfer,us-west-2,153,75,55,15,8297.1,ERR-109,Low,Failure,3,20,1,CUST-134098,DEV-MAC-75825,2.512
2026-10-07T15:06:43,auth-service,/login,eu-west-1,49,19,48,4,0,ERR-203,Low,Failure,20,20,1,CUST-112349,DEV-MAC-0149A5,2.3925
2026-10-07T15:06:53,payment-api,/transfer,ap-southeast-1,172,91,61,18,6162.21,ERR-903,High,Failure,11,84,1,CUST-112349,DEV-LIN-11235,2.9513
2026-10-07T15:06:53,ledger-service,/balance_check,us-west-2,29,19,47,5,0,ERR-302,Low,Failure,8,37,1,CUST-134098,DEV-WIN-99325,3.3833
2026-10-07T15:07:03,ledger-service,/balance_check,us-east-1,28,20,49,5,0,ERR-206,Low,Failure,11,26,1,CUST-134098,DEV-WIN-84725,3.4167
2026-10-07T15:07:03,trading-engine,/trade,eu-west-1,127,68,53,1,9090.82,ERR-000,Normal,Success,6,6,0,CUST-109482,DEV-WIN-99325,9.2968
2026-10-07T15:07:13,trading-engine,/trade,eu-west-1,135,74,57,1,6954.75,ERR-110,Low,Failure,10,36,1,CUST-109482,DEV-WIN-99325,9.858
2026-10-07T15:07:23,trading-engine,/trade,us-west-2,135,77,58,2,1771.79,ERR-205,Low,Failure,8,32,1,CUST-112349,DEV-MAC-0149A5,10.3699
2026-10-07T15:07:33,ledger-service,/balance_check,eu-west-1,27,19,46,5,0,ERR-305,Low,Failure,2,33,1,CUST-134098,DEV-WIN-99325,3.3
2026-10-07T15:07:33,auth-service,/login,us-west-2,51,20,50,5,0,ERR-704,Medium,Failure,7,77,1,CUST-100483,DEV-WIN-99325,2.6625
2026-10-07T15:07:33,payment-api,/transfer,us-west-2,149,69,53,13,663.22,ERR-102,Low,Failure,20,34,1,CUST-134098,DEV-LIN-11235,2.3027
2026-10-07T15:07:43,ledger-service,/balance_check,ap-southeast-1,35,24,58,6,0,ERR-903,High,Failure,16,85,1,CUST-109482,DEV-MAC-0149A5,4.1333
2026-10-07T15:07:43,auth-service,/login,ap-southeast-1,42,20,49,5,0,ERR-301,Low,Failure,11,32,1,CUST-134098,DEV-LIN-11235,2.5375
2026-10-07T15:07:43,payment-api,/withdrawal,us-east-1,154,72,58,13,6085.45,ERR-101,Low,Failure,20,26,1,CUST-100483,DEV-WIN-84725,2.3727
2026-10-07T15:07:53,trading-engine,/trade,us-east-1,160,84,71,2,8721.87,ERR-903,High,Failure,6,82,1,CUST-112349,DEV-WIN-99325,12.0853
2026-10-07T15:07:53,investment-engine,/portfolio,us-west-2,226,93,100,35,10977.66,ERR-903,High,Failure,11,87,1,CUST-134098,DEV-WIN-99325,2.5803
2026-10-07T15:08:13,ledger-service,/balance_check,ap-southeast-1,30,18,48,4,0,ERR-309,Low,Failure,14,26,1,CUST-134098,DEV-WIN-99325,3.2
2026-10-07T15:08:23,investment-engine,/portfolio,us-west-2,185,89,90,27,8393.06,ERR-901,Low,Failure,20,35,1,CUST-109482,DEV-WIN-84725,2.1374
2026-10-07T15:08:33,trading-engine,/trade,us-east-1,137,75,56,2,8266.14,ERR-109,Low,Failure,15,32,1,CUST-112349,DEV-WIN-99325,10.4927
2026-10-07T15:08:33,auth-service,/login,us-west-2,50,20,48,4,0,ERR-905,Low,Failure,8,26,1,CUST-100483,DEV-WIN-99325,2.425
2026-10-07T15:08:43,investment-engine,/portfolio,us-west-2,184,85,81,30,14716.47,ERR-702,Low,Failure,17,36,1,CUST-134098,DEV-LIN-11235,2.1965
2026-10-07T15:08:53,ledger-service,/balance_check,us-west-2,29,18,46,4,0,ERR-109,Low,Failure,12,31,1,CUST-123456,DEV-WIN-84725,3.1333
2026-10-07T15:09:03,payment-api,/withdrawal,ap-southeast-1,156,77,57,12,4808.38,ERR-303,Low,Failure,20,39,1,CUST-112349,DEV-WIN-99325,2.3507
2026-10-07T15:09:03,ledger-service,/balance_check,ap-southeast-1,27,20,49,5,0,ERR-205,Low,Failure,8,20,1,CUST-109482,DEV-MAC-75825,3.3833
2026-10-07T15:09:13,trading-engine,/trade,eu-west-1,199,100,82,2,7736.32,ERR-901,Critical,Failure,14,95,1,CUST-112349,DEV-LIN-11235,14.7602
2026-10-07T15:09:23,ledger-service,/balance_check,us-east-1,28,19,46,5,0,ERR-102,Low,Failure,10,31,1,CUST-134098,DEV-WIN-84725,3.3333
2026-10-07T15:09:33,trading-engine,/trade,us-west-2,190,100,83,2,5093.57,ERR-901,Critical,Failure,20,100,1,CUST-112349,DEV-WIN-99325,14.1621
2026-10-07T15:09:43,payment-api,/transfer,us-west-2,48,28,38,3,9468.54,ERR-000,Healthy,Success,7,4,0,CUST-109482,DEV-MAC-0149A5,0.8153
2026-10-07T15:09:53,payment-api,/transfer,eu-west-1,109,24,13,10,5252.29,ERR-000,Healthy,Success,20,3,0,CUST-100483,DEV-MAC-75825,1.3677
2026-10-07T15:09:53,investment-engine,/portfolio,us-west-2,186,85,82,28,5533.21,ERR-308,Low,Failure,14,33,1,CUST-112349,DEV-WIN-99325,2.1385
2026-10-07T15:10:13,fraud-detection,/payment,us-west-2,138,83,92,10,0,ERR-905,Low,Failure,2,40,1,CUST-100483,DEV-WIN-99325,2.2173
2026-10-07T15:10:13,payment-api,/transfer,eu-west-1,149,64,56,15,9570.4,ERR-210,Low,Failure,6,35,1,CUST-123456,DEV-LIN-11235,2.4093
2026-10-07T15:10:13,trading-engine,/trade,eu-west-1,145,74,54,1,726.18,ERR-206,Low,Failure,5,31,1,CUST-134098,DEV-WIN-99325,10.5188
2026-10-07T15:10:13,investment-engine,/portfolio,eu-west-1,194,85,87,27,6098.82,ERR-701,Low,Failure,12,25,1,CUST-123456,DEV-WIN-99325,2.1416
2026-10-07T15:10:23,investment-engine,/portfolio,us-west-2,195,81,85,30,5606.71,ERR-905,Low,Failure,5,28,1,CUST-123456,DEV-MAC-75825,2.221
2026-10-07T15:10:23,ledger-service,/balance_check,us-west-2,30,20,47,4,0,ERR-206,Low,Failure,15,30,1,CUST-112349,DEV-WIN-99325,3.25
2026-10-07T15:10:23,auth-service,/login,us-east-1,45,20,46,5,0,ERR-303,Low,Failure,8,32,1,CUST-123456,DEV-WIN-84725,2.5375
2026-10-07T15:10:33,ledger-service,/balance_check,us-east-1,30,18,47,4,0,ERR-107,Low,Failure,18,33,1,CUST-100483,DEV-MAC-0149A5,3.1833
2026-10-07T15:10:33,auth-service,/login,eu-west-1,51,20,50,5,0,ERR-205,Medium,Failure,6,65,1,CUST-134098,DEV-LIN-11235,2.6625
2026-10-07T15:10:43,auth-service,/login,us-east-1,52,20,52,5,0,ERR-103,Medium,Failure,17,65,1,CUST-112349,DEV-LIN-11235,2.7
2026-10-07T15:10:53,ledger-service,/balance_check,us-east-1,29,20,49,4,0,ERR-201,Low,Failure,13,37,1,CUST-109482,DEV-WIN-99325,3.25
2026-10-07T15:10:53,auth-service,/login,us-west-2,30,2,14,3,0,ERR-000,Healthy,Success,18,3,0,CUST-100483,DEV-MAC-0149A5,1.19
2026-10-07T15:11:03,ledger-service,/balance_check,ap-southeast-1,29,18,48,4,0,ERR-901,Low,Failure,6,40,1,CUST-134098,DEV-MAC-75825,3.1667
2026-10-07T15:11:13,ledger-service,/balance_check,eu-west-1,32,24,59,6,0,ERR-903,High,Failure,14,82,1,CUST-134098,DEV-MAC-0149A5,4.05
2026-10-07T15:11:23,payment-api,/withdrawal,us-east-1,145,80,56,14,8852.17,ERR-902,Low,Failure,4,26,1,CUST-100483,DEV-WIN-99325,2.46
2026-10-07T15:11:23,trading-engine,/trade,us-west-2,162,94,61,2,7897.96,ERR-903,High,Failure,4,87,1,CUST-112349,DEV-MAC-75825,12.2325
2026-10-07T15:11:33,trading-engine,/trade,us-west-2,120,79,48,2,1189.95,ERR-310,Low,Failure,7,34,1,CUST-109482,DEV-MAC-0149A5,9.3571
2026-10-07T15:11:33,ledger-service,/balance_check,eu-west-1,28,18,49,5,0,ERR-105,Low,Failure,11,21,1,CUST-100483,DEV-WIN-84725,3.35
2026-10-07T15:11:33,payment-api,/transfer,us-east-1,129,76,60,12,5619.61,ERR-306,Low,Failure,17,26,1,CUST-100483,DEV-WIN-84725,2.2493
2026-10-07T15:11:33,auth-service,/login,us-west-2,50,20,46,5,0,ERR-901,Low,Failure,11,37,1,CUST-134098,DEV-MAC-75825,2.6
2026-10-07T15:11:43,ledger-service,/balance_check,eu-west-1,24,16,42,4,0,ERR-000,Normal,Success,2,12,0,CUST-134098,DEV-WIN-84725,2.8333
2026-10-07T15:11:43,payment-api,/transfer,eu-west-1,165,90,64,18,575,ERR-903,High,Failure,7,81,1,CUST-112349,DEV-WIN-99325,2.93
2026-10-07T15:11:53,trading-engine,/trade,us-west-2,79,16,2,1,289.82,ERR-000,Healthy,Success,17,4,0,CUST-100483,DEV-MAC-0149A5,5.8239
2026-10-07T15:11:53,auth-service,/login,us-east-1,48,18,46,5,0,ERR-207,Low,Failure,2,38,1,CUST-112349,DEV-MAC-75825,2.535
2026-10-07T15:12:03,trading-engine,/trade,us-west-2,143,77,56,2,7650.44,ERR-206,Low,Failure,1,26,1,CUST-100483,DEV-WIN-84725,10.8994
2026-10-07T15:12:13,auth-service,/login,eu-west-1,48,20,46,5,0,ERR-905,Low,Failure,10,36,1,CUST-123456,DEV-MAC-75825,2.575
2026-10-07T15:12:23,payment-api,/transfer,us-east-1,90,10,8,5,4919.88,ERR-000,Healthy,Success,16,3,0,CUST-109482,DEV-WIN-99325,0.8167
2026-10-07T15:12:23,fraud-detection,/payment,us-east-1,124,88,94,10,0,ERR-701,Low,Failure,19,23,1,CUST-109482,DEV-MAC-75825,2.1385
2026-10-07T15:12:23,investment-engine,/portfolio,us-west-2,233,100,92,36,11288.14,ERR-903,High,Failure,13,90,1,CUST-134098,DEV-WIN-84725,2.6564
2026-10-07T15:12:33,ledger-service,/balance_check,us-east-1,30,18,46,5,0,ERR-705,Low,Failure,14,39,1,CUST-134098,DEV-MAC-75825,3.3667
2026-10-07T15:12:33,auth-service,/login,us-east-1,48,19,46,5,0,ERR-204,Low,Failure,19,30,1,CUST-100483,DEV-WIN-99325,2.555
2026-10-07T15:12:43,ledger-service,/balance_check,us-east-1,30,16,43,5,0,ERR-204,Low,Failure,15,24,1,CUST-112349,DEV-MAC-0149A5,3.25
2026-10-07T15:12:43,payment-api,/transfer,ap-southeast-1,151,80,58,14,5449.87,ERR-702,Low,Failure,15,37,1,CUST-109482,DEV-LIN-11235,2.494
2026-10-07T15:12:53,ledger-service,/balance_check,us-east-1,29,18,47,5,0,ERR-702,Low,Failure,14,20,1,CUST-109482,DEV-LIN-11235,3.35
2026-10-07T15:12:53,payment-api,/transfer,ap-southeast-1,132,73,52,15,6409.12,ERR-210,Low,Failure,8,26,1,CUST-134098,DEV-WIN-99325,2.3963
2026-10-07T15:13:13,payment-api,/withdrawal,eu-west-1,276,100,100,23,2382.6,ERR-901,Critical,Failure,12,99,1,CUST-112349,DEV-WIN-84725,3.9707
2026-10-07T15:13:23,investment-engine,/portfolio,us-west-2,181,80,77,25,10322.12,ERR-206,Low,Failure,2,29,1,CUST-112349,DEV-WIN-99325,1.9871
2026-10-07T15:13:23,trading-engine,/trade,ap-southeast-1,165,89,64,2,7262.14,ERR-903,High,Failure,7,81,1,CUST-100483,DEV-LIN-11235,12.4217
2026-10-07T15:13:23,ledger-service,/balance_check,ap-southeast-1,28,18,49,4,0,ERR-705,Low,Failure,12,35,1,CUST-109482,DEV-WIN-84725,3.15
2026-10-07T15:13:33,payment-api,/withdrawal,us-west-2,141,76,59,14,4988.46,ERR-308,Low,Failure,17,34,1,CUST-109482,DEV-WIN-84725,2.4257
2026-10-07T15:13:43,payment-api,/withdrawal,eu-west-1,158,75,54,15,5944,ERR-206,Low,Failure,2,32,1,CUST-123456,DEV-MAC-0149A5,2.527
2026-10-07T15:13:43,ledger-service,/balance_check,ap-southeast-1,28,17,50,4,0,ERR-105,Low,Failure,4,39,1,CUST-123456,DEV-MAC-0149A5,3.1333
2026-10-07T15:14:03,trading-engine,/trade,us-east-1,136,77,56,1,3431.13,ERR-903,Low,Failure,15,38,1,CUST-100483,DEV-MAC-0149A5,9.9327
2026-10-07T15:14:13,trading-engine,/trade,eu-west-1,189,100,82,2,4281.62,ERR-901,Critical,Failure,9,94,1,CUST-134098,DEV-MAC-75825,14.0935
2026-10-07T15:14:13,ledger-service,/balance_check,us-east-1,34,22,55,5,0,ERR-903,High,Failure,11,81,1,CUST-109482,DEV-WIN-99325,3.7833
2026-10-07T15:14:23,ledger-service,/balance_check,eu-west-1,28,19,48,4,0,ERR-702,Low,Failure,3,30,1,CUST-112349,DEV-LIN-11235,3.1667
2026-10-07T15:14:23,investment-engine,/portfolio,us-west-2,193,86,81,29,9617.93,ERR-101,Low,Failure,9,26,1,CUST-109482,DEV-MAC-0149A5,2.1982
2026-10-07T15:14:33,fraud-detection,/payment,eu-west-1,142,86,95,10,0,ERR-307,Low,Failure,4,40,1,CUST-112349,DEV-MAC-0149A5,2.2544
2026-10-07T15:14:33,trading-engine,/trade,ap-southeast-1,59,9,33,1,3526.02,ERR-000,Healthy,Success,5,3,0,CUST-109482,DEV-MAC-75825,4.5278
2026-10-07T15:14:33,ledger-service,/balance_check,us-east-1,1,1,2,1,0,ERR-000,Healthy,Success,17,0,0,CUST-123456,DEV-MAC-75825,0.3
2026-10-07T15:14:43,investment-engine,/portfolio,ap-southeast-1,170,90,89,28,12646.83,ERR-901,Low,Failure,3,30,1,CUST-123456,DEV-MAC-0149A5,2.1238
2026-10-07T15:14:53,ledger-service,/balance_check,us-west-2,34,23,60,6,0,ERR-903,High,Failure,17,81,1,CUST-100483,DEV-LIN-11235,4.1
2026-10-07T15:14:53,investment-engine,/portfolio,us-west-2,183,83,83,28,14700.78,ERR-301,Low,Failure,7,39,1,CUST-134098,DEV-WIN-99325,2.1204
2026-10-07T15:14:53,trading-engine,/trade,us-east-1,30,42,1,1,4914.32,ERR-000,Healthy,Success,11,1,0,CUST-100483,DEV-WIN-99325,2.642
2026-10-07T15:14:53,fraud-detection,/payment,eu-west-1,145,85,97,9,0,ERR-306,Low,Failure,1,29,1,CUST-134098,DEV-MAC-75825,2.1739
2026-10-07T15:15:03,fraud-detection,/payment,ap-southeast-1,149,76,80,8,0,ERR-304,Low,Failure,17,39,1,CUST-109482,DEV-MAC-0149A5,2.0615
2026-10-07T15:15:03,trading-engine,/trade,us-east-1,137,65,59,1,5304.59,ERR-108,Low,Failure,15,27,1,CUST-109482,DEV-WIN-84725,9.9652
2026-10-07T15:15:03,auth-service,/login,us-west-2,48,20,48,5,0,ERR-203,Low,Failure,1,40,1,CUST-112349,DEV-WIN-84725,2.6
2026-10-07T15:15:03,ledger-service,/balance_check,eu-west-1,32,23,54,6,0,ERR-903,High,Failure,18,86,1,CUST-134098,DEV-LIN-11235,3.9333
2026-10-07T15:15:23,payment-api,/withdrawal,us-west-2,159,73,57,14,453.49,ERR-210,Low,Failure,6,32,1,CUST-112349,DEV-WIN-99325,2.4627
2026-10-07T15:15:23,ledger-service,/balance_check,eu-west-1,24,18,46,4,0,ERR-101,Low,Failure,13,21,1,CUST-100483,DEV-WIN-84725,2.9667
2026-10-07T15:15:23,investment-engine,/portfolio,us-east-1,184,87,90,30,13850.49,ERR-705,Low,Failure,19,29,1,CUST-100483,DEV-MAC-75825,2.2241
2026-10-07T15:15:23,auth-service,/login,ap-southeast-1,19,7,15,3,0,ERR-000,Healthy,Success,8,0,0,CUST-112349,DEV-MAC-75825,1.165
2026-10-07T15:15:33,payment-api,/transfer,us-east-1,173,86,69,17,2715.67,ERR-903,High,Failure,13,86,1,CUST-134098,DEV-MAC-0149A5,2.887
2026-10-07T15:15:33,ledger-service,/balance_check,us-west-2,28,20,47,5,0,ERR-310,Low,Failure,20,40,1,CUST-112349,DEV-MAC-75825,3.3833
2026-10-07T15:15:33,auth-service,/login,us-east-1,48,18,47,5,0,ERR-102,Low,Failure,11,28,1,CUST-100483,DEV-WIN-99325,2.5475
2026-10-07T15:15:43,investment-engine,/portfolio,eu-west-1,186,85,89,29,13488.15,ERR-301,Low,Failure,15,32,1,CUST-112349,DEV-WIN-99325,2.1855
2026-10-07T15:15:43,ledger-service,/balance_check,us-west-2,17,7,3,1,0,ERR-000,Healthy,Success,8,5,0,CUST-100483,DEV-MAC-0149A5,1.05
2026-10-07T15:15:53,ledger-service,/balance_check,us-west-2,27,20,50,5,0,ERR-110,Low,Failure,13,37,1,CUST-109482,DEV-MAC-75825,3.4
2026-10-07T15:15:53,payment-api,/withdrawal,ap-southeast-1,167,96,65,15,2026.62,ERR-903,High,Failure,6,90,1,CUST-100483,DEV-LIN-11235,2.793
2026-10-07T15:15:53,auth-service,/login,eu-west-1,46,18,45,4,0,ERR-106,Low,Failure,9,37,1,CUST-112349,DEV-WIN-84725,2.2975
2026-10-07T15:16:03,investment-engine,/portfolio,us-east-1,218,96,93,32,12913.29,ERR-903,High,Failure,15,89,1,CUST-123456,DEV-LIN-11235,2.455
2026-10-07T15:16:23,ledger-service,/balance_check,us-east-1,28,18,49,5,0,ERR-903,Low,Failure,10,26,1,CUST-100483,DEV-MAC-0149A5,3.35
2026-10-07T15:16:23,fraud-detection,/payment,us-west-2,170,94,100,11,0,ERR-702,High,Failure,16,86,1,CUST-109482,DEV-WIN-99325,2.566
2026-10-07T15:16:33,ledger-service,/balance_check,ap-southeast-1,29,16,42,4,0,ERR-205,Low,Failure,14,34,1,CUST-112349,DEV-WIN-84725,3
2026-10-07T15:16:33,payment-api,/withdrawal,us-east-1,164,95,62,15,3528.42,ERR-903,High,Failure,10,84,1,CUST-100483,DEV-MAC-75825,2.7577
2026-10-07T15:16:33,auth-service,/login,us-east-1,50,21,50,5,0,ERR-704,Medium,Failure,1,60,1,CUST-134098,DEV-LIN-11235,2.67
2026-10-07T15:16:43,trading-engine,/trade,eu-west-1,153,83,60,2,5460.87,ERR-106,High,Failure,15,85,1,CUST-112349,DEV-LIN-11235,11.5939
2026-10-07T15:16:43,ledger-service,/balance_check,us-west-2,35,21,55,5,0,ERR-903,High,Failure,9,80,1,CUST-123456,DEV-WIN-84725,3.7833
2026-10-07T15:16:53,fraud-detection,/payment,eu-west-1,53,21,46,6,0,ERR-000,Healthy,Success,6,1,0,CUST-134098,DEV-WIN-99325,1.0508
2026-10-07T15:17:03,payment-api,/withdrawal,eu-west-1,149,79,57,14,6998.01,ERR-301,Low,Failure,14,30,1,CUST-123456,DEV-WIN-99325,2.4727
2026-10-07T15:17:03,ledger-service,/balance_check,ap-southeast-1,28,17,49,4,0,ERR-309,Low,Failure,8,35,1,CUST-123456,DEV-MAC-75825,3.1167
2026-10-07T15:17:23,ledger-service,/balance_check,ap-southeast-1,35,23,54,5,0,ERR-903,High,Failure,8,87,1,CUST-100483,DEV-LIN-11235,3.8333
2026-10-07T15:17:33,ledger-service,/balance_check,ap-southeast-1,29,20,47,5,0,ERR-207,Low,Failure,6,24,1,CUST-109482,DEV-LIN-11235,3.4167
2026-10-07T15:17:33,investment-engine,/portfolio,eu-west-1,14,55,3,6,6892.08,ERR-000,Healthy,Success,8,5,0,CUST-134098,DEV-WIN-84725,0.5275
2026-10-07T15:17:43,fraud-detection,/payment,us-east-1,144,89,100,9,0,ERR-203,Low,Failure,13,37,1,CUST-112349,DEV-MAC-75825,2.1802
2026-10-07T15:17:43,ledger-service,/balance_check,us-west-2,13,2,15,2,0,ERR-000,Healthy,Success,9,0,0,CUST-134098,DEV-MAC-75825,1.15
2026-10-07T15:17:53,payment-api,/transfer,eu-west-1,152,77,59,15,3072.58,ERR-108,Low,Failure,13,23,1,CUST-100483,DEV-MAC-0149A5,2.5447
2026-10-07T15:17:53,ledger-service,/balance_check,eu-west-1,29,17,48,5,0,ERR-305,Low,Failure,14,37,1,CUST-112349,DEV-MAC-75825,3.3333
2026-10-07T15:17:53,trading-engine,/trade,eu-west-1,136,76,55,1,7276.43,ERR-206,Low,Failure,18,35,1,CUST-123456,DEV-MAC-0149A5,9.9274
2026-10-07T15:18:03,trading-engine,/trade,us-west-2,237,100,99,2,1361.02,ERR-901,Critical,Failure,20,92,1,CUST-112349,DEV-MAC-0149A5,17.3267
2026-10-07T15:18:03,ledger-service,/balance_check,eu-west-1,28,20,48,4,0,ERR-103,Low,Failure,11,20,1,CUST-123456,DEV-MAC-75825,3.2
2026-10-07T15:18:13,trading-engine,/trade,eu-west-1,146,79,55,2,3662.27,ERR-904,Low,Failure,3,39,1,CUST-112349,DEV-WIN-84725,11.1041
2026-10-07T15:18:23,ledger-service,/balance_check,ap-southeast-1,28,16,47,4,0,ERR-309,Low,Failure,15,32,1,CUST-123456,DEV-LIN-11235,3.05
2026-10-07T15:18:33,investment-engine,/portfolio,eu-west-1,301,100,100,44,9473.76,ERR-903,Critical,Failure,5,94,1,CUST-100483,DEV-WIN-99325,3.1653
2026-10-07T15:18:33,auth-service,/login,eu-west-1,40,19,41,5,0,ERR-309,Low,Failure,11,23,1,CUST-109482,DEV-MAC-75825,2.3925
2026-10-07T15:18:43,investment-engine,/portfolio,us-east-1,189,87,80,30,11159.95,ERR-206,Low,Failure,9,26,1,CUST-109482,DEV-LIN-11235,2.2212
2026-10-07T15:18:43,ledger-service,/balance_check,us-east-1,36,20,51,6,0,ERR-203,High,Failure,20,90,1,CUST-112349,DEV-MAC-0149A5,3.9167
2026-10-07T15:18:43,payment-api,/transfer,us-east-1,155,80,57,13,5798.63,ERR-204,Low,Failure,9,21,1,CUST-100483,DEV-LIN-11235,2.4383
2026-10-07T15:18:53,ledger-service,/balance_check,us-west-2,36,23,53,6,0,ERR-903,High,Failure,3,89,1,CUST-100483,DEV-WIN-99325,4.05
2026-10-07T15:19:03,trading-engine,/trade,eu-west-1,138,77,60,1,2130.04,ERR-208,Low,Failure,16,27,1,CUST-123456,DEV-WIN-99325,10.0739
2026-10-07T15:19:03,payment-api,/withdrawal,ap-southeast-1,160,72,58,15,2814.01,ERR-306,Low,Failure,18,27,1,CUST-123456,DEV-MAC-75825,2.53
2026-10-07T15:19:03,ledger-service,/balance_check,us-east-1,35,20,56,6,0,ERR-308,High,Failure,2,87,1,CUST-100483,DEV-MAC-75825,3.9667
2026-10-07T15:19:13,investment-engine,/portfolio,ap-southeast-1,219,90,100,35,12866.23,ERR-206,High,Failure,10,89,1,CUST-112349,DEV-MAC-0149A5,2.542
2026-10-07T15:19:13,ledger-service,/balance_check,us-west-2,30,19,47,4,0,ERR-904,Low,Failure,19,30,1,CUST-112349,DEV-MAC-75825,3.2167
2026-10-07T15:19:23,payment-api,/transfer,ap-southeast-1,129,71,48,13,4313.42,ERR-000,Normal,Success,12,14,0,CUST-123456,DEV-WIN-84725,2.2143
2026-10-07T15:19:23,ledger-service,/balance_check,ap-southeast-1,34,21,52,5,0,ERR-903,High,Failure,11,88,1,CUST-123456,DEV-WIN-99325,3.7
2026-10-07T15:19:33,payment-api,/withdrawal,ap-southeast-1,145,66,56,14,6790.55,ERR-205,Low,Failure,2,23,1,CUST-109482,DEV-WIN-84725,2.3433
2026-10-07T15:19:33,ledger-service,/balance_check,us-west-2,16,14,25,1,0,ERR-000,Healthy,Success,6,1,0,CUST-112349,DEV-WIN-84725,1.6167
2026-10-07T15:19:43,trading-engine,/trade,ap-southeast-1,175,85,66,2,7938.48,ERR-903,High,Failure,1,83,1,CUST-109482,DEV-WIN-99325,13.0789
2026-10-07T15:19:53,investment-engine,/portfolio,ap-southeast-1,220,100,100,32,5061.16,ERR-903,High,Failure,17,86,1,CUST-100483,DEV-MAC-75825,2.4953
2026-10-07T15:19:53,fraud-detection,/payment,us-east-1,145,86,92,10,0,ERR-108,Low,Failure,19,27,1,CUST-123456,DEV-WIN-99325,2.2715
2026-10-07T15:19:53,ledger-service,/balance_check,ap-southeast-1,27,18,45,4,0,ERR-303,Low,Failure,4,23,1,CUST-112349,DEV-LIN-11235,3.05
2026-10-07T15:20:03,ledger-service,/balance_check,eu-west-1,10,5,31,2,0,ERR-000,Healthy,Success,5,0,0,CUST-112349,DEV-LIN-11235,1.4167
2026-10-07T15:20:13,auth-service,/login,ap-southeast-1,48,19,47,4,0,ERR-205,Low,Failure,9,35,1,CUST-109482,DEV-WIN-84725,2.3675
2026-10-07T15:20:13,payment-api,/withdrawal,us-west-2,146,75,52,15,6316.53,ERR-101,Low,Failure,13,29,1,CUST-112349,DEV-MAC-75825,2.469
2026-10-07T15:20:23,ledger-service,/balance_check,ap-southeast-1,35,22,55,5,0,ERR-903,High,Failure,13,85,1,CUST-123456,DEV-MAC-75825,3.8167
2026-10-07T15:20:43,fraud-detection,/payment,ap-southeast-1,157,91,100,11,0,ERR-303,High,Failure,4,84,1,CUST-112349,DEV-LIN-11235,2.4718
2026-10-07T15:20:53,ledger-service,/balance_check,eu-west-1,28,20,48,4,0,ERR-203,Low,Failure,7,29,1,CUST-112349,DEV-MAC-75825,3.2
2026-10-07T15:20:53,fraud-detection,/payment,eu-west-1,178,100,100,10,0,ERR-701,High,Failure,10,82,1,CUST-100483,DEV-WIN-84725,2.5343
2026-10-07T15:21:03,trading-engine,/trade,us-west-2,141,73,57,2,9746.91,ERR-303,Low,Failure,15,39,1,CUST-109482,DEV-MAC-75825,10.7547
2026-10-07T15:21:13,trading-engine,/trade,ap-southeast-1,137,68,59,1,3487.44,ERR-310,Low,Failure,19,22,1,CUST-134098,DEV-LIN-11235,9.9752
2026-10-07T15:21:13,fraud-detection,/payment,ap-southeast-1,147,89,99,10,0,ERR-208,Low,Failure,5,25,1,CUST-109482,DEV-LIN-11235,2.2992
2026-10-07T15:21:23,ledger-service,/balance_check,us-west-2,35,24,59,5,0,ERR-903,High,Failure,8,81,1,CUST-109482,DEV-MAC-0149A5,3.95
2026-10-07T15:21:33,ledger-service,/balance_check,ap-southeast-1,30,19,48,5,0,ERR-703,Low,Failure,7,37,1,CUST-100483,DEV-MAC-0149A5,3.4333
2026-10-07T15:21:43,ledger-service,/balance_check,eu-west-1,29,18,48,5,0,ERR-310,Low,Failure,17,22,1,CUST-123456,DEV-WIN-99325,3.3667
2026-10-07T15:21:53,ledger-service,/balance_check,eu-west-1,33,21,53,6,0,ERR-903,High,Failure,11,88,1,CUST-112349,DEV-LIN-11235,3.8833
2026-10-07T15:22:03,ledger-service,/balance_check,ap-southeast-1,28,18,49,4,0,ERR-208,Low,Failure,15,31,1,CUST-123456,DEV-WIN-84725,3.15
2026-10-07T15:22:03,auth-service,/login,ap-southeast-1,47,19,45,4,0,ERR-101,Low,Failure,20,37,1,CUST-112349,DEV-WIN-99325,2.33
2026-10-07T15:22:03,payment-api,/withdrawal,us-west-2,198,100,74,20,6403.61,ERR-901,Critical,Failure,3,93,1,CUST-134098,DEV-WIN-99325,3.3287
2026-10-07T15:22:03,trading-engine,/trade,ap-southeast-1,122,71,54,1,2139.33,ERR-302,Low,Failure,6,27,1,CUST-109482,DEV-MAC-0149A5,8.9755
2026-10-07T15:22:13,investment-engine,/portfolio,eu-west-1,207,90,100,32,8102.22,ERR-902,High,Failure,5,84,1,CUST-109482,DEV-WIN-99325,2.402
2026-10-07T15:22:13,ledger-service,/balance_check,ap-southeast-1,30,19,46,5,0,ERR-109,Low,Failure,19,38,1,CUST-112349,DEV-WIN-99325,3.4
2026-10-07T15:22:23,payment-api,/withdrawal,eu-west-1,158,69,53,12,1815.73,ERR-901,Low,Failure,12,23,1,CUST-109482,DEV-MAC-75825,2.272
2026-10-07T15:22:33,ledger-service,/balance_check,us-west-2,29,18,50,4,0,ERR-309,Low,Failure,20,32,1,CUST-134098,DEV-MAC-75825,3.2
2026-10-07T15:22:43,ledger-service,/balance_check,ap-southeast-1,24,17,41,5,0,ERR-307,Low,Failure,19,25,1,CUST-123456,DEV-WIN-84725,3.05
2026-10-07T15:22:53,fraud-detection,/payment,us-west-2,168,95,100,12,0,ERR-308,High,Failure,17,83,1,CUST-112349,DEV-MAC-75825,2.6552
2026-10-07T15:22:53,ledger-service,/balance_check,eu-west-1,30,20,50,5,0,ERR-102,Low,Failure,18,34,1,CUST-100483,DEV-MAC-0149A5,3.5
2026-10-07T15:23:03,payment-api,/withdrawal,eu-west-1,160,78,58,14,4841.1,ERR-206,Low,Failure,9,25,1,CUST-123456,DEV-WIN-99325,2.5133
2026-10-07T15:23:03,auth-service,/login,eu-west-1,7,10,33,2,0,ERR-000,Healthy,Success,8,4,0,CUST-134098,DEV-WIN-84725,1.1
2026-10-07T15:23:13,trading-engine,/trade,us-east-1,157,95,60,2,9406.51,ERR-905,High,Failure,4,83,1,CUST-112349,DEV-MAC-0149A5,11.9005
2026-10-07T15:23:23,trading-engine,/trade,ap-southeast-1,156,85,70,2,8540.73,ERR-903,High,Failure,7,86,1,CUST-134098,DEV-MAC-75825,11.8201
2026-10-07T15:23:33,investment-engine,/portfolio,eu-west-1,255,100,100,42,14125.87,ERR-903,Critical,Failure,13,100,1,CUST-112349,DEV-WIN-84725,2.9453
2026-10-07T15:23:33,trading-engine,/trade,us-west-2,127,77,54,2,4323.42,ERR-301,Low,Failure,17,29,1,CUST-123456,DEV-WIN-99325,9.8288
2026-10-07T15:23:43,investment-engine,/portfolio,eu-west-1,164,88,89,27,10869.85,ERR-204,Low,Failure,13,39,1,CUST-100483,DEV-MAC-0149A5,2.0605
2026-10-07T15:23:53,payment-api,/transfer,ap-southeast-1,87,13,37,10,5536.03,ERR-000,Healthy,Success,10,1,0,CUST-134098,DEV-WIN-84725,1.308
2026-10-07T15:23:53,ledger-service,/balance_check,us-west-2,28,19,50,4,0,ERR-904,Low,Failure,12,21,1,CUST-123456,DEV-MAC-0149A5,3.2
2026-10-07T15:23:53,auth-service,/login,ap-southeast-1,47,18,48,5,0,ERR-305,Low,Failure,7,20,1,CUST-112349,DEV-MAC-75825,2.5475
2026-10-07T15:24:03,ledger-service,/balance_check,ap-southeast-1,28,19,50,4,0,ERR-202,Low,Failure,8,28,1,CUST-100483,DEV-MAC-75825,3.2
2026-10-07T15:24:03,fraud-detection,/payment,us-east-1,9,32,19,4,0,ERR-000,Healthy,Success,12,0,0,CUST-100483,DEV-WIN-84725,0.5586
2026-10-07T15:24:13,investment-engine,/portfolio,us-east-1,180,88,85,29,13218.96,ERR-702,Low,Failure,8,31,1,CUST-134098,DEV-MAC-75825,2.1727
2026-10-07T15:24:13,ledger-service,/balance_check,eu-west-1,30,23,51,6,0,ERR-903,High,Failure,2,84,1,CUST-112349,DEV-LIN-11235,3.8167
2026-10-07T15:24:13,auth-service,/login,ap-southeast-1,51,21,52,5,0,ERR-903,Medium,Failure,5,71,1,CUST-100483,DEV-WIN-84725,2.7075
2026-10-07T15:24:23,investment-engine,/portfolio,ap-southeast-1,197,87,85,27,7152.93,ERR-901,Low,Failure,19,35,1,CUST-112349,DEV-MAC-0149A5,2.1577
2026-10-07T15:24:23,ledger-service,/balance_check,us-east-1,24,17,40,5,0,ERR-105,Low,Failure,8,25,1,CUST-134098,DEV-MAC-0149A5,3.0333
2026-10-07T15:24:33,ledger-service,/balance_check,us-east-1,27,19,49,4,0,ERR-903,Low,Failure,13,38,1,CUST-134098,DEV-WIN-84725,3.15
2026-10-07T15:24:43,payment-api,/transfer,us-east-1,151,74,54,13,844.91,ERR-208,Low,Failure,17,32,1,CUST-123456,DEV-MAC-75825,2.3573
2026-10-07T15:24:53,ledger-service,/balance_check,ap-southeast-1,29,19,43,4,0,ERR-209,Low,Failure,3,21,1,CUST-112349,DEV-WIN-84725,3.1167
2026-10-07T15:25:03,investment-engine,/portfolio,us-west-2,168,90,75,25,14999.35,ERR-105,Low,Failure,18,26,1,CUST-123456,DEV-WIN-84725,1.9898
2026-10-07T15:25:03,ledger-service,/balance_check,ap-southeast-1,27,20,48,4,0,ERR-905,Low,Failure,16,39,1,CUST-109482,DEV-MAC-0149A5,3.1667
2026-10-07T15:25:23,ledger-service,/balance_check,eu-west-1,30,20,42,5,0,ERR-703,Low,Failure,1,38,1,CUST-123456,DEV-LIN-11235,3.3667
2026-10-07T15:25:33,ledger-service,/balance_check,eu-west-1,28,19,50,4,0,ERR-207,Low,Failure,9,20,1,CUST-123456,DEV-WIN-99325,3.2
2026-10-07T15:25:33,payment-api,/transfer,us-west-2,163,86,60,16,9866.75,ERR-103,High,Failure,20,82,1,CUST-112349,DEV-MAC-75825,2.7353
2026-10-07T15:25:43,trading-engine,/trade,ap-southeast-1,141,72,60,1,1500.11,ERR-202,Low,Failure,9,32,1,CUST-134098,DEV-MAC-0149A5,10.2572
2026-10-07T15:25:43,payment-api,/transfer,ap-southeast-1,146,79,59,14,1293.41,ERR-208,Low,Failure,13,23,1,CUST-123456,DEV-MAC-75825,2.4707
2026-10-07T15:25:53,ledger-service,/balance_check,ap-southeast-1,27,20,49,4,0,ERR-104,Low,Failure,11,38,1,CUST-109482,DEV-MAC-0149A5,3.1833
2026-10-07T15:26:13,auth-service,/login,eu-west-1,48,20,42,5,0,ERR-202,Low,Failure,4,21,1,CUST-112349,DEV-MAC-75825,2.525
2026-10-07T15:26:23,trading-engine,/trade,us-east-1,99,3,11,1,2825.48,ERR-000,Healthy,Success,2,4,0,CUST-134098,DEV-MAC-75825,7.1315
2026-10-07T15:26:23,auth-service,/login,us-west-2,45,18,48,4,0,ERR-110,Low,Failure,9,30,1,CUST-123456,DEV-MAC-0149A5,2.3225
2026-10-07T15:26:33,ledger-service,/balance_check,us-west-2,30,19,45,5,0,ERR-704,Low,Failure,11,32,1,CUST-109482,DEV-MAC-75825,3.3833
2026-10-07T15:26:43,ledger-service,/balance_check,eu-west-1,30,20,46,5,0,ERR-301,Low,Failure,5,28,1,CUST-134098,DEV-MAC-75825,3.4333
2026-10-07T15:26:53,trading-engine,/trade,us-west-2,144,77,58,2,5638.89,ERR-902,Low,Failure,5,36,1,CUST-112349,DEV-WIN-99325,10.9699
2026-10-07T15:27:03,investment-engine,/portfolio,ap-southeast-1,188,88,85,29,13497.15,ERR-704,Low,Failure,5,30,1,CUST-123456,DEV-MAC-75825,2.1993
2026-10-07T15:27:13,fraud-detection,/payment,us-west-2,171,100,100,10,0,ERR-210,High,Failure,15,86,1,CUST-112349,DEV-WIN-84725,2.4877
2026-10-07T15:27:13,payment-api,/withdrawal,eu-west-1,167,91,69,16,9811.17,ERR-903,High,Failure,1,80,1,CUST-109482,DEV-WIN-84725,2.838
2026-10-07T15:27:13,ledger-service,/balance_check,us-east-1,30,20,45,4,0,ERR-310,Low,Failure,20,32,1,CUST-123456,DEV-WIN-99325,3.2167
2026-10-07T15:27:33,payment-api,/withdrawal,us-east-1,160,80,55,14,7362.22,ERR-902,Low,Failure,3,27,1,CUST-109482,DEV-WIN-84725,2.515
2026-10-07T15:27:43,payment-api,/withdrawal,us-east-1,143,79,58,15,5423.86,ERR-109,Low,Failure,1,26,1,CUST-100483,DEV-MAC-75825,2.5203
2026-10-07T15:27:53,ledger-service,/balance_check,eu-west-1,30,18,50,5,0,ERR-304,Low,Failure,12,32,1,CUST-109482,DEV-LIN-11235,3.4333
2026-10-07T15:27:53,payment-api,/transfer,us-west-2,159,72,56,15,4721.83,ERR-308,Low,Failure,12,38,1,CUST-109482,DEV-WIN-99325,2.516
2026-10-07T15:28:03,ledger-service,/balance_check,ap-southeast-1,25,19,40,4,0,ERR-905,Low,Failure,12,33,1,CUST-109482,DEV-MAC-0149A5,2.9333
2026-10-07T15:28:13,ledger-service,/balance_check,ap-southeast-1,19,10,17,1,0,ERR-000,Healthy,Success,16,3,0,CUST-112349,DEV-MAC-75825,1.45
2026-10-07T15:28:23,auth-service,/login,us-west-2,40,18,40,5,0,ERR-301,Low,Failure,2,22,1,CUST-123456,DEV-MAC-75825,2.36
2026-10-07T15:28:43,auth-service,/login,ap-southeast-1,52,20,52,5,0,ERR-108,Medium,Failure,8,76,1,CUST-100483,DEV-MAC-0149A5,2.7
2026-10-07T15:28:53,ledger-service,/balance_check,eu-west-1,27,19,46,4,0,ERR-202,Low,Failure,19,31,1,CUST-100483,DEV-LIN-11235,3.1
2026-10-07T15:29:03,investment-engine,/portfolio,us-east-1,206,95,100,34,14671.05,ERR-903,High,Failure,7,81,1,CUST-109482,DEV-WIN-99325,2.4903
2026-10-07T15:29:03,ledger-service,/balance_check,eu-west-1,30,20,50,5,0,ERR-201,Low,Failure,9,31,1,CUST-100483,DEV-MAC-0149A5,3.5
2026-10-07T15:29:13,ledger-service,/balance_check,eu-west-1,33,20,57,5,0,ERR-905,High,Failure,3,88,1,CUST-112349,DEV-LIN-11235,3.7167
2026-10-07T15:29:13,auth-service,/login,us-west-2,6,14,30,1,0,ERR-000,Healthy,Success,15,4,0,CUST-100483,DEV-WIN-84725,0.93
2026-10-07T15:29:33,ledger-service,/balance_check,ap-southeast-1,27,18,45,5,0,ERR-307,Low,Failure,13,33,1,CUST-123456,DEV-WIN-99325,3.25
2026-10-07T15:29:33,auth-service,/login,us-west-2,52,21,51,5,0,ERR-903,Medium,Failure,11,76,1,CUST-112349,DEV-MAC-0149A5,2.7075
2026-10-07T15:29:43,ledger-service,/balance_check,ap-southeast-1,29,20,46,5,0,ERR-904,Low,Failure,15,23,1,CUST-109482,DEV-WIN-99325,3.4
2026-10-07T15:29:43,payment-api,/withdrawal,eu-west-1,158,74,59,14,2011.86,ERR-201,Low,Failure,4,35,1,CUST-112349,DEV-MAC-0149A5,2.477
2026-10-07T15:29:53,ledger-service,/balance_check,eu-west-1,28,20,49,4,0,ERR-208,Low,Failure,9,40,1,CUST-109482,DEV-WIN-99325,3.2167
2026-10-07T15:30:03,investment-engine,/portfolio,eu-west-1,276,100,100,36,5495.87,ERR-903,Critical,Failure,10,92,1,CUST-123456,DEV-WIN-84725,2.8153
2026-10-07T15:30:03,ledger-service,/balance_check,eu-west-1,16,7,4,3,0,ERR-000,Healthy,Success,15,3,0,CUST-123456,DEV-WIN-99325,1.4333
2026-10-07T15:30:13,auth-service,/login,eu-west-1,50,20,49,4,0,ERR-107,Low,Failure,8,30,1,CUST-123456,DEV-LIN-11235,2.4375
2026-10-07T15:30:33,ledger-service,/balance_check,eu-west-1,31,24,53,5,0,ERR-903,High,Failure,16,81,1,CUST-112349,DEV-MAC-75825,3.7167
2026-10-07T15:30:43,ledger-service,/balance_check,eu-west-1,30,20,46,5,0,ERR-307,Low,Failure,2,25,1,CUST-112349,DEV-WIN-84725,3.4333
2026-10-07T15:30:43,auth-service,/login,us-west-2,48,20,46,5,0,ERR-103,Low,Failure,12,33,1,CUST-123456,DEV-LIN-11235,2.575
2026-10-07T15:30:53,fraud-detection,/payment,us-east-1,176,97,100,12,0,ERR-701,High,Failure,3,81,1,CUST-112349,DEV-MAC-75825,2.7135
2026-10-07T15:30:53,trading-engine,/trade,ap-southeast-1,149,77,53,2,3817.8,ERR-902,Low,Failure,20,38,1,CUST-123456,DEV-MAC-0149A5,11.2935
2026-10-07T15:30:53,investment-engine,/portfolio,us-west-2,255,100,100,42,8582.87,ERR-903,Critical,Failure,9,98,1,CUST-100483,DEV-LIN-11235,2.9453
2026-10-07T15:30:53,payment-api,/transfer,us-east-1,160,76,59,14,5442.71,ERR-204,Low,Failure,9,33,1,CUST-112349,DEV-WIN-99325,2.5017
2026-10-07T15:31:03,auth-service,/login,eu-west-1,48,18,50,5,0,ERR-104,Low,Failure,9,36,1,CUST-134098,DEV-LIN-11235,2.585
2026-10-07T15:31:03,ledger-service,/balance_check,ap-southeast-1,18,5,25,2,0,ERR-000,Healthy,Success,7,1,0,CUST-134098,DEV-WIN-84725,1.5833
2026-10-07T15:31:13,trading-engine,/trade,eu-west-1,177,93,69,2,7283.97,ERR-903,High,Failure,20,81,1,CUST-100483,DEV-MAC-0149A5,13.2448
2026-10-07T15:31:13,ledger-service,/balance_check,ap-southeast-1,34,24,51,5,0,ERR-903,High,Failure,3,81,1,CUST-112349,DEV-MAC-75825,3.7833
2026-10-07T15:31:23,payment-api,/withdrawal,us-west-2,160,79,58,15,5804.36,ERR-206,Low,Failure,20,35,1,CUST-123456,DEV-MAC-0149A5,2.5883
2026-10-07T15:31:33,ledger-service,/balance_check,us-west-2,29,20,48,5,0,ERR-209,Low,Failure,7,23,1,CUST-100483,DEV-WIN-99325,3.4333
2026-10-07T15:31:43,auth-service,/login,us-west-2,47,20,47,5,0,ERR-904,Low,Failure,2,27,1,CUST-112349,DEV-LIN-11235,2.575
2026-10-07T15:31:53,ledger-service,/balance_check,eu-west-1,1,2,21,1,0,ERR-000,Healthy,Success,16,1,0,CUST-134098,DEV-LIN-11235,0.65
2026-10-07T15:32:03,investment-engine,/portfolio,eu-west-1,203,100,100,35,11807.26,ERR-903,High,Failure,2,83,1,CUST-112349,DEV-MAC-0149A5,2.5386
2026-10-07T15:32:03,ledger-service,/balance_check,us-west-2,30,18,47,5,0,ERR-209,Low,Failure,10,40,1,CUST-112349,DEV-LIN-11235,3.3833
2026-10-07T15:32:03,auth-service,/login,us-east-1,45,20,45,4,0,ERR-704,Low,Failure,15,27,1,CUST-112349,DEV-WIN-99325,2.325
2026-10-07T15:32:13,fraud-detection,/payment,us-west-2,143,86,95,9,0,ERR-305,Low,Failure,3,27,1,CUST-134098,DEV-WIN-99325,2.1611
2026-10-07T15:32:13,ledger-service,/balance_check,us-west-2,12,3,13,1,0,ERR-000,Healthy,Success,1,5,0,CUST-123456,DEV-MAC-0149A5,0.9167
2026-10-07T15:32:23,ledger-service,/balance_check,ap-southeast-1,30,20,47,4,0,ERR-210,Low,Failure,8,26,1,CUST-123456,DEV-MAC-0149A5,3.25
2026-10-07T15:32:33,ledger-service,/balance_check,ap-southeast-1,27,20,47,4,0,ERR-702,Low,Failure,6,26,1,CUST-123456,DEV-MAC-75825,3.15
2026-10-07T15:32:33,investment-engine,/portfolio,us-west-2,178,88,88,30,14151.7,ERR-105,Low,Failure,5,28,1,CUST-123456,DEV-WIN-84725,2.2052
2026-10-07T15:32:43,payment-api,/withdrawal,us-west-2,149,76,54,14,7611.13,ERR-309,Low,Failure,14,33,1,CUST-100483,DEV-WIN-99325,2.4327
2026-10-07T15:32:43,auth-service,/login,ap-southeast-1,52,21,50,5,0,ERR-305,Medium,Failure,12,76,1,CUST-123456,DEV-MAC-0149A5,2.695
2026-10-07T15:32:53,investment-engine,/portfolio,us-west-2,185,76,72,27,9952.76,ERR-105,Low,Failure,8,36,1,CUST-100483,DEV-WIN-84725,2.0373
2026-10-07T15:32:53,auth-service,/login,us-west-2,49,18,46,4,0,ERR-703,Low,Failure,2,30,1,CUST-112349,DEV-WIN-84725,2.3475
2026-10-07T15:32:53,payment-api,/withdrawal,us-east-1,144,80,48,14,4715.5,ERR-305,Low,Failure,3,29,1,CUST-100483,DEV-LIN-11235,2.416
2026-10-07T15:32:53,fraud-detection,/payment,ap-southeast-1,146,83,94,10,0,ERR-304,Low,Failure,7,24,1,CUST-100483,DEV-WIN-84725,2.2726
2026-10-07T15:33:03,ledger-service,/balance_check,us-east-1,24,16,44,5,0,ERR-902,Low,Failure,6,36,1,CUST-109482,DEV-LIN-11235,3.0667
2026-10-07T15:33:13,fraud-detection,/payment,us-west-2,188,100,100,13,0,ERR-904,Critical,Failure,16,95,1,CUST-112349,DEV-LIN-11235,2.901
2026-10-07T15:33:13,ledger-service,/balance_check,us-east-1,29,18,50,5,0,ERR-702,Low,Failure,18,34,1,CUST-123456,DEV-MAC-0149A5,3.4
2026-10-07T15:33:13,payment-api,/transfer,eu-west-1,157,75,54,15,5664.28,ERR-110,Low,Failure,3,24,1,CUST-134098,DEV-WIN-84725,2.523
2026-10-07T15:33:23,trading-engine,/trade,ap-southeast-1,148,77,58,1,8148.21,ERR-303,Low,Failure,13,26,1,CUST-134098,DEV-WIN-84725,10.7366
2026-10-07T15:33:23,ledger-service,/balance_check,us-west-2,27,19,45,4,0,ERR-204,Low,Failure,4,39,1,CUST-100483,DEV-LIN-11235,3.0833
2026-10-07T15:33:33,ledger-service,/balance_check,us-east-1,28,20,46,4,0,ERR-206,Low,Failure,6,32,1,CUST-100483,DEV-WIN-84725,3.1667
2026-10-07T15:33:33,fraud-detection,/payment,ap-southeast-1,141,83,92,9,0,ERR-903,Low,Failure,10,20,1,CUST-134098,DEV-WIN-99325,2.1373
2026-10-07T15:33:43,ledger-service,/balance_check,eu-west-1,25,17,44,5,0,ERR-904,Low,Failure,11,21,1,CUST-100483,DEV-WIN-99325,3.1333
2026-10-07T15:34:13,trading-engine,/trade,us-west-2,47,16,41,1,4748.51,ERR-000,Healthy,Success,12,2,0,CUST-123456,DEV-WIN-99325,3.7667
2026-10-07T15:34:23,ledger-service,/balance_check,us-west-2,29,20,50,4,0,ERR-302,Low,Failure,13,39,1,CUST-134098,DEV-LIN-11235,3.2667
2026-10-07T15:34:23,auth-service,/login,eu-west-1,50,18,48,5,0,ERR-106,Low,Failure,15,27,1,CUST-100483,DEV-WIN-84725,2.585
2026-10-07T15:34:33,auth-service,/login,us-west-2,50,20,50,4,0,ERR-207,Low,Failure,16,27,1,CUST-123456,DEV-LIN-11235,2.45
2026-10-07T15:34:43,ledger-service,/balance_check,eu-west-1,30,19,48,4,0,ERR-304,Low,Failure,12,27,1,CUST-112349,DEV-WIN-99325,3.2333
2026-10-07T15:34:43,payment-api,/withdrawal,us-west-2,188,91,62,17,7877.12,ERR-903,High,Failure,19,81,1,CUST-109482,DEV-MAC-0149A5,2.9537
2026-10-07T15:34:43,investment-engine,/portfolio,us-east-1,194,83,89,30,10647.1,ERR-306,Low,Failure,11,38,1,CUST-134098,DEV-LIN-11235,2.2355
2026-10-07T15:34:53,ledger-service,/balance_check,us-east-1,29,20,46,4,0,ERR-703,Low,Failure,8,21,1,CUST-134098,DEV-WIN-84725,3.2
2026-10-07T15:35:03,ledger-service,/balance_check,us-west-2,28,18,47,5,0,ERR-101,Low,Failure,2,24,1,CUST-112349,DEV-MAC-0149A5,3.3167
2026-10-07T15:35:23,payment-api,/withdrawal,us-east-1,149,78,57,15,2742.09,ERR-108,Low,Failure,6,37,1,CUST-100483,DEV-WIN-99325,2.531
2026-10-07T15:35:33,fraud-detection,/payment,eu-west-1,144,82,98,10,0,ERR-309,Low,Failure,5,31,1,CUST-112349,DEV-WIN-99325,2.2607
2026-10-07T15:35:33,ledger-service,/balance_check,us-west-2,28,19,49,5,0,ERR-703,Low,Failure,13,36,1,CUST-123456,DEV-LIN-11235,3.3833
2026-10-07T15:35:43,ledger-service,/balance_check,us-west-2,27,20,46,5,0,ERR-202,Low,Failure,5,34,1,CUST-134098,DEV-MAC-0149A5,3.3333
2026-10-07T15:36:03,ledger-service,/balance_check,eu-west-1,27,18,50,4,0,ERR-302,Low,Failure,10,28,1,CUST-112349,DEV-MAC-0149A5,3.1333
2026-10-07T15:36:03,fraud-detection,/payment,us-west-2,81,22,10,3,0,ERR-000,Healthy,Success,18,3,0,CUST-134098,DEV-MAC-0149A5,0.9048
2026-10-07T15:36:03,auth-service,/login,us-east-1,46,20,50,5,0,ERR-104,Low,Failure,1,25,1,CUST-123456,DEV-MAC-75825,2.6
2026-10-07T15:36:03,payment-api,/transfer,eu-west-1,162,86,64,16,9924.05,ERR-903,High,Failure,3,88,1,CUST-100483,DEV-MAC-0149A5,2.7513
2026-10-07T15:36:13,payment-api,/withdrawal,ap-southeast-1,142,79,52,14,3250.13,ERR-302,Low,Failure,5,21,1,CUST-112349,DEV-WIN-84725,2.4197
2026-10-07T15:36:13,fraud-detection,/payment,us-east-1,169,100,100,11,0,ERR-101,High,Failure,1,80,1,CUST-123456,DEV-WIN-84725,2.5743
2026-10-07T15:36:13,trading-engine,/trade,us-west-2,188,100,72,2,4877.4,ERR-902,Critical,Failure,14,90,1,CUST-109482,DEV-LIN-11235,14.0073
2026-10-07T15:36:23,investment-engine,/portfolio,us-west-2,234,100,96,35,13258.52,ERR-903,High,Failure,4,83,1,CUST-134098,DEV-MAC-0149A5,2.6342
2026-10-07T15:36:33,fraud-detection,/payment,ap-southeast-1,158,100,100,11,0,ERR-307,High,Failure,2,86,1,CUST-100483,DEV-LIN-11235,2.501
2026-10-07T15:36:43,payment-api,/transfer,us-east-1,191,80,63,16,913.5,ERR-306,High,Failure,1,90,1,CUST-109482,DEV-WIN-84725,2.8123
2026-10-07T15:36:53,payment-api,/withdrawal,ap-southeast-1,149,72,59,15,7545.3,ERR-304,Low,Failure,20,27,1,CUST-134098,DEV-WIN-84725,2.491
2026-10-07T15:36:53,ledger-service,/balance_check,us-east-1,33,23,53,5,0,ERR-903,High,Failure,14,81,1,CUST-134098,DEV-LIN-11235,3.75
2026-10-07T15:37:03,payment-api,/transfer,eu-west-1,184,82,68,16,1825.06,ERR-903,High,Failure,17,84,1,CUST-112349,DEV-LIN-11235,2.826
2026-10-07T15:37:03,auth-service,/login,ap-southeast-1,50,16,47,4,0,ERR-705,Low,Failure,20,38,1,CUST-112349,DEV-LIN-11235,2.3325
2026-10-07T15:37:03,ledger-service,/balance_check,us-east-1,29,19,42,5,0,ERR-904,Low,Failure,10,20,1,CUST-100483,DEV-WIN-99325,3.3
2026-10-07T15:37:13,ledger-service,/balance_check,eu-west-1,30,18,50,4,0,ERR-301,Low,Failure,15,35,1,CUST-100483,DEV-MAC-75825,3.2333
2026-10-07T15:37:23,ledger-service,/balance_check,us-east-1,2,8,32,3,0,ERR-000,Healthy,Success,9,5,0,CUST-112349,DEV-LIN-11235,1.4667
2026-10-07T15:37:33,ledger-service,/balance_check,us-east-1,28,20,45,5,0,ERR-308,Low,Failure,18,22,1,CUST-100483,DEV-LIN-11235,3.35
2026-10-07T15:37:33,fraud-detection,/payment,us-east-1,137,87,97,9,0,ERR-201,Low,Failure,7,30,1,CUST-112349,DEV-LIN-11235,2.1256
2026-10-07T15:37:43,ledger-service,/balance_check,us-west-2,25,19,43,5,0,ERR-309,Low,Failure,1,29,1,CUST-134098,DEV-MAC-0149A5,3.1833
2026-10-07T15:37:43,auth-service,/login,eu-west-1,46,19,48,4,0,ERR-101,Low,Failure,17,29,1,CUST-123456,DEV-MAC-0149A5,2.355
2026-10-07T15:37:53,auth-service,/login,us-east-1,34,6,16,3,0,ERR-000,Healthy,Success,9,4,0,CUST-134098,DEV-WIN-99325,1.345
2026-10-07T15:38:03,auth-service,/login,us-east-1,5,13,5,1,0,ERR-000,Healthy,Success,7,5,0,CUST-134098,DEV-WIN-84725,0.585
2026-10-07T15:38:03,payment-api,/transfer,ap-southeast-1,48,8,26,2,2095.64,ERR-000,Healthy,Success,1,0,0,CUST-123456,DEV-MAC-75825,0.522
2026-10-07T15:38:03,ledger-service,/balance_check,ap-southeast-1,27,19,40,5,0,ERR-704,Low,Failure,4,24,1,CUST-123456,DEV-WIN-99325,3.2
2026-10-07T15:38:13,payment-api,/transfer,ap-southeast-1,151,75,58,15,3877.4,ERR-301,Low,Failure,15,30,1,CUST-112349,DEV-MAC-75825,2.519
2026-10-07T15:38:13,ledger-service,/balance_check,us-west-2,2,9,26,1,0,ERR-000,Healthy,Success,6,5,0,CUST-109482,DEV-MAC-0149A5,1
2026-10-07T15:38:23,ledger-service,/balance_check,eu-west-1,29,19,41,4,0,ERR-202,Low,Failure,7,23,1,CUST-123456,DEV-LIN-11235,3.0833
2026-10-07T15:38:33,ledger-service,/balance_check,ap-southeast-1,36,21,57,6,0,ERR-903,High,Failure,11,89,1,CUST-112349,DEV-WIN-99325,4.05
2026-10-07T15:38:43,payment-api,/transfer,us-west-2,158,72,50,12,1420.2,ERR-302,Low,Failure,11,30,1,CUST-134098,DEV-WIN-84725,2.282
2026-10-07T15:38:43,auth-service,/login,us-east-1,45,20,49,4,0,ERR-701,Low,Failure,6,30,1,CUST-109482,DEV-WIN-84725,2.375
2026-10-07T15:38:53,payment-api,/withdrawal,us-west-2,144,79,58,15,3049.49,ERR-303,Low,Failure,5,37,1,CUST-134098,DEV-LIN-11235,2.5243
2026-10-07T15:38:53,ledger-service,/balance_check,eu-west-1,26,18,41,5,0,ERR-104,Low,Failure,17,26,1,CUST-100483,DEV-WIN-84725,3.15
2026-10-07T15:39:03,fraud-detection,/payment,us-east-1,137,88,99,10,0,ERR-705,Low,Failure,20,39,1,CUST-109482,DEV-LIN-11235,2.23
2026-10-07T15:39:03,ledger-service,/balance_check,ap-southeast-1,28,19,45,4,0,ERR-206,Low,Failure,12,35,1,CUST-100483,DEV-MAC-75825,3.1167
2026-10-07T15:39:13,payment-api,/withdrawal,eu-west-1,255,100,100,21,2480.22,ERR-901,Critical,Failure,4,95,1,CUST-123456,DEV-WIN-84725,3.7533
2026-10-07T15:39:13,auth-service,/login,ap-southeast-1,50,21,52,5,0,ERR-903,Medium,Failure,13,74,1,CUST-100483,DEV-WIN-84725,2.695
2026-10-07T15:39:23,ledger-service,/balance_check,us-east-1,30,18,45,5,0,ERR-205,Low,Failure,3,22,1,CUST-134098,DEV-WIN-99325,3.35
2026-10-07T15:39:33,ledger-service,/balance_check,us-east-1,3,5,27,2,0,ERR-000,Healthy,Success,17,1,0,CUST-112349,DEV-WIN-99325,1.1167
2026-10-07T15:39:43,auth-service,/login,eu-west-1,52,20,51,5,0,ERR-102,Medium,Failure,1,78,1,CUST-134098,DEV-MAC-0149A5,2.6875
2026-10-07T15:39:53,ledger-service,/balance_check,ap-southeast-1,27,20,50,5,0,ERR-203,Low,Failure,13,35,1,CUST-134098,DEV-LIN-11235,3.4
2026-10-07T15:39:53,investment-engine,/portfolio,us-east-1,191,82,82,30,13674.39,ERR-301,Low,Failure,3,30,1,CUST-134098,DEV-MAC-75825,2.2068
2026-10-07T15:40:03,trading-engine,/trade,us-east-1,157,85,68,2,8715.96,ERR-903,High,Failure,8,90,1,CUST-112349,DEV-LIN-11235,11.8828
2026-10-07T15:40:03,investment-engine,/portfolio,eu-west-1,184,89,88,28,6344.41,ERR-304,Low,Failure,2,35,1,CUST-109482,DEV-MAC-75825,2.1635
2026-10-07T15:40:13,fraud-detection,/payment,eu-west-1,176,100,100,10,0,ERR-705,High,Failure,13,89,1,CUST-123456,DEV-WIN-84725,2.521
2026-10-07T15:40:13,ledger-service,/balance_check,ap-southeast-1,29,20,50,4,0,ERR-201,Low,Failure,7,27,1,CUST-100483,DEV-MAC-0149A5,3.2667
2026-10-07T15:40:23,ledger-service,/balance_check,ap-southeast-1,32,24,56,6,0,ERR-903,High,Failure,11,81,1,CUST-112349,DEV-LIN-11235,4
2026-10-07T15:40:23,fraud-detection,/payment,eu-west-1,252,100,100,17,0,ERR-904,Critical,Failure,6,99,1,CUST-112349,DEV-MAC-0149A5,3.7277
2026-10-07T15:40:33,ledger-service,/balance_check,eu-west-1,34,23,58,5,0,ERR-903,High,Failure,11,90,1,CUST-109482,DEV-WIN-84725,3.8667
2026-10-07T15:40:43,ledger-service,/balance_check,ap-southeast-1,6,8,27,3,0,ERR-000,Healthy,Success,8,1,0,CUST-109482,DEV-WIN-84725,1.5167
2026-10-07T15:40:53,ledger-service,/balance_check,ap-southeast-1,29,18,46,5,0,ERR-901,Low,Failure,2,33,1,CUST-134098,DEV-MAC-75825,3.3333
2026-10-07T15:41:03,trading-engine,/trade,ap-southeast-1,127,69,53,2,9117.9,ERR-307,Low,Failure,16,35,1,CUST-112349,DEV-WIN-99325,9.8002
2026-10-07T15:41:03,investment-engine,/portfolio,us-west-2,272,100,100,41,7303.79,ERR-903,Critical,Failure,7,92,1,CUST-134098,DEV-WIN-84725,2.9686
2026-10-07T15:41:13,ledger-service,/balance_check,us-east-1,25,18,49,4,0,ERR-102,Low,Failure,8,20,1,CUST-134098,DEV-MAC-75825,3.05
2026-10-07T15:41:23,payment-api,/withdrawal,us-east-1,151,75,54,15,1299.58,ERR-301,Low,Failure,13,22,1,CUST-134098,DEV-LIN-11235,2.499
2026-10-07T15:41:33,ledger-service,/balance_check,eu-west-1,26,16,50,4,0,ERR-201,Low,Failure,5,26,1,CUST-112349,DEV-MAC-0149A5,3.0333
2026-10-07T15:41:43,ledger-service,/balance_check,ap-southeast-1,27,19,47,5,0,ERR-206,Low,Failure,6,31,1,CUST-100483,DEV-WIN-84725,3.3167
2026-10-07T15:41:43,fraud-detection,/payment,ap-southeast-1,145,86,98,10,0,ERR-108,Low,Failure,12,25,1,CUST-100483,DEV-WIN-84725,2.2774
2026-10-07T15:41:53,ledger-service,/balance_check,ap-southeast-1,27,19,45,4,0,ERR-301,Low,Failure,1,38,1,CUST-112349,DEV-MAC-0149A5,3.0833
2026-10-07T15:41:53,fraud-detection,/payment,us-west-2,145,85,94,10,0,ERR-110,Low,Failure,15,38,1,CUST-109482,DEV-MAC-75825,2.271
2026-10-07T15:42:03,ledger-service,/balance_check,us-west-2,26,16,43,4,0,ERR-000,Normal,Success,13,7,0,CUST-134098,DEV-WIN-99325,2.9167
2026-10-07T15:42:03,fraud-detection,/payment,ap-southeast-1,2,43,49,4,0,ERR-000,Healthy,Success,14,5,0,CUST-112349,DEV-WIN-84725,0.5687
2026-10-07T15:42:13,investment-engine,/portfolio,us-west-2,206,90,100,36,12866.41,ERR-102,High,Failure,17,82,1,CUST-123456,DEV-WIN-84725,2.532
2026-10-07T15:42:23,fraud-detection,/payment,us-west-2,170,91,100,10,0,ERR-303,High,Failure,14,84,1,CUST-100483,DEV-MAC-0149A5,2.4585
2026-10-07T15:42:33,trading-engine,/trade,us-west-2,156,82,65,2,387.39,ERR-903,High,Failure,11,81,1,CUST-134098,DEV-WIN-99325,11.8003
2026-10-07T15:42:43,auth-service,/login,eu-west-1,47,20,42,4,0,ERR-306,Low,Failure,18,25,1,CUST-123456,DEV-LIN-11235,2.3125
2026-10-07T15:42:53,investment-engine,/portfolio,ap-southeast-1,231,99,100,34,13668.96,ERR-903,High,Failure,10,87,1,CUST-109482,DEV-LIN-11235,2.5936
2026-10-07T15:42:53,ledger-service,/balance_check,us-east-1,28,20,50,5,0,ERR-307,Low,Failure,18,34,1,CUST-134098,DEV-WIN-84725,3.4333
2026-10-07T15:43:03,fraud-detection,/payment,us-west-2,143,87,93,9,0,ERR-904,Low,Failure,15,34,1,CUST-112349,DEV-MAC-75825,2.1617
2026-10-07T15:43:03,ledger-service,/balance_check,us-east-1,29,20,48,4,0,ERR-110,Low,Failure,12,27,1,CUST-112349,DEV-WIN-84725,3.2333
2026-10-07T15:43:03,payment-api,/transfer,eu-west-1,188,94,72,17,9746.34,ERR-903,High,Failure,15,80,1,CUST-112349,DEV-WIN-84725,3.0287
2026-10-07T15:43:13,trading-engine,/trade,us-east-1,139,68,55,1,1049.74,ERR-305,Low,Failure,14,34,1,CUST-112349,DEV-WIN-84725,10.1008
2026-10-07T15:43:13,auth-service,/login,eu-west-1,45,20,50,4,0,ERR-902,Low,Failure,14,20,1,CUST-134098,DEV-LIN-11235,2.3875
2026-10-07T15:43:23,payment-api,/withdrawal,us-west-2,159,78,59,15,785.84,ERR-701,Low,Failure,4,24,1,CUST-123456,DEV-WIN-84725,2.581
2026-10-07T15:43:23,fraud-detection,/payment,us-west-2,166,92,100,12,0,ERR-310,High,Failure,17,89,1,CUST-134098,DEV-LIN-11235,2.6343
2026-10-07T15:43:33,auth-service,/login,eu-west-1,50,21,51,5,0,ERR-903,Medium,Failure,7,67,1,CUST-134098,DEV-WIN-84725,2.6825
2026-10-07T15:43:33,ledger-service,/balance_check,eu-west-1,28,20,45,5,0,ERR-308,Low,Failure,11,38,1,CUST-100483,DEV-WIN-84725,3.35
2026-10-07T15:43:43,ledger-service,/balance_check,eu-west-1,28,19,50,4,0,ERR-904,Low,Failure,4,38,1,CUST-123456,DEV-MAC-0149A5,3.2
2026-10-07T15:43:53,investment-engine,/portfolio,eu-west-1,168,88,76,29,6739.63,ERR-701,Low,Failure,13,26,1,CUST-100483,DEV-LIN-11235,2.1151
2026-10-07T15:44:03,ledger-service,/balance_check,ap-southeast-1,29,19,40,4,0,ERR-304,Low,Failure,4,39,1,CUST-134098,DEV-WIN-99325,3.0667
2026-10-07T15:44:13,ledger-service,/balance_check,us-west-2,27,18,50,5,0,ERR-304,Low,Failure,17,33,1,CUST-112349,DEV-WIN-99325,3.3333
2026-10-07T15:44:23,fraud-detection,/payment,eu-west-1,142,90,90,10,0,ERR-704,Low,Failure,3,29,1,CUST-112349,DEV-MAC-75825,2.2596
2026-10-07T15:44:23,ledger-service,/balance_check,us-west-2,12,13,11,3,0,ERR-000,Healthy,Success,12,3,0,CUST-134098,DEV-WIN-99325,1.6167
2026-10-07T15:44:33,investment-engine,/portfolio,us-east-1,191,76,82,27,13786.56,ERR-208,Low,Failure,7,25,1,CUST-123456,DEV-WIN-99325,2.0768
2026-10-07T15:44:33,payment-api,/transfer,us-east-1,153,76,54,13,7374.8,ERR-110,Low,Failure,14,36,1,CUST-109482,DEV-MAC-0149A5,2.382
2026-10-07T15:44:43,payment-api,/withdrawal,eu-west-1,148,75,56,13,5426.57,ERR-202,Low,Failure,17,25,1,CUST-123456,DEV-MAC-0149A5,2.3637
2026-10-07T15:44:43,fraud-detection,/payment,us-west-2,139,88,95,10,0,ERR-705,Low,Failure,6,32,1,CUST-112349,DEV-MAC-0149A5,2.2394
2026-10-07T15:44:53,payment-api,/withdrawal,eu-west-1,153,75,54,14,2256.4,ERR-303,Low,Failure,16,37,1,CUST-123456,DEV-MAC-0149A5,2.4403
2026-10-07T15:44:53,ledger-service,/balance_check,ap-southeast-1,32,21,59,6,0,ERR-903,High,Failure,16,85,1,CUST-100483,DEV-MAC-75825,3.95
2026-10-07T15:44:53,fraud-detection,/payment,us-west-2,158,100,100,11,0,ERR-206,High,Failure,5,81,1,CUST-134098,DEV-WIN-84725,2.501
2026-10-07T15:45:03,ledger-service,/balance_check,us-west-2,29,20,41,5,0,ERR-108,Low,Failure,17,20,1,CUST-100483,DEV-WIN-84725,3.3167
2026-10-07T15:45:03,fraud-detection,/payment,us-east-1,122,76,89,9,0,ERR-103,Low,Failure,19,32,1,CUST-100483,DEV-MAC-75825,1.9902
2026-10-07T15:45:13,trading-engine,/trade,us-east-1,151,82,70,2,802.09,ERR-903,High,Failure,3,90,1,CUST-134098,DEV-MAC-75825,11.4767
2026-10-07T15:45:13,payment-api,/transfer,us-east-1,156,75,54,13,567.9,ERR-210,Low,Failure,5,38,1,CUST-134098,DEV-WIN-99325,2.3857
2026-10-07T15:45:23,payment-api,/transfer,ap-southeast-1,146,64,51,14,8387.71,ERR-902,Low,Failure,8,28,1,CUST-109482,DEV-WIN-99325,2.3057
2026-10-07T15:45:33,investment-engine,/portfolio,us-east-1,178,76,90,24,10979.33,ERR-101,Low,Failure,17,34,1,CUST-123456,DEV-MAC-0149A5,1.9491
2026-10-07T15:45:33,ledger-service,/balance_check,us-west-2,30,20,45,5,0,ERR-301,Low,Failure,18,23,1,CUST-134098,DEV-WIN-84725,3.4167
2026-10-07T15:45:43,payment-api,/withdrawal,us-west-2,164,87,68,16,9562.89,ERR-903,High,Failure,4,84,1,CUST-123456,DEV-LIN-11235,2.7877
2026-10-07T15:45:53,payment-api,/withdrawal,us-west-2,152,80,56,13,4138.87,ERR-904,Low,Failure,12,21,1,CUST-112349,DEV-MAC-0149A5,2.4213
2026-10-07T15:45:53,investment-engine,/portfolio,eu-west-1,196,72,75,29,7044.6,ERR-306,Low,Failure,16,30,1,CUST-100483,DEV-LIN-11235,2.1265
2026-10-07T15:46:03,ledger-service,/balance_check,ap-southeast-1,28,19,50,4,0,ERR-310,Low,Failure,20,37,1,CUST-112349,DEV-WIN-84725,3.2
2026-10-07T15:46:13,auth-service,/login,eu-west-1,50,20,43,5,0,ERR-306,Low,Failure,16,35,1,CUST-134098,DEV-MAC-75825,2.5625
2026-10-07T15:46:13,trading-engine,/trade,us-east-1,163,96,60,2,8223.12,ERR-304,High,Failure,16,82,1,CUST-112349,DEV-MAC-75825,12.3039
2026-10-07T15:46:13,ledger-service,/balance_check,us-east-1,28,18,46,4,0,ERR-306,Low,Failure,4,37,1,CUST-123456,DEV-WIN-99325,3.1
2026-10-07T15:46:23,ledger-service,/balance_check,us-east-1,27,20,50,4,0,ERR-307,Low,Failure,3,26,1,CUST-134098,DEV-WIN-84725,3.2
2026-10-07T15:46:33,ledger-service,/balance_check,eu-west-1,30,19,45,5,0,ERR-109,Low,Failure,1,34,1,CUST-100483,DEV-LIN-11235,3.3833
2026-10-07T15:46:43,ledger-service,/balance_check,us-east-1,29,16,50,4,0,ERR-103,Low,Failure,7,30,1,CUST-100483,DEV-WIN-99325,3.1333
2026-10-07T15:47:03,payment-api,/transfer,us-east-1,142,76,56,15,1479.52,ERR-902,Low,Failure,5,28,1,CUST-100483,DEV-WIN-99325,2.4813
2026-10-07T15:47:03,ledger-service,/balance_check,us-west-2,27,19,50,4,0,ERR-210,Low,Failure,8,39,1,CUST-134098,DEV-LIN-11235,3.1667
2026-10-07T15:47:13,payment-api,/withdrawal,us-west-2,21,20,29,7,9639.96,ERR-000,Healthy,Success,3,0,0,CUST-109482,DEV-WIN-99325,0.8623
2026-10-07T15:47:23,payment-api,/transfer,eu-west-1,208,100,81,21,6359.9,ERR-901,Critical,Failure,20,92,1,CUST-100483,DEV-LIN-11235,3.4703
2026-10-07T15:47:23,ledger-service,/balance_check,us-west-2,36,23,52,6,0,ERR-903,High,Failure,16,89,1,CUST-100483,DEV-LIN-11235,4.0333
2026-10-07T15:47:33,payment-api,/transfer,ap-southeast-1,148,80,60,15,6410.26,ERR-303,Low,Failure,13,28,1,CUST-123456,DEV-MAC-0149A5,2.5587
2026-10-07T15:47:33,ledger-service,/balance_check,eu-west-1,17,3,32,3,0,ERR-000,Healthy,Success,9,1,0,CUST-112349,DEV-WIN-99325,1.8
2026-10-07T15:47:43,ledger-service,/balance_check,ap-southeast-1,30,19,50,4,0,ERR-109,Low,Failure,14,40,1,CUST-134098,DEV-WIN-99325,3.2667
2026-10-07T15:47:43,auth-service,/login,us-west-2,48,18,46,4,0,ERR-104,Low,Failure,9,35,1,CUST-134098,DEV-LIN-11235,2.335
2026-10-07T15:47:43,payment-api,/withdrawal,eu-west-1,213,100,74,18,3717.14,ERR-901,Critical,Failure,12,95,1,CUST-134098,DEV-WIN-99325,3.2553
2026-10-07T15:47:53,auth-service,/login,eu-west-1,52,20,50,5,0,ERR-903,Medium,Failure,10,78,1,CUST-134098,DEV-WIN-84725,2.675
2026-10-07T15:47:53,ledger-service,/balance_check,ap-southeast-1,29,18,47,4,0,ERR-905,Low,Failure,4,33,1,CUST-112349,DEV-MAC-0149A5,3.15
2026-10-07T15:48:03,ledger-service,/balance_check,us-west-2,29,19,46,4,0,ERR-703,Low,Failure,13,31,1,CUST-123456,DEV-WIN-99325,3.1667
2026-10-07T15:48:03,trading-engine,/trade,us-west-2,138,75,48,1,3247.86,ERR-903,Low,Failure,1,27,1,CUST-100483,DEV-LIN-11235,10.0438
2026-10-07T15:48:13,payment-api,/withdrawal,us-west-2,142,77,60,14,6588.82,ERR-701,Low,Failure,8,35,1,CUST-134098,DEV-LIN-11235,2.443
2026-10-07T15:48:13,auth-service,/login,eu-west-1,49,18,48,4,0,ERR-202,Low,Failure,9,32,1,CUST-112349,DEV-WIN-99325,2.3725
2026-10-07T15:48:13,trading-engine,/trade,us-west-2,141,75,59,2,2007.65,ERR-902,Low,Failure,18,35,1,CUST-109482,DEV-MAC-0149A5,10.7652
2026-10-07T15:48:13,investment-engine,/portfolio,us-east-1,201,100,95,33,12056.2,ERR-903,High,Failure,9,89,1,CUST-112349,DEV-MAC-0149A5,2.4555
2026-10-07T15:48:23,ledger-service,/balance_check,us-east-1,28,18,49,5,0,ERR-103,Low,Failure,2,25,1,CUST-134098,DEV-LIN-11235,3.35
2026-10-07T15:48:43,fraud-detection,/payment,us-west-2,89,50,62,3,0,ERR-000,Healthy,Success,12,3,0,CUST-100483,DEV-WIN-99325,1.0789
2026-10-07T15:48:53,ledger-service,/balance_check,ap-southeast-1,29,20,50,4,0,ERR-107,Low,Failure,18,32,1,CUST-100483,DEV-MAC-0149A5,3.2667
2026-10-07T15:49:03,payment-api,/withdrawal,us-west-2,147,74,54,14,3280.97,ERR-108,Low,Failure,18,25,1,CUST-100483,DEV-MAC-75825,2.408
2026-10-07T15:49:03,auth-service,/login,eu-west-1,50,21,51,5,0,ERR-903,Medium,Failure,1,80,1,CUST-123456,DEV-MAC-75825,2.6825
2026-10-07T15:49:03,fraud-detection,/payment,eu-west-1,145,81,91,10,0,ERR-307,Low,Failure,12,32,1,CUST-109482,DEV-WIN-84725,2.258
2026-10-07T15:49:03,ledger-service,/balance_check,us-east-1,26,19,47,4,0,ERR-901,Low,Failure,19,24,1,CUST-112349,DEV-WIN-99325,3.0833
2026-10-07T15:49:13,ledger-service,/balance_check,eu-west-1,25,17,43,4,0,ERR-000,Normal,Success,16,13,0,CUST-123456,DEV-WIN-99325,2.9167
2026-10-07T15:49:23,payment-api,/transfer,ap-southeast-1,158,72,60,15,5805.56,ERR-101,Low,Failure,2,36,1,CUST-112349,DEV-MAC-0149A5,2.532
2026-10-07T15:49:33,fraud-detection,/payment,us-west-2,141,83,93,9,0,ERR-303,Low,Failure,5,33,1,CUST-123456,DEV-MAC-75825,2.1383
2026-10-07T15:49:43,fraud-detection,/payment,us-east-1,132,72,84,8,0,ERR-000,Normal,Success,12,9,0,CUST-109482,DEV-MAC-75825,1.942
2026-10-07T15:49:43,ledger-service,/balance_check,eu-west-1,31,22,54,6,0,ERR-903,High,Failure,12,84,1,CUST-123456,DEV-WIN-99325,3.8667
2026-10-07T15:49:53,auth-service,/login,eu-west-1,43,16,43,5,0,ERR-210,Low,Failure,13,23,1,CUST-109482,DEV-MAC-0149A5,2.395
2026-10-07T15:50:03,ledger-service,/balance_check,eu-west-1,28,17,43,4,0,ERR-303,Low,Failure,16,21,1,CUST-109482,DEV-MAC-0149A5,3.0167
2026-10-07T15:50:13,investment-engine,/portfolio,us-east-1,183,88,90,27,10185.99,ERR-901,Low,Failure,17,21,1,CUST-112349,DEV-WIN-84725,2.1258
2026-10-07T15:50:13,payment-api,/withdrawal,us-east-1,112,6,6,9,6810.96,ERR-000,Healthy,Success,8,5,0,CUST-100483,DEV-WIN-99325,1.128
2026-10-07T15:50:13,auth-service,/login,eu-west-1,48,18,46,5,0,ERR-301,Low,Failure,2,33,1,CUST-100483,DEV-MAC-0149A5,2.535
2026-10-07T15:50:23,ledger-service,/balance_check,us-east-1,29,20,45,4,0,ERR-305,Low,Failure,14,33,1,CUST-100483,DEV-WIN-84725,3.1833
2026-10-07T15:50:23,payment-api,/withdrawal,ap-southeast-1,157,75,54,14,8144.98,ERR-203,Low,Failure,19,36,1,CUST-109482,DEV-WIN-84725,2.4563
2026-10-07T15:50:33,payment-api,/transfer,eu-west-1,175,86,63,15,2986.79,ERR-903,High,Failure,14,89,1,CUST-123456,DEV-WIN-99325,2.7317
2026-10-07T15:50:43,payment-api,/transfer,eu-west-1,233,100,100,21,5249.17,ERR-901,Critical,Failure,8,96,1,CUST-134098,DEV-MAC-0149A5,3.6653
2026-10-07T15:50:43,fraud-detection,/payment,eu-west-1,138,87,98,10,0,ERR-207,Low,Failure,20,20,1,CUST-100483,DEV-LIN-11235,2.2332
2026-10-07T15:50:43,trading-engine,/trade,ap-southeast-1,143,69,54,2,281.26,ERR-109,Low,Failure,17,39,1,CUST-134098,DEV-WIN-99325,10.8688
2026-10-07T15:50:53,trading-engine,/trade,us-east-1,144,74,58,1,4942.99,ERR-310,Low,Failure,17,31,1,CUST-109482,DEV-LIN-11235,10.4599
2026-10-07T15:50:53,payment-api,/transfer,us-west-2,151,77,56,13,2033.64,ERR-207,Low,Failure,7,35,1,CUST-109482,DEV-WIN-99325,2.3923
2026-10-07T15:51:03,payment-api,/withdrawal,ap-southeast-1,158,72,55,14,7680.52,ERR-102,Low,Failure,4,33,1,CUST-109482,DEV-MAC-0149A5,2.4403
2026-10-07T15:51:03,fraud-detection,/payment,ap-southeast-1,138,84,94,9,0,ERR-705,Low,Failure,13,29,1,CUST-112349,DEV-MAC-75825,2.1218
2026-10-07T15:51:13,payment-api,/transfer,ap-southeast-1,158,76,54,15,1395.67,ERR-309,Low,Failure,4,34,1,CUST-109482,DEV-LIN-11235,2.5353
2026-10-07T15:51:13,investment-engine,/portfolio,eu-west-1,204,99,96,31,14498.78,ERR-903,High,Failure,4,88,1,CUST-100483,DEV-MAC-0149A5,2.3958
2026-10-07T15:51:33,trading-engine,/trade,eu-west-1,141,77,57,1,5276.16,ERR-203,Low,Failure,12,32,1,CUST-123456,DEV-WIN-84725,10.268
2026-10-07T15:51:33,ledger-service,/balance_check,us-east-1,29,18,50,4,0,ERR-201,Low,Failure,4,38,1,CUST-100483,DEV-MAC-0149A5,3.2
2026-10-07T15:51:43,fraud-detection,/payment,us-east-1,122,86,83,10,0,ERR-304,Low,Failure,4,36,1,CUST-112349,DEV-MAC-75825,2.1094
2026-10-07T15:51:53,ledger-service,/balance_check,eu-west-1,4,2,35,2,0,ERR-000,Healthy,Success,10,3,0,CUST-134098,DEV-LIN-11235,1.1833
2026-10-07T15:51:53,trading-engine,/trade,us-east-1,179,89,63,2,7359.78,ERR-903,High,Failure,6,86,1,CUST-123456,DEV-LIN-11235,13.353
2026-10-07T15:51:53,fraud-detection,/payment,eu-west-1,26,54,32,3,0,ERR-000,Healthy,Success,7,5,0,CUST-100483,DEV-WIN-99325,0.6396
2026-10-07T15:52:03,auth-service,/login,eu-west-1,50,19,48,5,0,ERR-701,Low,Failure,16,21,1,CUST-123456,DEV-LIN-11235,2.605
2026-10-07T15:52:13,trading-engine,/trade,us-west-2,221,100,90,2,9276.81,ERR-901,Critical,Failure,16,95,1,CUST-123456,DEV-MAC-75825,16.2424
2026-10-07T15:52:23,ledger-service,/balance_check,ap-southeast-1,20,10,33,2,0,ERR-000,Healthy,Success,18,1,0,CUST-100483,DEV-WIN-99325,1.95
2026-10-07T15:52:33,ledger-service,/balance_check,ap-southeast-1,29,18,46,4,0,ERR-210,Low,Failure,6,31,1,CUST-100483,DEV-WIN-84725,3.1333
2026-10-07T15:52:43,fraud-detection,/payment,us-west-2,156,92,100,10,0,ERR-305,High,Failure,1,87,1,CUST-134098,DEV-WIN-99325,2.3677
2026-10-07T15:52:43,ledger-service,/balance_check,eu-west-1,24,18,49,5,0,ERR-204,Low,Failure,3,24,1,CUST-123456,DEV-MAC-75825,3.2167
2026-10-07T15:52:53,ledger-service,/balance_check,ap-southeast-1,30,18,45,5,0,ERR-903,Low,Failure,6,22,1,CUST-100483,DEV-LIN-11235,3.35
2026-10-07T15:52:53,auth-service,/login,us-west-2,50,21,52,5,0,ERR-903,Medium,Failure,14,78,1,CUST-112349,DEV-WIN-99325,2.695
2026-10-07T15:53:03,ledger-service,/balance_check,eu-west-1,32,20,55,6,0,ERR-210,High,Failure,2,85,1,CUST-134098,DEV-WIN-84725,3.85
2026-10-07T15:53:03,trading-engine,/trade,eu-west-1,185,100,76,2,1937.64,ERR-901,Critical,Failure,8,99,1,CUST-112349,DEV-MAC-0149A5,13.8151
2026-10-07T15:53:13,payment-api,/withdrawal,ap-southeast-1,156,74,56,13,2200.98,ERR-305,Low,Failure,12,30,1,CUST-100483,DEV-LIN-11235,2.3873
2026-10-07T15:53:23,auth-service,/login,ap-southeast-1,48,16,44,5,0,ERR-704,Low,Failure,14,37,1,CUST-134098,DEV-MAC-75825,2.47
2026-10-07T15:53:23,ledger-service,/balance_check,eu-west-1,20,8,31,1,0,ERR-000,Healthy,Success,3,3,0,CUST-112349,DEV-LIN-11235,1.65
2026-10-07T15:53:23,payment-api,/withdrawal,eu-west-1,161,86,61,18,3705.78,ERR-903,High,Failure,7,89,1,CUST-134098,DEV-MAC-0149A5,2.8657
2026-10-07T15:53:33,ledger-service,/balance_check,ap-southeast-1,29,18,50,4,0,ERR-110,Low,Failure,4,35,1,CUST-100483,DEV-WIN-99325,3.2
2026-10-07T15:53:43,fraud-detection,/payment,us-west-2,168,95,100,12,0,ERR-310,High,Failure,12,84,1,CUST-123456,DEV-WIN-84725,2.6552
2026-10-07T15:53:43,ledger-service,/balance_check,us-east-1,17,11,19,3,0,ERR-000,Healthy,Success,17,2,0,CUST-112349,DEV-WIN-84725,1.85
2026-10-07T15:53:53,trading-engine,/trade,us-east-1,83,11,24,1,7308.33,ERR-000,Healthy,Success,5,2,0,CUST-123456,DEV-WIN-84725,6.1169
2026-10-07T15:53:53,ledger-service,/balance_check,us-west-2,30,19,46,4,0,ERR-701,Low,Failure,7,24,1,CUST-123456,DEV-MAC-0149A5,3.2
2026-10-07T15:54:03,payment-api,/withdrawal,ap-southeast-1,184,81,72,17,9023.51,ERR-903,High,Failure,18,84,1,CUST-134098,DEV-MAC-0149A5,2.9043
2026-10-07T15:54:13,trading-engine,/trade,us-east-1,141,79,56,1,5970.34,ERR-108,Low,Failure,7,30,1,CUST-100483,DEV-WIN-84725,10.2727
2026-10-07T15:54:13,ledger-service,/balance_check,us-west-2,30,16,50,4,0,ERR-903,Low,Failure,13,34,1,CUST-123456,DEV-WIN-84725,3.1667
2026-10-07T15:54:13,auth-service,/login,eu-west-1,46,16,43,5,0,ERR-303,Low,Failure,5,22,1,CUST-112349,DEV-MAC-0149A5,2.4325
2026-10-07T15:54:23,payment-api,/withdrawal,us-east-1,166,89,62,16,4660.99,ERR-903,High,Failure,8,84,1,CUST-123456,DEV-LIN-11235,2.7823
2026-10-07T15:54:23,fraud-detection,/payment,ap-southeast-1,147,81,91,9,0,ERR-302,Low,Failure,20,40,1,CUST-112349,DEV-MAC-75825,2.1714
2026-10-07T15:54:33,ledger-service,/balance_check,ap-southeast-1,26,16,43,5,0,ERR-310,Low,Failure,10,39,1,CUST-109482,DEV-WIN-99325,3.1167
2026-10-07T15:54:53,trading-engine,/trade,us-east-1,150,67,60,2,7226.08,ERR-303,Low,Failure,2,32,1,CUST-134098,DEV-WIN-84725,11.3405
2026-10-07T15:54:53,investment-engine,/portfolio,us-east-1,93,9,16,17,9306.23,ERR-000,Healthy,Success,16,1,0,CUST-112349,DEV-MAC-0149A5,0.9529
2026-10-07T15:54:53,auth-service,/login,eu-west-1,50,21,52,5,0,ERR-903,Medium,Failure,6,67,1,CUST-100483,DEV-LIN-11235,2.695
2026-10-07T15:54:53,ledger-service,/balance_check,us-east-1,28,20,48,4,0,ERR-102,Low,Failure,12,28,1,CUST-134098,DEV-WIN-99325,3.2
2026-10-07T15:54:53,fraud-detection,/payment,eu-west-1,34,48,22,4,0,ERR-000,Healthy,Success,9,2,0,CUST-134098,DEV-MAC-0149A5,0.7682
2026-10-07T15:55:03,trading-engine,/trade,ap-southeast-1,151,84,62,2,3248.98,ERR-903,High,Failure,3,89,1,CUST-112349,DEV-LIN-11235,11.4678
2026-10-07T15:55:03,ledger-service,/balance_check,us-west-2,1,9,7,3,0,ERR-000,Healthy,Success,18,3,0,CUST-100483,DEV-MAC-0149A5,1.05
2026-10-07T15:55:13,payment-api,/transfer,eu-west-1,133,65,57,14,1522.35,ERR-201,Low,Failure,3,39,1,CUST-100483,DEV-LIN-11235,2.292
2026-10-07T15:55:13,trading-engine,/trade,us-east-1,146,77,56,1,8119.67,ERR-106,Low,Failure,16,28,1,CUST-100483,DEV-WIN-99325,10.5994
2026-10-07T15:55:23,fraud-detection,/payment,us-east-1,122,76,85,9,0,ERR-201,Low,Failure,16,32,1,CUST-100483,DEV-WIN-99325,1.9863
2026-10-07T15:55:23,ledger-service,/balance_check,eu-west-1,24,16,44,5,0,ERR-209,Low,Failure,12,37,1,CUST-134098,DEV-MAC-75825,3.0667
2026-10-07T15:55:33,investment-engine,/portfolio,ap-southeast-1,181,88,82,30,7837.23,ERR-701,Low,Failure,14,39,1,CUST-100483,DEV-LIN-11235,2.2035
2026-10-07T15:55:33,ledger-service,/balance_check,ap-southeast-1,28,20,49,5,0,ERR-705,Low,Failure,13,31,1,CUST-134098,DEV-LIN-11235,3.4167
2026-10-07T15:55:33,trading-engine,/trade,eu-west-1,137,75,58,1,1216.86,ERR-104,Low,Failure,3,20,1,CUST-134098,DEV-MAC-0149A5,9.9966
2026-10-07T15:55:43,payment-api,/transfer,eu-west-1,146,77,59,15,696.65,ERR-207,Low,Failure,12,38,1,CUST-100483,DEV-WIN-84725,2.5207
2026-10-07T15:55:53,ledger-service,/balance_check,eu-west-1,27,19,45,4,0,ERR-109,Low,Failure,2,40,1,CUST-134098,DEV-LIN-11235,3.0833
2026-10-07T15:56:03,ledger-service,/balance_check,us-east-1,35,23,52,6,0,ERR-903,High,Failure,15,87,1,CUST-123456,DEV-WIN-99325,4
2026-10-07T15:56:03,fraud-detection,/payment,us-east-1,150,99,100,12,0,ERR-702,High,Failure,17,81,1,CUST-100483,DEV-WIN-99325,2.5452
2026-10-07T15:56:13,investment-engine,/portfolio,eu-west-1,200,86,85,30,11425.79,ERR-106,Low,Failure,19,31,1,CUST-109482,DEV-MAC-0149A5,2.2627
2026-10-07T15:56:23,ledger-service,/balance_check,ap-southeast-1,34,24,60,6,0,ERR-903,High,Failure,4,81,1,CUST-112349,DEV-WIN-84725,4.1333
2026-10-07T15:56:23,fraud-detection,/payment,ap-southeast-1,178,98,100,12,0,ERR-903,High,Failure,3,90,1,CUST-112349,DEV-WIN-84725,2.7293
2026-10-07T15:56:23,auth-service,/login,us-west-2,50,20,51,5,0,ERR-210,Medium,Failure,13,76,1,CUST-109482,DEV-MAC-75825,2.6625
2026-10-07T15:56:33,ledger-service,/balance_check,us-west-2,30,22,58,6,0,ERR-903,High,Failure,4,86,1,CUST-134098,DEV-WIN-84725,3.9
2026-10-07T15:56:33,investment-engine,/portfolio,us-west-2,185,84,84,27,11661.07,ERR-703,Low,Failure,19,31,1,CUST-134098,DEV-WIN-84725,2.1007
2026-10-07T15:56:33,payment-api,/withdrawal,ap-southeast-1,150,74,54,14,8658.99,ERR-301,Low,Failure,15,27,1,CUST-123456,DEV-MAC-75825,2.42
2026-10-07T15:56:53,payment-api,/transfer,ap-southeast-1,133,76,49,13,6463.4,ERR-208,Low,Failure,1,22,1,CUST-112349,DEV-LIN-11235,2.277
2026-10-07T15:57:03,fraud-detection,/payment,ap-southeast-1,147,83,92,9,0,ERR-206,Low,Failure,8,21,1,CUST-100483,DEV-LIN-11235,2.1773
2026-10-07T15:57:13,ledger-service,/balance_check,us-east-1,27,18,45,5,0,ERR-205,Low,Failure,6,28,1,CUST-134098,DEV-LIN-11235,3.25
2026-10-07T15:57:13,fraud-detection,/payment,us-west-2,150,89,94,9,0,ERR-209,Low,Failure,5,32,1,CUST-112349,DEV-MAC-75825,2.2143
2026-10-07T15:57:13,payment-api,/withdrawal,us-west-2,153,75,55,14,4688.28,ERR-306,Low,Failure,6,39,1,CUST-109482,DEV-WIN-99325,2.4453
2026-10-07T15:57:23,fraud-detection,/payment,us-west-2,157,93,100,12,0,ERR-902,High,Failure,2,83,1,CUST-109482,DEV-MAC-0149A5,2.5768
2026-10-07T15:57:23,trading-engine,/trade,eu-west-1,146,77,60,2,4469.11,ERR-109,Low,Failure,20,29,1,CUST-100483,DEV-MAC-75825,11.1072
2026-10-07T15:57:33,payment-api,/withdrawal,ap-southeast-1,153,78,60,15,1810.49,ERR-308,Low,Failure,16,33,1,CUST-134098,DEV-MAC-0149A5,2.562
2026-10-07T15:57:33,fraud-detection,/payment,us-west-2,143,82,92,9,0,ERR-103,Low,Failure,15,29,1,CUST-134098,DEV-MAC-0149A5,2.1482
2026-10-07T15:57:33,auth-service,/login,us-east-1,30,11,27,1,0,ERR-000,Healthy,Success,7,4,0,CUST-100483,DEV-MAC-0149A5,1.1325
2026-10-07T15:57:43,ledger-service,/balance_check,eu-west-1,34,20,56,6,0,ERR-903,High,Failure,1,82,1,CUST-123456,DEV-MAC-75825,3.9333
2026-10-07T15:57:43,payment-api,/withdrawal,eu-west-1,150,76,57,14,8242.98,ERR-102,Low,Failure,8,23,1,CUST-134098,DEV-WIN-84725,2.4517
2026-10-07T15:57:53,investment-engine,/portfolio,us-east-1,193,84,88,29,8698.8,ERR-203,Low,Failure,4,40,1,CUST-100483,DEV-MAC-0149A5,2.2019
2026-10-07T15:57:53,payment-api,/withdrawal,ap-southeast-1,144,75,56,15,3665.99,ERR-303,Low,Failure,16,26,1,CUST-100483,DEV-WIN-99325,2.481
2026-10-07T15:57:53,ledger-service,/balance_check,us-east-1,29,17,43,4,0,ERR-107,Low,Failure,20,24,1,CUST-109482,DEV-WIN-99325,3.05
2026-10-07T15:57:53,auth-service,/login,eu-west-1,35,11,32,1,0,ERR-000,Healthy,Success,18,4,0,CUST-112349,DEV-LIN-11235,1.2575
2026-10-07T15:58:03,trading-engine,/trade,us-east-1,101,39,29,1,5826.11,ERR-000,Healthy,Success,5,2,0,CUST-123456,DEV-MAC-75825,7.42
2026-10-07T15:58:13,auth-service,/login,us-east-1,14,4,1,3,0,ERR-000,Healthy,Success,7,1,0,CUST-134098,DEV-LIN-11235,0.8675
2026-10-07T15:58:13,ledger-service,/balance_check,us-west-2,34,20,58,6,0,ERR-305,High,Failure,15,88,1,CUST-109482,DEV-MAC-0149A5,3.9667
2026-10-07T15:58:23,trading-engine,/trade,eu-west-1,19,54,18,1,3269.6,ERR-000,Healthy,Success,4,3,0,CUST-112349,DEV-WIN-84725,1.9818
2026-10-07T15:58:33,trading-engine,/trade,us-east-1,162,80,72,2,1366.78,ERR-207,High,Failure,17,86,1,CUST-123456,DEV-LIN-11235,12.2073
2026-10-07T15:58:33,auth-service,/login,eu-west-1,50,17,44,4,0,ERR-309,Low,Failure,17,33,1,CUST-123456,DEV-LIN-11235,2.315
2026-10-07T15:58:33,ledger-service,/balance_check,eu-west-1,27,18,45,5,0,ERR-102,Low,Failure,19,38,1,CUST-123456,DEV-MAC-75825,3.25
2026-10-07T15:58:43,ledger-service,/balance_check,us-east-1,29,18,47,4,0,ERR-303,Low,Failure,1,39,1,CUST-112349,DEV-WIN-99325,3.15
2026-10-07T15:58:43,auth-service,/login,ap-southeast-1,50,20,47,4,0,ERR-306,Low,Failure,13,28,1,CUST-100483,DEV-LIN-11235,2.4125
2026-10-07T15:58:53,trading-engine,/trade,ap-southeast-1,142,72,57,1,1589.65,ERR-302,Low,Failure,20,31,1,CUST-123456,DEV-WIN-84725,10.318
2026-10-07T15:59:03,payment-api,/transfer,ap-southeast-1,145,79,58,14,4066.34,ERR-209,Low,Failure,11,29,1,CUST-100483,DEV-WIN-99325,2.4617
2026-10-07T15:59:03,investment-engine,/portfolio,us-east-1,225,91,96,36,5478.22,ERR-903,High,Failure,17,82,1,CUST-109482,DEV-LIN-11235,2.5925
2026-10-07T15:59:03,trading-engine,/trade,us-west-2,142,76,54,1,7549.66,ERR-308,Low,Failure,6,28,1,CUST-100483,DEV-WIN-99325,10.3255
2026-10-07T15:59:13,payment-api,/transfer,us-west-2,173,94,68,17,808.94,ERR-903,High,Failure,12,81,1,CUST-134098,DEV-LIN-11235,2.9487
2026-10-07T15:59:13,investment-engine,/portfolio,ap-southeast-1,191,85,85,29,14031.11,ERR-307,Low,Failure,4,24,1,CUST-134098,DEV-LIN-11235,2.1943
2026-10-07T15:59:23,ledger-service,/balance_check,us-west-2,36,23,55,6,0,ERR-903,High,Failure,10,89,1,CUST-123456,DEV-MAC-0149A5,4.0833
2026-10-07T15:59:33,payment-api,/transfer,us-west-2,218,100,84,21,1864.18,ERR-901,Critical,Failure,3,94,1,CUST-109482,DEV-WIN-99325,3.5253
2026-10-07T15:59:33,ledger-service,/balance_check,ap-southeast-1,28,19,41,5,0,ERR-104,Low,Failure,18,20,1,CUST-109482,DEV-WIN-99325,3.25
2026-10-07T15:59:33,trading-engine,/trade,ap-southeast-1,164,85,65,2,9086.38,ERR-903,High,Failure,5,87,1,CUST-134098,DEV-WIN-84725,12.3436
2026-10-07T15:59:43,ledger-service,/balance_check,us-east-1,30,20,47,5,0,ERR-704,Low,Failure,17,34,1,CUST-112349,DEV-WIN-99325,3.45
2026-10-07T15:59:43,fraud-detection,/payment,us-west-2,171,100,100,11,0,ERR-208,High,Failure,18,81,1,CUST-109482,DEV-WIN-99325,2.5877
2026-10-07T15:59:53,fraud-detection,/payment,us-east-1,163,98,100,11,0,ERR-304,High,Failure,12,83,1,CUST-134098,DEV-LIN-11235,2.5293
2026-10-07T15:59:53,ledger-service,/balance_check,us-east-1,28,18,46,5,0,ERR-105,Low,Failure,15,24,1,CUST-112349,DEV-MAC-0149A5,3.3
2026-10-07T15:59:53,payment-api,/transfer,us-west-2,158,76,56,13,6382.64,ERR-201,Low,Failure,18,30,1,CUST-123456,DEV-WIN-99325,2.412
2026-10-07T16:00:03,ledger-service,/balance_check,us-east-1,3,11,24,2,0,ERR-000,Healthy,Success,5,0,0,CUST-134098,DEV-LIN-11235,1.2667
2026-10-07T16:00:13,trading-engine,/trade,ap-southeast-1,156,87,63,2,6575.88,ERR-903,High,Failure,2,88,1,CUST-123456,DEV-LIN-11235,11.813
2026-10-07T16:00:13,ledger-service,/balance_check,ap-southeast-1,27,18,50,5,0,ERR-902,Low,Failure,20,25,1,CUST-100483,DEV-LIN-11235,3.3333
2026-10-07T16:00:33,ledger-service,/balance_check,ap-southeast-1,32,20,55,5,0,ERR-202,High,Failure,20,80,1,CUST-123456,DEV-MAC-0149A5,3.65
2026-10-07T16:00:43,trading-engine,/trade,us-east-1,137,72,56,1,4257.71,ERR-103,Low,Failure,9,27,1,CUST-123456,DEV-MAC-75825,9.9827
2026-10-07T16:00:43,ledger-service,/balance_check,us-east-1,29,18,48,5,0,ERR-705,Low,Failure,6,38,1,CUST-112349,DEV-WIN-84725,3.3667
2026-10-07T16:00:53,ledger-service,/balance_check,ap-southeast-1,30,17,44,4,0,ERR-309,Low,Failure,3,30,1,CUST-112349,DEV-MAC-75825,3.1
2026-10-07T16:00:53,fraud-detection,/payment,ap-southeast-1,143,87,100,9,0,ERR-202,Low,Failure,20,24,1,CUST-112349,DEV-LIN-11235,2.1685
2026-10-07T16:01:03,ledger-service,/balance_check,us-east-1,3,14,7,2,0,ERR-000,Healthy,Success,16,0,0,CUST-109482,DEV-MAC-0149A5,1.0833
2026-10-07T16:01:03,payment-api,/transfer,ap-southeast-1,159,75,57,13,9309.98,ERR-307,Low,Failure,4,36,1,CUST-109482,DEV-LIN-11235,2.4127
2026-10-07T16:01:13,investment-engine,/portfolio,us-west-2,249,100,100,40,8068.35,ERR-903,Critical,Failure,7,99,1,CUST-109482,DEV-LIN-11235,2.8586
2026-10-07T16:01:23,auth-service,/login,eu-west-1,28,4,22,1,0,ERR-000,Healthy,Success,11,4,0,CUST-134098,DEV-MAC-75825,0.905
2026-10-07T16:01:23,payment-api,/withdrawal,us-west-2,146,78,59,15,5621.88,ERR-705,Low,Failure,18,37,1,CUST-112349,DEV-MAC-0149A5,2.529
2026-10-07T16:01:33,payment-api,/transfer,eu-west-1,150,80,51,15,6178.47,ERR-106,Low,Failure,11,36,1,CUST-123456,DEV-LIN-11235,2.5217
2026-10-07T16:01:33,ledger-service,/balance_check,eu-west-1,18,3,32,3,0,ERR-000,Healthy,Success,17,2,0,CUST-100483,DEV-MAC-75825,1.8333
2026-10-07T16:01:33,fraud-detection,/payment,eu-west-1,198,100,100,14,0,ERR-904,Critical,Failure,6,94,1,CUST-109482,DEV-LIN-11235,3.0677
2026-10-07T16:01:43,payment-api,/transfer,eu-west-1,171,87,66,18,3601.6,ERR-903,High,Failure,16,87,1,CUST-112349,DEV-MAC-0149A5,2.939
2026-10-07T16:01:53,payment-api,/withdrawal,eu-west-1,149,72,58,13,1828.15,ERR-307,Low,Failure,9,38,1,CUST-100483,DEV-LIN-11235,2.3527
2026-10-07T16:01:53,investment-engine,/portfolio,eu-west-1,191,83,81,27,10948.75,ERR-901,Low,Failure,20,32,1,CUST-123456,DEV-WIN-99325,2.1099
2026-10-07T16:02:03,ledger-service,/balance_check,us-west-2,27,18,46,5,0,ERR-305,Low,Failure,10,27,1,CUST-123456,DEV-MAC-0149A5,3.2667
2026-10-07T16:02:13,ledger-service,/balance_check,us-west-2,27,19,48,5,0,ERR-102,Low,Failure,14,37,1,CUST-123456,DEV-WIN-84725,3.3333
2026-10-07T16:02:13,fraud-detection,/payment,us-east-1,134,85,93,10,0,ERR-308,Low,Failure,11,39,1,CUST-123456,DEV-WIN-99325,2.1967
2026-10-07T16:02:13,trading-engine,/trade,us-west-2,136,80,57,1,4043.23,ERR-210,Low,Failure,2,23,1,CUST-109482,DEV-WIN-99325,9.9447
2026-10-07T16:02:23,investment-engine,/portfolio,ap-southeast-1,191,88,90,29,10670.09,ERR-203,Low,Failure,11,24,1,CUST-112349,DEV-LIN-11235,2.2191
2026-10-07T16:02:23,fraud-detection,/payment,us-west-2,176,100,100,12,0,ERR-903,High,Failure,5,85,1,CUST-112349,DEV-MAC-75825,2.721
2026-10-07T16:02:23,ledger-service,/balance_check,ap-southeast-1,5,6,2,2,0,ERR-000,Healthy,Success,16,4,0,CUST-112349,DEV-WIN-99325,0.8
2026-10-07T16:02:33,trading-engine,/trade,us-west-2,135,79,56,2,1806,ERR-203,Low,Failure,18,25,1,CUST-112349,DEV-LIN-11235,10.3727
2026-10-07T16:02:33,ledger-service,/balance_check,us-east-1,30,20,45,5,0,ERR-107,Low,Failure,15,38,1,CUST-112349,DEV-LIN-11235,3.4167
2026-10-07T16:02:53,trading-engine,/trade,us-west-2,146,72,56,1,3309.48,ERR-307,Low,Failure,7,27,1,CUST-100483,DEV-MAC-75825,10.5827
2026-10-07T16:02:53,ledger-service,/balance_check,us-west-2,15,4,14,3,0,ERR-000,Healthy,Success,8,3,0,CUST-123456,DEV-LIN-11235,1.4667
2026-10-07T16:02:53,payment-api,/transfer,ap-southeast-1,177,87,63,18,176.72,ERR-903,High,Failure,1,87,1,CUST-112349,DEV-WIN-99325,2.948
2026-10-07T16:03:03,investment-engine,/portfolio,eu-west-1,185,86,85,29,13855.39,ERR-705,Low,Failure,17,40,1,CUST-123456,DEV-MAC-0149A5,2.1793
2026-10-07T16:03:13,investment-engine,/portfolio,us-east-1,118,35,58,4,13112.6,ERR-000,Healthy,Success,7,5,0,CUST-109482,DEV-WIN-99325,0.8149
2026-10-07T16:03:13,ledger-service,/balance_check,eu-west-1,30,19,47,5,0,ERR-305,Low,Failure,19,21,1,CUST-123456,DEV-WIN-99325,3.4167
2026-10-07T16:03:23,ledger-service,/balance_check,eu-west-1,30,19,45,5,0,ERR-701,Low,Failure,3,29,1,CUST-134098,DEV-MAC-75825,3.3833
2026-10-07T16:03:33,fraud-detection,/payment,us-west-2,140,81,96,10,0,ERR-105,Low,Failure,4,40,1,CUST-109482,DEV-WIN-99325,2.2296
2026-10-07T16:03:33,ledger-service,/balance_check,us-east-1,36,21,60,5,0,ERR-903,High,Failure,18,85,1,CUST-100483,DEV-MAC-0149A5,3.9
2026-10-07T16:03:43,fraud-detection,/payment,eu-west-1,136,87,94,10,0,ERR-107,Low,Failure,9,32,1,CUST-134098,DEV-LIN-11235,2.216
2026-10-07T16:03:43,ledger-service,/balance_check,us-east-1,27,20,49,5,0,ERR-103,Low,Failure,7,37,1,CUST-112349,DEV-MAC-0149A5,3.3833
2026-10-07T16:03:43,payment-api,/transfer,ap-southeast-1,15,53,28,3,9356.69,ERR-000,Healthy,Success,18,1,0,CUST-112349,DEV-LIN-11235,0.8417
2026-10-07T16:03:53,ledger-service,/balance_check,us-east-1,30,19,47,5,0,ERR-109,Low,Failure,4,24,1,CUST-112349,DEV-MAC-0149A5,3.4167
2026-10-07T16:04:03,trading-engine,/trade,ap-southeast-1,132,79,56,2,9668.72,ERR-703,Low,Failure,19,23,1,CUST-112349,DEV-LIN-11235,10.1727
2026-10-07T16:04:03,ledger-service,/balance_check,us-east-1,31,22,57,6,0,ERR-903,High,Failure,4,89,1,CUST-112349,DEV-MAC-0149A5,3.9167
2026-10-07T16:04:13,ledger-service,/balance_check,eu-west-1,29,17,49,4,0,ERR-110,Low,Failure,7,28,1,CUST-112349,DEV-WIN-99325,3.15
2026-10-07T16:04:13,auth-service,/login,us-east-1,48,20,46,5,0,ERR-704,Low,Failure,1,37,1,CUST-112349,DEV-LIN-11235,2.575
2026-10-07T16:04:13,fraud-detection,/payment,ap-southeast-1,77,17,1,4,0,ERR-000,Healthy,Success,2,2,0,CUST-134098,DEV-WIN-84725,0.9568
2026-10-07T16:04:23,payment-api,/transfer,us-west-2,155,77,55,14,945.38,ERR-702,Low,Failure,16,28,1,CUST-112349,DEV-MAC-75825,2.47
2026-10-07T16:04:23,ledger-service,/balance_check,us-east-1,28,17,50,4,0,ERR-703,Low,Failure,10,39,1,CUST-112349,DEV-MAC-75825,3.1333
2026-10-07T16:04:23,investment-engine,/portfolio,eu-west-1,239,100,100,32,5177.75,ERR-903,High,Failure,17,88,1,CUST-100483,DEV-MAC-0149A5,2.5586
2026-10-07T16:04:33,ledger-service,/balance_check,eu-west-1,26,18,46,4,0,ERR-306,Low,Failure,14,38,1,CUST-123456,DEV-LIN-11235,3.0333
2026-10-07T16:04:53,auth-service,/login,us-west-2,45,18,50,5,0,ERR-902,Low,Failure,18,25,1,CUST-100483,DEV-LIN-11235,2.5475
2026-10-07T16:05:03,payment-api,/withdrawal,ap-southeast-1,151,78,57,14,8526.32,ERR-210,Low,Failure,14,36,1,CUST-109482,DEV-MAC-0149A5,2.4723
2026-10-07T16:05:03,ledger-service,/balance_check,us-west-2,27,20,45,4,0,ERR-209,Low,Failure,14,30,1,CUST-100483,DEV-MAC-75825,3.1167
2026-10-07T16:05:03,investment-engine,/portfolio,ap-southeast-1,198,83,90,28,8275.06,ERR-203,Low,Failure,5,31,1,CUST-100483,DEV-MAC-0149A5,2.1841
2026-10-07T16:05:03,auth-service,/login,us-east-1,46,18,50,4,0,ERR-304,Low,Failure,1,37,1,CUST-100483,DEV-MAC-0149A5,2.36
2026-10-07T16:05:13,auth-service,/login,us-east-1,17,9,9,2,0,ERR-000,Healthy,Success,8,4,0,CUST-112349,DEV-LIN-11235,0.905
2026-10-07T16:05:13,fraud-detection,/payment,us-west-2,140,84,95,9,0,ERR-905,Low,Failure,8,26,1,CUST-109482,DEV-MAC-75825,2.1361
2026-10-07T16:05:13,ledger-service,/balance_check,ap-southeast-1,32,22,59,5,0,ERR-903,High,Failure,1,87,1,CUST-112349,DEV-MAC-75825,3.7833
2026-10-07T16:05:23,ledger-service,/balance_check,us-east-1,27,19,50,5,0,ERR-703,Low,Failure,5,34,1,CUST-109482,DEV-WIN-84725,3.3667
2026-10-07T16:05:33,ledger-service,/balance_check,eu-west-1,27,19,45,4,0,ERR-201,Low,Failure,2,35,1,CUST-134098,DEV-MAC-75825,3.0833
2026-10-07T16:05:33,payment-api,/withdrawal,us-west-2,147,70,56,14,2085.72,ERR-705,Low,Failure,19,20,1,CUST-134098,DEV-WIN-84725,2.3847
2026-10-07T16:05:43,payment-api,/transfer,eu-west-1,67,30,31,1,6332.32,ERR-000,Healthy,Success,8,5,0,CUST-134098,DEV-WIN-99325,0.7397
2026-10-07T16:05:43,auth-service,/login,us-east-1,52,21,52,5,0,ERR-903,Medium,Failure,8,77,1,CUST-134098,DEV-WIN-99325,2.72
2026-10-07T16:05:43,fraud-detection,/payment,us-west-2,168,100,100,12,0,ERR-108,High,Failure,6,83,1,CUST-100483,DEV-WIN-84725,2.6677
2026-10-07T16:05:43,ledger-service,/balance_check,us-east-1,36,24,58,5,0,ERR-903,High,Failure,10,87,1,CUST-134098,DEV-WIN-84725,3.9667
2026-10-07T16:05:53,trading-engine,/trade,eu-west-1,37,9,23,1,1030.66,ERR-000,Healthy,Success,4,0,0,CUST-109482,DEV-LIN-11235,3.0416
2026-10-07T16:06:03,ledger-service,/balance_check,us-east-1,29,18,49,4,0,ERR-206,Low,Failure,19,36,1,CUST-109482,DEV-MAC-0149A5,3.1833
2026-10-07T16:06:13,investment-engine,/portfolio,eu-west-1,127,6,41,14,11362.19,ERR-000,Healthy,Success,7,3,0,CUST-134098,DEV-WIN-84725,1.0001
2026-10-07T16:06:23,payment-api,/withdrawal,us-west-2,156,80,57,15,5737.7,ERR-204,Low,Failure,5,37,1,CUST-134098,DEV-MAC-0149A5,2.5757
2026-10-07T16:06:23,ledger-service,/balance_check,us-west-2,36,24,50,5,0,ERR-106,High,Failure,20,87,1,CUST-112349,DEV-WIN-99325,3.8333
2026-10-07T16:06:33,auth-service,/login,us-west-2,51,21,51,5,0,ERR-903,Medium,Failure,5,74,1,CUST-100483,DEV-WIN-84725,2.695
2026-10-07T16:06:33,trading-engine,/trade,us-east-1,162,95,61,2,8863.76,ERR-903,High,Failure,6,81,1,CUST-109482,DEV-LIN-11235,12.2358
2026-10-07T16:06:33,ledger-service,/balance_check,ap-southeast-1,31,22,52,6,0,ERR-903,High,Failure,4,84,1,CUST-112349,DEV-LIN-11235,3.8333
2026-10-07T16:06:43,fraud-detection,/payment,eu-west-1,175,100,100,11,0,ERR-905,High,Failure,13,87,1,CUST-109482,DEV-WIN-99325,2.6143
2026-10-07T16:06:43,ledger-service,/balance_check,ap-southeast-1,32,24,57,6,0,ERR-903,High,Failure,13,88,1,CUST-134098,DEV-MAC-75825,4.0167
2026-10-07T16:06:43,trading-engine,/trade,eu-west-1,132,64,57,1,552.15,ERR-302,Low,Failure,13,27,1,CUST-123456,DEV-WIN-99325,9.6247
2026-10-07T16:06:53,ledger-service,/balance_check,ap-southeast-1,27,18,48,4,0,ERR-703,Low,Failure,11,26,1,CUST-112349,DEV-LIN-11235,3.1
2026-10-07T16:06:53,payment-api,/transfer,us-west-2,254,100,92,26,3508.44,ERR-901,Critical,Failure,19,99,1,CUST-134098,DEV-LIN-11235,4.0427
2026-10-07T16:06:53,investment-engine,/portfolio,us-west-2,99,12,16,1,11966.09,ERR-000,Healthy,Success,4,2,0,CUST-123456,DEV-WIN-84725,0.4546
2026-10-07T16:07:03,investment-engine,/portfolio,us-west-2,193,83,83,30,7648.33,ERR-101,Low,Failure,14,30,1,CUST-109482,DEV-MAC-75825,2.2204
2026-10-07T16:07:03,auth-service,/login,ap-southeast-1,44,18,42,5,0,ERR-210,Low,Failure,20,31,1,CUST-100483,DEV-WIN-99325,2.435
2026-10-07T16:07:13,ledger-service,/balance_check,ap-southeast-1,30,18,47,5,0,ERR-108,Low,Failure,11,33,1,CUST-100483,DEV-WIN-99325,3.3833
2026-10-07T16:07:13,trading-engine,/trade,ap-southeast-1,137,80,57,1,6453.71,ERR-109,Low,Failure,11,39,1,CUST-109482,DEV-WIN-84725,10.0113
2026-10-07T16:07:23,ledger-service,/balance_check,eu-west-1,28,18,48,5,0,ERR-108,Low,Failure,5,30,1,CUST-134098,DEV-WIN-99325,3.3333
2026-10-07T16:07:23,fraud-detection,/payment,ap-southeast-1,169,96,100,10,0,ERR-102,High,Failure,7,88,1,CUST-112349,DEV-WIN-84725,2.4643
2026-10-07T16:07:33,ledger-service,/balance_check,us-west-2,7,13,8,1,0,ERR-000,Healthy,Success,2,0,0,CUST-134098,DEV-WIN-99325,1
2026-10-07T16:07:43,payment-api,/transfer,us-east-1,9,39,19,6,8228.64,ERR-000,Healthy,Success,13,3,0,CUST-123456,DEV-LIN-11235,0.856
2026-10-07T16:07:43,ledger-service,/balance_check,us-east-1,30,18,49,5,0,ERR-701,Low,Failure,14,36,1,CUST-112349,DEV-LIN-11235,3.4167
2026-10-07T16:07:53,investment-engine,/portfolio,eu-west-1,234,100,92,32,5976.44,ERR-903,High,Failure,8,86,1,CUST-100483,DEV-LIN-11235,2.5264
2026-10-07T16:07:53,ledger-service,/balance_check,eu-west-1,29,19,40,4,0,ERR-306,Low,Failure,16,26,1,CUST-112349,DEV-MAC-0149A5,3.0667
2026-10-07T16:07:53,trading-engine,/trade,eu-west-1,82,52,24,1,8697.06,ERR-000,Healthy,Success,5,0,0,CUST-112349,DEV-WIN-99325,6.1869
2026-10-07T16:07:53,payment-api,/transfer,us-east-1,152,77,55,14,1744.21,ERR-106,Low,Failure,6,33,1,CUST-134098,DEV-WIN-99325,2.458
2026-10-07T16:08:03,ledger-service,/balance_check,ap-southeast-1,5,1,13,1,0,ERR-000,Healthy,Success,15,0,0,CUST-123456,DEV-MAC-75825,0.6167
2026-10-07T16:08:03,payment-api,/withdrawal,us-west-2,193,100,80,18,7960.24,ERR-901,Critical,Failure,19,92,1,CUST-100483,DEV-WIN-84725,3.2053
2026-10-07T16:08:13,ledger-service,/balance_check,ap-southeast-1,30,18,48,5,0,ERR-704,Low,Failure,5,26,1,CUST-109482,DEV-MAC-0149A5,3.4
2026-10-07T16:08:23,payment-api,/withdrawal,ap-southeast-1,156,76,58,15,1332.58,ERR-905,Low,Failure,12,21,1,CUST-109482,DEV-LIN-11235,2.5473
2026-10-07T16:08:23,ledger-service,/balance_check,ap-southeast-1,31,24,52,5,0,ERR-903,High,Failure,18,81,1,CUST-112349,DEV-MAC-75825,3.7
2026-10-07T16:08:33,ledger-service,/balance_check,ap-southeast-1,30,18,49,5,0,ERR-110,Low,Failure,7,26,1,CUST-109482,DEV-MAC-0149A5,3.4167
2026-10-07T16:08:33,payment-api,/withdrawal,us-east-1,155,72,59,14,3450.58,ERR-308,Low,Failure,9,26,1,CUST-134098,DEV-WIN-99325,2.4483
2026-10-07T16:08:33,investment-engine,/portfolio,eu-west-1,186,82,85,27,10327.48,ERR-202,Low,Failure,4,39,1,CUST-134098,DEV-LIN-11235,2.096
2026-10-07T16:08:43,ledger-service,/balance_check,ap-southeast-1,28,19,46,4,0,ERR-705,Low,Failure,18,34,1,CUST-134098,DEV-WIN-99325,3.1333
2026-10-07T16:08:43,fraud-detection,/payment,us-east-1,121,72,81,10,0,ERR-203,Low,Failure,17,29,1,CUST-100483,DEV-WIN-84725,2.0658
2026-10-07T16:08:43,payment-api,/withdrawal,eu-west-1,159,74,55,13,4016.75,ERR-902,Low,Failure,17,34,1,CUST-109482,DEV-LIN-11235,2.3943
2026-10-07T16:08:53,ledger-service,/balance_check,us-east-1,30,19,49,4,0,ERR-307,Low,Failure,4,38,1,CUST-112349,DEV-MAC-0149A5,3.25
2026-10-07T16:09:03,payment-api,/withdrawal,eu-west-1,232,100,100,27,8544.15,ERR-901,Critical,Failure,11,99,1,CUST-112349,DEV-WIN-84725,4.0613
2026-10-07T16:09:03,ledger-service,/balance_check,us-east-1,15,1,21,2,0,ERR-000,Healthy,Success,19,3,0,CUST-109482,DEV-MAC-75825,1.2833
2026-10-07T16:09:03,fraud-detection,/payment,eu-west-1,145,82,91,10,0,ERR-208,Low,Failure,7,26,1,CUST-134098,DEV-MAC-75825,2.2605
2026-10-07T16:09:13,ledger-service,/balance_check,us-east-1,27,18,50,4,0,ERR-106,Low,Failure,12,30,1,CUST-112349,DEV-MAC-0149A5,3.1333
2026-10-07T16:09:23,ledger-service,/balance_check,us-east-1,30,18,49,5,0,ERR-110,Low,Failure,18,38,1,CUST-100483,DEV-WIN-99325,3.4167
2026-10-07T16:09:23,payment-api,/withdrawal,eu-west-1,159,74,59,13,6347.28,ERR-210,Low,Failure,8,29,1,CUST-123456,DEV-LIN-11235,2.4143
2026-10-07T16:09:23,fraud-detection,/payment,eu-west-1,150,82,92,10,0,ERR-302,Low,Failure,19,24,1,CUST-109482,DEV-WIN-99325,2.2948
2026-10-07T16:09:33,investment-engine,/portfolio,us-west-2,261,100,100,41,14096.06,ERR-903,Critical,Failure,18,95,1,CUST-134098,DEV-WIN-99325,2.932
2026-10-07T16:09:33,ledger-service,/balance_check,us-west-2,28,20,45,5,0,ERR-206,Low,Failure,16,35,1,CUST-112349,DEV-WIN-99325,3.35
2026-10-07T16:09:43,fraud-detection,/payment,eu-west-1,148,87,100,10,0,ERR-101,Low,Failure,13,25,1,CUST-134098,DEV-MAC-75825,2.3018
2026-10-07T16:09:53,payment-api,/transfer,us-east-1,166,91,72,17,8955.13,ERR-903,High,Failure,5,86,1,CUST-134098,DEV-WIN-84725,2.9157
2026-10-07T16:09:53,ledger-service,/balance_check,us-west-2,29,20,46,5,0,ERR-201,Low,Failure,4,33,1,CUST-100483,DEV-WIN-84725,3.4
2026-10-07T16:10:13,ledger-service,/balance_check,eu-west-1,32,21,58,6,0,ERR-903,High,Failure,2,84,1,CUST-134098,DEV-MAC-75825,3.9333
2026-10-07T16:10:13,fraud-detection,/payment,us-west-2,138,81,92,9,0,ERR-205,Low,Failure,3,39,1,CUST-109482,DEV-MAC-0149A5,2.1123
2026-10-07T16:10:23,ledger-service,/balance_check,ap-southeast-1,29,18,48,4,0,ERR-704,Low,Failure,14,37,1,CUST-134098,DEV-MAC-75825,3.1667
2026-10-07T16:10:33,ledger-service,/balance_check,us-east-1,30,16,50,4,0,ERR-302,Low,Failure,3,31,1,CUST-112349,DEV-MAC-0149A5,3.1667
2026-10-07T16:10:33,payment-api,/transfer,eu-west-1,146,72,55,13,6685.68,ERR-905,Low,Failure,5,30,1,CUST-109482,DEV-MAC-0149A5,2.3257
2026-10-07T16:10:43,fraud-detection,/payment,ap-southeast-1,151,96,100,12,0,ERR-207,High,Failure,10,87,1,CUST-112349,DEV-LIN-11235,2.5443
2026-10-07T16:10:43,auth-service,/login,ap-southeast-1,52,21,51,5,0,ERR-903,Medium,Failure,13,66,1,CUST-134098,DEV-WIN-99325,2.7075
2026-10-07T16:10:53,trading-engine,/trade,eu-west-1,148,74,58,2,7078.14,ERR-303,Low,Failure,9,36,1,CUST-123456,DEV-MAC-0149A5,11.2266
2026-10-07T16:10:53,ledger-service,/balance_check,ap-southeast-1,32,21,57,5,0,ERR-903,High,Failure,15,82,1,CUST-134098,DEV-MAC-0149A5,3.7167
2026-10-07T16:11:03,payment-api,/transfer,us-west-2,134,64,59,14,6823.21,ERR-705,Low,Failure,17,40,1,CUST-134098,DEV-WIN-99325,2.2977
2026-10-07T16:11:03,ledger-service,/balance_check,us-west-2,6,11,22,2,0,ERR-000,Healthy,Success,19,5,0,CUST-134098,DEV-MAC-75825,1.3333
2026-10-07T16:11:13,auth-service,/login,ap-southeast-1,42,19,40,4,0,ERR-702,Low,Failure,8,33,1,CUST-134098,DEV-WIN-84725,2.205
2026-10-07T16:11:13,ledger-service,/balance_check,eu-west-1,28,20,46,5,0,ERR-106,Low,Failure,11,24,1,CUST-123456,DEV-MAC-0149A5,3.3667
2026-10-07T16:11:33,ledger-service,/balance_check,ap-southeast-1,28,20,45,4,0,ERR-204,Low,Failure,17,36,1,CUST-134098,DEV-LIN-11235,3.15
2026-10-07T16:11:33,fraud-detection,/payment,ap-southeast-1,136,90,99,10,0,ERR-307,Low,Failure,7,35,1,CUST-112349,DEV-MAC-0149A5,2.2283
2026-10-07T16:11:43,ledger-service,/balance_check,eu-west-1,24,16,50,5,0,ERR-705,Low,Failure,12,24,1,CUST-123456,DEV-LIN-11235,3.1667
2026-10-07T16:11:43,payment-api,/transfer,eu-west-1,145,67,57,12,2614.76,ERR-901,Low,Failure,10,39,1,CUST-112349,DEV-LIN-11235,2.2233
2026-10-07T16:11:53,fraud-detection,/payment,eu-west-1,105,24,9,3,0,ERR-000,Healthy,Success,4,1,0,CUST-109482,DEV-MAC-75825,1.0688
2026-10-07T16:11:53,payment-api,/withdrawal,us-west-2,147,77,58,13,122.64,ERR-104,Low,Failure,3,32,1,CUST-134098,DEV-WIN-99325,2.3863
2026-10-07T16:11:53,trading-engine,/trade,eu-west-1,139,78,56,1,3532.81,ERR-309,Low,Failure,12,29,1,CUST-112349,DEV-MAC-0149A5,10.136
2026-10-07T16:12:03,auth-service,/login,eu-west-1,49,18,50,4,0,ERR-905,Low,Failure,11,30,1,CUST-112349,DEV-LIN-11235,2.3975
2026-10-07T16:12:03,payment-api,/transfer,eu-west-1,253,100,94,24,6726.19,ERR-901,Critical,Failure,3,91,1,CUST-109482,DEV-WIN-84725,3.9153
2026-10-07T16:12:23,fraud-detection,/payment,eu-west-1,152,100,100,12,0,ERR-107,High,Failure,2,80,1,CUST-112349,DEV-MAC-0149A5,2.561
2026-10-07T16:12:23,auth-service,/login,eu-west-1,49,20,50,4,0,ERR-705,Low,Failure,10,39,1,CUST-123456,DEV-MAC-75825,2.4375
2026-10-07T16:12:23,ledger-service,/balance_check,us-east-1,30,20,47,5,0,ERR-208,Low,Failure,16,37,1,CUST-112349,DEV-MAC-75825,3.45
2026-10-07T16:12:33,payment-api,/withdrawal,us-east-1,57,28,12,3,5075.45,ERR-000,Healthy,Success,17,2,0,CUST-100483,DEV-MAC-0149A5,0.7213
2026-10-07T16:12:33,ledger-service,/balance_check,us-east-1,36,24,58,6,0,ERR-903,High,Failure,5,84,1,CUST-123456,DEV-WIN-84725,4.1667
2026-10-07T16:12:43,ledger-service,/balance_check,ap-southeast-1,36,22,51,5,0,ERR-903,High,Failure,10,87,1,CUST-112349,DEV-MAC-0149A5,3.7833
2026-10-07T16:12:53,auth-service,/login,us-west-2,41,20,40,5,0,ERR-302,Low,Failure,12,21,1,CUST-134098,DEV-LIN-11235,2.4125
2026-10-07T16:12:53,fraud-detection,/payment,us-west-2,154,93,100,11,0,ERR-702,High,Failure,3,85,1,CUST-123456,DEV-LIN-11235,2.4568
2026-10-07T16:12:53,ledger-service,/balance_check,us-east-1,30,20,46,4,0,ERR-704,Low,Failure,8,40,1,CUST-109482,DEV-MAC-75825,3.2333
2026-10-07T16:13:13,auth-service,/login,us-west-2,42,17,46,4,0,ERR-107,Low,Failure,5,33,1,CUST-109482,DEV-MAC-75825,2.24
2026-10-07T16:13:13,trading-engine,/trade,ap-southeast-1,149,80,60,2,3571.41,ERR-109,Low,Failure,7,21,1,CUST-112349,DEV-MAC-75825,11.3172
2026-10-07T16:13:23,ledger-service,/balance_check,us-east-1,28,20,48,5,0,ERR-703,Low,Failure,3,25,1,CUST-109482,DEV-MAC-75825,3.4
2026-10-07T16:13:33,ledger-service,/balance_check,us-east-1,32,20,53,5,0,ERR-206,High,Failure,2,85,1,CUST-109482,DEV-WIN-84725,3.6167
2026-10-07T16:13:33,auth-service,/login,eu-west-1,48,20,48,5,0,ERR-301,Low,Failure,4,22,1,CUST-123456,DEV-WIN-99325,2.6
2026-10-07T16:13:43,ledger-service,/balance_check,us-east-1,27,19,45,5,0,ERR-905,Low,Failure,7,40,1,CUST-134098,DEV-WIN-84725,3.2833
2026-10-07T16:13:43,investment-engine,/portfolio,us-east-1,184,86,90,30,5112.84,ERR-201,Low,Failure,17,27,1,CUST-112349,DEV-LIN-11235,2.2191
2026-10-07T16:13:53,auth-service,/login,ap-southeast-1,52,21,52,5,0,ERR-903,Medium,Failure,13,72,1,CUST-134098,DEV-LIN-11235,2.72
2026-10-07T16:13:53,ledger-service,/balance_check,eu-west-1,28,18,50,5,0,ERR-108,Low,Failure,2,35,1,CUST-112349,DEV-MAC-75825,3.3667
2026-10-07T16:14:03,fraud-detection,/payment,eu-west-1,180,100,100,12,0,ERR-203,High,Failure,4,85,1,CUST-109482,DEV-MAC-75825,2.7477
2026-10-07T16:14:03,ledger-service,/balance_check,ap-southeast-1,33,23,51,5,0,ERR-903,High,Failure,13,83,1,CUST-123456,DEV-MAC-0149A5,3.7167
2026-10-07T16:14:13,payment-api,/transfer,ap-southeast-1,149,74,60,13,3356.61,ERR-901,Low,Failure,13,28,1,CUST-123456,DEV-MAC-75825,2.3793
2026-10-07T16:14:13,ledger-service,/balance_check,eu-west-1,36,20,55,5,0,ERR-905,High,Failure,10,89,1,CUST-123456,DEV-LIN-11235,3.7833
2026-10-07T16:14:13,investment-engine,/portfolio,ap-southeast-1,184,85,89,27,9134.87,ERR-307,Low,Failure,1,31,1,CUST-109482,DEV-MAC-75825,2.1122
2026-10-07T16:14:23,investment-engine,/portfolio,eu-west-1,232,95,100,35,6614.89,ERR-903,High,Failure,5,82,1,CUST-134098,DEV-LIN-11235,2.6103
2026-10-07T16:14:23,ledger-service,/balance_check,ap-southeast-1,29,20,49,4,0,ERR-703,Low,Failure,14,22,1,CUST-134098,DEV-WIN-99325,3.25
2026-10-07T16:14:43,ledger-service,/balance_check,us-east-1,28,20,49,4,0,ERR-702,Low,Failure,3,39,1,CUST-134098,DEV-MAC-0149A5,3.2167
2026-10-07T16:14:53,ledger-service,/balance_check,us-east-1,30,18,45,4,0,ERR-202,Low,Failure,20,39,1,CUST-134098,DEV-MAC-75825,3.15
2026-10-07T16:15:03,trading-engine,/trade,us-east-1,138,76,57,1,7081.01,ERR-202,Low,Failure,17,34,1,CUST-134098,DEV-WIN-99325,10.0647
2026-10-07T16:15:13,ledger-service,/balance_check,ap-southeast-1,27,18,47,5,0,ERR-303,Low,Failure,3,20,1,CUST-100483,DEV-WIN-99325,3.2833
2026-10-07T16:15:13,payment-api,/withdrawal,us-west-2,154,78,55,13,7460.16,ERR-701,Low,Failure,3,38,1,CUST-134098,DEV-WIN-99325,2.4077
2026-10-07T16:15:23,fraud-detection,/payment,ap-southeast-1,159,95,100,12,0,ERR-108,High,Failure,17,84,1,CUST-109482,DEV-MAC-75825,2.5952
2026-10-07T16:15:33,trading-engine,/trade,eu-west-1,177,90,61,2,3469.83,ERR-903,High,Failure,6,83,1,CUST-123456,DEV-MAC-0149A5,13.2191
2026-10-07T16:15:33,fraud-detection,/payment,us-east-1,142,90,95,9,0,ERR-901,Low,Failure,18,25,1,CUST-100483,DEV-WIN-99325,2.1644
2026-10-07T16:15:43,ledger-service,/balance_check,ap-southeast-1,27,20,44,4,0,ERR-904,Low,Failure,18,40,1,CUST-100483,DEV-MAC-75825,3.1
2026-10-07T16:16:13,ledger-service,/balance_check,us-west-2,26,16,45,5,0,ERR-304,Low,Failure,18,29,1,CUST-134098,DEV-MAC-0149A5,3.15
2026-10-07T16:16:23,ledger-service,/balance_check,ap-southeast-1,28,17,42,4,0,ERR-106,Low,Failure,15,34,1,CUST-100483,DEV-MAC-0149A5,3
2026-10-07T16:16:33,payment-api,/withdrawal,us-east-1,144,74,57,14,9435.12,ERR-203,Low,Failure,4,35,1,CUST-109482,DEV-LIN-11235,2.411
2026-10-07T16:16:43,trading-engine,/trade,ap-southeast-1,139,76,59,1,7278.45,ERR-305,Low,Failure,19,39,1,CUST-109482,DEV-MAC-75825,10.1352
2026-10-07T16:16:43,ledger-service,/balance_check,us-east-1,35,22,56,6,0,ERR-903,High,Failure,15,87,1,CUST-100483,DEV-LIN-11235,4.0333
2026-10-07T16:16:53,auth-service,/login,eu-west-1,51,21,51,5,0,ERR-903,Medium,Failure,15,78,1,CUST-134098,DEV-MAC-75825,2.695
2026-10-07T16:17:03,payment-api,/transfer,us-east-1,153,79,58,15,4734.34,ERR-904,Low,Failure,19,26,1,CUST-109482,DEV-WIN-99325,2.5603
2026-10-07T16:17:03,auth-service,/login,ap-southeast-1,46,20,49,4,0,ERR-206,Low,Failure,7,32,1,CUST-112349,DEV-MAC-75825,2.3875
2026-10-07T16:17:13,ledger-service,/balance_check,eu-west-1,34,21,58,5,0,ERR-903,High,Failure,13,82,1,CUST-134098,DEV-WIN-84725,3.8
2026-10-07T16:17:13,payment-api,/transfer,ap-southeast-1,158,75,57,13,6936.26,ERR-202,Low,Failure,9,31,1,CUST-123456,DEV-LIN-11235,2.4087
2026-10-07T16:17:23,payment-api,/transfer,eu-west-1,153,79,56,14,9726.69,ERR-106,Low,Failure,3,31,1,CUST-100483,DEV-MAC-75825,2.4837
2026-10-07T16:17:23,ledger-service,/balance_check,us-west-2,32,22,55,6,0,ERR-903,High,Failure,9,90,1,CUST-134098,DEV-MAC-0149A5,3.9167
2026-10-07T16:17:23,investment-engine,/portfolio,eu-west-1,208,99,100,34,5984.35,ERR-903,High,Failure,17,84,1,CUST-134098,DEV-WIN-84725,2.517
2026-10-07T16:17:33,trading-engine,/trade,us-east-1,138,72,60,2,3803.42,ERR-201,Low,Failure,20,26,1,CUST-112349,DEV-WIN-99325,10.5572
2026-10-07T16:17:33,ledger-service,/balance_check,us-east-1,33,20,59,5,0,ERR-704,High,Failure,17,82,1,CUST-112349,DEV-WIN-84725,3.75
2026-10-07T16:17:43,ledger-service,/balance_check,us-west-2,30,20,47,5,0,ERR-310,Low,Failure,7,31,1,CUST-123456,DEV-MAC-0149A5,3.45
2026-10-07T16:17:43,fraud-detection,/payment,ap-southeast-1,59,33,19,3,0,ERR-000,Healthy,Success,13,3,0,CUST-100483,DEV-MAC-75825,0.7944
2026-10-07T16:17:53,investment-engine,/portfolio,us-west-2,176,86,83,29,7984.79,ERR-903,Low,Failure,6,21,1,CUST-123456,DEV-MAC-0149A5,2.1454
2026-10-07T16:17:53,ledger-service,/balance_check,us-east-1,35,21,59,6,0,ERR-903,High,Failure,11,90,1,CUST-112349,DEV-WIN-99325,4.05
2026-10-07T16:18:03,investment-engine,/portfolio,us-west-2,187,89,84,30,14261.86,ERR-203,Low,Failure,2,34,1,CUST-123456,DEV-WIN-99325,2.2324
2026-10-07T16:18:03,ledger-service,/balance_check,us-west-2,29,20,46,5,0,ERR-704,Low,Failure,13,36,1,CUST-134098,DEV-WIN-84725,3.4
2026-10-07T16:18:03,payment-api,/withdrawal,us-east-1,191,95,63,15,5068.92,ERR-903,High,Failure,3,87,1,CUST-123456,DEV-MAC-0149A5,2.8707
2026-10-07T16:18:13,payment-api,/withdrawal,us-west-2,199,100,79,20,1564.78,ERR-901,Critical,Failure,4,92,1,CUST-100483,DEV-MAC-0149A5,3.3577
2026-10-07T16:18:33,fraud-detection,/payment,eu-west-1,140,81,94,9,0,ERR-705,Low,Failure,8,23,1,CUST-112349,DEV-WIN-84725,2.1276
2026-10-07T16:18:43,trading-engine,/trade,eu-west-1,140,73,54,1,1567.51,ERR-109,Low,Failure,8,35,1,CUST-100483,DEV-MAC-0149A5,10.1821
2026-10-07T16:18:43,ledger-service,/balance_check,us-east-1,30,18,46,5,0,ERR-307,Low,Failure,19,31,1,CUST-134098,DEV-LIN-11235,3.3667
2026-10-07T16:18:53,payment-api,/transfer,us-west-2,145,80,54,14,6886.62,ERR-205,Low,Failure,8,29,1,CUST-123456,DEV-WIN-99325,2.45
2026-10-07T16:19:03,investment-engine,/portfolio,eu-west-1,333,100,100,50,11879.47,ERR-903,Critical,Failure,9,97,1,CUST-134098,DEV-LIN-11235,3.472
2026-10-07T16:19:03,ledger-service,/balance_check,us-west-2,24,17,45,4,0,ERR-106,Low,Failure,1,24,1,CUST-109482,DEV-LIN-11235,2.9167
2026-10-07T16:19:03,auth-service,/login,us-west-2,51,21,50,5,0,ERR-110,Medium,Failure,12,64,1,CUST-112349,DEV-MAC-75825,2.6825
2026-10-07T16:19:13,trading-engine,/trade,us-west-2,143,74,55,1,2325.17,ERR-106,Low,Failure,1,24,1,CUST-134098,DEV-WIN-99325,10.3874
2026-10-07T16:19:13,ledger-service,/balance_check,us-east-1,28,18,50,4,0,ERR-106,Low,Failure,12,24,1,CUST-112349,DEV-LIN-11235,3.1667
2026-10-07T16:19:23,payment-api,/transfer,eu-west-1,154,76,57,13,6932.51,ERR-305,Low,Failure,19,24,1,CUST-112349,DEV-MAC-75825,2.401
2026-10-07T16:19:23,trading-engine,/trade,eu-west-1,199,97,72,2,8382.7,ERR-902,Critical,Failure,7,92,1,CUST-109482,DEV-LIN-11235,14.7306
2026-10-07T16:19:33,fraud-detection,/payment,ap-southeast-1,146,90,91,10,0,ERR-105,Low,Failure,16,25,1,CUST-112349,DEV-WIN-84725,2.2872
2026-10-07T16:19:33,ledger-service,/balance_check,us-east-1,30,20,40,4,0,ERR-305,Low,Failure,7,25,1,CUST-100483,DEV-WIN-99325,3.1333
2026-10-07T16:19:33,payment-api,/transfer,eu-west-1,154,78,57,13,2528.75,ERR-104,Low,Failure,1,21,1,CUST-123456,DEV-MAC-0149A5,2.4177
2026-10-07T16:19:43,trading-engine,/trade,us-west-2,34,5,19,1,7572.02,ERR-000,Healthy,Success,7,4,0,CUST-134098,DEV-WIN-99325,2.8204
2026-10-07T16:19:53,investment-engine,/portfolio,eu-west-1,175,80,85,25,10848.53,ERR-203,Low,Failure,8,32,1,CUST-134098,DEV-MAC-75825,1.9827
2026-10-07T16:20:03,payment-api,/transfer,us-west-2,6,34,3,5,2628.77,ERR-000,Healthy,Success,12,3,0,CUST-134098,DEV-MAC-0149A5,0.6557
2026-10-07T16:20:03,fraud-detection,/payment,us-east-1,26,38,43,1,0,ERR-000,Healthy,Success,2,4,0,CUST-112349,DEV-MAC-0149A5,0.4103
2026-10-07T16:20:03,ledger-service,/balance_check,ap-southeast-1,14,6,19,3,0,ERR-000,Healthy,Success,8,4,0,CUST-100483,DEV-WIN-99325,1.5833
2026-10-07T16:20:13,fraud-detection,/payment,eu-west-1,149,83,93,9,0,ERR-106,Low,Failure,20,40,1,CUST-123456,DEV-WIN-84725,2.1917
2026-10-07T16:20:23,ledger-service,/balance_check,us-west-2,29,20,45,4,0,ERR-303,Low,Failure,17,25,1,CUST-100483,DEV-LIN-11235,3.1833
2026-10-07T16:20:33,ledger-service,/balance_check,us-west-2,29,20,45,4,0,ERR-102,Low,Failure,6,31,1,CUST-123456,DEV-LIN-11235,3.1833
2026-10-07T16:20:33,fraud-detection,/payment,us-west-2,144,84,97,10,0,ERR-705,Low,Failure,15,24,1,CUST-112349,DEV-LIN-11235,2.2647
2026-10-07T16:20:43,trading-engine,/trade,ap-southeast-1,149,79,57,2,5322.72,ERR-104,Low,Failure,10,27,1,CUST-123456,DEV-MAC-75825,11.308
2026-10-07T16:20:43,ledger-service,/balance_check,eu-west-1,27,18,50,4,0,ERR-303,Low,Failure,20,35,1,CUST-109482,DEV-WIN-84725,3.1333
2026-10-07T16:20:43,payment-api,/withdrawal,eu-west-1,154,80,60,15,1455.91,ERR-203,Low,Failure,7,25,1,CUST-112349,DEV-MAC-0149A5,2.5827
2026-10-07T16:20:43,fraud-detection,/payment,eu-west-1,146,86,100,10,0,ERR-209,Low,Failure,4,38,1,CUST-100483,DEV-WIN-84725,2.286
2026-10-07T16:20:53,ledger-service,/balance_check,ap-southeast-1,36,20,54,6,0,ERR-205,High,Failure,3,83,1,CUST-134098,DEV-MAC-0149A5,3.9667
2026-10-07T16:21:03,ledger-service,/balance_check,ap-southeast-1,30,20,54,5,0,ERR-108,High,Failure,11,83,1,CUST-134098,DEV-WIN-84725,3.5667
2026-10-07T16:21:13,ledger-service,/balance_check,us-east-1,36,21,53,5,0,ERR-903,High,Failure,15,83,1,CUST-134098,DEV-LIN-11235,3.7833
2026-10-07T16:21:23,ledger-service,/balance_check,eu-west-1,36,20,50,5,0,ERR-702,High,Failure,10,87,1,CUST-134098,DEV-MAC-0149A5,3.7
2026-10-07T16:21:33,ledger-service,/balance_check,eu-west-1,29,19,48,5,0,ERR-205,Low,Failure,14,39,1,CUST-100483,DEV-WIN-84725,3.4
2026-10-07T16:21:33,trading-engine,/trade,us-west-2,145,79,56,1,9086.85,ERR-305,Low,Failure,14,26,1,CUST-112349,DEV-MAC-75825,10.5394
2026-10-07T16:21:33,payment-api,/transfer,us-east-1,155,74,57,15,1843.95,ERR-903,Low,Failure,19,38,1,CUST-112349,DEV-MAC-0149A5,2.5217
2026-10-07T16:21:33,investment-engine,/portfolio,ap-southeast-1,86,56,8,20,9743.84,ERR-000,Healthy,Success,15,1,0,CUST-134098,DEV-MAC-75825,1.249
2026-10-07T16:21:43,trading-engine,/trade,us-east-1,172,96,66,2,8375.21,ERR-903,High,Failure,8,82,1,CUST-109482,DEV-LIN-11235,12.9156
2026-10-07T16:21:43,investment-engine,/portfolio,us-east-1,200,81,90,24,13571.25,ERR-109,Low,Failure,11,26,1,CUST-100483,DEV-MAC-75825,2.0474
2026-10-07T16:21:43,ledger-service,/balance_check,eu-west-1,28,16,49,4,0,ERR-104,Low,Failure,16,33,1,CUST-100483,DEV-MAC-0149A5,3.0833
2026-10-07T16:21:53,fraud-detection,/payment,eu-west-1,147,81,100,10,0,ERR-205,Low,Failure,13,22,1,CUST-112349,DEV-WIN-99325,2.2802
2026-10-07T16:21:53,trading-engine,/trade,us-east-1,154,80,62,2,2345.95,ERR-304,High,Failure,11,81,1,CUST-112349,DEV-WIN-99325,11.6544
2026-10-07T16:21:53,ledger-service,/balance_check,eu-west-1,27,18,41,5,0,ERR-203,Low,Failure,13,36,1,CUST-134098,DEV-MAC-0149A5,3.1833
2026-10-07T16:22:03,fraud-detection,/payment,ap-southeast-1,136,86,97,10,0,ERR-104,Low,Failure,10,33,1,CUST-134098,DEV-MAC-0149A5,2.2164
2026-10-07T16:22:03,auth-service,/login,eu-west-1,47,19,46,4,0,ERR-210,Low,Failure,9,39,1,CUST-134098,DEV-MAC-75825,2.3425
2026-10-07T16:22:03,ledger-service,/balance_check,eu-west-1,29,20,45,4,0,ERR-705,Low,Failure,3,25,1,CUST-123456,DEV-LIN-11235,3.1833
2026-10-07T16:22:13,ledger-service,/balance_check,us-west-2,17,12,10,3,0,ERR-000,Healthy,Success,9,1,0,CUST-109482,DEV-WIN-99325,1.7333
2026-10-07T16:22:13,investment-engine,/portfolio,us-east-1,170,90,85,26,6054.23,ERR-205,Low,Failure,13,24,1,CUST-112349,DEV-MAC-0149A5,2.0493
2026-10-07T16:22:23,ledger-service,/balance_check,us-west-2,25,19,42,4,0,ERR-104,Low,Failure,5,22,1,CUST-109482,DEV-MAC-0149A5,2.9667
2026-10-07T16:22:23,investment-engine,/portfolio,us-east-1,184,82,86,27,7718.59,ERR-203,Low,Failure,5,27,1,CUST-100483,DEV-WIN-84725,2.0913
2026-10-07T16:22:33,ledger-service,/balance_check,us-west-2,27,19,49,5,0,ERR-310,Low,Failure,9,35,1,CUST-123456,DEV-WIN-99325,3.35
2026-10-07T16:22:33,investment-engine,/portfolio,ap-southeast-1,79,53,14,15,13723.67,ERR-000,Healthy,Success,5,5,0,CUST-109482,DEV-WIN-99325,1.0557
2026-10-07T16:22:43,auth-service,/login,us-east-1,50,19,48,4,0,ERR-901,Low,Failure,9,24,1,CUST-112349,DEV-MAC-75825,2.405
2026-10-07T16:22:43,fraud-detection,/payment,us-east-1,17,2,11,7,0,ERR-000,Healthy,Success,10,1,0,CUST-100483,DEV-WIN-84725,0.8291
2026-10-07T16:22:53,payment-api,/transfer,ap-southeast-1,134,67,57,13,9187.66,ERR-305,Low,Failure,5,30,1,CUST-109482,DEV-WIN-99325,2.246
2026-10-07T16:22:53,ledger-service,/balance_check,us-east-1,32,24,54,6,0,ERR-903,High,Failure,20,82,1,CUST-109482,DEV-MAC-75825,3.9667
2026-10-07T16:23:03,ledger-service,/balance_check,ap-southeast-1,32,22,60,5,0,ERR-903,High,Failure,7,81,1,CUST-109482,DEV-WIN-84725,3.8
2026-10-07T16:23:03,payment-api,/transfer,eu-west-1,178,93,70,18,658.6,ERR-903,High,Failure,10,86,1,CUST-112349,DEV-MAC-75825,3.037
2026-10-07T16:23:13,ledger-service,/balance_check,us-west-2,32,22,54,6,0,ERR-903,High,Failure,17,80,1,CUST-134098,DEV-MAC-0149A5,3.9
2026-10-07T16:23:23,ledger-service,/balance_check,us-west-2,30,18,47,4,0,ERR-302,Low,Failure,16,20,1,CUST-100483,DEV-WIN-99325,3.1833
2026-10-07T16:23:23,auth-service,/login,ap-southeast-1,51,21,50,5,0,ERR-105,Medium,Failure,11,77,1,CUST-123456,DEV-LIN-11235,2.6825
2026-10-07T16:23:43,ledger-service,/balance_check,us-east-1,31,23,54,6,0,ERR-903,High,Failure,15,83,1,CUST-112349,DEV-WIN-99325,3.9
2026-10-07T16:23:43,fraud-detection,/payment,us-east-1,139,81,98,10,0,ERR-305,Low,Failure,19,31,1,CUST-109482,DEV-MAC-75825,2.2249
2026-10-07T16:23:53,investment-engine,/portfolio,us-east-1,93,60,16,15,11937.77,ERR-000,Healthy,Success,14,2,0,CUST-109482,DEV-MAC-0149A5,1.1412
2026-10-07T16:23:53,ledger-service,/balance_check,us-east-1,27,19,45,5,0,ERR-110,Low,Failure,8,35,1,CUST-123456,DEV-LIN-11235,3.2833
2026-10-07T16:23:53,fraud-detection,/payment,us-east-1,149,88,98,10,0,ERR-109,Low,Failure,20,40,1,CUST-100483,DEV-WIN-99325,2.309
2026-10-07T16:23:53,auth-service,/login,eu-west-1,50,18,48,5,0,ERR-101,Low,Failure,13,39,1,CUST-112349,DEV-MAC-75825,2.585
2026-10-07T16:24:03,fraud-detection,/payment,ap-southeast-1,148,85,96,10,0,ERR-105,Low,Failure,14,32,1,CUST-100483,DEV-MAC-75825,2.2929
2026-10-07T16:24:13,ledger-service,/balance_check,ap-southeast-1,29,18,48,4,0,ERR-901,Low,Failure,1,20,1,CUST-112349,DEV-WIN-99325,3.1667
2026-10-07T16:24:13,auth-service,/login,eu-west-1,50,20,51,5,0,ERR-201,Medium,Failure,11,69,1,CUST-112349,DEV-LIN-11235,2.6625
2026-10-07T16:24:23,ledger-service,/balance_check,eu-west-1,36,21,60,6,0,ERR-903,High,Failure,1,82,1,CUST-100483,DEV-WIN-84725,4.1
2026-10-07T16:24:23,fraud-detection,/payment,ap-southeast-1,125,82,83,8,0,ERR-103,Low,Failure,17,28,1,CUST-123456,DEV-MAC-75825,1.9194
2026-10-07T16:24:33,trading-engine,/trade,ap-southeast-1,145,77,57,2,1390.09,ERR-101,Low,Failure,8,21,1,CUST-109482,DEV-WIN-99325,11.0347
2026-10-07T16:24:43,auth-service,/login,ap-southeast-1,47,18,47,4,0,ERR-105,Low,Failure,7,23,1,CUST-123456,DEV-MAC-0149A5,2.335
2026-10-07T16:24:43,payment-api,/transfer,us-west-2,183,96,64,16,9143.54,ERR-903,High,Failure,5,85,1,CUST-123456,DEV-MAC-0149A5,2.9187
2026-10-07T16:24:43,investment-engine,/portfolio,ap-southeast-1,187,89,83,29,9275.8,ERR-704,Low,Failure,9,38,1,CUST-134098,DEV-LIN-11235,2.1971
2026-10-07T16:24:53,trading-engine,/trade,ap-southeast-1,135,77,56,2,8344.01,ERR-701,Low,Failure,8,30,1,CUST-112349,DEV-WIN-99325,10.366
2026-10-07T16:24:53,payment-api,/withdrawal,us-east-1,149,76,59,14,3534.51,ERR-102,Low,Failure,19,26,1,CUST-109482,DEV-WIN-99325,2.4577
2026-10-07T16:25:03,payment-api,/withdrawal,eu-west-1,178,83,70,18,4586.14,ERR-903,High,Failure,9,85,1,CUST-134098,DEV-WIN-84725,2.9537
2026-10-07T16:25:13,payment-api,/withdrawal,eu-west-1,195,100,79,21,8422.89,ERR-901,Critical,Failure,12,100,1,CUST-134098,DEV-WIN-84725,3.4083
2026-10-07T16:25:13,auth-service,/login,ap-southeast-1,50,18,46,4,0,ERR-204,Low,Failure,13,31,1,CUST-123456,DEV-LIN-11235,2.36
2026-10-07T16:25:13,trading-engine,/trade,us-east-1,142,78,59,2,2214.63,ERR-308,Low,Failure,4,21,1,CUST-112349,DEV-WIN-99325,10.8419
2026-10-07T16:25:33,payment-api,/transfer,us-east-1,156,74,58,13,4976.12,ERR-210,Low,Failure,12,39,1,CUST-109482,DEV-MAC-75825,2.3973
2026-10-07T16:25:33,ledger-service,/balance_check,us-east-1,25,16,40,5,0,ERR-107,Low,Failure,5,31,1,CUST-100483,DEV-MAC-75825,3.0333
2026-10-07T16:25:43,ledger-service,/balance_check,us-east-1,20,6,29,2,0,ERR-000,Healthy,Success,6,3,0,CUST-112349,DEV-WIN-84725,1.75
2026-10-07T16:25:53,payment-api,/transfer,us-west-2,160,80,65,15,4956.51,ERR-102,High,Failure,18,89,1,CUST-134098,DEV-WIN-99325,2.6317
2026-10-07T16:25:53,ledger-service,/balance_check,us-east-1,30,20,45,5,0,ERR-307,Low,Failure,2,27,1,CUST-123456,DEV-MAC-75825,3.4167
2026-10-07T16:26:03,fraud-detection,/payment,ap-southeast-1,135,88,97,10,0,ERR-703,Low,Failure,14,22,1,CUST-112349,DEV-WIN-99325,2.2147
2026-10-07T16:26:03,auth-service,/login,us-east-1,45,20,46,4,0,ERR-101,Low,Failure,10,24,1,CUST-109482,DEV-WIN-84725,2.3375
2026-10-07T16:26:23,ledger-service,/balance_check,us-east-1,29,17,41,5,0,ERR-206,Low,Failure,4,27,1,CUST-112349,DEV-LIN-11235,3.2167
2026-10-07T16:26:33,ledger-service,/balance_check,ap-southeast-1,27,20,46,4,0,ERR-901,Low,Failure,10,28,1,CUST-123456,DEV-MAC-75825,3.1333
2026-10-07T16:26:33,investment-engine,/portfolio,us-west-2,305,100,100,53,8230.12,ERR-903,Critical,Failure,7,91,1,CUST-100483,DEV-LIN-11235,3.4786
2026-10-07T16:26:33,payment-api,/withdrawal,eu-west-1,151,80,54,14,9649.91,ERR-208,Low,Failure,19,40,1,CUST-134098,DEV-MAC-0149A5,2.474
2026-10-07T16:26:33,fraud-detection,/payment,eu-west-1,150,85,95,10,0,ERR-210,Low,Failure,2,36,1,CUST-109482,DEV-MAC-75825,2.3053
2026-10-07T16:26:43,fraud-detection,/payment,ap-southeast-1,135,82,99,10,0,ERR-106,Low,Failure,16,33,1,CUST-123456,DEV-WIN-84725,2.2017
2026-10-07T16:26:43,ledger-service,/balance_check,us-west-2,30,20,49,4,0,ERR-206,Low,Failure,8,33,1,CUST-100483,DEV-MAC-75825,3.2833
2026-10-07T16:26:43,payment-api,/transfer,ap-southeast-1,154,80,57,14,1755.91,ERR-904,Low,Failure,10,28,1,CUST-123456,DEV-LIN-11235,2.501
2026-10-07T16:26:53,fraud-detection,/payment,us-east-1,174,90,100,11,0,ERR-704,High,Failure,2,86,1,CUST-134098,DEV-MAC-75825,2.5827
2026-10-07T16:26:53,ledger-service,/balance_check,us-west-2,28,20,49,4,0,ERR-309,Low,Failure,7,30,1,CUST-123456,DEV-MAC-0149A5,3.2167
2026-10-07T16:27:03,ledger-service,/balance_check,eu-west-1,27,19,46,5,0,ERR-302,Low,Failure,2,28,1,CUST-134098,DEV-WIN-99325,3.3
2026-10-07T16:27:13,auth-service,/login,us-west-2,46,20,48,4,0,ERR-107,Low,Failure,7,22,1,CUST-100483,DEV-WIN-84725,2.375
2026-10-07T16:27:13,trading-engine,/trade,us-east-1,137,77,55,1,5695.72,ERR-202,Low,Failure,4,33,1,CUST-134098,DEV-LIN-11235,9.9974
2026-10-07T16:27:33,trading-engine,/trade,ap-southeast-1,138,77,56,1,3559.33,ERR-103,Low,Failure,4,22,1,CUST-100483,DEV-WIN-99325,10.066
2026-10-07T16:27:33,ledger-service,/balance_check,us-west-2,29,18,48,5,0,ERR-905,Low,Failure,8,36,1,CUST-112349,DEV-MAC-0149A5,3.3667
2026-10-07T16:27:53,fraud-detection,/payment,us-east-1,147,75,87,9,0,ERR-106,Low,Failure,16,30,1,CUST-100483,DEV-MAC-0149A5,2.1525
2026-10-07T16:27:53,investment-engine,/portfolio,eu-west-1,199,81,82,30,13949.15,ERR-109,Low,Failure,15,29,1,CUST-109482,DEV-MAC-0149A5,2.2285
2026-10-07T16:27:53,trading-engine,/trade,us-east-1,140,75,57,1,712.28,ERR-701,Low,Failure,20,27,1,CUST-109482,DEV-MAC-75825,10.1947
2026-10-07T16:27:53,payment-api,/withdrawal,us-east-1,152,73,54,15,2040.17,ERR-309,Low,Failure,19,22,1,CUST-134098,DEV-MAC-0149A5,2.4863
2026-10-07T16:28:03,ledger-service,/balance_check,us-west-2,31,24,59,5,0,ERR-903,High,Failure,4,82,1,CUST-100483,DEV-MAC-75825,3.8167
2026-10-07T16:28:13,ledger-service,/balance_check,us-east-1,24,19,40,4,0,ERR-307,Low,Failure,19,36,1,CUST-123456,DEV-WIN-99325,2.9
2026-10-07T16:28:23,payment-api,/withdrawal,us-west-2,148,72,60,13,4946.35,ERR-307,Low,Failure,10,40,1,CUST-134098,DEV-WIN-84725,2.3587
2026-10-07T16:28:33,payment-api,/transfer,ap-southeast-1,181,80,64,15,382.17,ERR-210,High,Failure,16,84,1,CUST-100483,DEV-WIN-99325,2.7107
2026-10-07T16:28:33,investment-engine,/portfolio,us-west-2,170,77,80,27,12908.23,ERR-305,Low,Failure,17,36,1,CUST-100483,DEV-WIN-84725,2.0079
2026-10-07T16:28:43,ledger-service,/balance_check,ap-southeast-1,30,18,47,5,0,ERR-101,Low,Failure,20,38,1,CUST-109482,DEV-MAC-0149A5,3.3833
2026-10-07T16:28:43,payment-api,/transfer,us-west-2,163,90,67,16,3045.58,ERR-903,High,Failure,6,85,1,CUST-109482,DEV-WIN-99325,2.8037
2026-10-07T16:28:53,payment-api,/transfer,eu-west-1,148,80,58,13,7808.13,ERR-204,Low,Failure,5,26,1,CUST-123456,DEV-WIN-84725,2.4153
2026-10-07T16:28:53,auth-service,/login,ap-southeast-1,8,10,27,1,0,ERR-000,Healthy,Success,16,4,0,CUST-112349,DEV-MAC-0149A5,0.8375
2026-10-07T16:29:03,ledger-service,/balance_check,us-west-2,27,20,49,5,0,ERR-903,Low,Failure,7,34,1,CUST-100483,DEV-WIN-99325,3.3833
2026-10-07T16:29:03,auth-service,/login,us-west-2,49,18,49,5,0,ERR-203,Low,Failure,19,22,1,CUST-100483,DEV-MAC-75825,2.585
2026-10-07T16:29:13,ledger-service,/balance_check,us-west-2,30,20,50,4,0,ERR-209,Low,Failure,6,35,1,CUST-109482,DEV-WIN-84725,3.3
2026-10-07T16:29:23,auth-service,/login,eu-west-1,50,20,52,5,0,ERR-302,Medium,Failure,9,67,1,CUST-109482,DEV-WIN-84725,2.675
2026-10-07T16:29:23,fraud-detection,/payment,eu-west-1,150,82,100,9,0,ERR-104,Low,Failure,9,31,1,CUST-123456,DEV-MAC-0149A5,2.2027
2026-10-07T16:29:33,fraud-detection,/payment,ap-southeast-1,137,85,88,10,0,ERR-210,Low,Failure,8,26,1,CUST-134098,DEV-WIN-84725,2.2118
2026-10-07T16:29:33,ledger-service,/balance_check,eu-west-1,36,20,54,5,0,ERR-203,High,Failure,8,80,1,CUST-112349,DEV-WIN-84725,3.7667
2026-10-07T16:29:43,investment-engine,/portfolio,us-west-2,131,36,27,14,9193.65,ERR-000,Healthy,Success,7,0,0,CUST-112349,DEV-LIN-11235,1.1361
2026-10-07T16:29:43,fraud-detection,/payment,eu-west-1,147,89,99,10,0,ERR-109,Low,Failure,15,22,1,CUST-134098,DEV-LIN-11235,2.2992
2026-10-07T16:29:53,ledger-service,/balance_check,us-east-1,28,18,47,5,0,ERR-201,Low,Failure,18,37,1,CUST-134098,DEV-WIN-84725,3.3167
2026-10-07T16:30:03,payment-api,/transfer,ap-southeast-1,105,23,4,1,396.32,ERR-000,Healthy,Success,3,0,0,CUST-100483,DEV-MAC-75825,0.6983
2026-10-07T16:30:03,ledger-service,/balance_check,us-west-2,28,20,46,5,0,ERR-109,Low,Failure,20,23,1,CUST-112349,DEV-LIN-11235,3.3667
2026-10-07T16:30:03,auth-service,/login,eu-west-1,50,20,49,4,0,ERR-304,Low,Failure,8,30,1,CUST-109482,DEV-MAC-75825,2.4375
2026-10-07T16:30:03,trading-engine,/trade,ap-southeast-1,147,77,60,1,3794.4,ERR-701,Low,Failure,10,29,1,CUST-123456,DEV-WIN-99325,10.6739
2026-10-07T16:30:13,fraud-detection,/payment,us-east-1,135,86,98,9,0,ERR-103,Low,Failure,8,28,1,CUST-112349,DEV-WIN-84725,2.1107
2026-10-07T16:30:13,payment-api,/transfer,eu-west-1,147,72,55,15,583.38,ERR-103,Low,Failure,13,25,1,CUST-134098,DEV-LIN-11235,2.463
2026-10-07T16:30:13,trading-engine,/trade,us-east-1,146,73,57,1,933.96,ERR-303,Low,Failure,19,35,1,CUST-100483,DEV-MAC-0149A5,10.588
2026-10-07T16:30:23,fraud-detection,/payment,us-east-1,150,75,83,9,0,ERR-705,Low,Failure,8,37,1,CUST-112349,DEV-LIN-11235,2.1686
2026-10-07T16:30:33,ledger-service,/balance_check,us-west-2,36,20,56,6,0,ERR-207,High,Failure,12,88,1,CUST-100483,DEV-LIN-11235,4
2026-10-07T16:30:43,payment-api,/transfer,us-west-2,169,93,67,17,5264.12,ERR-903,High,Failure,20,88,1,CUST-123456,DEV-WIN-84725,2.9193
2026-10-07T16:30:53,investment-engine,/portfolio,eu-west-1,170,77,89,28,5778.89,ERR-103,Low,Failure,8,29,1,CUST-112349,DEV-WIN-84725,2.0588
2026-10-07T16:30:53,ledger-service,/balance_check,us-west-2,30,19,46,4,0,ERR-209,Low,Failure,6,28,1,CUST-123456,DEV-WIN-99325,3.2
2026-10-07T16:30:53,trading-engine,/trade,us-east-1,145,79,54,2,3248.26,ERR-704,Low,Failure,15,34,1,CUST-100483,DEV-WIN-84725,11.0355
2026-10-07T16:31:03,ledger-service,/balance_check,us-west-2,1,3,19,2,0,ERR-000,Healthy,Success,13,4,0,CUST-100483,DEV-WIN-84725,0.85
2026-10-07T16:31:13,fraud-detection,/payment,us-east-1,150,90,92,9,0,ERR-702,Low,Failure,8,28,1,CUST-123456,DEV-LIN-11235,2.2148
2026-10-07T16:31:13,payment-api,/transfer,ap-southeast-1,96,19,14,3,5154.29,ERR-000,Healthy,Success,11,2,0,CUST-123456,DEV-MAC-75825,0.8123
2026-10-07T16:31:23,fraud-detection,/payment,us-west-2,204,100,100,13,0,ERR-904,Critical,Failure,2,100,1,CUST-109482,DEV-MAC-75825,3.0077
2026-10-07T16:31:43,ledger-service,/balance_check,us-west-2,32,23,53,6,0,ERR-903,High,Failure,8,81,1,CUST-109482,DEV-MAC-75825,3.9167
2026-10-07T16:31:43,fraud-detection,/payment,eu-west-1,6,54,7,6,0,ERR-000,Healthy,Success,1,3,0,CUST-123456,DEV-WIN-84725,0.7818
2026-10-07T16:31:53,payment-api,/transfer,us-east-1,168,84,69,15,4354.77,ERR-903,High,Failure,5,86,1,CUST-100483,DEV-MAC-0149A5,2.717
2026-10-07T16:32:03,ledger-service,/balance_check,us-east-1,34,24,51,6,0,ERR-903,High,Failure,18,84,1,CUST-134098,DEV-WIN-99325,3.9833
2026-10-07T16:32:03,fraud-detection,/payment,us-east-1,151,100,100,10,0,ERR-904,High,Failure,15,90,1,CUST-134098,DEV-LIN-11235,2.3543
2026-10-07T16:32:13,ledger-service,/balance_check,ap-southeast-1,27,17,42,5,0,ERR-701,Low,Failure,4,22,1,CUST-109482,DEV-MAC-0149A5,3.1667
2026-10-07T16:32:23,auth-service,/login,us-east-1,47,20,49,5,0,ERR-901,Low,Failure,12,35,1,CUST-112349,DEV-MAC-0149A5,2.6
2026-10-07T16:32:23,fraud-detection,/payment,us-west-2,128,77,100,10,0,ERR-107,Low,Failure,7,24,1,CUST-134098,DEV-MAC-0149A5,2.1435
2026-10-07T16:32:43,auth-service,/login,ap-southeast-1,42,19,50,4,0,ERR-109,Low,Failure,6,27,1,CUST-134098,DEV-MAC-75825,2.33
2026-10-07T16:32:43,ledger-service,/balance_check,us-west-2,31,20,52,5,0,ERR-208,High,Failure,11,83,1,CUST-112349,DEV-MAC-0149A5,3.5667
2026-10-07T16:32:53,investment-engine,/portfolio,ap-southeast-1,213,98,93,34,12451.89,ERR-903,High,Failure,1,85,1,CUST-100483,DEV-WIN-99325,2.515
2026-10-07T16:33:03,ledger-service,/balance_check,us-west-2,5,9,7,1,0,ERR-000,Healthy,Success,5,0,0,CUST-109482,DEV-LIN-11235,0.7833
2026-10-07T16:33:03,trading-engine,/trade,us-west-2,176,94,71,2,2212.64,ERR-903,High,Failure,15,87,1,CUST-123456,DEV-WIN-99325,13.1853
2026-10-07T16:33:03,payment-api,/withdrawal,ap-southeast-1,151,80,60,13,3886.76,ERR-204,Low,Failure,9,29,1,CUST-112349,DEV-MAC-75825,2.4373
2026-10-07T16:33:03,investment-engine,/portfolio,eu-west-1,166,78,84,30,7033.08,ERR-207,Low,Failure,18,26,1,CUST-112349,DEV-MAC-0149A5,2.1074
2026-10-07T16:33:13,ledger-service,/balance_check,us-east-1,26,19,43,5,0,ERR-210,Low,Failure,4,24,1,CUST-134098,DEV-LIN-11235,3.2167
2026-10-07T16:33:13,investment-engine,/portfolio,us-east-1,189,84,87,29,6451.93,ERR-209,Low,Failure,12,31,1,CUST-100483,DEV-WIN-84725,2.1866
2026-10-07T16:33:13,fraud-detection,/payment,eu-west-1,141,85,100,10,0,ERR-202,Low,Failure,10,20,1,CUST-134098,DEV-MAC-0149A5,2.2502
2026-10-07T16:33:23,payment-api,/withdrawal,us-west-2,133,69,51,13,9250.02,ERR-000,Normal,Success,12,13,0,CUST-123456,DEV-WIN-99325,2.2287
2026-10-07T16:33:23,fraud-detection,/payment,us-east-1,143,77,80,10,0,ERR-309,Low,Failure,3,25,1,CUST-134098,DEV-WIN-84725,2.224
2026-10-07T16:33:23,trading-engine,/trade,us-east-1,124,68,57,2,9244.43,ERR-302,Low,Failure,19,36,1,CUST-100483,DEV-MAC-75825,9.6047
2026-10-07T16:33:33,investment-engine,/portfolio,us-east-1,196,89,85,27,5290.54,ERR-109,Low,Failure,9,24,1,CUST-109482,DEV-WIN-99325,2.1643
2026-10-07T16:33:33,auth-service,/login,us-west-2,42,16,48,5,0,ERR-108,Low,Failure,19,38,1,CUST-134098,DEV-WIN-84725,2.445
2026-10-07T16:33:43,payment-api,/transfer,ap-southeast-1,145,80,59,14,2635.99,ERR-109,Low,Failure,9,26,1,CUST-109482,DEV-WIN-84725,2.475
2026-10-07T16:33:53,payment-api,/transfer,eu-west-1,137,64,48,12,5234.83,ERR-000,Normal,Success,20,6,0,CUST-100483,DEV-WIN-99325,2.1213
2026-10-07T16:34:03,ledger-service,/balance_check,ap-southeast-1,29,19,47,4,0,ERR-905,Low,Failure,15,40,1,CUST-109482,DEV-MAC-75825,3.1833
2026-10-07T16:34:13,ledger-service,/balance_check,us-east-1,24,20,45,4,0,ERR-903,Low,Failure,6,40,1,CUST-109482,DEV-MAC-0149A5,3.0167
2026-10-07T16:34:23,investment-engine,/portfolio,us-west-2,232,90,97,34,7677.58,ERR-307,High,Failure,5,80,1,CUST-109482,DEV-WIN-84725,2.5461
2026-10-07T16:34:23,ledger-service,/balance_check,us-west-2,28,20,46,4,0,ERR-704,Low,Failure,19,29,1,CUST-112349,DEV-LIN-11235,3.1667
2026-10-07T16:34:33,payment-api,/withdrawal,us-east-1,137,64,60,12,5174.55,ERR-305,Low,Failure,9,40,1,CUST-100483,DEV-MAC-75825,2.1813
2026-10-07T16:34:33,investment-engine,/portfolio,us-west-2,165,89,80,30,12663.29,ERR-703,Low,Failure,5,33,1,CUST-123456,DEV-WIN-84725,2.1512
2026-10-07T16:34:43,ledger-service,/balance_check,ap-southeast-1,28,19,50,4,0,ERR-902,Low,Failure,10,40,1,CUST-100483,DEV-WIN-84725,3.2
2026-10-07T16:34:43,payment-api,/withdrawal,eu-west-1,159,80,60,13,1049.09,ERR-307,Low,Failure,16,30,1,CUST-123456,DEV-WIN-99325,2.4693
2026-10-07T16:34:53,ledger-service,/balance_check,us-west-2,26,17,44,5,0,ERR-204,Low,Failure,19,27,1,CUST-123456,DEV-MAC-0149A5,3.1667
2026-10-07T16:35:03,payment-api,/withdrawal,us-east-1,146,75,54,14,447.09,ERR-304,Low,Failure,12,39,1,CUST-109482,DEV-WIN-84725,2.4123
2026-10-07T16:35:03,auth-service,/login,us-west-2,50,20,51,5,0,ERR-701,Medium,Failure,5,62,1,CUST-100483,DEV-MAC-75825,2.6625
2026-10-07T16:35:13,ledger-service,/balance_check,eu-west-1,25,17,44,5,0,ERR-205,Low,Failure,3,28,1,CUST-112349,DEV-MAC-0149A5,3.1333
2026-10-07T16:35:23,investment-engine,/portfolio,ap-southeast-1,192,85,87,28,14608.28,ERR-110,Low,Failure,18,21,1,CUST-100483,DEV-WIN-84725,2.1683
2026-10-07T16:35:33,trading-engine,/trade,ap-southeast-1,142,77,57,1,5730.53,ERR-306,Low,Failure,2,40,1,CUST-123456,DEV-MAC-75825,10.3347
2026-10-07T16:35:33,auth-service,/login,us-east-1,48,19,48,4,0,ERR-103,Low,Failure,2,23,1,CUST-109482,DEV-WIN-99325,2.38
2026-10-07T16:35:43,trading-engine,/trade,eu-west-1,142,72,56,1,4042.82,ERR-208,Low,Failure,19,23,1,CUST-134098,DEV-MAC-75825,10.316
2026-10-07T16:35:43,ledger-service,/balance_check,eu-west-1,27,19,48,5,0,ERR-308,Low,Failure,10,36,1,CUST-112349,DEV-MAC-0149A5,3.3333
2026-10-07T16:35:53,investment-engine,/portfolio,ap-southeast-1,196,84,89,30,9373.97,ERR-208,Low,Failure,15,20,1,CUST-100483,DEV-WIN-84725,2.2472
2026-10-07T16:35:53,fraud-detection,/payment,eu-west-1,136,87,97,10,0,ERR-202,Low,Failure,19,21,1,CUST-109482,DEV-MAC-75825,2.2189
2026-10-07T16:35:53,auth-service,/login,us-west-2,49,20,48,5,0,ERR-107,Low,Failure,12,40,1,CUST-109482,DEV-MAC-75825,2.6125
2026-10-07T16:36:03,payment-api,/transfer,eu-west-1,197,98,73,20,2715.61,ERR-901,Critical,Failure,14,90,1,CUST-100483,DEV-WIN-99325,3.303
2026-10-07T16:36:23,payment-api,/withdrawal,ap-southeast-1,149,80,56,15,5468.27,ERR-204,Low,Failure,6,40,1,CUST-109482,DEV-WIN-99325,2.5427
2026-10-07T16:36:33,ledger-service,/balance_check,us-east-1,26,16,48,4,0,ERR-702,Low,Failure,10,37,1,CUST-109482,DEV-MAC-75825,3
2026-10-07T16:36:43,payment-api,/withdrawal,us-east-1,160,74,55,14,786.08,ERR-203,Low,Failure,5,30,1,CUST-109482,DEV-MAC-0149A5,2.465
2026-10-07T16:36:53,payment-api,/transfer,us-east-1,158,74,58,13,4456.73,ERR-302,Low,Failure,2,33,1,CUST-123456,DEV-WIN-84725,2.4053
2026-10-07T16:36:53,ledger-service,/balance_check,eu-west-1,31,23,54,5,0,ERR-903,High,Failure,16,80,1,CUST-112349,DEV-LIN-11235,3.7
2026-10-07T16:37:03,trading-engine,/trade,eu-west-1,136,76,56,2,6646.01,ERR-105,Low,Failure,15,35,1,CUST-109482,DEV-WIN-99325,10.4294
2026-10-07T16:37:03,ledger-service,/balance_check,eu-west-1,24,20,46,4,0,ERR-205,Low,Failure,15,21,1,CUST-134098,DEV-WIN-84725,3.0333
2026-10-07T16:37:03,payment-api,/transfer,ap-southeast-1,136,72,59,13,2709.33,ERR-703,Low,Failure,7,29,1,CUST-109482,DEV-MAC-75825,2.3057
2026-10-07T16:37:13,ledger-service,/balance_check,us-east-1,28,18,43,5,0,ERR-902,Low,Failure,1,27,1,CUST-109482,DEV-MAC-0149A5,3.25
2026-10-07T16:37:23,trading-engine,/trade,ap-southeast-1,149,73,55,2,1812.47,ERR-305,Low,Failure,10,24,1,CUST-109482,DEV-MAC-0149A5,11.2841
2026-10-07T16:37:23,ledger-service,/balance_check,us-east-1,29,20,49,4,0,ERR-102,Low,Failure,9,31,1,CUST-134098,DEV-MAC-0149A5,3.25
2026-10-07T16:37:33,auth-service,/login,us-east-1,46,18,49,4,0,ERR-303,Low,Failure,15,27,1,CUST-123456,DEV-WIN-99325,2.3475
2026-10-07T16:37:33,fraud-detection,/payment,eu-west-1,74,45,9,2,0,ERR-000,Healthy,Success,1,5,0,CUST-109482,DEV-WIN-99325,0.8146
2026-10-07T16:37:43,ledger-service,/balance_check,ap-southeast-1,8,13,19,1,0,ERR-000,Healthy,Success,11,2,0,CUST-123456,DEV-MAC-0149A5,1.2167
2026-10-07T16:37:53,ledger-service,/balance_check,us-east-1,28,19,47,4,0,ERR-308,Low,Failure,1,27,1,CUST-134098,DEV-WIN-99325,3.15
2026-10-07T16:38:03,ledger-service,/balance_check,ap-southeast-1,30,21,59,6,0,ERR-903,High,Failure,13,90,1,CUST-123456,DEV-WIN-84725,3.8833
2026-10-07T16:38:13,ledger-service,/balance_check,us-east-1,4,7,30,2,0,ERR-000,Healthy,Success,10,5,0,CUST-123456,DEV-MAC-0149A5,1.2667
2026-10-07T16:38:23,payment-api,/withdrawal,ap-southeast-1,157,79,51,12,2251.26,ERR-102,Low,Failure,8,29,1,CUST-100483,DEV-LIN-11235,2.3413
2026-10-07T16:38:23,ledger-service,/balance_check,eu-west-1,36,21,51,6,0,ERR-903,High,Failure,13,81,1,CUST-112349,DEV-MAC-75825,3.95
2026-10-07T16:38:23,trading-engine,/trade,eu-west-1,198,100,73,2,2525.37,ERR-901,Critical,Failure,5,97,1,CUST-100483,DEV-WIN-99325,14.6759
2026-10-07T16:38:33,ledger-service,/balance_check,us-west-2,27,19,50,5,0,ERR-106,Low,Failure,20,30,1,CUST-112349,DEV-MAC-75825,3.3667
2026-10-07T16:38:33,payment-api,/withdrawal,us-east-1,146,75,57,13,1886.23,ERR-305,Low,Failure,16,35,1,CUST-100483,DEV-MAC-75825,2.3607
2026-10-07T16:38:43,payment-api,/withdrawal,us-east-1,167,88,69,16,8004.09,ERR-903,High,Failure,15,84,1,CUST-100483,DEV-LIN-11235,2.813
2026-10-07T16:38:43,investment-engine,/portfolio,eu-west-1,197,86,85,30,11430.96,ERR-205,Low,Failure,20,21,1,CUST-123456,DEV-MAC-0149A5,2.2527
2026-10-07T16:38:43,trading-engine,/trade,us-east-1,138,72,54,1,821.96,ERR-205,Low,Failure,2,40,1,CUST-134098,DEV-MAC-75825,10.0455
2026-10-07T16:39:03,ledger-service,/balance_check,us-west-2,30,18,49,5,0,ERR-705,Low,Failure,10,25,1,CUST-100483,DEV-WIN-84725,3.4167
2026-10-07T16:39:03,auth-service,/login,eu-west-1,45,20,48,5,0,ERR-904,Low,Failure,3,24,1,CUST-112349,DEV-MAC-0149A5,2.5625
2026-10-07T16:39:13,ledger-service,/balance_check,ap-southeast-1,29,18,47,5,0,ERR-102,Low,Failure,11,37,1,CUST-123456,DEV-WIN-84725,3.35
2026-10-07T16:39:23,payment-api,/transfer,us-east-1,179,81,61,18,3729.41,ERR-903,High,Failure,5,90,1,CUST-100483,DEV-LIN-11235,2.896
2026-10-07T16:39:23,investment-engine,/portfolio,ap-southeast-1,28,23,10,3,5698.9,ERR-000,Healthy,Success,17,2,0,CUST-112349,DEV-MAC-0149A5,0.3279
2026-10-07T16:39:33,auth-service,/login,ap-southeast-1,28,7,28,3,0,ERR-000,Healthy,Success,17,4,0,CUST-100483,DEV-MAC-0149A5,1.44
2026-10-07T16:39:33,trading-engine,/trade,us-east-1,3,10,39,1,5051.49,ERR-000,Healthy,Success,2,3,0,CUST-100483,DEV-WIN-84725,0.8095
2026-10-07T16:39:43,payment-api,/withdrawal,us-east-1,131,78,57,13,8445.59,ERR-202,Low,Failure,3,28,1,CUST-100483,DEV-MAC-0149A5,2.3257
2026-10-07T16:39:43,ledger-service,/balance_check,ap-southeast-1,29,18,45,5,0,ERR-208,Low,Failure,9,32,1,CUST-112349,DEV-MAC-75825,3.3167
2026-10-07T16:39:43,trading-engine,/trade,us-west-2,198,100,84,2,7055.83,ERR-901,Critical,Failure,11,92,1,CUST-134098,DEV-WIN-99325,14.6974
2026-10-07T16:39:53,payment-api,/withdrawal,us-west-2,201,100,83,21,385.27,ERR-901,Critical,Failure,20,90,1,CUST-123456,DEV-MAC-75825,3.4523
2026-10-07T16:40:03,ledger-service,/balance_check,us-west-2,11,6,11,1,0,ERR-000,Healthy,Success,5,3,0,CUST-100483,DEV-MAC-75825,0.95
2026-10-07T16:40:03,auth-service,/login,us-east-1,45,18,49,4,0,ERR-210,Low,Failure,18,32,1,CUST-134098,DEV-MAC-75825,2.335
2026-10-07T16:40:13,ledger-service,/balance_check,ap-southeast-1,29,19,50,5,0,ERR-207,Low,Failure,18,20,1,CUST-100483,DEV-MAC-0149A5,3.4333
2026-10-07T16:40:13,trading-engine,/trade,us-west-2,143,80,58,2,8578.8,ERR-202,Low,Failure,9,20,1,CUST-112349,DEV-WIN-84725,10.9133
2026-10-07T16:40:23,fraud-detection,/payment,us-west-2,208,100,100,14,0,ERR-904,Critical,Failure,8,90,1,CUST-112349,DEV-LIN-11235,3.1343
2026-10-07T16:40:23,ledger-service,/balance_check,ap-southeast-1,8,11,20,3,0,ERR-000,Healthy,Success,9,1,0,CUST-123456,DEV-WIN-84725,1.5667
2026-10-07T16:40:33,ledger-service,/balance_check,eu-west-1,29,19,45,4,0,ERR-703,Low,Failure,8,29,1,CUST-134098,DEV-LIN-11235,3.15
2026-10-07T16:40:33,payment-api,/transfer,us-west-2,214,100,75,19,3863.06,ERR-901,Critical,Failure,10,100,1,CUST-123456,DEV-WIN-84725,3.331
2026-10-07T16:40:33,auth-service,/login,us-west-2,51,21,50,5,0,ERR-107,Medium,Failure,6,64,1,CUST-109482,DEV-WIN-84725,2.6825
2026-10-07T16:40:33,fraud-detection,/payment,eu-west-1,149,81,95,9,0,ERR-210,Low,Failure,10,38,1,CUST-109482,DEV-LIN-11235,2.1886
2026-10-07T16:40:43,fraud-detection,/payment,us-east-1,145,90,97,9,0,ERR-101,Low,Failure,5,31,1,CUST-109482,DEV-MAC-75825,2.1864
2026-10-07T16:40:43,ledger-service,/balance_check,ap-southeast-1,32,24,57,5,0,ERR-903,High,Failure,14,83,1,CUST-134098,DEV-MAC-75825,3.8167
2026-10-07T16:40:53,ledger-service,/balance_check,eu-west-1,29,19,48,4,0,ERR-903,Low,Failure,2,30,1,CUST-112349,DEV-WIN-99325,3.2
2026-10-07T16:40:53,payment-api,/transfer,us-west-2,153,70,56,14,2833.81,ERR-901,Low,Failure,18,25,1,CUST-112349,DEV-MAC-0149A5,2.4087
2026-10-07T16:41:03,fraud-detection,/payment,us-west-2,230,100,100,17,0,ERR-904,Critical,Failure,8,100,1,CUST-109482,DEV-WIN-84725,3.581
2026-10-07T16:41:03,investment-engine,/portfolio,eu-west-1,47,8,62,13,5509.57,ERR-000,Healthy,Success,6,2,0,CUST-100483,DEV-WIN-84725,0.7511
2026-10-07T16:41:03,ledger-service,/balance_check,eu-west-1,29,17,41,5,0,ERR-205,Low,Failure,15,22,1,CUST-112349,DEV-MAC-0149A5,3.2167
2026-10-07T16:41:13,auth-service,/login,eu-west-1,1,10,14,2,0,ERR-000,Healthy,Success,12,2,0,CUST-134098,DEV-WIN-84725,0.7875
2026-10-07T16:41:13,payment-api,/withdrawal,us-east-1,108,47,29,6,8657.35,ERR-000,Healthy,Success,13,5,0,CUST-123456,DEV-MAC-75825,1.3687
2026-10-07T16:41:33,payment-api,/transfer,us-west-2,38,6,37,6,9142.12,ERR-000,Healthy,Success,6,2,0,CUST-123456,DEV-MAC-75825,0.787
2026-10-07T16:41:33,auth-service,/login,us-west-2,47,20,46,5,0,ERR-103,Low,Failure,4,22,1,CUST-112349,DEV-WIN-99325,2.5625
2026-10-07T16:41:33,fraud-detection,/payment,us-west-2,194,100,100,12,0,ERR-904,Critical,Failure,6,93,1,CUST-100483,DEV-MAC-75825,2.841
2026-10-07T16:41:43,ledger-service,/balance_check,eu-west-1,29,18,42,4,0,ERR-903,Low,Failure,12,26,1,CUST-134098,DEV-LIN-11235,3.0667
2026-10-07T16:41:43,trading-engine,/trade,us-east-1,174,90,72,2,7845.26,ERR-903,High,Failure,20,84,1,CUST-112349,DEV-MAC-0149A5,13.0406
2026-10-07T16:42:23,ledger-service,/balance_check,us-east-1,27,20,48,4,0,ERR-201,Low,Failure,13,21,1,CUST-123456,DEV-MAC-75825,3.1667
2026-10-07T16:42:23,fraud-detection,/payment,eu-west-1,120,72,80,9,0,ERR-101,Low,Failure,11,32,1,CUST-134098,DEV-MAC-0149A5,1.9581
2026-10-07T16:42:33,trading-engine,/trade,us-east-1,79,6,24,1,8298.97,ERR-000,Healthy,Success,10,2,0,CUST-123456,DEV-LIN-11235,5.8335
2026-10-07T16:42:33,fraud-detection,/payment,eu-west-1,138,83,94,9,0,ERR-301,Low,Failure,2,38,1,CUST-100483,DEV-MAC-0149A5,2.1193
2026-10-07T16:42:43,ledger-service,/balance_check,us-east-1,27,18,41,4,0,ERR-701,Low,Failure,3,38,1,CUST-112349,DEV-MAC-0149A5,2.9833
2026-10-07T16:42:53,ledger-service,/balance_check,ap-southeast-1,24,18,50,4,0,ERR-108,Low,Failure,15,32,1,CUST-134098,DEV-WIN-99325,3.0333
2026-10-07T16:43:03,investment-engine,/portfolio,us-west-2,189,89,85,29,8696.79,ERR-701,Low,Failure,7,25,1,CUST-100483,DEV-MAC-75825,2.2077
2026-10-07T16:43:03,trading-engine,/trade,us-west-2,166,83,69,2,7702.5,ERR-903,High,Failure,13,84,1,CUST-109482,DEV-WIN-99325,12.4781
2026-10-07T16:43:03,ledger-service,/balance_check,ap-southeast-1,2,8,33,2,0,ERR-000,Healthy,Success,3,1,0,CUST-112349,DEV-WIN-84725,1.2833
2026-10-07T16:43:23,ledger-service,/balance_check,ap-southeast-1,30,17,48,4,0,ERR-702,Low,Failure,19,32,1,CUST-100483,DEV-WIN-84725,3.1667
2026-10-07T16:43:33,ledger-service,/balance_check,eu-west-1,27,19,43,5,0,ERR-104,Low,Failure,15,20,1,CUST-112349,DEV-WIN-84725,3.25
2026-10-07T16:43:33,fraud-detection,/payment,eu-west-1,48,15,30,4,0,ERR-000,Healthy,Success,6,5,0,CUST-109482,DEV-WIN-84725,0.7868
2026-10-07T16:43:43,auth-service,/login,eu-west-1,2,7,19,2,0,ERR-000,Healthy,Success,2,2,0,CUST-100483,DEV-LIN-11235,0.8025
2026-10-07T16:43:43,ledger-service,/balance_check,eu-west-1,29,19,47,5,0,ERR-308,Low,Failure,12,22,1,CUST-100483,DEV-MAC-75825,3.3833
2026-10-07T16:43:53,trading-engine,/trade,eu-west-1,63,19,25,1,7393.77,ERR-000,Healthy,Success,1,1,0,CUST-134098,DEV-LIN-11235,4.8122
2026-10-07T16:43:53,ledger-service,/balance_check,eu-west-1,27,19,46,5,0,ERR-109,Low,Failure,5,29,1,CUST-112349,DEV-WIN-99325,3.3
2026-10-07T16:44:13,ledger-service,/balance_check,us-west-2,27,19,46,4,0,ERR-303,Low,Failure,8,31,1,CUST-109482,DEV-WIN-99325,3.1
2026-10-07T16:44:43,ledger-service,/balance_check,us-east-1,30,18,49,5,0,ERR-905,Low,Failure,12,36,1,CUST-112349,DEV-WIN-84725,3.4167
2026-10-07T16:44:43,trading-engine,/trade,us-west-2,159,85,72,2,9741.11,ERR-903,High,Failure,12,84,1,CUST-134098,DEV-MAC-75825,12.024
2026-10-07T16:44:53,investment-engine,/portfolio,us-east-1,58,54,6,16,14861.23,ERR-000,Healthy,Success,8,3,0,CUST-109482,DEV-MAC-75825,1.0084
2026-10-07T16:44:53,fraud-detection,/payment,us-east-1,173,100,100,11,0,ERR-705,High,Failure,3,81,1,CUST-123456,DEV-MAC-0149A5,2.601
2026-10-07T16:44:53,ledger-service,/balance_check,us-east-1,29,19,48,4,0,ERR-201,Low,Failure,17,28,1,CUST-100483,DEV-MAC-75825,3.2
2026-10-07T16:44:53,trading-engine,/trade,us-west-2,164,95,62,2,3708.95,ERR-903,High,Failure,10,88,1,CUST-100483,DEV-LIN-11235,12.3711
2026-10-07T16:45:03,investment-engine,/portfolio,ap-southeast-1,217,100,100,31,10425.81,ERR-903,High,Failure,12,85,1,CUST-109482,DEV-WIN-84725,2.452
2026-10-07T16:45:03,fraud-detection,/payment,us-west-2,216,100,100,14,0,ERR-904,Critical,Failure,11,100,1,CUST-134098,DEV-WIN-99325,3.1877
2026-10-07T16:45:13,investment-engine,/portfolio,ap-southeast-1,207,97,100,33,5918.17,ERR-903,High,Failure,7,82,1,CUST-134098,DEV-MAC-0149A5,2.4703
2026-10-07T16:45:13,fraud-detection,/payment,eu-west-1,146,80,94,9,0,ERR-903,Low,Failure,14,22,1,CUST-134098,DEV-WIN-84725,2.1651
2026-10-07T16:45:23,ledger-service,/balance_check,us-west-2,30,19,50,5,0,ERR-701,Low,Failure,5,31,1,CUST-134098,DEV-WIN-84725,3.4667
2026-10-07T16:45:23,payment-api,/transfer,us-east-1,151,76,58,13,3624.31,ERR-701,Low,Failure,5,40,1,CUST-100483,DEV-WIN-99325,2.394
2026-10-07T16:45:33,ledger-service,/balance_check,us-west-2,28,18,49,5,0,ERR-302,Low,Failure,7,40,1,CUST-134098,DEV-LIN-11235,3.35
2026-10-07T16:45:43,ledger-service,/balance_check,ap-southeast-1,26,16,45,5,0,ERR-203,Low,Failure,13,35,1,CUST-134098,DEV-MAC-75825,3.15
2026-10-07T16:45:53,auth-service,/login,us-west-2,51,21,50,5,0,ERR-705,Medium,Failure,8,68,1,CUST-123456,DEV-MAC-0149A5,2.6825
2026-10-07T16:45:53,ledger-service,/balance_check,us-west-2,30,19,48,5,0,ERR-309,Low,Failure,5,32,1,CUST-134098,DEV-LIN-11235,3.4333
2026-10-07T16:46:03,ledger-service,/balance_check,ap-southeast-1,33,23,60,5,0,ERR-903,High,Failure,3,82,1,CUST-109482,DEV-MAC-0149A5,3.8667
2026-10-07T16:46:03,fraud-detection,/payment,us-east-1,138,85,93,10,0,ERR-108,Low,Failure,10,24,1,CUST-134098,DEV-WIN-99325,2.2233
2026-10-07T16:46:13,fraud-detection,/payment,eu-west-1,72,62,53,7,0,ERR-000,Healthy,Success,11,4,0,CUST-123456,DEV-WIN-99325,1.3868
2026-10-07T16:46:13,ledger-service,/balance_check,us-east-1,18,14,9,2,0,ERR-000,Healthy,Success,15,2,0,CUST-100483,DEV-WIN-99325,1.6167
2026-10-07T16:46:23,ledger-service,/balance_check,ap-southeast-1,31,21,55,6,0,ERR-903,High,Failure,5,80,1,CUST-100483,DEV-WIN-84725,3.85
2026-10-07T16:46:23,payment-api,/transfer,us-east-1,170,89,65,17,5499.01,ERR-903,High,Failure,4,81,1,CUST-123456,DEV-LIN-11235,2.88
2026-10-07T16:46:23,fraud-detection,/payment,eu-west-1,152,100,100,11,0,ERR-303,High,Failure,20,83,1,CUST-134098,DEV-MAC-0149A5,2.461
2026-10-07T16:46:33,payment-api,/withdrawal,us-east-1,148,64,60,12,3419.08,ERR-704,Low,Failure,17,32,1,CUST-134098,DEV-MAC-0149A5,2.2253
2026-10-07T16:46:33,ledger-service,/balance_check,us-east-1,12,4,16,1,0,ERR-000,Healthy,Success,3,5,0,CUST-134098,DEV-WIN-84725,1
2026-10-07T16:46:43,fraud-detection,/payment,us-west-2,137,85,95,9,0,ERR-306,Low,Failure,14,34,1,CUST-100483,DEV-WIN-99325,2.1186
2026-10-07T16:46:43,ledger-service,/balance_check,us-east-1,29,19,50,4,0,ERR-304,Low,Failure,9,21,1,CUST-123456,DEV-WIN-84725,3.2333
2026-10-07T16:46:53,trading-engine,/trade,eu-west-1,147,80,57,2,3027.46,ERR-205,Low,Failure,13,36,1,CUST-100483,DEV-WIN-99325,11.178
2026-10-07T16:47:03,ledger-service,/balance_check,eu-west-1,2,12,26,2,0,ERR-000,Healthy,Success,12,3,0,CUST-112349,DEV-MAC-0149A5,1.3
2026-10-07T16:47:03,auth-service,/login,us-east-1,43,20,46,4,0,ERR-204,Low,Failure,7,21,1,CUST-100483,DEV-LIN-11235,2.3125
2026-10-07T16:47:03,trading-engine,/trade,ap-southeast-1,140,72,58,1,7092.35,ERR-110,Low,Failure,17,27,1,CUST-112349,DEV-LIN-11235,10.1866
2026-10-07T16:47:13,ledger-service,/balance_check,eu-west-1,6,1,7,2,0,ERR-000,Healthy,Success,7,1,0,CUST-109482,DEV-MAC-75825,0.75
2026-10-07T16:47:13,auth-service,/login,ap-southeast-1,52,20,52,5,0,ERR-206,Medium,Failure,19,70,1,CUST-134098,DEV-WIN-84725,2.7
2026-10-07T16:47:23,ledger-service,/balance_check,eu-west-1,20,7,21,3,0,ERR-000,Healthy,Success,2,0,0,CUST-134098,DEV-MAC-0149A5,1.85
2026-10-07T16:47:33,trading-engine,/trade,us-west-2,123,69,59,2,6174.76,ERR-701,Low,Failure,20,38,1,CUST-112349,DEV-LIN-11235,9.5452
2026-10-07T16:47:43,ledger-service,/balance_check,us-east-1,35,24,55,5,0,ERR-903,High,Failure,19,82,1,CUST-109482,DEV-LIN-11235,3.8833
2026-10-07T16:47:53,investment-engine,/portfolio,ap-southeast-1,195,88,89,29,12509.58,ERR-309,Low,Failure,5,24,1,CUST-134098,DEV-WIN-99325,2.2305
2026-10-07T16:48:03,ledger-service,/balance_check,eu-west-1,36,23,51,5,0,ERR-903,High,Failure,9,88,1,CUST-123456,DEV-MAC-75825,3.8167
2026-10-07T16:48:13,investment-engine,/portfolio,eu-west-1,181,89,81,30,5510.41,ERR-903,Low,Failure,8,36,1,CUST-134098,DEV-LIN-11235,2.2065
2026-10-07T16:48:23,ledger-service,/balance_check,us-west-2,29,18,48,5,0,ERR-310,Low,Failure,11,27,1,CUST-123456,DEV-WIN-84725,3.3667
2026-10-07T16:48:23,fraud-detection,/payment,ap-southeast-1,140,81,92,9,0,ERR-307,Low,Failure,16,25,1,CUST-100483,DEV-MAC-0149A5,2.1257
2026-10-07T16:48:23,payment-api,/transfer,us-west-2,158,75,60,13,4381.45,ERR-310,Low,Failure,2,31,1,CUST-123456,DEV-MAC-75825,2.4237
2026-10-07T16:48:33,auth-service,/login,us-east-1,47,20,47,4,0,ERR-201,Low,Failure,13,31,1,CUST-123456,DEV-MAC-75825,2.375
2026-10-07T16:48:43,payment-api,/transfer,us-east-1,153,76,59,15,4534.26,ERR-902,Low,Failure,18,30,1,CUST-109482,DEV-WIN-84725,2.5403
2026-10-07T16:48:43,ledger-service,/balance_check,ap-southeast-1,32,24,55,5,0,ERR-903,High,Failure,15,80,1,CUST-134098,DEV-WIN-84725,3.7833
2026-10-07T16:48:43,fraud-detection,/payment,ap-southeast-1,149,87,92,9,0,ERR-703,Low,Failure,20,37,1,CUST-134098,DEV-WIN-99325,2.2007
2026-10-07T16:48:53,trading-engine,/trade,us-east-1,132,65,52,2,9140.56,ERR-205,Low,Failure,9,40,1,CUST-109482,DEV-WIN-84725,10.1182
2026-10-07T16:49:03,ledger-service,/balance_check,eu-west-1,29,19,47,4,0,ERR-309,Low,Failure,10,40,1,CUST-100483,DEV-WIN-84725,3.1833
2026-10-07T16:49:13,ledger-service,/balance_check,us-west-2,27,20,44,4,0,ERR-101,Low,Failure,13,33,1,CUST-100483,DEV-MAC-75825,3.1
2026-10-07T16:49:23,auth-service,/login,us-west-2,48,18,47,5,0,ERR-903,Low,Failure,13,24,1,CUST-123456,DEV-MAC-0149A5,2.5475
2026-10-07T16:49:23,fraud-detection,/payment,eu-west-1,135,81,92,10,0,ERR-903,Low,Failure,16,21,1,CUST-123456,DEV-WIN-99325,2.1923
2026-10-07T16:49:23,ledger-service,/balance_check,ap-southeast-1,36,24,52,6,0,ERR-903,High,Failure,18,90,1,CUST-123456,DEV-MAC-75825,4.0667
2026-10-07T16:49:33,ledger-service,/balance_check,eu-west-1,28,19,45,4,0,ERR-206,Low,Failure,6,29,1,CUST-112349,DEV-WIN-84725,3.1167
2026-10-07T16:49:43,ledger-service,/balance_check,ap-southeast-1,29,18,47,4,0,ERR-202,Low,Failure,7,32,1,CUST-109482,DEV-WIN-99325,3.15
2026-10-07T16:49:53,payment-api,/withdrawal,ap-southeast-1,149,77,55,13,1645.18,ERR-302,Low,Failure,9,37,1,CUST-134098,DEV-MAC-75825,2.3793
2026-10-07T16:49:53,ledger-service,/balance_check,eu-west-1,30,19,50,4,0,ERR-301,Low,Failure,15,21,1,CUST-112349,DEV-LIN-11235,3.2667
2026-10-07T16:50:03,ledger-service,/balance_check,eu-west-1,4,14,9,3,0,ERR-000,Healthy,Success,4,5,0,CUST-100483,DEV-WIN-84725,1.35
2026-10-07T16:50:03,fraud-detection,/payment,us-west-2,137,81,94,10,0,ERR-102,Low,Failure,2,20,1,CUST-123456,DEV-WIN-99325,2.2076
2026-10-07T16:50:03,auth-service,/login,us-east-1,50,20,48,5,0,ERR-206,Low,Failure,4,20,1,CUST-100483,DEV-LIN-11235,2.625
2026-10-07T16:50:13,trading-engine,/trade,us-west-2,195,100,77,2,6675.96,ERR-901,Critical,Failure,8,100,1,CUST-112349,DEV-WIN-99325,14.4837
2026-10-07T16:50:13,investment-engine,/portfolio,us-west-2,198,88,82,25,6680.66,ERR-303,Low,Failure,19,23,1,CUST-134098,DEV-WIN-84725,2.0935
2026-10-07T16:50:23,ledger-service,/balance_check,us-east-1,27,18,50,5,0,ERR-102,Low,Failure,13,24,1,CUST-123456,DEV-MAC-75825,3.3333
2026-10-07T16:50:23,fraud-detection,/payment,us-east-1,141,88,92,10,0,ERR-206,Low,Failure,19,34,1,CUST-123456,DEV-MAC-0149A5,2.2498
2026-10-07T16:50:33,investment-engine,/portfolio,us-east-1,190,85,82,29,11061.17,ERR-702,Low,Failure,19,30,1,CUST-109482,DEV-LIN-11235,2.1852
2026-10-07T16:50:33,trading-engine,/trade,eu-west-1,143,64,57,2,4862.6,ERR-304,Low,Failure,7,40,1,CUST-134098,DEV-MAC-0149A5,10.858
2026-10-07T16:50:33,ledger-service,/balance_check,eu-west-1,36,22,55,6,0,ERR-903,High,Failure,2,85,1,CUST-123456,DEV-WIN-99325,4.05
2026-10-07T16:50:43,trading-engine,/trade,us-east-1,140,72,55,2,9536.48,ERR-905,Low,Failure,20,27,1,CUST-100483,DEV-WIN-99325,10.6808
2026-10-07T16:50:43,payment-api,/withdrawal,us-east-1,100,37,2,9,688.34,ERR-000,Healthy,Success,1,0,0,CUST-100483,DEV-WIN-99325,1.3183
2026-10-07T16:50:43,fraud-detection,/payment,ap-southeast-1,163,96,100,11,0,ERR-301,High,Failure,20,83,1,CUST-112349,DEV-MAC-75825,2.5243
2026-10-07T16:50:53,investment-engine,/portfolio,us-east-1,213,100,100,31,7398.96,ERR-903,High,Failure,8,82,1,CUST-134098,DEV-WIN-99325,2.4386
2026-10-07T16:50:53,ledger-service,/balance_check,eu-west-1,35,24,51,5,0,ERR-903,High,Failure,2,81,1,CUST-100483,DEV-LIN-11235,3.8167
2026-10-07T16:51:03,ledger-service,/balance_check,us-west-2,34,20,51,6,0,ERR-203,High,Failure,7,90,1,CUST-112349,DEV-MAC-0149A5,3.85
2026-10-07T16:51:03,fraud-detection,/payment,eu-west-1,147,87,90,9,0,ERR-705,Low,Failure,5,30,1,CUST-112349,DEV-MAC-75825,2.1854
2026-10-07T16:51:13,ledger-service,/balance_check,eu-west-1,29,18,45,4,0,ERR-704,Low,Failure,19,28,1,CUST-123456,DEV-MAC-0149A5,3.1167
2026-10-07T16:51:13,payment-api,/withdrawal,us-east-1,163,82,69,18,2793.64,ERR-903,High,Failure,7,88,1,CUST-112349,DEV-LIN-11235,2.8803
2026-10-07T16:51:13,fraud-detection,/payment,eu-west-1,135,84,97,10,0,ERR-107,Low,Failure,15,22,1,CUST-123456,DEV-LIN-11235,2.2047
2026-10-07T16:51:23,ledger-service,/balance_check,ap-southeast-1,29,20,45,4,0,ERR-209,Low,Failure,17,33,1,CUST-100483,DEV-LIN-11235,3.1833
2026-10-07T16:51:33,payment-api,/withdrawal,eu-west-1,41,53,6,5,5795.32,ERR-000,Healthy,Success,7,0,0,CUST-123456,DEV-MAC-0149A5,0.969
2026-10-07T16:51:33,auth-service,/login,us-east-1,41,17,49,5,0,ERR-105,Low,Failure,5,30,1,CUST-109482,DEV-MAC-0149A5,2.465
2026-10-07T16:51:43,ledger-service,/balance_check,us-west-2,34,21,57,5,0,ERR-903,High,Failure,20,84,1,CUST-134098,DEV-MAC-0149A5,3.7833
2026-10-07T16:51:43,trading-engine,/trade,ap-southeast-1,138,78,59,2,4861.27,ERR-301,Low,Failure,6,36,1,CUST-123456,DEV-LIN-11235,10.5752
2026-10-07T16:51:53,ledger-service,/balance_check,us-east-1,30,20,45,5,0,ERR-205,Low,Failure,8,33,1,CUST-100483,DEV-LIN-11235,3.4167
2026-10-07T16:51:53,investment-engine,/portfolio,ap-southeast-1,186,85,82,28,9281.82,ERR-307,Low,Failure,9,21,1,CUST-109482,DEV-WIN-84725,2.1385
2026-10-07T16:52:03,ledger-service,/balance_check,us-west-2,35,20,58,6,0,ERR-703,High,Failure,18,87,1,CUST-134098,DEV-MAC-0149A5,4
2026-10-07T16:52:23,trading-engine,/trade,us-east-1,136,72,58,1,1637.69,ERR-309,Low,Failure,9,38,1,CUST-112349,DEV-MAC-75825,9.9199
2026-10-07T16:52:33,payment-api,/withdrawal,eu-west-1,20,35,23,1,5020.87,ERR-000,Healthy,Success,17,0,0,CUST-123456,DEV-WIN-84725,0.5533
2026-10-07T16:52:43,trading-engine,/trade,us-east-1,138,76,56,2,4141.18,ERR-310,Low,Failure,13,23,1,CUST-112349,DEV-LIN-11235,10.5627
2026-10-07T16:52:43,ledger-service,/balance_check,us-east-1,32,23,56,6,0,ERR-903,High,Failure,9,86,1,CUST-134098,DEV-LIN-11235,3.9667
2026-10-07T16:52:43,payment-api,/withdrawal,ap-southeast-1,179,85,69,15,2751.29,ERR-903,High,Failure,11,85,1,CUST-112349,DEV-WIN-99325,2.7693
2026-10-07T16:52:53,ledger-service,/balance_check,ap-southeast-1,29,19,50,4,0,ERR-107,Low,Failure,10,36,1,CUST-112349,DEV-LIN-11235,3.2333
2026-10-07T16:53:03,ledger-service,/balance_check,us-west-2,36,21,55,5,0,ERR-903,High,Failure,1,88,1,CUST-100483,DEV-WIN-99325,3.8167
2026-10-07T16:53:03,payment-api,/transfer,eu-west-1,179,84,61,18,5835.97,ERR-903,High,Failure,3,80,1,CUST-109482,DEV-LIN-11235,2.921
2026-10-07T16:53:13,ledger-service,/balance_check,us-west-2,6,10,24,3,0,ERR-000,Healthy,Success,10,0,0,CUST-109482,DEV-MAC-75825,1.5333
2026-10-07T16:53:23,ledger-service,/balance_check,eu-west-1,28,19,47,4,0,ERR-307,Low,Failure,4,29,1,CUST-109482,DEV-LIN-11235,3.15
2026-10-07T16:53:33,payment-api,/transfer,ap-southeast-1,146,72,58,15,3672.16,ERR-103,Low,Failure,11,24,1,CUST-109482,DEV-WIN-99325,2.474
2026-10-07T16:53:33,auth-service,/login,eu-west-1,50,20,48,4,0,ERR-701,Low,Failure,10,23,1,CUST-109482,DEV-LIN-11235,2.425
2026-10-07T16:53:43,ledger-service,/balance_check,eu-west-1,30,20,50,4,0,ERR-301,Low,Failure,11,34,1,CUST-134098,DEV-WIN-84725,3.3
2026-10-07T16:53:43,auth-service,/login,ap-southeast-1,48,18,50,5,0,ERR-207,Low,Failure,12,27,1,CUST-109482,DEV-LIN-11235,2.585
2026-10-07T16:53:53,payment-api,/transfer,eu-west-1,160,86,68,16,7669.19,ERR-903,High,Failure,8,90,1,CUST-112349,DEV-WIN-84725,2.7633
2026-10-07T16:53:53,ledger-service,/balance_check,us-east-1,16,1,33,3,0,ERR-000,Healthy,Success,1,5,0,CUST-123456,DEV-MAC-75825,1.7167
2026-10-07T16:54:03,fraud-detection,/payment,ap-southeast-1,163,100,100,11,0,ERR-208,High,Failure,19,80,1,CUST-100483,DEV-WIN-99325,2.5343
2026-10-07T16:54:13,auth-service,/login,eu-west-1,47,20,45,5,0,ERR-703,Low,Failure,18,25,1,CUST-123456,DEV-MAC-75825,2.55
2026-10-07T16:54:13,ledger-service,/balance_check,eu-west-1,29,16,46,4,0,ERR-705,Low,Failure,17,33,1,CUST-112349,DEV-MAC-75825,3.0667
2026-10-07T16:54:23,fraud-detection,/payment,ap-southeast-1,142,90,95,10,0,ERR-201,Low,Failure,4,35,1,CUST-109482,DEV-LIN-11235,2.2644
2026-10-07T16:54:23,ledger-service,/balance_check,us-west-2,29,19,46,5,0,ERR-301,Low,Failure,17,27,1,CUST-109482,DEV-MAC-75825,3.3667
2026-10-07T16:54:33,investment-engine,/portfolio,us-east-1,190,79,90,28,7302.15,ERR-102,Low,Failure,10,27,1,CUST-134098,DEV-LIN-11235,2.1374
2026-10-07T16:54:33,ledger-service,/balance_check,ap-southeast-1,36,24,54,6,0,ERR-903,High,Failure,16,89,1,CUST-109482,DEV-MAC-75825,4.1
2026-10-07T16:54:33,auth-service,/login,us-east-1,41,19,49,4,0,ERR-704,Low,Failure,3,24,1,CUST-123456,DEV-MAC-0149A5,2.305
2026-10-07T16:54:43,trading-engine,/trade,eu-west-1,196,100,75,2,4640.06,ERR-901,Critical,Failure,6,97,1,CUST-123456,DEV-LIN-11235,14.5465
2026-10-07T16:54:43,ledger-service,/balance_check,us-west-2,30,19,46,5,0,ERR-303,Low,Failure,7,38,1,CUST-109482,DEV-LIN-11235,3.4
2026-10-07T16:54:53,investment-engine,/portfolio,us-east-1,180,77,82,26,5245.27,ERR-208,Low,Failure,1,29,1,CUST-112349,DEV-LIN-11235,2.0118
2026-10-07T16:55:03,trading-engine,/trade,us-west-2,136,77,60,1,3168.66,ERR-109,Low,Failure,10,24,1,CUST-112349,DEV-LIN-11235,9.9405
2026-10-07T16:55:03,payment-api,/transfer,ap-southeast-1,65,6,34,5,8841.49,ERR-000,Healthy,Success,4,0,0,CUST-134098,DEV-LIN-11235,0.8133
2026-10-07T16:55:23,trading-engine,/trade,us-east-1,163,84,71,2,5936.09,ERR-903,High,Failure,6,81,1,CUST-134098,DEV-LIN-11235,12.2853
2026-10-07T16:55:23,ledger-service,/balance_check,ap-southeast-1,29,18,46,4,0,ERR-705,Low,Failure,10,26,1,CUST-123456,DEV-WIN-84725,3.1333
2026-10-07T16:55:33,auth-service,/login,eu-west-1,23,1,14,2,0,ERR-000,Healthy,Success,14,3,0,CUST-123456,DEV-WIN-84725,0.8825
2026-10-07T16:55:43,trading-engine,/trade,us-west-2,207,100,73,2,9238.32,ERR-901,Critical,Failure,7,94,1,CUST-123456,DEV-MAC-0149A5,15.2759
2026-10-07T16:55:43,ledger-service,/balance_check,us-east-1,28,19,45,4,0,ERR-209,Low,Failure,16,30,1,CUST-100483,DEV-WIN-99325,3.1167
2026-10-07T16:55:53,investment-engine,/portfolio,us-west-2,236,100,92,31,7178.17,ERR-903,High,Failure,7,84,1,CUST-112349,DEV-MAC-75825,2.4997
2026-10-07T16:56:03,fraud-detection,/payment,ap-southeast-1,57,16,44,1,0,ERR-000,Healthy,Success,15,1,0,CUST-123456,DEV-WIN-99325,0.563
2026-10-07T16:56:03,trading-engine,/trade,eu-west-1,47,51,10,1,421.52,ERR-000,Healthy,Success,13,0,0,CUST-123456,DEV-MAC-0149A5,3.8229
2026-10-07T16:56:03,payment-api,/withdrawal,ap-southeast-1,154,77,54,15,6332.32,ERR-905,Low,Failure,10,21,1,CUST-123456,DEV-WIN-84725,2.5277
2026-10-07T16:56:13,payment-api,/withdrawal,ap-southeast-1,149,75,51,15,1161.03,ERR-202,Low,Failure,20,24,1,CUST-112349,DEV-MAC-0149A5,2.476
2026-10-07T16:56:13,auth-service,/login,eu-west-1,47,20,47,4,0,ERR-903,Low,Failure,11,31,1,CUST-109482,DEV-LIN-11235,2.375
2026-10-07T16:56:33,ledger-service,/balance_check,ap-southeast-1,9,13,6,2,0,ERR-000,Healthy,Success,2,1,0,CUST-112349,DEV-MAC-0149A5,1.2333
2026-10-07T16:56:43,payment-api,/withdrawal,eu-west-1,149,77,58,15,4545.66,ERR-207,Low,Failure,13,30,1,CUST-100483,DEV-MAC-0149A5,2.5277
2026-10-07T16:56:43,investment-engine,/portfolio,ap-southeast-1,189,87,90,30,9217.14,ERR-104,Low,Failure,11,34,1,CUST-134098,DEV-MAC-0149A5,2.2408
2026-10-07T16:56:53,payment-api,/withdrawal,eu-west-1,182,90,68,18,2727.26,ERR-903,High,Failure,18,82,1,CUST-100483,DEV-WIN-84725,3.018
2026-10-07T16:57:03,trading-engine,/trade,us-east-1,174,80,68,2,9534.34,ERR-102,High,Failure,19,86,1,CUST-100483,DEV-LIN-11235,12.9995
2026-10-07T16:57:13,ledger-service,/balance_check,ap-southeast-1,30,19,50,5,0,ERR-209,Low,Failure,1,33,1,CUST-134098,DEV-MAC-75825,3.4667
2026-10-07T16:57:13,trading-engine,/trade,eu-west-1,150,77,55,1,9007.14,ERR-702,Low,Failure,4,34,1,CUST-112349,DEV-WIN-84725,10.8641
2026-10-07T16:57:13,payment-api,/transfer,us-west-2,138,66,52,13,2316.69,ERR-000,Normal,Success,2,9,0,CUST-123456,DEV-WIN-84725,2.2287
2026-10-07T16:57:23,payment-api,/withdrawal,us-east-1,138,72,57,14,5145.65,ERR-304,Low,Failure,11,32,1,CUST-112349,DEV-MAC-75825,2.3703
2026-10-07T16:57:33,ledger-service,/balance_check,us-east-1,27,16,45,4,0,ERR-110,Low,Failure,2,26,1,CUST-134098,DEV-MAC-0149A5,2.9833
2026-10-07T16:57:43,ledger-service,/balance_check,us-west-2,28,18,48,5,0,ERR-306,Low,Failure,8,30,1,CUST-109482,DEV-MAC-75825,3.3333
2026-10-07T16:57:53,ledger-service,/balance_check,us-west-2,27,19,45,4,0,ERR-105,Low,Failure,5,37,1,CUST-123456,DEV-MAC-75825,3.0833
2026-10-07T16:58:03,payment-api,/transfer,us-west-2,151,77,55,15,8132.52,ERR-110,Low,Failure,5,21,1,CUST-123456,DEV-MAC-75825,2.5207
2026-10-07T16:58:03,fraud-detection,/payment,ap-southeast-1,136,89,94,9,0,ERR-108,Low,Failure,20,34,1,CUST-109482,DEV-LIN-11235,2.121
2026-10-07T16:58:03,auth-service,/login,us-east-1,49,20,49,4,0,ERR-102,Low,Failure,16,25,1,CUST-134098,DEV-LIN-11235,2.425
2026-10-07T16:58:13,auth-service,/login,us-west-2,44,16,40,4,0,ERR-000,Normal,Success,19,8,0,CUST-112349,DEV-MAC-75825,2.17
2026-10-07T16:58:13,ledger-service,/balance_check,us-east-1,29,18,49,4,0,ERR-904,Low,Failure,14,28,1,CUST-112349,DEV-LIN-11235,3.1833
2026-10-07T16:58:23,trading-engine,/trade,eu-west-1,142,79,60,2,1357,ERR-207,Low,Failure,1,28,1,CUST-100483,DEV-MAC-75825,10.8472
2026-10-07T16:58:23,ledger-service,/balance_check,us-east-1,15,11,27,3,0,ERR-000,Healthy,Success,9,0,0,CUST-100483,DEV-WIN-99325,1.9167
2026-10-07T16:58:23,payment-api,/transfer,us-west-2,142,64,60,13,2764.08,ERR-901,Low,Failure,1,35,1,CUST-100483,DEV-MAC-0149A5,2.268
2026-10-07T16:58:33,fraud-detection,/payment,us-west-2,136,84,96,8,0,ERR-105,Low,Failure,5,36,1,CUST-123456,DEV-MAC-0149A5,2.0104
2026-10-07T16:58:33,ledger-service,/balance_check,us-west-2,27,18,48,4,0,ERR-208,Low,Failure,11,35,1,CUST-112349,DEV-WIN-99325,3.1
2026-10-07T16:58:43,auth-service,/login,eu-west-1,50,21,52,5,0,ERR-903,Medium,Failure,19,71,1,CUST-100483,DEV-MAC-0149A5,2.695
2026-10-07T16:58:53,payment-api,/withdrawal,ap-southeast-1,185,81,64,18,3301.15,ERR-903,High,Failure,1,88,1,CUST-134098,DEV-WIN-84725,2.935
2026-10-07T16:58:53,fraud-detection,/payment,us-east-1,11,11,3,5,0,ERR-000,Healthy,Success,14,0,0,CUST-109482,DEV-MAC-0149A5,0.6038
2026-10-07T16:58:53,auth-service,/login,us-east-1,50,21,51,5,0,ERR-903,Medium,Failure,6,67,1,CUST-134098,DEV-WIN-99325,2.6825
2026-10-07T16:59:03,ledger-service,/balance_check,us-west-2,30,24,53,6,0,ERR-903,High,Failure,3,82,1,CUST-100483,DEV-WIN-84725,3.8833
2026-10-07T16:59:13,trading-engine,/trade,eu-west-1,136,79,60,2,6301.32,ERR-210,Low,Failure,8,28,1,CUST-112349,DEV-WIN-99325,10.4472
2026-10-07T16:59:13,ledger-service,/balance_check,ap-southeast-1,29,20,43,4,0,ERR-702,Low,Failure,13,30,1,CUST-100483,DEV-WIN-99325,3.15
2026-10-07T16:59:23,auth-service,/login,eu-west-1,50,20,48,5,0,ERR-703,Low,Failure,4,37,1,CUST-112349,DEV-MAC-0149A5,2.625
2026-10-07T16:59:23,ledger-service,/balance_check,ap-southeast-1,28,18,46,4,0,ERR-303,Low,Failure,7,32,1,CUST-109482,DEV-MAC-75825,3.1
2026-10-07T16:59:33,ledger-service,/balance_check,eu-west-1,32,22,57,5,0,ERR-903,High,Failure,4,83,1,CUST-100483,DEV-WIN-99325,3.75
2026-10-07T16:59:43,ledger-service,/balance_check,ap-southeast-1,35,24,53,5,0,ERR-903,High,Failure,18,87,1,CUST-109482,DEV-WIN-84725,3.85
2026-10-07T16:59:53,ledger-service,/balance_check,ap-southeast-1,30,18,44,4,0,ERR-904,Low,Failure,10,21,1,CUST-112349,DEV-WIN-84725,3.1333
2026-10-07T16:59:53,fraud-detection,/payment,us-west-2,145,89,98,10,0,ERR-905,Low,Failure,19,37,1,CUST-134098,DEV-MAC-0149A5,2.2849
2026-10-07T17:00:03,ledger-service,/balance_check,eu-west-1,29,18,47,5,0,ERR-209,Low,Failure,9,32,1,CUST-112349,DEV-MAC-75825,3.35
2026-10-07T17:00:03,fraud-detection,/payment,eu-west-1,186,100,100,14,0,ERR-904,Critical,Failure,12,94,1,CUST-109482,DEV-LIN-11235,2.9877
2026-10-07T17:00:13,ledger-service,/balance_check,ap-southeast-1,27,19,48,5,0,ERR-301,Low,Failure,11,20,1,CUST-109482,DEV-WIN-84725,3.3333
2026-10-07T17:00:13,fraud-detection,/payment,eu-west-1,144,83,94,9,0,ERR-110,Low,Failure,15,40,1,CUST-100483,DEV-MAC-75825,2.1593
2026-10-07T17:00:13,payment-api,/transfer,eu-west-1,146,77,60,13,6746.53,ERR-301,Low,Failure,13,33,1,CUST-134098,DEV-LIN-11235,2.3923
2026-10-07T17:00:23,payment-api,/transfer,us-east-1,183,94,69,18,2483.85,ERR-903,High,Failure,13,88,1,CUST-100483,DEV-MAC-0149A5,3.0603
2026-10-07T17:00:33,payment-api,/withdrawal,eu-west-1,140,80,55,15,6162.94,ERR-308,Low,Failure,14,29,1,CUST-112349,DEV-MAC-0149A5,2.5017
2026-10-07T17:00:33,ledger-service,/balance_check,eu-west-1,31,20,50,5,0,ERR-209,High,Failure,17,81,1,CUST-100483,DEV-WIN-84725,3.5333
2026-10-07T17:00:33,fraud-detection,/payment,eu-west-1,209,100,100,14,0,ERR-904,Critical,Failure,8,95,1,CUST-112349,DEV-MAC-0149A5,3.141
2026-10-07T17:00:43,payment-api,/withdrawal,eu-west-1,160,78,57,13,7869.33,ERR-108,Low,Failure,4,28,1,CUST-112349,DEV-MAC-75825,2.4417
2026-10-07T17:00:53,investment-engine,/portfolio,eu-west-1,161,87,76,26,12082.73,ERR-108,Low,Failure,14,35,1,CUST-100483,DEV-WIN-99325,1.9868
2026-10-07T17:01:03,auth-service,/login,us-west-2,49,20,47,5,0,ERR-101,Low,Failure,9,31,1,CUST-109482,DEV-LIN-11235,2.6
2026-10-07T17:01:13,fraud-detection,/payment,eu-west-1,139,86,98,10,0,ERR-304,Low,Failure,13,34,1,CUST-112349,DEV-MAC-75825,2.2374
2026-10-07T17:01:13,trading-engine,/trade,us-east-1,64,9,31,1,3204.17,ERR-000,Healthy,Success,4,2,0,CUST-134098,DEV-LIN-11235,4.8572
2026-10-07T17:01:13,ledger-service,/balance_check,eu-west-1,27,20,45,4,0,ERR-109,Low,Failure,10,20,1,CUST-112349,DEV-MAC-0149A5,3.1167
2026-10-07T17:01:23,investment-engine,/portfolio,eu-west-1,225,97,100,35,10007.84,ERR-903,High,Failure,8,82,1,CUST-112349,DEV-MAC-0149A5,2.597
2026-10-07T17:01:33,investment-engine,/portfolio,eu-west-1,181,84,84,28,8427.4,ERR-904,Low,Failure,9,33,1,CUST-112349,DEV-MAC-0149A5,2.1207
2026-10-07T17:01:33,auth-service,/login,us-east-1,45,18,50,5,0,ERR-102,Low,Failure,19,32,1,CUST-134098,DEV-WIN-84725,2.5475
2026-10-07T17:01:33,ledger-service,/balance_check,ap-southeast-1,31,20,54,5,0,ERR-210,High,Failure,12,83,1,CUST-123456,DEV-LIN-11235,3.6
2026-10-07T17:01:33,trading-engine,/trade,eu-west-1,147,79,59,2,7373.51,ERR-308,Low,Failure,6,24,1,CUST-100483,DEV-LIN-11235,11.1786
2026-10-07T17:01:43,ledger-service,/balance_check,us-west-2,34,24,54,6,0,ERR-903,High,Failure,5,88,1,CUST-112349,DEV-MAC-75825,4.0333
2026-10-07T17:01:43,auth-service,/login,us-west-2,43,20,47,5,0,ERR-202,Low,Failure,9,25,1,CUST-100483,DEV-WIN-84725,2.525
2026-10-07T17:01:53,ledger-service,/balance_check,ap-southeast-1,28,20,45,5,0,ERR-103,Low,Failure,7,39,1,CUST-134098,DEV-MAC-0149A5,3.35
2026-10-07T17:01:53,trading-engine,/trade,us-west-2,147,79,60,1,1164.01,ERR-204,Low,Failure,10,33,1,CUST-123456,DEV-WIN-84725,10.6805
2026-10-07T17:02:03,auth-service,/login,us-west-2,50,18,47,4,0,ERR-309,Low,Failure,18,27,1,CUST-109482,DEV-MAC-75825,2.3725
2026-10-07T17:02:03,ledger-service,/balance_check,ap-southeast-1,30,17,48,5,0,ERR-207,Low,Failure,5,39,1,CUST-134098,DEV-LIN-11235,3.3667
2026-10-07T17:02:03,payment-api,/transfer,ap-southeast-1,60,9,9,7,3500.37,ERR-000,Healthy,Success,11,1,0,CUST-112349,DEV-WIN-99325,0.8267
2026-10-07T17:02:23,payment-api,/transfer,ap-southeast-1,145,77,57,13,6519.18,ERR-904,Low,Failure,4,37,1,CUST-112349,DEV-WIN-84725,2.3733
2026-10-07T17:02:23,fraud-detection,/payment,us-east-1,164,100,100,10,0,ERR-701,High,Failure,17,89,1,CUST-100483,DEV-MAC-0149A5,2.441
2026-10-07T17:02:33,fraud-detection,/payment,eu-west-1,66,28,67,3,0,ERR-000,Healthy,Success,18,2,0,CUST-109482,DEV-WIN-99325,0.8754
2026-10-07T17:02:33,investment-engine,/portfolio,us-east-1,186,84,90,30,14305.99,ERR-301,Low,Failure,4,23,1,CUST-112349,DEV-MAC-75825,2.2158
2026-10-07T17:02:43,ledger-service,/balance_check,us-east-1,28,18,45,4,0,ERR-307,Low,Failure,3,27,1,CUST-100483,DEV-MAC-0149A5,3.0833
2026-10-07T17:02:53,ledger-service,/balance_check,us-east-1,12,13,29,3,0,ERR-000,Healthy,Success,14,2,0,CUST-109482,DEV-MAC-0149A5,1.9167
2026-10-07T17:02:53,payment-api,/withdrawal,us-east-1,145,72,55,15,8182.59,ERR-705,Low,Failure,20,34,1,CUST-123456,DEV-WIN-84725,2.455
2026-10-07T17:03:03,fraud-detection,/payment,us-east-1,139,87,98,10,0,ERR-704,Low,Failure,19,29,1,CUST-112349,DEV-WIN-84725,2.2399
2026-10-07T17:03:13,ledger-service,/balance_check,ap-southeast-1,28,18,50,4,0,ERR-101,Low,Failure,16,31,1,CUST-100483,DEV-WIN-84725,3.1667
2026-10-07T17:03:23,fraud-detection,/payment,us-west-2,137,88,92,10,0,ERR-202,Low,Failure,2,39,1,CUST-100483,DEV-LIN-11235,2.2232
2026-10-07T17:03:23,ledger-service,/balance_check,ap-southeast-1,24,17,49,5,0,ERR-107,Low,Failure,18,23,1,CUST-123456,DEV-LIN-11235,3.1833
2026-10-07T17:03:33,fraud-detection,/payment,us-west-2,169,100,100,11,0,ERR-702,High,Failure,10,82,1,CUST-123456,DEV-MAC-75825,2.5743
2026-10-07T17:03:43,auth-service,/login,us-west-2,46,20,47,4,0,ERR-302,Low,Failure,4,28,1,CUST-123456,DEV-WIN-99325,2.3625
2026-10-07T17:03:43,payment-api,/transfer,ap-southeast-1,183,85,62,18,3567.71,ERR-903,High,Failure,3,87,1,CUST-100483,DEV-MAC-75825,2.9503
2026-10-07T17:03:43,trading-engine,/trade,eu-west-1,162,94,62,2,1825.63,ERR-903,High,Failure,13,88,1,CUST-100483,DEV-MAC-75825,12.2344
2026-10-07T17:03:53,ledger-service,/balance_check,ap-southeast-1,26,20,48,5,0,ERR-203,Low,Failure,12,33,1,CUST-123456,DEV-MAC-0149A5,3.3333
2026-10-07T17:03:53,trading-engine,/trade,ap-southeast-1,124,79,54,1,385.34,ERR-303,Low,Failure,4,40,1,CUST-109482,DEV-MAC-75825,9.1355
2026-10-07T17:04:03,investment-engine,/portfolio,eu-west-1,108,39,9,14,9893.99,ERR-000,Healthy,Success,13,5,0,CUST-123456,DEV-WIN-84725,1.0392
2026-10-07T17:04:03,auth-service,/login,eu-west-1,49,19,50,5,0,ERR-702,Low,Failure,6,40,1,CUST-134098,DEV-MAC-75825,2.6175
2026-10-07T17:04:03,ledger-service,/balance_check,eu-west-1,20,13,6,3,0,ERR-000,Healthy,Success,7,4,0,CUST-134098,DEV-WIN-84725,1.8
2026-10-07T17:04:23,ledger-service,/balance_check,ap-southeast-1,30,20,46,4,0,ERR-304,Low,Failure,16,29,1,CUST-109482,DEV-WIN-84725,3.2333
2026-10-07T17:04:23,fraud-detection,/payment,us-east-1,153,94,100,10,0,ERR-308,High,Failure,12,84,1,CUST-134098,DEV-MAC-0149A5,2.3527
2026-10-07T17:04:23,auth-service,/login,us-east-1,51,21,52,5,0,ERR-903,Medium,Failure,16,80,1,CUST-134098,DEV-LIN-11235,2.7075
2026-10-07T17:04:33,ledger-service,/balance_check,us-west-2,35,20,60,5,0,ERR-205,High,Failure,6,89,1,CUST-123456,DEV-MAC-0149A5,3.8333
2026-10-07T17:04:43,ledger-service,/balance_check,us-west-2,27,19,50,4,0,ERR-302,Low,Failure,12,30,1,CUST-123456,DEV-MAC-75825,3.1667
2026-10-07T17:04:43,auth-service,/login,us-west-2,52,21,51,5,0,ERR-903,Medium,Failure,18,73,1,CUST-112349,DEV-LIN-11235,2.7075
2026-10-07T17:04:53,auth-service,/login,us-east-1,2,7,12,1,0,ERR-000,Healthy,Success,8,4,0,CUST-134098,DEV-LIN-11235,0.515
2026-10-07T17:04:53,ledger-service,/balance_check,eu-west-1,24,18,44,5,0,ERR-206,Low,Failure,1,25,1,CUST-112349,DEV-WIN-99325,3.1333
2026-10-07T17:05:03,payment-api,/withdrawal,us-east-1,166,89,64,15,3651.08,ERR-903,High,Failure,11,87,1,CUST-123456,DEV-WIN-99325,2.7257
2026-10-07T17:05:03,ledger-service,/balance_check,ap-southeast-1,27,19,47,4,0,ERR-902,Low,Failure,9,34,1,CUST-134098,DEV-MAC-75825,3.1167
2026-10-07T17:05:13,payment-api,/withdrawal,ap-southeast-1,146,73,59,14,2228.7,ERR-304,Low,Failure,18,30,1,CUST-100483,DEV-MAC-75825,2.4207
2026-10-07T17:05:13,ledger-service,/balance_check,us-west-2,25,19,47,5,0,ERR-105,Low,Failure,2,33,1,CUST-123456,DEV-MAC-75825,3.25
2026-10-07T17:05:23,ledger-service,/balance_check,ap-southeast-1,26,17,43,4,0,ERR-000,Normal,Success,11,6,0,CUST-134098,DEV-WIN-84725,2.95
2026-10-07T17:05:33,payment-api,/transfer,ap-southeast-1,157,73,55,13,3501.1,ERR-105,Low,Failure,19,32,1,CUST-109482,DEV-WIN-84725,2.378
2026-10-07T17:05:33,trading-engine,/trade,us-east-1,149,64,60,1,2850.3,ERR-308,Low,Failure,4,38,1,CUST-134098,DEV-MAC-0149A5,10.7639
2026-10-07T17:05:33,ledger-service,/balance_check,us-east-1,28,19,46,4,0,ERR-209,Low,Failure,17,38,1,CUST-109482,DEV-WIN-99325,3.1333
2026-10-07T17:05:43,ledger-service,/balance_check,eu-west-1,35,24,53,5,0,ERR-903,High,Failure,11,90,1,CUST-134098,DEV-MAC-75825,3.85
2026-10-07T17:05:43,fraud-detection,/payment,ap-southeast-1,147,85,90,10,0,ERR-107,Low,Failure,20,22,1,CUST-112349,DEV-MAC-75825,2.2804
2026-10-07T17:05:53,ledger-service,/balance_check,us-east-1,27,20,45,5,0,ERR-106,Low,Failure,4,38,1,CUST-134098,DEV-MAC-75825,3.3167
2026-10-07T17:05:53,payment-api,/withdrawal,ap-southeast-1,167,91,70,15,5759.7,ERR-903,High,Failure,2,84,1,CUST-109482,DEV-MAC-75825,2.7763
2026-10-07T17:06:13,ledger-service,/balance_check,eu-west-1,27,18,45,5,0,ERR-102,Low,Failure,17,21,1,CUST-100483,DEV-LIN-11235,3.25
2026-10-07T17:06:33,investment-engine,/portfolio,us-west-2,191,85,86,27,8632.43,ERR-304,Low,Failure,6,35,1,CUST-123456,DEV-WIN-99325,2.1296
2026-10-07T17:06:33,ledger-service,/balance_check,ap-southeast-1,30,19,49,5,0,ERR-102,Low,Failure,2,39,1,CUST-123456,DEV-MAC-75825,3.45
2026-10-07T17:06:43,investment-engine,/portfolio,us-east-1,184,89,86,29,14366.52,ERR-701,Low,Failure,9,32,1,CUST-112349,DEV-MAC-75825,2.193
2026-10-07T17:06:53,ledger-service,/balance_check,us-east-1,30,20,48,5,0,ERR-209,Low,Failure,2,25,1,CUST-109482,DEV-MAC-0149A5,3.4667
2026-10-07T17:07:13,fraud-detection,/payment,us-west-2,136,86,95,9,0,ERR-301,Low,Failure,15,27,1,CUST-123456,DEV-LIN-11235,2.1144
2026-10-07T17:07:13,ledger-service,/balance_check,ap-southeast-1,36,20,58,5,0,ERR-705,High,Failure,14,87,1,CUST-123456,DEV-WIN-84725,3.8333
2026-10-07T17:07:23,fraud-detection,/payment,us-east-1,144,83,100,10,0,ERR-107,Low,Failure,20,40,1,CUST-100483,DEV-WIN-84725,2.2652
2026-10-07T17:07:33,payment-api,/withdrawal,eu-west-1,159,78,58,15,1659.12,ERR-703,Low,Failure,20,37,1,CUST-134098,DEV-MAC-0149A5,2.576
2026-10-07T17:07:33,auth-service,/login,us-east-1,50,18,48,5,0,ERR-104,Low,Failure,2,38,1,CUST-100483,DEV-MAC-0149A5,2.585
2026-10-07T17:07:33,ledger-service,/balance_check,us-west-2,30,23,53,5,0,ERR-903,High,Failure,14,86,1,CUST-109482,DEV-WIN-84725,3.65
2026-10-07T17:07:43,payment-api,/withdrawal,us-east-1,151,75,59,14,5966.25,ERR-308,Low,Failure,3,39,1,CUST-109482,DEV-WIN-99325,2.4573
2026-10-07T17:07:53,ledger-service,/balance_check,ap-southeast-1,29,20,50,4,0,ERR-210,Low,Failure,18,22,1,CUST-123456,DEV-WIN-84725,3.2667
2026-10-07T17:08:03,payment-api,/transfer,eu-west-1,160,77,54,15,3878.98,ERR-704,Low,Failure,16,30,1,CUST-109482,DEV-WIN-84725,2.5517
2026-10-07T17:08:03,trading-engine,/trade,ap-southeast-1,142,72,56,1,1968.18,ERR-106,Low,Failure,1,25,1,CUST-123456,DEV-MAC-0149A5,10.316
2026-10-07T17:08:13,payment-api,/withdrawal,us-west-2,160,73,48,14,1297.3,ERR-704,Low,Failure,15,27,1,CUST-123456,DEV-WIN-99325,2.4217
2026-10-07T17:08:13,trading-engine,/trade,us-east-1,75,3,32,1,5063.39,ERR-000,Healthy,Success,15,4,0,CUST-134098,DEV-WIN-99325,5.5725
2026-10-07T17:08:23,ledger-service,/balance_check,eu-west-1,33,20,51,5,0,ERR-902,High,Failure,18,80,1,CUST-112349,DEV-MAC-0149A5,3.6167
2026-10-07T17:08:33,ledger-service,/balance_check,eu-west-1,35,22,50,5,0,ERR-206,High,Failure,16,82,1,CUST-123456,DEV-MAC-0149A5,3.7333
2026-10-07T17:08:43,auth-service,/login,us-east-1,47,18,49,5,0,ERR-309,Low,Failure,8,24,1,CUST-109482,DEV-MAC-0149A5,2.56
2026-10-07T17:08:43,ledger-service,/balance_check,us-east-1,36,24,59,5,0,ERR-903,High,Failure,19,88,1,CUST-123456,DEV-MAC-75825,3.9833
2026-10-07T17:08:53,fraud-detection,/payment,us-east-1,51,24,60,2,0,ERR-000,Healthy,Success,6,0,0,CUST-123456,DEV-MAC-75825,0.6586
2026-10-07T17:09:03,payment-api,/transfer,eu-west-1,46,39,19,8,4185.26,ERR-000,Healthy,Success,3,2,0,CUST-134098,DEV-MAC-0149A5,1.1373
2026-10-07T17:09:13,fraud-detection,/payment,ap-southeast-1,173,93,100,10,0,ERR-202,High,Failure,5,80,1,CUST-109482,DEV-WIN-99325,2.4835
2026-10-07T17:09:13,auth-service,/login,ap-southeast-1,50,20,50,5,0,ERR-705,Medium,Failure,7,67,1,CUST-109482,DEV-MAC-75825,2.65
2026-10-07T17:09:23,ledger-service,/balance_check,ap-southeast-1,29,20,48,5,0,ERR-903,Low,Failure,18,32,1,CUST-100483,DEV-MAC-75825,3.4333
2026-10-07T17:09:23,payment-api,/transfer,eu-west-1,172,95,60,17,4236.9,ERR-206,High,Failure,8,87,1,CUST-109482,DEV-WIN-84725,2.913
2026-10-07T17:09:23,trading-engine,/trade,ap-southeast-1,145,79,60,2,4195.69,ERR-203,Low,Failure,16,30,1,CUST-134098,DEV-MAC-0149A5,11.0472
2026-10-07T17:09:33,auth-service,/login,us-west-2,49,20,48,5,0,ERR-105,Low,Failure,17,34,1,CUST-100483,DEV-WIN-84725,2.6125
2026-10-07T17:09:43,payment-api,/transfer,eu-west-1,147,79,57,14,3351.59,ERR-101,Low,Failure,3,28,1,CUST-112349,DEV-MAC-0149A5,2.4647
2026-10-07T17:09:53,ledger-service,/balance_check,eu-west-1,29,17,41,4,0,ERR-103,Low,Failure,1,32,1,CUST-109482,DEV-WIN-99325,3.0167
2026-10-07T17:10:03,auth-service,/login,ap-southeast-1,46,18,48,5,0,ERR-109,Low,Failure,2,31,1,CUST-134098,DEV-MAC-0149A5,2.535
2026-10-07T17:10:03,fraud-detection,/payment,us-west-2,192,100,100,14,0,ERR-904,Critical,Failure,9,94,1,CUST-112349,DEV-WIN-99325,3.0277
2026-10-07T17:10:03,payment-api,/withdrawal,us-east-1,159,74,56,15,362.79,ERR-304,Low,Failure,12,27,1,CUST-123456,DEV-LIN-11235,2.5327
2026-10-07T17:10:13,payment-api,/withdrawal,us-east-1,149,77,59,15,419.27,ERR-107,Low,Failure,5,21,1,CUST-123456,DEV-MAC-0149A5,2.5327
2026-10-07T17:10:13,ledger-service,/balance_check,us-east-1,27,20,49,4,0,ERR-307,Low,Failure,8,22,1,CUST-109482,DEV-WIN-84725,3.1833
2026-10-07T17:10:33,fraud-detection,/payment,us-east-1,139,84,90,10,0,ERR-209,Low,Failure,6,38,1,CUST-123456,DEV-LIN-11235,2.2246
2026-10-07T17:10:43,fraud-detection,/payment,us-west-2,181,100,100,12,0,ERR-904,Critical,Failure,2,96,1,CUST-134098,DEV-MAC-75825,2.7543
2026-10-07T17:10:43,ledger-service,/balance_check,us-east-1,30,20,50,5,0,ERR-304,Medium,Failure,20,74,1,CUST-100483,DEV-MAC-75825,3.5
2026-10-07T17:10:53,fraud-detection,/payment,us-west-2,138,84,97,9,0,ERR-904,Low,Failure,12,35,1,CUST-112349,DEV-LIN-11235,2.1247
2026-10-07T17:10:53,ledger-service,/balance_check,us-east-1,27,19,48,4,0,ERR-206,Low,Failure,19,22,1,CUST-123456,DEV-WIN-84725,3.1333
2026-10-07T17:10:53,investment-engine,/portfolio,ap-southeast-1,193,85,89,30,14205.88,ERR-110,Low,Failure,5,32,1,CUST-109482,DEV-LIN-11235,2.2422
2026-10-07T17:11:03,auth-service,/login,eu-west-1,48,20,43,4,0,ERR-101,Low,Failure,18,40,1,CUST-112349,DEV-MAC-0149A5,2.3375
2026-10-07T17:11:13,ledger-service,/balance_check,us-west-2,31,21,54,6,0,ERR-903,High,Failure,11,83,1,CUST-100483,DEV-MAC-0149A5,3.8333
2026-10-07T17:11:13,trading-engine,/trade,us-east-1,171,80,72,2,3664.57,ERR-701,High,Failure,16,80,1,CUST-112349,DEV-WIN-99325,12.8073
2026-10-07T17:11:23,ledger-service,/balance_check,us-east-1,18,3,34,1,0,ERR-000,Healthy,Success,10,3,0,CUST-112349,DEV-WIN-99325,1.4667
2026-10-07T17:11:23,auth-service,/login,us-west-2,47,20,46,5,0,ERR-905,Low,Failure,15,25,1,CUST-123456,DEV-WIN-99325,2.5625
2026-10-07T17:11:33,ledger-service,/balance_check,eu-west-1,29,19,49,4,0,ERR-308,Low,Failure,5,37,1,CUST-134098,DEV-MAC-0149A5,3.2167
2026-10-07T17:11:33,fraud-detection,/payment,eu-west-1,218,100,100,16,0,ERR-904,Critical,Failure,6,99,1,CUST-112349,DEV-LIN-11235,3.401
2026-10-07T17:11:43,ledger-service,/balance_check,eu-west-1,29,18,47,4,0,ERR-106,Low,Failure,8,38,1,CUST-134098,DEV-WIN-99325,3.15
2026-10-07T17:11:53,trading-engine,/trade,ap-southeast-1,137,73,58,2,9866.17,ERR-301,Low,Failure,5,25,1,CUST-112349,DEV-WIN-84725,10.4899
2026-10-07T17:11:53,ledger-service,/balance_check,eu-west-1,27,16,45,4,0,ERR-204,Low,Failure,15,24,1,CUST-100483,DEV-WIN-99325,2.9833
2026-10-07T17:12:03,fraud-detection,/payment,us-east-1,179,98,100,11,0,ERR-303,High,Failure,6,85,1,CUST-100483,DEV-MAC-0149A5,2.636
2026-10-07T17:12:13,ledger-service,/balance_check,us-east-1,28,18,49,4,0,ERR-101,Low,Failure,13,29,1,CUST-109482,DEV-WIN-84725,3.15
2026-10-07T17:12:23,payment-api,/transfer,us-east-1,48,15,6,8,3498.43,ERR-000,Healthy,Success,5,5,0,CUST-109482,DEV-LIN-11235,0.8803
2026-10-07T17:12:33,investment-engine,/portfolio,us-west-2,198,84,78,26,11063.46,ERR-905,Low,Failure,12,29,1,CUST-100483,DEV-MAC-75825,2.099
2026-10-07T17:12:33,ledger-service,/balance_check,us-west-2,30,19,49,4,0,ERR-202,Low,Failure,20,37,1,CUST-134098,DEV-WIN-84725,3.25
2026-10-07T17:12:43,ledger-service,/balance_check,us-east-1,27,18,49,4,0,ERR-109,Low,Failure,7,26,1,CUST-112349,DEV-MAC-75825,3.1167
2026-10-07T17:12:43,fraud-detection,/payment,us-east-1,162,91,100,12,0,ERR-309,High,Failure,3,90,1,CUST-134098,DEV-WIN-84725,2.6052
2026-10-07T17:12:53,trading-engine,/trade,eu-west-1,27,1,18,1,2852.32,ERR-000,Healthy,Success,15,5,0,CUST-100483,DEV-WIN-84725,2.3385
2026-10-07T17:12:53,fraud-detection,/payment,eu-west-1,144,83,92,9,0,ERR-110,Low,Failure,15,37,1,CUST-109482,DEV-LIN-11235,2.1573
2026-10-07T17:12:53,ledger-service,/balance_check,us-east-1,27,16,42,4,0,ERR-102,Low,Failure,14,31,1,CUST-123456,DEV-MAC-75825,2.9333
2026-10-07T17:13:03,ledger-service,/balance_check,us-east-1,28,19,50,4,0,ERR-205,Low,Failure,4,34,1,CUST-109482,DEV-LIN-11235,3.2
2026-10-07T17:13:03,auth-service,/login,ap-southeast-1,47,20,48,4,0,ERR-104,Low,Failure,18,40,1,CUST-134098,DEV-WIN-99325,2.3875
2026-10-07T17:13:13,investment-engine,/portfolio,eu-west-1,212,100,90,31,8004.35,ERR-904,High,Failure,2,88,1,CUST-134098,DEV-LIN-11235,2.4158
2026-10-07T17:13:13,fraud-detection,/payment,us-west-2,149,85,98,9,0,ERR-901,Low,Failure,2,28,1,CUST-134098,DEV-WIN-99325,2.2015
2026-10-07T17:13:23,ledger-service,/balance_check,us-east-1,32,24,52,6,0,ERR-903,High,Failure,9,90,1,CUST-123456,DEV-MAC-0149A5,3.9333
2026-10-07T17:13:33,auth-service,/login,ap-southeast-1,52,20,50,5,0,ERR-301,Medium,Failure,14,75,1,CUST-123456,DEV-LIN-11235,2.675
2026-10-07T17:13:33,ledger-service,/balance_check,us-west-2,28,18,46,5,0,ERR-210,Low,Failure,8,25,1,CUST-123456,DEV-LIN-11235,3.3
2026-10-07T17:13:43,trading-engine,/trade,us-west-2,135,79,59,2,6359.75,ERR-106,Low,Failure,10,37,1,CUST-100483,DEV-LIN-11235,10.3786
2026-10-07T17:13:53,ledger-service,/balance_check,us-east-1,29,18,46,4,0,ERR-703,Low,Failure,9,24,1,CUST-134098,DEV-MAC-0149A5,3.1333
2026-10-07T17:14:03,ledger-service,/balance_check,ap-southeast-1,35,23,50,5,0,ERR-209,High,Failure,6,89,1,CUST-134098,DEV-LIN-11235,3.7667
2026-10-07T17:14:13,auth-service,/login,us-west-2,52,20,50,5,0,ERR-210,Medium,Failure,3,63,1,CUST-109482,DEV-WIN-84725,2.675
2026-10-07T17:14:23,fraud-detection,/payment,ap-southeast-1,149,87,98,9,0,ERR-305,Low,Failure,15,39,1,CUST-134098,DEV-MAC-75825,2.2065
2026-10-07T17:14:33,auth-service,/login,ap-southeast-1,51,20,52,5,0,ERR-902,Medium,Failure,11,73,1,CUST-100483,DEV-WIN-84725,2.6875
2026-10-07T17:14:33,ledger-service,/balance_check,us-east-1,29,19,48,4,0,ERR-901,Low,Failure,12,26,1,CUST-112349,DEV-WIN-99325,3.2
2026-10-07T17:14:33,trading-engine,/trade,ap-southeast-1,167,93,61,2,9703.12,ERR-903,High,Failure,10,81,1,CUST-123456,DEV-LIN-11235,12.5625
2026-10-07T17:14:43,ledger-service,/balance_check,us-east-1,30,18,47,5,0,ERR-205,Low,Failure,12,30,1,CUST-112349,DEV-WIN-99325,3.3833
2026-10-07T17:15:03,payment-api,/transfer,eu-west-1,150,78,58,15,9281.65,ERR-704,Low,Failure,17,21,1,CUST-123456,DEV-LIN-11235,2.54
2026-10-07T17:15:03,ledger-service,/balance_check,us-west-2,29,19,49,5,0,ERR-310,Low,Failure,14,22,1,CUST-112349,DEV-WIN-99325,3.4167
2026-10-07T17:15:13,ledger-service,/balance_check,us-west-2,28,18,47,5,0,ERR-310,Low,Failure,11,24,1,CUST-123456,DEV-MAC-0149A5,3.3167
2026-10-07T17:15:23,ledger-service,/balance_check,ap-southeast-1,30,20,50,6,0,ERR-306,High,Failure,12,80,1,CUST-112349,DEV-WIN-99325,3.7
2026-10-07T17:15:23,investment-engine,/portfolio,eu-west-1,187,83,87,27,11189.68,ERR-209,Low,Failure,6,24,1,CUST-100483,DEV-MAC-75825,2.1083
2026-10-07T17:15:33,ledger-service,/balance_check,ap-southeast-1,27,19,47,4,0,ERR-202,Low,Failure,14,35,1,CUST-100483,DEV-LIN-11235,3.1167
2026-10-07T17:15:33,payment-api,/transfer,eu-west-1,156,72,57,14,8841.67,ERR-302,Low,Failure,17,30,1,CUST-123456,DEV-LIN-11235,2.4423
2026-10-07T17:15:43,fraud-detection,/payment,us-east-1,133,72,84,8,0,ERR-000,Normal,Success,13,11,0,CUST-134098,DEV-WIN-84725,1.9487
2026-10-07T17:15:53,ledger-service,/balance_check,eu-west-1,32,22,58,5,0,ERR-903,High,Failure,13,89,1,CUST-100483,DEV-MAC-75825,3.7667
2026-10-07T17:15:53,trading-engine,/trade,eu-west-1,149,78,60,1,7730.74,ERR-705,Low,Failure,8,37,1,CUST-109482,DEV-MAC-0149A5,10.8105
2026-10-07T17:16:03,trading-engine,/trade,us-east-1,157,84,71,2,2524.73,ERR-903,High,Failure,20,84,1,CUST-100483,DEV-LIN-11235,11.8853
2026-10-07T17:16:03,ledger-service,/balance_check,ap-southeast-1,29,18,45,5,0,ERR-903,Low,Failure,18,33,1,CUST-112349,DEV-MAC-75825,3.3167
2026-10-07T17:16:13,payment-api,/withdrawal,us-west-2,146,77,56,13,8527.97,ERR-902,Low,Failure,6,37,1,CUST-100483,DEV-WIN-84725,2.3723
2026-10-07T17:16:23,payment-api,/transfer,us-west-2,153,75,59,14,4812.4,ERR-705,Low,Failure,2,30,1,CUST-112349,DEV-MAC-75825,2.4653
2026-10-07T17:16:23,ledger-service,/balance_check,us-west-2,30,20,52,6,0,ERR-705,High,Failure,9,82,1,CUST-100483,DEV-MAC-0149A5,3.7333
2026-10-07T17:16:23,fraud-detection,/payment,ap-southeast-1,162,97,100,10,0,ERR-108,High,Failure,3,89,1,CUST-134098,DEV-WIN-99325,2.4202
2026-10-07T17:16:33,payment-api,/withdrawal,us-west-2,169,94,70,16,2583.67,ERR-903,High,Failure,10,81,1,CUST-109482,DEV-MAC-75825,2.876
2026-10-07T17:16:33,auth-service,/login,us-west-2,35,2,30,3,0,ERR-000,Healthy,Success,20,1,0,CUST-134098,DEV-MAC-0149A5,1.4525
2026-10-07T17:16:43,fraud-detection,/payment,eu-west-1,138,89,95,10,0,ERR-310,Low,Failure,20,40,1,CUST-134098,DEV-LIN-11235,2.2353
2026-10-07T17:16:43,trading-engine,/trade,us-east-1,177,81,72,2,5544.47,ERR-903,High,Failure,12,86,1,CUST-109482,DEV-LIN-11235,13.2106
2026-10-07T17:17:03,fraud-detection,/payment,us-west-2,143,89,99,10,0,ERR-307,Low,Failure,9,28,1,CUST-112349,DEV-LIN-11235,2.2725
2026-10-07T17:17:13,trading-engine,/trade,ap-southeast-1,158,85,68,2,3990.51,ERR-903,High,Failure,6,87,1,CUST-100483,DEV-MAC-75825,11.9495
2026-10-07T17:17:13,ledger-service,/balance_check,us-west-2,33,22,50,6,0,ERR-308,High,Failure,18,90,1,CUST-112349,DEV-MAC-75825,3.8667
2026-10-07T17:17:23,trading-engine,/trade,us-east-1,5,52,5,1,1327.87,ERR-000,Healthy,Success,11,3,0,CUST-123456,DEV-WIN-99325,1.0164
2026-10-07T17:17:33,ledger-service,/balance_check,us-west-2,25,17,50,5,0,ERR-108,Low,Failure,14,40,1,CUST-112349,DEV-LIN-11235,3.2333
2026-10-07T17:17:33,payment-api,/transfer,ap-southeast-1,189,82,66,18,6227.26,ERR-903,High,Failure,15,82,1,CUST-109482,DEV-MAC-0149A5,2.9693
2026-10-07T17:17:33,investment-engine,/portfolio,ap-southeast-1,188,87,85,30,10000.86,ERR-109,Low,Failure,17,39,1,CUST-109482,DEV-MAC-75825,2.2277
2026-10-07T17:17:43,ledger-service,/balance_check,us-east-1,31,21,57,6,0,ERR-903,High,Failure,16,84,1,CUST-109482,DEV-LIN-11235,3.8833
2026-10-07T17:17:43,trading-engine,/trade,us-east-1,136,72,57,1,4483.93,ERR-210,Low,Failure,6,31,1,CUST-123456,DEV-LIN-11235,9.918
2026-10-07T17:18:03,trading-engine,/trade,eu-west-1,141,76,57,2,5642.26,ERR-103,Low,Failure,3,38,1,CUST-109482,DEV-LIN-11235,10.7647
2026-10-07T17:18:03,ledger-service,/balance_check,eu-west-1,32,20,51,6,0,ERR-206,High,Failure,3,80,1,CUST-134098,DEV-LIN-11235,3.7833
2026-10-07T17:18:13,ledger-service,/balance_check,ap-southeast-1,31,21,60,5,0,ERR-903,High,Failure,20,88,1,CUST-112349,DEV-WIN-99325,3.7333
2026-10-07T17:18:23,ledger-service,/balance_check,eu-west-1,31,23,58,6,0,ERR-903,High,Failure,12,86,1,CUST-123456,DEV-WIN-84725,3.9667
2026-10-07T17:18:23,trading-engine,/trade,us-east-1,141,77,57,1,9624.26,ERR-704,Low,Failure,13,21,1,CUST-109482,DEV-LIN-11235,10.268
2026-10-07T17:18:33,payment-api,/transfer,us-west-2,155,69,54,12,6059.47,ERR-110,Low,Failure,1,27,1,CUST-134098,DEV-WIN-99325,2.265
2026-10-07T17:18:33,fraud-detection,/payment,us-west-2,146,87,94,9,0,ERR-109,Low,Failure,19,38,1,CUST-123456,DEV-LIN-11235,2.1826
2026-10-07T17:18:43,fraud-detection,/payment,us-west-2,137,82,97,9,0,ERR-301,Low,Failure,13,31,1,CUST-112349,DEV-WIN-84725,2.1131
2026-10-07T17:18:43,ledger-service,/balance_check,us-west-2,19,13,10,2,0,ERR-000,Healthy,Success,16,3,0,CUST-112349,DEV-MAC-0149A5,1.6333
2026-10-07T17:19:03,ledger-service,/balance_check,us-west-2,29,19,49,4,0,ERR-202,Low,Failure,2,27,1,CUST-123456,DEV-MAC-0149A5,3.2167
2026-10-07T17:19:03,trading-engine,/trade,ap-southeast-1,149,76,59,1,5090.56,ERR-204,Low,Failure,20,27,1,CUST-100483,DEV-WIN-99325,10.8019
2026-10-07T17:19:13,investment-engine,/portfolio,us-east-1,196,82,82,28,6908.76,ERR-703,Low,Failure,4,22,1,CUST-100483,DEV-WIN-99325,2.1568
2026-10-07T17:19:23,ledger-service,/balance_check,us-west-2,32,21,55,5,0,ERR-903,High,Failure,1,82,1,CUST-100483,DEV-MAC-0149A5,3.6833
2026-10-07T17:19:23,payment-api,/transfer,us-east-1,145,79,56,14,5362.84,ERR-905,Low,Failure,6,22,1,CUST-123456,DEV-LIN-11235,2.4517
2026-10-07T17:19:23,auth-service,/login,eu-west-1,51,21,52,5,0,ERR-903,Medium,Failure,1,78,1,CUST-109482,DEV-WIN-84725,2.7075
2026-10-07T17:19:33,ledger-service,/balance_check,us-east-1,27,20,45,5,0,ERR-109,Low,Failure,11,40,1,CUST-134098,DEV-LIN-11235,3.3167
2026-10-07T17:19:33,auth-service,/login,us-east-1,48,16,47,5,0,ERR-101,Low,Failure,11,34,1,CUST-123456,DEV-WIN-84725,2.5075
2026-10-07T17:19:33,payment-api,/withdrawal,us-west-2,159,76,59,13,198.81,ERR-102,Low,Failure,15,39,1,CUST-112349,DEV-WIN-99325,2.431
2026-10-07T17:19:43,auth-service,/login,ap-southeast-1,47,18,45,4,0,ERR-703,Low,Failure,8,37,1,CUST-109482,DEV-MAC-0149A5,2.31
2026-10-07T17:19:43,fraud-detection,/payment,eu-west-1,198,100,100,12,0,ERR-904,Critical,Failure,17,100,1,CUST-134098,DEV-WIN-99325,2.8677
2026-10-07T17:19:53,payment-api,/withdrawal,eu-west-1,204,100,78,20,6285.12,ERR-901,Critical,Failure,19,99,1,CUST-100483,DEV-LIN-11235,3.3727
2026-10-07T17:19:53,investment-engine,/portfolio,ap-southeast-1,186,85,82,27,8561.2,ERR-105,Low,Failure,2,20,1,CUST-109482,DEV-WIN-84725,2.1052
2026-10-07T17:20:03,payment-api,/withdrawal,eu-west-1,133,73,54,12,3414.37,ERR-305,Low,Failure,7,37,1,CUST-100483,DEV-MAC-0149A5,2.2103
2026-10-07T17:20:03,ledger-service,/balance_check,ap-southeast-1,32,24,50,5,0,ERR-101,High,Failure,2,85,1,CUST-100483,DEV-WIN-84725,3.7
2026-10-07T17:20:13,trading-engine,/trade,us-east-1,146,72,59,1,1735.13,ERR-204,Low,Failure,7,28,1,CUST-134098,DEV-MAC-0149A5,10.5886
2026-10-07T17:20:13,fraud-detection,/payment,eu-west-1,128,86,96,10,0,ERR-902,Low,Failure,14,24,1,CUST-123456,DEV-LIN-11235,2.1621
2026-10-07T17:20:23,payment-api,/withdrawal,us-west-2,58,33,34,9,964.35,ERR-000,Healthy,Success,4,0,0,CUST-112349,DEV-MAC-0149A5,1.277
2026-10-07T17:20:23,ledger-service,/balance_check,ap-southeast-1,27,20,49,4,0,ERR-702,Low,Failure,20,25,1,CUST-109482,DEV-WIN-99325,3.1833
2026-10-07T17:20:33,fraud-detection,/payment,ap-southeast-1,130,85,81,9,0,ERR-105,Low,Failure,1,28,1,CUST-134098,DEV-MAC-0149A5,2.0583
2026-10-07T17:20:33,ledger-service,/balance_check,ap-southeast-1,27,20,46,5,0,ERR-702,Low,Failure,18,20,1,CUST-123456,DEV-WIN-84725,3.3333
2026-10-07T17:20:43,ledger-service,/balance_check,us-east-1,33,23,53,6,0,ERR-903,High,Failure,18,87,1,CUST-100483,DEV-WIN-99325,3.95
2026-10-07T17:20:53,auth-service,/login,ap-southeast-1,19,6,8,3,0,ERR-000,Healthy,Success,20,3,0,CUST-100483,DEV-MAC-75825,1.0575
2026-10-07T17:20:53,payment-api,/transfer,us-west-2,145,74,54,13,6836.23,ERR-902,Low,Failure,4,29,1,CUST-109482,DEV-MAC-0149A5,2.3333
2026-10-07T17:21:03,auth-service,/login,us-west-2,50,20,50,4,0,ERR-310,Low,Failure,20,31,1,CUST-112349,DEV-LIN-11235,2.45
2026-10-07T17:21:03,fraud-detection,/payment,ap-southeast-1,142,90,94,10,0,ERR-702,Low,Failure,3,36,1,CUST-100483,DEV-MAC-75825,2.2635
2026-10-07T17:21:03,ledger-service,/balance_check,us-east-1,30,19,50,4,0,ERR-905,Low,Failure,19,29,1,CUST-109482,DEV-LIN-11235,3.2667
2026-10-07T17:21:13,trading-engine,/trade,ap-southeast-1,143,79,54,1,7607.48,ERR-310,Low,Failure,4,39,1,CUST-134098,DEV-WIN-84725,10.4021
2026-10-07T17:21:13,payment-api,/transfer,ap-southeast-1,149,76,53,12,243.63,ERR-902,Low,Failure,7,36,1,CUST-100483,DEV-MAC-75825,2.2943
2026-10-07T17:21:23,ledger-service,/balance_check,ap-southeast-1,27,16,48,4,0,ERR-307,Low,Failure,16,30,1,CUST-123456,DEV-WIN-99325,3.0333
2026-10-07T17:21:33,trading-engine,/trade,eu-west-1,190,100,84,2,2539.19,ERR-901,Critical,Failure,4,98,1,CUST-109482,DEV-LIN-11235,14.1641
2026-10-07T17:21:43,ledger-service,/balance_check,us-east-1,28,20,40,4,0,ERR-307,Low,Failure,12,24,1,CUST-134098,DEV-LIN-11235,3.0667
2026-10-07T17:21:53,ledger-service,/balance_check,ap-southeast-1,28,18,47,4,0,ERR-208,Low,Failure,5,37,1,CUST-123456,DEV-LIN-11235,3.1167
2026-10-07T17:22:03,ledger-service,/balance_check,eu-west-1,27,19,47,5,0,ERR-109,Low,Failure,12,22,1,CUST-134098,DEV-MAC-75825,3.3167
2026-10-07T17:22:03,payment-api,/withdrawal,eu-west-1,175,84,72,17,4146.48,ERR-903,High,Failure,14,82,1,CUST-123456,DEV-MAC-75825,2.8933
2026-10-07T17:22:03,investment-engine,/portfolio,us-west-2,200,83,90,28,6974.85,ERR-208,Low,Failure,5,32,1,CUST-112349,DEV-MAC-0149A5,2.1908
2026-10-07T17:22:13,payment-api,/withdrawal,us-west-2,182,90,72,17,6269.97,ERR-903,High,Failure,18,89,1,CUST-134098,DEV-MAC-75825,2.9713
2026-10-07T17:22:23,ledger-service,/balance_check,us-west-2,30,19,50,4,0,ERR-310,Low,Failure,15,20,1,CUST-100483,DEV-WIN-84725,3.2667
2026-10-07T17:22:33,auth-service,/login,ap-southeast-1,44,17,44,4,0,ERR-000,Normal,Success,11,6,0,CUST-123456,DEV-WIN-84725,2.24
2026-10-07T17:22:43,investment-engine,/portfolio,ap-southeast-1,167,74,90,24,5556.76,ERR-903,Low,Failure,3,22,1,CUST-100483,DEV-WIN-99325,1.9024
2026-10-07T17:22:43,payment-api,/transfer,us-west-2,145,74,60,14,1802.13,ERR-108,Low,Failure,11,26,1,CUST-112349,DEV-LIN-11235,2.43
2026-10-07T17:22:53,ledger-service,/balance_check,eu-west-1,34,20,51,5,0,ERR-101,High,Failure,12,86,1,CUST-109482,DEV-LIN-11235,3.65
2026-10-07T17:22:53,auth-service,/login,us-east-1,16,2,12,1,0,ERR-000,Healthy,Success,20,4,0,CUST-134098,DEV-WIN-84725,0.59
2026-10-07T17:23:03,fraud-detection,/payment,us-west-2,141,81,95,9,0,ERR-305,Low,Failure,19,22,1,CUST-112349,DEV-WIN-84725,2.1353
2026-10-07T17:23:03,ledger-service,/balance_check,ap-southeast-1,29,17,43,5,0,ERR-903,Low,Failure,19,23,1,CUST-112349,DEV-WIN-84725,3.25
2026-10-07T17:23:13,ledger-service,/balance_check,us-east-1,28,20,45,5,0,ERR-201,Low,Failure,1,20,1,CUST-100483,DEV-WIN-99325,3.35
2026-10-07T17:23:23,ledger-service,/balance_check,ap-southeast-1,30,18,48,5,0,ERR-301,Low,Failure,14,30,1,CUST-112349,DEV-MAC-0149A5,3.4
2026-10-07T17:23:33,investment-engine,/portfolio,ap-southeast-1,209,98,100,32,8181.99,ERR-903,High,Failure,15,80,1,CUST-134098,DEV-WIN-99325,2.4486
2026-10-07T17:23:43,ledger-service,/balance_check,ap-southeast-1,2,3,4,2,0,ERR-000,Healthy,Success,9,2,0,CUST-123456,DEV-MAC-0149A5,0.6333
2026-10-07T17:23:53,ledger-service,/balance_check,eu-west-1,30,20,48,5,0,ERR-703,Low,Failure,8,22,1,CUST-109482,DEV-LIN-11235,3.4667
2026-10-07T17:24:03,payment-api,/transfer,us-west-2,150,79,54,15,3137.34,ERR-203,Low,Failure,7,27,1,CUST-134098,DEV-MAC-0149A5,2.5283
2026-10-07T17:24:03,ledger-service,/balance_check,us-east-1,32,24,59,6,0,ERR-903,High,Failure,10,85,1,CUST-112349,DEV-WIN-99325,4.05
2026-10-07T17:24:03,fraud-detection,/payment,ap-southeast-1,143,84,100,9,0,ERR-202,Low,Failure,7,36,1,CUST-112349,DEV-MAC-75825,2.161
2026-10-07T17:24:13,ledger-service,/balance_check,ap-southeast-1,27,20,45,5,0,ERR-108,Low,Failure,8,39,1,CUST-134098,DEV-LIN-11235,3.3167
2026-10-07T17:24:13,fraud-detection,/payment,us-east-1,44,9,59,6,0,ERR-000,Healthy,Success,11,5,0,CUST-109482,DEV-MAC-0149A5,0.9735
2026-10-07T17:24:13,payment-api,/transfer,us-west-2,156,75,60,14,569.38,ERR-205,Low,Failure,13,31,1,CUST-123456,DEV-WIN-99325,2.4823
2026-10-07T17:24:23,fraud-detection,/payment,ap-southeast-1,65,56,27,5,0,ERR-000,Healthy,Success,2,1,0,CUST-109482,DEV-WIN-99325,1.0997
2026-10-07T17:24:23,ledger-service,/balance_check,us-west-2,29,16,43,5,0,ERR-303,Low,Failure,9,26,1,CUST-134098,DEV-MAC-0149A5,3.2167
2026-10-07T17:24:33,ledger-service,/balance_check,ap-southeast-1,24,18,49,5,0,ERR-303,Low,Failure,11,27,1,CUST-123456,DEV-LIN-11235,3.2167
2026-10-07T17:24:43,investment-engine,/portfolio,us-east-1,200,84,78,24,12718.83,ERR-105,Low,Failure,17,22,1,CUST-109482,DEV-WIN-84725,2.039
2026-10-07T17:24:53,investment-engine,/portfolio,us-east-1,196,72,76,25,10809.08,ERR-207,Low,Failure,5,38,1,CUST-109482,DEV-LIN-11235,1.9951
2026-10-07T17:24:53,ledger-service,/balance_check,eu-west-1,34,24,55,5,0,ERR-903,High,Failure,19,83,1,CUST-109482,DEV-LIN-11235,3.85
2026-10-07T17:24:53,trading-engine,/trade,eu-west-1,150,93,68,2,5859.35,ERR-903,High,Failure,5,83,1,CUST-112349,DEV-WIN-84725,11.4428
2026-10-07T17:25:03,investment-engine,/portfolio,us-east-1,180,90,84,26,9215.03,ERR-105,Low,Failure,8,31,1,CUST-112349,DEV-LIN-11235,2.0807
2026-10-07T17:25:03,trading-engine,/trade,us-east-1,138,77,55,2,3818.02,ERR-305,Low,Failure,9,33,1,CUST-109482,DEV-MAC-0149A5,10.5641
2026-10-07T17:25:03,ledger-service,/balance_check,ap-southeast-1,4,6,30,2,0,ERR-000,Healthy,Success,15,0,0,CUST-112349,DEV-LIN-11235,1.2333
2026-10-07T17:25:13,fraud-detection,/payment,ap-southeast-1,151,94,100,12,0,ERR-902,High,Failure,19,83,1,CUST-112349,DEV-LIN-11235,2.5393
2026-10-07T17:25:13,ledger-service,/balance_check,us-east-1,27,19,46,5,0,ERR-901,Low,Failure,11,33,1,CUST-100483,DEV-MAC-0149A5,3.3
2026-10-07T17:25:13,trading-engine,/trade,ap-southeast-1,159,87,63,2,4731.82,ERR-903,High,Failure,4,84,1,CUST-100483,DEV-MAC-0149A5,12.013
2026-10-07T17:25:13,auth-service,/login,ap-southeast-1,51,21,51,5,0,ERR-903,Medium,Failure,8,65,1,CUST-109482,DEV-LIN-11235,2.695
2026-10-07T17:25:13,investment-engine,/portfolio,us-east-1,165,73,81,27,10522.04,ERR-701,Low,Failure,3,38,1,CUST-109482,DEV-LIN-11235,1.9732
2026-10-07T17:25:23,auth-service,/login,us-east-1,46,19,49,4,0,ERR-306,Low,Failure,10,31,1,CUST-112349,DEV-WIN-84725,2.3675
2026-10-07T17:25:23,ledger-service,/balance_check,us-east-1,35,20,55,5,0,ERR-201,High,Failure,1,84,1,CUST-112349,DEV-WIN-99325,3.75
2026-10-07T17:25:33,auth-service,/login,ap-southeast-1,46,20,48,4,0,ERR-201,Low,Failure,6,27,1,CUST-100483,DEV-WIN-84725,2.375
2026-10-07T17:25:33,fraud-detection,/payment,us-west-2,147,89,88,8,0,ERR-306,Low,Failure,5,28,1,CUST-112349,DEV-WIN-99325,2.0884
2026-10-07T17:25:33,ledger-service,/balance_check,us-east-1,36,21,55,6,0,ERR-903,High,Failure,12,84,1,CUST-100483,DEV-LIN-11235,4.0167
2026-10-07T17:25:43,ledger-service,/balance_check,us-west-2,21,8,34,3,0,ERR-000,Healthy,Success,3,2,0,CUST-134098,DEV-MAC-75825,2.1333
2026-10-07T17:25:53,trading-engine,/trade,us-east-1,134,64,56,2,543.58,ERR-104,Low,Failure,3,29,1,CUST-100483,DEV-LIN-11235,10.256
2026-10-07T17:25:53,payment-api,/withdrawal,ap-southeast-1,154,73,55,13,9126.13,ERR-101,Low,Failure,13,30,1,CUST-134098,DEV-MAC-0149A5,2.366
2026-10-07T17:26:03,trading-engine,/trade,eu-west-1,150,74,59,1,8312.64,ERR-107,Low,Failure,19,39,1,CUST-134098,DEV-LIN-11235,10.8619
2026-10-07T17:26:03,payment-api,/withdrawal,eu-west-1,168,85,62,17,3025,ERR-903,High,Failure,20,82,1,CUST-134098,DEV-WIN-84725,2.8237
2026-10-07T17:26:13,trading-engine,/trade,ap-southeast-1,144,75,56,2,8456.67,ERR-702,Low,Failure,1,20,1,CUST-123456,DEV-MAC-0149A5,10.9594
2026-10-07T17:26:23,investment-engine,/portfolio,ap-southeast-1,175,78,72,24,8451.87,ERR-000,Normal,Success,20,6,0,CUST-109482,DEV-LIN-11235,1.914
2026-10-07T17:26:33,trading-engine,/trade,eu-west-1,148,75,57,1,8796.6,ERR-206,Low,Failure,6,35,1,CUST-100483,DEV-WIN-84725,10.728
2026-10-07T17:26:33,ledger-service,/balance_check,ap-southeast-1,17,13,6,1,0,ERR-000,Healthy,Success,13,0,0,CUST-112349,DEV-WIN-84725,1.3
2026-10-07T17:26:43,ledger-service,/balance_check,ap-southeast-1,24,17,45,4,0,ERR-301,Low,Failure,11,23,1,CUST-134098,DEV-WIN-99325,2.9167
2026-10-07T17:26:53,payment-api,/withdrawal,us-east-1,15,31,37,7,5324.41,ERR-000,Healthy,Success,13,2,0,CUST-100483,DEV-MAC-75825,0.97
2026-10-07T17:26:53,ledger-service,/balance_check,eu-west-1,29,19,48,5,0,ERR-107,Low,Failure,2,25,1,CUST-109482,DEV-MAC-75825,3.4
2026-10-07T17:26:53,investment-engine,/portfolio,us-east-1,188,84,82,29,10731.34,ERR-702,Low,Failure,7,29,1,CUST-109482,DEV-WIN-99325,2.1735
2026-10-07T17:27:03,investment-engine,/portfolio,us-west-2,289,100,100,48,10928.16,ERR-903,Critical,Failure,12,99,1,CUST-109482,DEV-MAC-0149A5,3.2586
2026-10-07T17:27:13,auth-service,/login,ap-southeast-1,51,20,52,5,0,ERR-309,Medium,Failure,18,78,1,CUST-112349,DEV-WIN-84725,2.6875
2026-10-07T17:27:23,ledger-service,/balance_check,us-east-1,31,20,53,6,0,ERR-309,High,Failure,1,87,1,CUST-123456,DEV-WIN-84725,3.7833
2026-10-07T17:27:23,payment-api,/transfer,us-west-2,190,85,63,15,7038.58,ERR-903,High,Failure,18,87,1,CUST-112349,DEV-WIN-99325,2.7833
2026-10-07T17:27:23,auth-service,/login,eu-west-1,41,20,47,5,0,ERR-109,Low,Failure,9,37,1,CUST-123456,DEV-LIN-11235,2.5
2026-10-07T17:27:33,investment-engine,/portfolio,ap-southeast-1,193,87,90,29,13593.06,ERR-204,Low,Failure,12,21,1,CUST-123456,DEV-MAC-0149A5,2.2208
2026-10-07T17:27:33,ledger-service,/balance_check,us-east-1,28,18,47,4,0,ERR-208,Low,Failure,12,40,1,CUST-134098,DEV-WIN-84725,3.1167
2026-10-07T17:27:43,trading-engine,/trade,us-east-1,51,15,20,1,4293.81,ERR-000,Healthy,Success,3,5,0,CUST-134098,DEV-MAC-75825,3.9891
2026-10-07T17:27:53,ledger-service,/balance_check,us-east-1,33,21,56,6,0,ERR-903,High,Failure,2,84,1,CUST-100483,DEV-LIN-11235,3.9333
2026-10-07T17:28:03,payment-api,/transfer,us-east-1,150,74,58,14,742.05,ERR-704,Low,Failure,4,35,1,CUST-100483,DEV-WIN-99325,2.44
2026-10-07T17:28:03,ledger-service,/balance_check,us-west-2,27,20,45,4,0,ERR-206,Low,Failure,18,23,1,CUST-134098,DEV-MAC-0149A5,3.1167
2026-10-07T17:28:13,ledger-service,/balance_check,us-west-2,30,19,47,4,0,ERR-103,Low,Failure,19,33,1,CUST-109482,DEV-WIN-84725,3.2167
2026-10-07T17:28:13,payment-api,/transfer,ap-southeast-1,96,55,19,2,2050.94,ERR-000,Healthy,Success,8,4,0,CUST-134098,DEV-LIN-11235,1.0707
2026-10-07T17:28:23,auth-service,/login,eu-west-1,48,18,48,5,0,ERR-204,Low,Failure,17,31,1,CUST-134098,DEV-WIN-99325,2.56
2026-10-07T17:28:23,ledger-service,/balance_check,us-west-2,33,20,60,6,0,ERR-905,High,Failure,2,82,1,CUST-123456,DEV-WIN-84725,3.9667
2026-10-07T17:28:33,ledger-service,/balance_check,eu-west-1,32,24,50,6,0,ERR-108,High,Failure,2,85,1,CUST-112349,DEV-LIN-11235,3.9
2026-10-07T17:28:33,trading-engine,/trade,us-west-2,149,77,57,1,9398.93,ERR-307,Low,Failure,11,39,1,CUST-100483,DEV-LIN-11235,10.8013
2026-10-07T17:28:43,ledger-service,/balance_check,ap-southeast-1,35,20,52,5,0,ERR-904,High,Failure,9,80,1,CUST-109482,DEV-MAC-0149A5,3.7
2026-10-07T17:28:53,fraud-detection,/payment,eu-west-1,172,91,100,10,0,ERR-102,High,Failure,19,83,1,CUST-134098,DEV-LIN-11235,2.4718
2026-10-07T17:28:53,investment-engine,/portfolio,ap-southeast-1,198,87,83,27,9973.41,ERR-301,Low,Failure,17,35,1,CUST-123456,DEV-MAC-75825,2.1571
2026-10-07T17:29:03,payment-api,/transfer,us-west-2,148,79,58,13,8310.18,ERR-303,Low,Failure,19,32,1,CUST-100483,DEV-MAC-75825,2.407
2026-10-07T17:29:03,ledger-service,/balance_check,us-west-2,4,9,32,2,0,ERR-000,Healthy,Success,2,1,0,CUST-123456,DEV-WIN-84725,1.3667
2026-10-07T17:29:13,ledger-service,/balance_check,us-west-2,15,10,29,1,0,ERR-000,Healthy,Success,17,1,0,CUST-100483,DEV-MAC-75825,1.5167
2026-10-07T17:29:23,payment-api,/withdrawal,ap-southeast-1,146,76,56,14,9617.61,ERR-902,Low,Failure,13,38,1,CUST-123456,DEV-MAC-75825,2.4307
2026-10-07T17:29:23,investment-engine,/portfolio,us-east-1,13,7,20,3,14214.38,ERR-000,Healthy,Success,11,5,0,CUST-134098,DEV-WIN-99325,0.2174
2026-10-07T17:29:33,ledger-service,/balance_check,us-west-2,24,16,50,5,0,ERR-207,Low,Failure,5,31,1,CUST-123456,DEV-LIN-11235,3.1667
2026-10-07T17:29:33,payment-api,/withdrawal,eu-west-1,188,95,66,17,7918.54,ERR-903,High,Failure,19,89,1,CUST-134098,DEV-WIN-84725,3.007
2026-10-07T17:29:43,fraud-detection,/payment,eu-west-1,199,100,100,14,0,ERR-904,Critical,Failure,17,90,1,CUST-123456,DEV-WIN-84725,3.0743
2026-10-07T17:29:43,ledger-service,/balance_check,us-east-1,3,9,22,3,0,ERR-000,Healthy,Success,4,5,0,CUST-134098,DEV-MAC-0149A5,1.3667
2026-10-07T17:29:53,payment-api,/withdrawal,us-east-1,147,78,54,13,7113.6,ERR-901,Low,Failure,6,36,1,CUST-123456,DEV-LIN-11235,2.3747
2026-10-07T17:30:03,trading-engine,/trade,eu-west-1,149,79,57,2,7093.01,ERR-701,Low,Failure,13,34,1,CUST-109482,DEV-LIN-11235,11.308
2026-10-07T17:30:03,ledger-service,/balance_check,us-west-2,29,19,49,5,0,ERR-206,Low,Failure,15,30,1,CUST-134098,DEV-WIN-99325,3.4167
2026-10-07T17:30:13,ledger-service,/balance_check,eu-west-1,36,21,51,6,0,ERR-903,High,Failure,15,87,1,CUST-123456,DEV-MAC-0149A5,3.95
2026-10-07T17:30:23,trading-engine,/trade,ap-southeast-1,147,80,55,2,1884.7,ERR-204,Low,Failure,10,31,1,CUST-123456,DEV-LIN-11235,11.1741
2026-10-07T17:30:53,trading-engine,/trade,ap-southeast-1,7,8,10,1,6109.05,ERR-000,Healthy,Success,6,2,0,CUST-100483,DEV-WIN-99325,1.0129
2026-10-07T17:30:53,auth-service,/login,eu-west-1,52,20,51,5,0,ERR-301,Medium,Failure,20,70,1,CUST-134098,DEV-LIN-11235,2.6875
2026-10-07T17:31:03,investment-engine,/portfolio,us-east-1,180,82,82,28,14126.91,ERR-902,Low,Failure,9,30,1,CUST-123456,DEV-MAC-75825,2.1035
2026-10-07T17:31:03,ledger-service,/balance_check,us-east-1,28,19,46,4,0,ERR-301,Low,Failure,13,23,1,CUST-100483,DEV-WIN-99325,3.1333
2026-10-07T17:31:13,auth-service,/login,ap-southeast-1,10,14,1,1,0,ERR-000,Healthy,Success,11,1,0,CUST-134098,DEV-MAC-75825,0.6175
2026-10-07T17:31:13,ledger-service,/balance_check,ap-southeast-1,27,20,47,5,0,ERR-308,Low,Failure,3,37,1,CUST-134098,DEV-WIN-84725,3.35
2026-10-07T17:31:23,auth-service,/login,eu-west-1,46,20,47,5,0,ERR-304,Low,Failure,12,30,1,CUST-123456,DEV-WIN-84725,2.5625
2026-10-07T17:31:23,trading-engine,/trade,us-west-2,177,93,61,2,9562.29,ERR-903,High,Failure,3,88,1,CUST-112349,DEV-MAC-0149A5,13.2291
2026-10-07T17:31:23,investment-engine,/portfolio,ap-southeast-1,197,88,89,28,14431.72,ERR-110,Low,Failure,15,28,1,CUST-109482,DEV-WIN-99325,2.2038
2026-10-07T17:31:43,ledger-service,/balance_check,ap-southeast-1,30,20,49,5,0,ERR-302,Low,Failure,11,33,1,CUST-123456,DEV-LIN-11235,3.4833
2026-10-07T17:31:43,trading-engine,/trade,ap-southeast-1,145,79,54,1,1499.98,ERR-703,Low,Failure,18,24,1,CUST-123456,DEV-MAC-75825,10.5355
2026-10-07T17:31:43,auth-service,/login,ap-southeast-1,34,9,30,3,0,ERR-000,Healthy,Success,7,5,0,CUST-123456,DEV-WIN-84725,1.58
2026-10-07T17:31:53,ledger-service,/balance_check,us-west-2,28,18,46,4,0,ERR-304,Low,Failure,15,30,1,CUST-134098,DEV-WIN-84725,3.1
2026-10-07T17:32:03,ledger-service,/balance_check,ap-southeast-1,30,19,46,5,0,ERR-305,Low,Failure,13,24,1,CUST-134098,DEV-LIN-11235,3.4
2026-10-07T17:32:03,trading-engine,/trade,us-east-1,14,46,36,1,5246.04,ERR-000,Healthy,Success,1,1,0,CUST-100483,DEV-WIN-99325,1.657
2026-10-07T17:32:13,fraud-detection,/payment,eu-west-1,146,89,93,10,0,ERR-205,Low,Failure,6,35,1,CUST-134098,DEV-WIN-99325,2.2867
2026-10-07T17:32:13,auth-service,/login,eu-west-1,43,19,41,4,0,ERR-304,Low,Failure,15,29,1,CUST-112349,DEV-LIN-11235,2.23
2026-10-07T17:32:23,fraud-detection,/payment,ap-southeast-1,147,87,99,10,0,ERR-209,Low,Failure,20,25,1,CUST-123456,DEV-WIN-84725,2.2942
2026-10-07T17:32:23,ledger-service,/balance_check,eu-west-1,7,4,25,3,0,ERR-000,Healthy,Success,4,4,0,CUST-109482,DEV-WIN-84725,1.3833
2026-10-07T17:32:23,payment-api,/transfer,ap-southeast-1,150,72,57,13,5470.88,ERR-308,Low,Failure,9,27,1,CUST-134098,DEV-MAC-0149A5,2.3517
2026-10-07T17:32:33,auth-service,/login,us-west-2,50,19,46,5,0,ERR-106,Low,Failure,2,40,1,CUST-134098,DEV-WIN-84725,2.58
2026-10-07T17:32:33,payment-api,/withdrawal,us-east-1,157,78,59,15,4360.39,ERR-303,Low,Failure,7,23,1,CUST-109482,DEV-MAC-0149A5,2.573
2026-10-07T17:32:43,payment-api,/withdrawal,eu-west-1,273,100,92,27,4274.23,ERR-901,Critical,Failure,13,93,1,CUST-100483,DEV-WIN-99325,4.1853
2026-10-07T17:32:53,auth-service,/login,eu-west-1,45,18,50,4,0,ERR-105,Low,Failure,15,39,1,CUST-100483,DEV-MAC-75825,2.3475
2026-10-07T17:32:53,ledger-service,/balance_check,eu-west-1,20,1,15,3,0,ERR-000,Healthy,Success,18,0,0,CUST-123456,DEV-MAC-0149A5,1.55
2026-10-07T17:32:53,payment-api,/transfer,ap-southeast-1,154,79,55,14,6455.74,ERR-110,Low,Failure,1,27,1,CUST-123456,DEV-MAC-75825,2.4827
2026-10-07T17:33:03,fraud-detection,/payment,us-west-2,169,100,100,12,0,ERR-202,High,Failure,3,90,1,CUST-134098,DEV-LIN-11235,2.6743
2026-10-07T17:33:03,auth-service,/login,ap-southeast-1,50,19,49,4,0,ERR-304,Low,Failure,20,38,1,CUST-123456,DEV-LIN-11235,2.4175
2026-10-07T17:33:03,investment-engine,/portfolio,us-west-2,191,83,83,30,5131.48,ERR-209,Low,Failure,5,22,1,CUST-109482,DEV-MAC-0149A5,2.2138
2026-10-07T17:33:13,payment-api,/transfer,us-east-1,172,81,72,17,9990.87,ERR-903,High,Failure,2,88,1,CUST-112349,DEV-LIN-11235,2.8563
2026-10-07T17:33:13,ledger-service,/balance_check,us-west-2,30,20,46,5,0,ERR-901,Low,Failure,3,24,1,CUST-100483,DEV-LIN-11235,3.4333
2026-10-07T17:33:23,ledger-service,/balance_check,ap-southeast-1,30,21,53,5,0,ERR-903,High,Failure,4,88,1,CUST-112349,DEV-MAC-0149A5,3.5833
2026-10-07T17:33:23,fraud-detection,/payment,ap-southeast-1,173,98,100,11,0,ERR-210,High,Failure,9,83,1,CUST-100483,DEV-MAC-75825,2.596
2026-10-07T17:33:23,payment-api,/transfer,ap-southeast-1,152,76,60,15,1906.2,ERR-301,Low,Failure,16,39,1,CUST-134098,DEV-WIN-99325,2.5413
2026-10-07T17:33:33,ledger-service,/balance_check,us-west-2,36,23,56,5,0,ERR-903,High,Failure,1,81,1,CUST-109482,DEV-WIN-84725,3.9
2026-10-07T17:33:33,payment-api,/transfer,us-west-2,154,78,56,15,2972,ERR-303,Low,Failure,10,32,1,CUST-134098,DEV-MAC-75825,2.546
2026-10-07T17:33:33,fraud-detection,/payment,ap-southeast-1,23,1,36,3,0,ERR-000,Healthy,Success,18,1,0,CUST-109482,DEV-WIN-99325,0.491
2026-10-07T17:33:43,ledger-service,/balance_check,us-west-2,33,21,58,6,0,ERR-903,High,Failure,5,84,1,CUST-123456,DEV-WIN-84725,3.9667
2026-10-07T17:33:53,investment-engine,/portfolio,us-east-1,184,85,80,29,11721.08,ERR-106,Low,Failure,20,38,1,CUST-123456,DEV-LIN-11235,2.1612
2026-10-07T17:33:53,payment-api,/transfer,us-east-1,152,76,54,13,4601.02,ERR-904,Low,Failure,8,37,1,CUST-134098,DEV-MAC-0149A5,2.378
2026-10-07T17:34:03,ledger-service,/balance_check,us-east-1,27,18,50,4,0,ERR-905,Low,Failure,20,24,1,CUST-100483,DEV-WIN-84725,3.1333
2026-10-07T17:34:13,fraud-detection,/payment,us-east-1,145,84,98,10,0,ERR-208,Low,Failure,6,30,1,CUST-109482,DEV-WIN-99325,2.2724
2026-10-07T17:34:13,payment-api,/transfer,ap-southeast-1,140,71,51,13,6244.24,ERR-000,Normal,Success,11,13,0,CUST-134098,DEV-WIN-84725,2.2733
2026-10-07T17:34:23,trading-engine,/trade,ap-southeast-1,150,69,50,1,2438.97,ERR-306,Low,Failure,1,31,1,CUST-109482,DEV-MAC-75825,10.8277
2026-10-07T17:34:23,ledger-service,/balance_check,ap-southeast-1,30,17,41,4,0,ERR-703,Low,Failure,5,33,1,CUST-134098,DEV-MAC-0149A5,3.05
2026-10-07T17:34:33,investment-engine,/portfolio,eu-west-1,193,80,79,30,13699.91,ERR-902,Low,Failure,8,39,1,CUST-123456,DEV-MAC-0149A5,2.1976
2026-10-07T17:34:33,auth-service,/login,ap-southeast-1,46,19,50,4,0,ERR-104,Low,Failure,14,23,1,CUST-123456,DEV-LIN-11235,2.38
2026-10-07T17:34:53,ledger-service,/balance_check,us-west-2,30,16,43,4,0,ERR-103,Low,Failure,7,39,1,CUST-109482,DEV-MAC-75825,3.05
2026-10-07T17:34:53,trading-engine,/trade,eu-west-1,181,100,72,2,921.77,ERR-902,Critical,Failure,8,97,1,CUST-109482,DEV-MAC-75825,13.5406
2026-10-07T17:35:03,auth-service,/login,eu-west-1,52,20,52,5,0,ERR-201,Medium,Failure,20,79,1,CUST-109482,DEV-WIN-99325,2.7
2026-10-07T17:35:03,ledger-service,/balance_check,eu-west-1,30,19,46,5,0,ERR-110,Low,Failure,11,36,1,CUST-109482,DEV-WIN-99325,3.4
2026-10-07T17:35:13,trading-engine,/trade,ap-southeast-1,170,90,71,2,7268.49,ERR-903,High,Failure,11,81,1,CUST-100483,DEV-LIN-11235,12.772
2026-10-07T17:35:13,ledger-service,/balance_check,us-east-1,30,18,49,5,0,ERR-705,Low,Failure,12,38,1,CUST-112349,DEV-MAC-75825,3.4167
2026-10-07T17:35:23,ledger-service,/balance_check,us-east-1,33,23,60,5,0,ERR-903,High,Failure,16,85,1,CUST-109482,DEV-LIN-11235,3.8667
2026-10-07T17:35:33,trading-engine,/trade,ap-southeast-1,148,80,60,1,5588.36,ERR-308,Low,Failure,17,34,1,CUST-109482,DEV-WIN-99325,10.7505
2026-10-07T17:35:33,investment-engine,/portfolio,us-east-1,186,85,86,28,5993.34,ERR-104,Low,Failure,12,27,1,CUST-109482,DEV-MAC-0149A5,2.1463
2026-10-07T17:35:33,ledger-service,/balance_check,eu-west-1,30,18,47,5,0,ERR-303,Low,Failure,6,28,1,CUST-134098,DEV-MAC-75825,3.3833
2026-10-07T17:35:43,ledger-service,/balance_check,us-west-2,30,18,45,5,0,ERR-101,Low,Failure,4,24,1,CUST-134098,DEV-LIN-11235,3.35
2026-10-07T17:35:43,auth-service,/login,us-east-1,45,20,48,5,0,ERR-110,Low,Failure,3,40,1,CUST-123456,DEV-WIN-99325,2.5625
2026-10-07T17:35:43,trading-engine,/trade,us-west-2,142,80,56,1,1590.45,ERR-308,Low,Failure,2,26,1,CUST-134098,DEV-WIN-99325,10.3427
2026-10-07T17:35:53,ledger-service,/balance_check,ap-southeast-1,25,17,44,5,0,ERR-901,Low,Failure,10,34,1,CUST-134098,DEV-WIN-99325,3.1333
2026-10-07T17:36:03,ledger-service,/balance_check,us-east-1,29,18,45,4,0,ERR-702,Low,Failure,10,39,1,CUST-112349,DEV-WIN-84725,3.1167
2026-10-07T17:36:13,ledger-service,/balance_check,eu-west-1,29,20,49,5,0,ERR-102,Low,Failure,17,21,1,CUST-123456,DEV-WIN-84725,3.45
2026-10-07T17:36:13,auth-service,/login,ap-southeast-1,46,20,47,5,0,ERR-702,Low,Failure,15,40,1,CUST-100483,DEV-WIN-99325,2.5625
2026-10-07T17:36:23,investment-engine,/portfolio,ap-southeast-1,189,87,81,30,7579.55,ERR-210,Low,Failure,3,35,1,CUST-112349,DEV-WIN-84725,2.2232
2026-10-07T17:36:23,trading-engine,/trade,us-west-2,148,75,56,2,9272.78,ERR-106,Low,Failure,3,24,1,CUST-134098,DEV-WIN-84725,11.226
2026-10-07T17:36:33,payment-api,/withdrawal,us-east-1,142,65,54,13,2667.97,ERR-309,Low,Failure,13,29,1,CUST-134098,DEV-WIN-84725,2.2463
2026-10-07T17:36:43,ledger-service,/balance_check,us-east-1,30,17,40,5,0,ERR-901,Low,Failure,13,27,1,CUST-123456,DEV-MAC-75825,3.2333
2026-10-07T17:36:43,trading-engine,/trade,ap-southeast-1,139,76,60,2,7857.76,ERR-301,Low,Failure,2,30,1,CUST-134098,DEV-WIN-99325,10.6372
2026-10-07T17:36:53,investment-engine,/portfolio,eu-west-1,48,35,55,14,11978.04,ERR-000,Healthy,Success,18,2,0,CUST-112349,DEV-LIN-11235,0.9091
2026-10-07T17:36:53,trading-engine,/trade,eu-west-1,150,77,54,1,4449.25,ERR-309,Low,Failure,1,28,1,CUST-109482,DEV-LIN-11235,10.8621
2026-10-07T17:36:53,ledger-service,/balance_check,eu-west-1,28,20,40,4,0,ERR-201,Low,Failure,19,33,1,CUST-134098,DEV-MAC-75825,3.0667
2026-10-07T17:37:03,payment-api,/withdrawal,ap-southeast-1,63,13,8,2,9547.48,ERR-000,Healthy,Success,4,4,0,CUST-109482,DEV-WIN-84725,0.5337
2026-10-07T17:37:03,trading-engine,/trade,ap-southeast-1,145,73,59,1,5611.26,ERR-701,Low,Failure,17,23,1,CUST-134098,DEV-WIN-99325,10.5252
2026-10-07T17:37:23,ledger-service,/balance_check,us-east-1,14,9,17,3,0,ERR-000,Healthy,Success,13,5,0,CUST-109482,DEV-WIN-84725,1.65
2026-10-07T17:37:23,fraud-detection,/payment,us-west-2,143,86,96,10,0,ERR-309,Low,Failure,17,34,1,CUST-134098,DEV-MAC-75825,2.2621
2026-10-07T17:37:23,payment-api,/transfer,us-west-2,155,73,56,15,2733.66,ERR-206,Low,Failure,9,32,1,CUST-134098,DEV-MAC-75825,2.5083
2026-10-07T17:37:33,ledger-service,/balance_check,us-east-1,25,16,40,4,0,ERR-000,Normal,Success,18,9,0,CUST-134098,DEV-MAC-0149A5,2.8333
2026-10-07T17:37:33,investment-engine,/portfolio,us-west-2,258,100,100,38,9614.81,ERR-903,Critical,Failure,8,92,1,CUST-134098,DEV-WIN-99325,2.822
2026-10-07T17:37:43,trading-engine,/trade,ap-southeast-1,143,80,56,1,8137.13,ERR-104,Low,Failure,19,39,1,CUST-109482,DEV-MAC-75825,10.4094
2026-10-07T17:37:53,trading-engine,/trade,us-east-1,142,77,55,1,3847.36,ERR-307,Low,Failure,1,36,1,CUST-123456,DEV-MAC-75825,10.3308
2026-10-07T17:38:03,ledger-service,/balance_check,eu-west-1,30,19,50,5,0,ERR-303,Low,Failure,18,25,1,CUST-123456,DEV-LIN-11235,3.4667
2026-10-07T17:38:03,auth-service,/login,us-west-2,49,18,50,5,0,ERR-305,Low,Failure,14,40,1,CUST-112349,DEV-WIN-99325,2.5975
2026-10-07T17:38:13,ledger-service,/balance_check,ap-southeast-1,30,20,49,5,0,ERR-902,Low,Failure,13,38,1,CUST-109482,DEV-WIN-84725,3.4833
2026-10-07T17:38:23,ledger-service,/balance_check,eu-west-1,27,20,45,4,0,ERR-205,Low,Failure,19,20,1,CUST-123456,DEV-WIN-99325,3.1167
2026-10-07T17:38:33,ledger-service,/balance_check,ap-southeast-1,28,19,47,4,0,ERR-205,Low,Failure,3,39,1,CUST-109482,DEV-MAC-75825,3.15
2026-10-07T17:38:43,payment-api,/transfer,us-east-1,185,84,66,18,4473.37,ERR-903,High,Failure,12,89,1,CUST-112349,DEV-MAC-0149A5,2.97
2026-10-07T17:38:43,auth-service,/login,ap-southeast-1,48,20,49,4,0,ERR-901,Low,Failure,12,33,1,CUST-112349,DEV-MAC-75825,2.4125
2026-10-07T17:38:43,ledger-service,/balance_check,eu-west-1,29,18,47,4,0,ERR-901,Low,Failure,4,37,1,CUST-112349,DEV-LIN-11235,3.15
2026-10-07T17:38:53,ledger-service,/balance_check,ap-southeast-1,28,20,46,4,0,ERR-204,Low,Failure,2,33,1,CUST-123456,DEV-MAC-75825,3.1667
2026-10-07T17:39:03,ledger-service,/balance_check,ap-southeast-1,29,18,49,5,0,ERR-705,Low,Failure,19,33,1,CUST-100483,DEV-MAC-0149A5,3.3833
2026-10-07T17:39:03,trading-engine,/trade,us-east-1,144,73,54,2,4781.2,ERR-202,Low,Failure,6,34,1,CUST-123456,DEV-WIN-99325,10.9488
2026-10-07T17:39:03,investment-engine,/portfolio,eu-west-1,183,88,81,27,12911.65,ERR-309,Low,Failure,4,35,1,CUST-123456,DEV-LIN-11235,2.1082
2026-10-07T17:39:13,payment-api,/transfer,us-east-1,174,88,67,16,2619.22,ERR-903,High,Failure,17,82,1,CUST-100483,DEV-WIN-84725,2.831
2026-10-07T17:39:23,trading-engine,/trade,us-west-2,31,26,31,1,1438.54,ERR-000,Healthy,Success,18,1,0,CUST-100483,DEV-WIN-84725,2.7139
2026-10-07T17:39:33,trading-engine,/trade,eu-west-1,101,51,13,1,6070.39,ERR-000,Healthy,Success,13,4,0,CUST-109482,DEV-MAC-75825,7.4287
2026-10-07T17:39:33,ledger-service,/balance_check,ap-southeast-1,30,19,49,4,0,ERR-108,Low,Failure,14,28,1,CUST-123456,DEV-MAC-75825,3.25
2026-10-07T17:39:43,fraud-detection,/payment,eu-west-1,162,92,100,12,0,ERR-209,High,Failure,12,87,1,CUST-134098,DEV-LIN-11235,2.6077
2026-10-07T17:39:43,payment-api,/withdrawal,ap-southeast-1,133,80,52,13,4434.18,ERR-205,Low,Failure,2,26,1,CUST-123456,DEV-MAC-75825,2.3253
2026-10-07T17:39:43,investment-engine,/portfolio,us-east-1,162,78,79,26,5224.65,ERR-000,Normal,Success,15,5,0,CUST-109482,DEV-MAC-75825,1.951
2026-10-07T17:39:53,ledger-service,/balance_check,eu-west-1,30,16,48,5,0,ERR-309,Low,Failure,20,22,1,CUST-100483,DEV-MAC-75825,3.3333
2026-10-07T17:39:53,payment-api,/transfer,ap-southeast-1,112,55,12,10,2248.62,ERR-000,Healthy,Success,2,0,0,CUST-112349,DEV-MAC-75825,1.633
2026-10-07T17:40:03,ledger-service,/balance_check,us-east-1,27,20,47,4,0,ERR-104,Low,Failure,14,20,1,CUST-112349,DEV-MAC-75825,3.15
2026-10-07T17:40:03,trading-engine,/trade,eu-west-1,145,73,59,2,2364.26,ERR-205,Low,Failure,8,38,1,CUST-109482,DEV-MAC-75825,11.0252
2026-10-07T17:40:13,ledger-service,/balance_check,ap-southeast-1,28,19,45,5,0,ERR-904,Low,Failure,15,38,1,CUST-109482,DEV-WIN-99325,3.3167
2026-10-07T17:40:23,auth-service,/login,us-west-2,50,21,52,5,0,ERR-903,Medium,Failure,3,78,1,CUST-134098,DEV-WIN-84725,2.695
2026-10-07T17:40:23,ledger-service,/balance_check,us-west-2,24,19,43,5,0,ERR-209,Low,Failure,11,33,1,CUST-123456,DEV-MAC-75825,3.15
2026-10-07T17:40:33,ledger-service,/balance_check,eu-west-1,29,20,48,5,0,ERR-303,Low,Failure,14,27,1,CUST-100483,DEV-MAC-0149A5,3.4333
2026-10-07T17:40:43,fraud-detection,/payment,eu-west-1,164,94,100,11,0,ERR-310,High,Failure,2,86,1,CUST-112349,DEV-LIN-11235,2.526
2026-10-07T17:40:53,payment-api,/transfer,ap-southeast-1,157,76,55,14,118.45,ERR-701,Low,Failure,3,25,1,CUST-112349,DEV-MAC-75825,2.4697
2026-10-07T17:40:53,investment-engine,/portfolio,ap-southeast-1,180,76,76,27,7699.58,ERR-903,Low,Failure,20,38,1,CUST-112349,DEV-WIN-99325,2.0284
2026-10-07T17:40:53,trading-engine,/trade,us-west-2,148,72,57,1,6654.46,ERR-310,Low,Failure,15,34,1,CUST-112349,DEV-MAC-75825,10.718
2026-10-07T17:41:03,ledger-service,/balance_check,us-west-2,27,19,50,4,0,ERR-302,Low,Failure,14,31,1,CUST-134098,DEV-WIN-99325,3.1667
2026-10-07T17:41:03,fraud-detection,/payment,eu-west-1,143,87,93,9,0,ERR-901,Low,Failure,18,25,1,CUST-112349,DEV-WIN-99325,2.1617
2026-10-07T17:41:03,auth-service,/login,eu-west-1,26,6,30,1,0,ERR-000,Healthy,Success,9,1,0,CUST-134098,DEV-MAC-0149A5,1.02
2026-10-07T17:41:13,ledger-service,/balance_check,ap-southeast-1,24,20,43,4,0,ERR-310,Low,Failure,2,28,1,CUST-100483,DEV-LIN-11235,2.9833
2026-10-07T17:41:23,investment-engine,/portfolio,ap-southeast-1,46,38,24,7,7146.9,ERR-000,Healthy,Success,11,4,0,CUST-134098,DEV-MAC-0149A5,0.6235
2026-10-07T17:41:23,ledger-service,/balance_check,eu-west-1,30,18,48,4,0,ERR-302,Low,Failure,4,23,1,CUST-100483,DEV-WIN-84725,3.2
2026-10-07T17:41:43,ledger-service,/balance_check,eu-west-1,27,20,46,4,0,ERR-902,Low,Failure,20,36,1,CUST-109482,DEV-LIN-11235,3.1333
2026-10-07T17:41:53,auth-service,/login,ap-southeast-1,14,8,15,3,0,ERR-000,Healthy,Success,1,4,0,CUST-123456,DEV-LIN-11235,1.1225
2026-10-07T17:41:53,payment-api,/transfer,us-west-2,136,70,52,12,3590.07,ERR-000,Normal,Success,12,11,0,CUST-112349,DEV-WIN-84725,2.1873
2026-10-07T17:42:03,payment-api,/transfer,ap-southeast-1,93,35,39,5,4415.23,ERR-000,Healthy,Success,7,2,0,CUST-100483,DEV-MAC-75825,1.192
2026-10-07T17:42:03,ledger-service,/balance_check,ap-southeast-1,29,20,44,5,0,ERR-201,Low,Failure,18,31,1,CUST-100483,DEV-WIN-84725,3.3667
2026-10-07T17:42:13,ledger-service,/balance_check,us-east-1,29,18,46,4,0,ERR-702,Low,Failure,6,33,1,CUST-112349,DEV-LIN-11235,3.1333
2026-10-07T17:42:13,payment-api,/withdrawal,us-west-2,152,78,58,15,7852.9,ERR-302,Low,Failure,1,34,1,CUST-123456,DEV-WIN-84725,2.548
2026-10-07T17:42:23,ledger-service,/balance_check,ap-southeast-1,35,23,56,5,0,ERR-903,High,Failure,20,86,1,CUST-112349,DEV-MAC-75825,3.8667
2026-10-07T17:42:23,auth-service,/login,ap-southeast-1,52,21,50,5,0,ERR-203,Medium,Failure,2,74,1,CUST-123456,DEV-WIN-84725,2.695
2026-10-07T17:42:33,payment-api,/withdrawal,us-east-1,154,76,54,15,7628.98,ERR-310,Low,Failure,18,28,1,CUST-123456,DEV-LIN-11235,2.5193
2026-10-07T17:42:43,ledger-service,/balance_check,us-east-1,30,21,58,5,0,ERR-903,High,Failure,18,80,1,CUST-112349,DEV-WIN-99325,3.6667
2026-10-07T17:42:43,payment-api,/withdrawal,us-east-1,149,73,58,14,6647.89,ERR-204,Low,Failure,18,40,1,CUST-112349,DEV-WIN-84725,2.4277
2026-10-07T17:42:53,ledger-service,/balance_check,eu-west-1,29,20,48,5,0,ERR-308,Low,Failure,11,35,1,CUST-112349,DEV-MAC-75825,3.4333
2026-10-07T17:42:53,investment-engine,/portfolio,eu-west-1,185,89,83,28,14477.97,ERR-102,Low,Failure,12,36,1,CUST-112349,DEV-MAC-0149A5,2.1571
2026-10-07T17:43:03,ledger-service,/balance_check,eu-west-1,34,21,52,5,0,ERR-903,High,Failure,14,80,1,CUST-134098,DEV-WIN-84725,3.7
2026-10-07T17:43:03,auth-service,/login,ap-southeast-1,43,19,48,5,0,ERR-208,Low,Failure,1,24,1,CUST-112349,DEV-MAC-0149A5,2.5175
2026-10-07T17:43:03,payment-api,/withdrawal,ap-southeast-1,160,77,60,15,8277.23,ERR-209,Low,Failure,15,39,1,CUST-100483,DEV-WIN-99325,2.5817
2026-10-07T17:43:13,auth-service,/login,us-east-1,47,20,50,5,0,ERR-105,Low,Failure,20,38,1,CUST-100483,DEV-LIN-11235,2.6125
2026-10-07T17:43:23,payment-api,/transfer,eu-west-1,161,90,70,18,5281.73,ERR-903,High,Failure,9,86,1,CUST-109482,DEV-LIN-11235,2.944
2026-10-07T17:43:23,ledger-service,/balance_check,us-west-2,30,19,47,4,0,ERR-309,Low,Failure,12,26,1,CUST-112349,DEV-MAC-0149A5,3.2167
2026-10-07T17:43:33,investment-engine,/portfolio,ap-southeast-1,200,84,82,30,9689.69,ERR-205,Low,Failure,9,26,1,CUST-134098,DEV-WIN-99325,2.2468
2026-10-07T17:43:33,ledger-service,/balance_check,us-west-2,30,20,46,4,0,ERR-209,Low,Failure,8,40,1,CUST-109482,DEV-MAC-75825,3.2333
2026-10-07T17:43:33,trading-engine,/trade,us-east-1,160,95,71,2,8162.38,ERR-903,High,Failure,16,86,1,CUST-109482,DEV-MAC-0149A5,12.122
2026-10-07T17:43:43,payment-api,/transfer,eu-west-1,143,80,48,14,3849.72,ERR-903,Low,Failure,19,21,1,CUST-112349,DEV-MAC-0149A5,2.412
2026-10-07T17:43:53,ledger-service,/balance_check,eu-west-1,30,19,49,4,0,ERR-106,Low,Failure,12,24,1,CUST-100483,DEV-MAC-75825,3.25
2026-10-07T17:44:13,ledger-service,/balance_check,us-east-1,35,21,54,5,0,ERR-903,High,Failure,1,82,1,CUST-112349,DEV-LIN-11235,3.7667
2026-10-07T17:44:23,ledger-service,/balance_check,eu-west-1,28,18,48,5,0,ERR-209,Low,Failure,5,20,1,CUST-112349,DEV-WIN-99325,3.3333
2026-10-07T17:44:23,trading-engine,/trade,us-east-1,137,77,55,1,7479.68,ERR-205,Low,Failure,12,39,1,CUST-109482,DEV-LIN-11235,9.9974
2026-10-07T17:44:33,payment-api,/withdrawal,ap-southeast-1,190,84,64,18,494.53,ERR-903,High,Failure,1,87,1,CUST-134098,DEV-WIN-84725,2.98
2026-10-07T17:44:33,ledger-service,/balance_check,us-west-2,30,20,49,4,0,ERR-101,Low,Failure,11,28,1,CUST-112349,DEV-WIN-99325,3.2833
2026-10-07T17:44:43,auth-service,/login,us-west-2,46,20,50,5,0,ERR-905,Low,Failure,11,35,1,CUST-112349,DEV-LIN-11235,2.6
2026-10-07T17:44:53,investment-engine,/portfolio,eu-west-1,162,73,73,24,12841.33,ERR-000,Normal,Success,7,5,0,CUST-112349,DEV-WIN-99325,1.8476
2026-10-07T17:44:53,ledger-service,/balance_check,us-east-1,31,23,58,5,0,ERR-903,High,Failure,2,88,1,CUST-134098,DEV-MAC-75825,3.7667
2026-10-07T17:44:53,trading-engine,/trade,ap-southeast-1,139,74,59,1,6724.72,ERR-302,Low,Failure,7,28,1,CUST-134098,DEV-MAC-0149A5,10.1286
2026-10-07T17:45:03,auth-service,/login,eu-west-1,32,1,33,1,0,ERR-000,Healthy,Success,3,2,0,CUST-100483,DEV-LIN-11235,1.0325
2026-10-07T17:45:03,trading-engine,/trade,us-west-2,175,94,67,2,552.7,ERR-903,High,Failure,9,80,1,CUST-100483,DEV-MAC-0149A5,13.1109
2026-10-07T17:45:03,payment-api,/withdrawal,eu-west-1,148,78,56,15,6285.92,ERR-205,Low,Failure,19,34,1,CUST-134098,DEV-LIN-11235,2.522
2026-10-07T17:45:03,ledger-service,/balance_check,eu-west-1,29,20,46,4,0,ERR-905,Low,Failure,2,37,1,CUST-100483,DEV-WIN-84725,3.2
2026-10-07T17:45:13,fraud-detection,/payment,ap-southeast-1,149,90,91,10,0,ERR-208,Low,Failure,3,20,1,CUST-123456,DEV-LIN-11235,2.3072
2026-10-07T17:45:13,trading-engine,/trade,us-west-2,147,80,60,1,932.74,ERR-203,Low,Failure,3,37,1,CUST-109482,DEV-MAC-75825,10.6839
2026-10-07T17:45:23,payment-api,/withdrawal,us-east-1,158,80,57,15,2062.82,ERR-204,Low,Failure,18,36,1,CUST-134098,DEV-WIN-84725,2.5837
2026-10-07T17:45:33,ledger-service,/balance_check,ap-southeast-1,28,19,49,5,0,ERR-106,Low,Failure,1,37,1,CUST-100483,DEV-MAC-75825,3.3833
2026-10-07T17:45:43,auth-service,/login,eu-west-1,51,20,50,5,0,ERR-201,Medium,Failure,19,77,1,CUST-109482,DEV-MAC-75825,2.6625
2026-10-07T17:45:53,payment-api,/withdrawal,us-west-2,153,75,57,15,4373.14,ERR-207,Low,Failure,20,39,1,CUST-109482,DEV-MAC-0149A5,2.522
2026-10-07T17:46:03,ledger-service,/balance_check,eu-west-1,28,16,42,4,0,ERR-204,Low,Failure,10,25,1,CUST-123456,DEV-WIN-99325,2.9667
2026-10-07T17:46:13,ledger-service,/balance_check,ap-southeast-1,10,10,7,2,0,ERR-000,Healthy,Success,13,5,0,CUST-123456,DEV-WIN-84725,1.1833
2026-10-07T17:46:23,ledger-service,/balance_check,ap-southeast-1,29,18,46,4,0,ERR-209,Low,Failure,7,34,1,CUST-109482,DEV-MAC-75825,3.1333
2026-10-07T17:46:33,payment-api,/withdrawal,ap-southeast-1,153,78,54,15,8609.22,ERR-205,Low,Failure,3,37,1,CUST-112349,DEV-WIN-84725,2.532
2026-10-07T17:46:33,fraud-detection,/payment,us-east-1,142,74,80,8,0,ERR-702,Low,Failure,8,34,1,CUST-112349,DEV-MAC-75825,2.0098
2026-10-07T17:46:43,payment-api,/transfer,ap-southeast-1,158,73,59,13,9315.31,ERR-107,Low,Failure,9,34,1,CUST-109482,DEV-MAC-0149A5,2.402
2026-10-07T17:46:53,ledger-service,/balance_check,us-east-1,30,20,48,5,0,ERR-108,Low,Failure,15,39,1,CUST-112349,DEV-WIN-84725,3.4667
2026-10-07T17:47:03,payment-api,/transfer,ap-southeast-1,189,95,61,15,4932.56,ERR-903,High,Failure,1,90,1,CUST-134098,DEV-MAC-0149A5,2.8527
2026-10-07T17:47:03,ledger-service,/balance_check,us-west-2,28,18,42,5,0,ERR-202,Low,Failure,13,38,1,CUST-100483,DEV-MAC-0149A5,3.2333
2026-10-07T17:47:13,ledger-service,/balance_check,us-west-2,18,8,21,1,0,ERR-000,Healthy,Success,14,5,0,CUST-134098,DEV-WIN-84725,1.4167
2026-10-07T17:47:23,payment-api,/withdrawal,us-east-1,178,81,72,17,4904.88,ERR-903,High,Failure,18,83,1,CUST-123456,DEV-MAC-0149A5,2.8803
2026-10-07T17:47:33,ledger-service,/balance_check,ap-southeast-1,26,16,49,5,0,ERR-905,Low,Failure,3,28,1,CUST-123456,DEV-MAC-75825,3.2167
2026-10-07T17:47:43,investment-engine,/portfolio,us-east-1,181,83,86,28,11948.96,ERR-107,Low,Failure,5,25,1,CUST-134098,DEV-LIN-11235,2.1196
2026-10-07T17:47:53,ledger-service,/balance_check,eu-west-1,35,21,55,6,0,ERR-903,High,Failure,3,80,1,CUST-134098,DEV-LIN-11235,3.9833
2026-10-07T17:47:53,investment-engine,/portfolio,eu-west-1,196,81,86,29,11025.96,ERR-110,Low,Failure,7,35,1,CUST-100483,DEV-WIN-99325,2.193
2026-10-07T17:48:03,investment-engine,/portfolio,us-east-1,187,89,83,28,5639.64,ERR-304,Low,Failure,10,38,1,CUST-123456,DEV-MAC-75825,2.1638
2026-10-07T17:48:03,ledger-service,/balance_check,us-east-1,27,18,45,4,0,ERR-106,Low,Failure,2,24,1,CUST-123456,DEV-WIN-84725,3.05
2026-10-07T17:48:23,trading-engine,/trade,eu-west-1,138,72,56,2,7731.36,ERR-108,Low,Failure,19,24,1,CUST-134098,DEV-WIN-99325,10.5494
2026-10-07T17:48:33,payment-api,/transfer,us-east-1,133,80,51,15,9231,ERR-903,Low,Failure,3,27,1,CUST-134098,DEV-WIN-84725,2.4537
2026-10-07T17:48:43,trading-engine,/trade,us-west-2,143,74,60,2,4071.94,ERR-308,Low,Failure,1,27,1,CUST-112349,DEV-MAC-75825,10.8972
2026-10-07T17:48:53,ledger-service,/balance_check,eu-west-1,30,24,59,5,0,ERR-903,High,Failure,17,87,1,CUST-112349,DEV-WIN-99325,3.7833
2026-10-07T17:49:03,ledger-service,/balance_check,eu-west-1,29,17,43,5,0,ERR-209,Low,Failure,5,20,1,CUST-134098,DEV-MAC-0149A5,3.25
2026-10-07T17:49:03,trading-engine,/trade,ap-southeast-1,40,44,33,1,4680.45,ERR-000,Healthy,Success,20,4,0,CUST-123456,DEV-WIN-99325,3.3778
2026-10-07T17:49:03,fraud-detection,/payment,us-west-2,141,88,89,8,0,ERR-110,Low,Failure,1,32,1,CUST-134098,DEV-LIN-11235,2.0469
2026-10-07T17:49:13,fraud-detection,/payment,us-east-1,139,83,95,10,0,ERR-109,Low,Failure,2,34,1,CUST-134098,DEV-MAC-75825,2.2269
2026-10-07T17:49:13,trading-engine,/trade,us-west-2,168,86,65,2,1574.71,ERR-903,High,Failure,15,81,1,CUST-112349,DEV-WIN-84725,12.6136
2026-10-07T17:49:13,payment-api,/transfer,ap-southeast-1,170,96,64,18,9783.79,ERR-903,High,Failure,7,86,1,CUST-123456,DEV-WIN-84725,3
2026-10-07T17:49:23,payment-api,/transfer,us-west-2,172,82,67,15,2960.18,ERR-903,High,Failure,8,85,1,CUST-100483,DEV-MAC-0149A5,2.7063
2026-10-07T17:49:33,payment-api,/transfer,ap-southeast-1,152,80,55,12,8223.25,ERR-307,Low,Failure,15,20,1,CUST-123456,DEV-MAC-0149A5,2.3497
2026-10-07T17:49:43,fraud-detection,/payment,us-west-2,161,100,100,10,0,ERR-208,High,Failure,15,87,1,CUST-109482,DEV-LIN-11235,2.421
2026-10-07T17:49:43,investment-engine,/portfolio,us-east-1,186,76,89,27,5080.93,ERR-210,Low,Failure,13,30,1,CUST-109482,DEV-WIN-99325,2.0738
2026-10-07T17:49:43,ledger-service,/balance_check,eu-west-1,28,18,48,5,0,ERR-303,Low,Failure,16,39,1,CUST-134098,DEV-MAC-0149A5,3.3333
2026-10-07T17:49:53,fraud-detection,/payment,us-west-2,67,3,35,5,0,ERR-000,Healthy,Success,8,0,0,CUST-134098,DEV-LIN-11235,0.9883
2026-10-07T17:50:03,investment-engine,/portfolio,us-west-2,180,81,84,29,11399.17,ERR-306,Low,Failure,4,23,1,CUST-100483,DEV-MAC-0149A5,2.1357
2026-10-07T17:50:13,fraud-detection,/payment,us-east-1,150,83,92,10,0,ERR-310,Low,Failure,4,33,1,CUST-109482,DEV-LIN-11235,2.2973
2026-10-07T17:50:13,ledger-service,/balance_check,eu-west-1,26,19,47,5,0,ERR-210,Low,Failure,9,35,1,CUST-112349,DEV-WIN-84725,3.2833
2026-10-07T17:50:13,auth-service,/login,us-east-1,52,20,51,5,0,ERR-305,Medium,Failure,15,60,1,CUST-100483,DEV-MAC-0149A5,2.6875
2026-10-07T17:50:23,payment-api,/transfer,us-east-1,148,73,51,13,5069.68,ERR-307,Low,Failure,12,31,1,CUST-112349,DEV-WIN-99325,2.322
2026-10-07T17:50:23,auth-service,/login,eu-west-1,48,18,46,4,0,ERR-205,Low,Failure,5,24,1,CUST-134098,DEV-MAC-0149A5,2.335
2026-10-07T17:50:33,trading-engine,/trade,eu-west-1,123,69,53,1,5901.75,ERR-000,Normal,Success,14,5,0,CUST-112349,DEV-MAC-0149A5,9.0335
2026-10-07T17:50:33,ledger-service,/balance_check,eu-west-1,33,24,52,6,0,ERR-903,High,Failure,13,81,1,CUST-112349,DEV-WIN-99325,3.9667
2026-10-07T17:50:33,auth-service,/login,ap-southeast-1,45,17,49,4,0,ERR-306,Low,Failure,11,33,1,CUST-109482,DEV-WIN-99325,2.315
2026-10-07T17:50:43,ledger-service,/balance_check,ap-southeast-1,19,2,21,1,0,ERR-000,Healthy,Success,14,4,0,CUST-112349,DEV-MAC-75825,1.25
2026-10-07T17:50:43,fraud-detection,/payment,eu-west-1,139,87,93,9,0,ERR-108,Low,Failure,5,37,1,CUST-109482,DEV-WIN-99325,2.135
2026-10-07T17:50:53,fraud-detection,/payment,ap-southeast-1,41,17,24,5,0,ERR-000,Healthy,Success,3,1,0,CUST-134098,DEV-MAC-75825,0.8393
2026-10-07T17:50:53,ledger-service,/balance_check,us-east-1,30,19,44,5,0,ERR-903,Low,Failure,8,34,1,CUST-100483,DEV-MAC-0149A5,3.3667
2026-10-07T17:51:13,trading-engine,/trade,ap-southeast-1,81,51,18,1,7078.82,ERR-000,Healthy,Success,10,4,0,CUST-112349,DEV-MAC-75825,6.1052
2026-10-07T17:51:23,trading-engine,/trade,us-west-2,149,74,60,2,7094.44,ERR-704,Low,Failure,2,38,1,CUST-123456,DEV-WIN-99325,11.2972
2026-10-07T17:51:23,ledger-service,/balance_check,eu-west-1,36,20,57,5,0,ERR-702,High,Failure,16,87,1,CUST-123456,DEV-WIN-99325,3.8167
2026-10-07T17:51:23,fraud-detection,/payment,eu-west-1,13,25,61,6,0,ERR-000,Healthy,Success,16,4,0,CUST-112349,DEV-WIN-84725,0.8087
2026-10-07T17:51:33,investment-engine,/portfolio,ap-southeast-1,232,97,93,30,9919.33,ERR-903,High,Failure,7,80,1,CUST-109482,DEV-MAC-75825,2.44
2026-10-07T17:51:33,auth-service,/login,ap-southeast-1,45,19,46,5,0,ERR-102,Low,Failure,8,30,1,CUST-134098,DEV-LIN-11235,2.5175
2026-10-07T17:51:33,trading-engine,/trade,ap-southeast-1,150,78,54,2,5804.45,ERR-302,Low,Failure,14,26,1,CUST-100483,DEV-WIN-99325,11.3655
2026-10-07T17:51:33,ledger-service,/balance_check,us-west-2,30,19,49,4,0,ERR-105,Low,Failure,12,31,1,CUST-134098,DEV-LIN-11235,3.25
2026-10-07T17:51:43,payment-api,/transfer,ap-southeast-1,160,72,59,13,1065.5,ERR-201,Low,Failure,13,21,1,CUST-100483,DEV-MAC-75825,2.4017
2026-10-07T17:51:43,ledger-service,/balance_check,us-west-2,34,24,59,6,0,ERR-903,High,Failure,20,81,1,CUST-100483,DEV-MAC-75825,4.1167
2026-10-07T17:52:03,ledger-service,/balance_check,us-west-2,28,20,46,4,0,ERR-103,Low,Failure,4,27,1,CUST-100483,DEV-WIN-84725,3.1667
2026-10-07T17:52:13,trading-engine,/trade,ap-southeast-1,167,90,65,2,1514.62,ERR-903,High,Failure,5,85,1,CUST-123456,DEV-WIN-84725,12.5603
2026-10-07T17:52:23,ledger-service,/balance_check,us-east-1,30,16,43,5,0,ERR-701,Low,Failure,5,22,1,CUST-134098,DEV-WIN-99325,3.25
2026-10-07T17:52:23,payment-api,/withdrawal,ap-southeast-1,152,75,60,14,1019.2,ERR-101,Low,Failure,6,33,1,CUST-109482,DEV-WIN-84725,2.4663
2026-10-07T17:52:33,trading-engine,/trade,us-west-2,89,56,33,1,6571.34,ERR-000,Healthy,Success,8,4,0,CUST-112349,DEV-MAC-75825,6.6845
2026-10-07T17:52:33,fraud-detection,/payment,us-west-2,163,95,100,12,0,ERR-203,High,Failure,16,85,1,CUST-112349,DEV-MAC-75825,2.6218
2026-10-07T17:52:33,ledger-service,/balance_check,eu-west-1,32,22,58,5,0,ERR-903,High,Failure,3,81,1,CUST-134098,DEV-MAC-75825,3.7667
2026-10-07T17:52:53,payment-api,/transfer,ap-southeast-1,151,73,58,15,126.59,ERR-109,Low,Failure,10,40,1,CUST-123456,DEV-WIN-84725,2.5023
2026-10-07T17:52:53,ledger-service,/balance_check,ap-southeast-1,9,11,33,1,0,ERR-000,Healthy,Success,3,1,0,CUST-123456,DEV-MAC-0149A5,1.4167
2026-10-07T17:53:03,investment-engine,/portfolio,us-west-2,192,86,83,28,7396.74,ERR-305,Low,Failure,10,21,1,CUST-100483,DEV-MAC-0149A5,2.1654
2026-10-07T17:53:03,ledger-service,/balance_check,ap-southeast-1,29,18,41,4,0,ERR-208,Low,Failure,1,38,1,CUST-112349,DEV-WIN-84725,3.05
2026-10-07T17:53:03,auth-service,/login,ap-southeast-1,47,19,49,5,0,ERR-704,Low,Failure,16,24,1,CUST-134098,DEV-MAC-75825,2.58
2026-10-07T17:53:13,payment-api,/withdrawal,us-east-1,182,88,61,16,582.31,ERR-903,High,Failure,4,89,1,CUST-100483,DEV-WIN-84725,2.833
2026-10-07T17:53:13,trading-engine,/trade,us-east-1,129,65,49,2,5793.4,ERR-208,Low,Failure,10,21,1,CUST-100483,DEV-MAC-0149A5,9.9124
2026-10-07T17:53:23,investment-engine,/portfolio,eu-west-1,193,81,85,28,6926.49,ERR-209,Low,Failure,8,34,1,CUST-109482,DEV-LIN-11235,2.1477
2026-10-07T17:53:23,ledger-service,/balance_check,ap-southeast-1,30,20,48,4,0,ERR-205,Low,Failure,20,25,1,CUST-109482,DEV-WIN-99325,3.2667
2026-10-07T17:53:33,ledger-service,/balance_check,us-west-2,35,22,50,6,0,ERR-108,High,Failure,9,88,1,CUST-100483,DEV-WIN-99325,3.9333
2026-10-07T17:53:33,auth-service,/login,us-west-2,46,19,50,4,0,ERR-304,Low,Failure,10,33,1,CUST-123456,DEV-WIN-84725,2.38
2026-10-07T17:53:43,trading-engine,/trade,eu-west-1,193,99,79,2,3120.01,ERR-901,Critical,Failure,14,100,1,CUST-109482,DEV-MAC-0149A5,14.351
2026-10-07T17:53:53,auth-service,/login,us-west-2,3,1,14,3,0,ERR-000,Healthy,Success,12,3,0,CUST-134098,DEV-WIN-84725,0.8325
2026-10-07T17:53:53,payment-api,/transfer,eu-west-1,222,99,72,21,2021.31,ERR-902,Critical,Failure,12,93,1,CUST-123456,DEV-LIN-11235,3.473
2026-10-07T17:53:53,fraud-detection,/payment,eu-west-1,198,100,100,14,0,ERR-904,Critical,Failure,14,97,1,CUST-100483,DEV-WIN-99325,3.0677
2026-10-07T17:54:03,fraud-detection,/payment,us-east-1,41,6,63,6,0,ERR-000,Healthy,Success,1,0,0,CUST-109482,DEV-LIN-11235,0.9499
2026-10-07T17:54:03,ledger-service,/balance_check,us-east-1,30,18,46,4,0,ERR-202,Low,Failure,9,38,1,CUST-123456,DEV-MAC-0149A5,3.1667
2026-10-07T17:54:13,fraud-detection,/payment,eu-west-1,121,88,92,8,0,ERR-304,Low,Failure,13,36,1,CUST-100483,DEV-WIN-84725,1.9165
2026-10-07T17:54:13,trading-engine,/trade,us-east-1,139,69,57,2,7753.32,ERR-304,Low,Failure,19,36,1,CUST-134098,DEV-LIN-11235,10.608
2026-10-07T17:54:23,trading-engine,/trade,ap-southeast-1,156,93,68,2,6062.98,ERR-903,High,Failure,7,84,1,CUST-112349,DEV-MAC-0149A5,11.8428
2026-10-07T17:54:23,fraud-detection,/payment,ap-southeast-1,150,82,95,10,0,ERR-106,Low,Failure,9,28,1,CUST-100483,DEV-LIN-11235,2.2978
2026-10-07T17:54:23,payment-api,/transfer,us-east-1,159,72,59,13,909.61,ERR-307,Low,Failure,18,36,1,CUST-100483,DEV-WIN-84725,2.3977
2026-10-07T17:54:23,ledger-service,/balance_check,ap-southeast-1,27,19,48,4,0,ERR-202,Low,Failure,5,23,1,CUST-123456,DEV-MAC-75825,3.1333
2026-10-07T17:54:33,trading-engine,/trade,us-east-1,157,81,65,2,2257.86,ERR-903,High,Failure,2,84,1,CUST-112349,DEV-MAC-0149A5,11.8636
2026-10-07T17:54:43,auth-service,/login,us-west-2,50,17,50,5,0,ERR-905,Low,Failure,13,35,1,CUST-134098,DEV-WIN-99325,2.59
2026-10-07T17:54:53,investment-engine,/portfolio,eu-west-1,180,82,85,30,7219.36,ERR-705,Low,Failure,11,24,1,CUST-123456,DEV-MAC-75825,2.176
2026-10-07T17:55:03,ledger-service,/balance_check,us-west-2,35,23,53,5,0,ERR-903,High,Failure,5,85,1,CUST-112349,DEV-MAC-0149A5,3.8167
2026-10-07T17:55:13,ledger-service,/balance_check,ap-southeast-1,29,18,48,4,0,ERR-302,Low,Failure,18,28,1,CUST-100483,DEV-LIN-11235,3.1667
2026-10-07T17:55:23,ledger-service,/balance_check,us-west-2,30,19,47,5,0,ERR-108,Low,Failure,17,23,1,CUST-109482,DEV-MAC-75825,3.4167
2026-10-07T17:55:23,fraud-detection,/payment,us-east-1,156,99,100,11,0,ERR-109,High,Failure,4,83,1,CUST-134098,DEV-WIN-84725,2.4852
2026-10-07T17:55:33,ledger-service,/balance_check,ap-southeast-1,33,24,59,5,0,ERR-903,High,Failure,19,86,1,CUST-109482,DEV-MAC-0149A5,3.8833
2026-10-07T17:55:33,auth-service,/login,us-west-2,51,21,52,5,0,ERR-903,Medium,Failure,5,67,1,CUST-112349,DEV-WIN-84725,2.7075
2026-10-07T17:55:43,fraud-detection,/payment,us-east-1,152,100,100,11,0,ERR-103,High,Failure,13,81,1,CUST-134098,DEV-MAC-75825,2.461
2026-10-07T17:55:43,auth-service,/login,us-west-2,45,19,50,5,0,ERR-309,Low,Failure,18,33,1,CUST-123456,DEV-WIN-84725,2.5675
2026-10-07T17:55:53,payment-api,/transfer,us-east-1,145,72,58,13,8165.92,ERR-110,Low,Failure,7,20,1,CUST-109482,DEV-LIN-11235,2.3367
2026-10-07T17:55:53,ledger-service,/balance_check,us-east-1,30,20,49,5,0,ERR-901,Low,Failure,9,36,1,CUST-100483,DEV-MAC-75825,3.4833
2026-10-07T17:56:13,fraud-detection,/payment,us-east-1,180,100,100,11,0,ERR-207,High,Failure,12,82,1,CUST-100483,DEV-MAC-0149A5,2.6477
2026-10-07T17:56:23,ledger-service,/balance_check,us-east-1,29,20,47,4,0,ERR-210,Low,Failure,6,23,1,CUST-134098,DEV-WIN-84725,3.2167
2026-10-07T17:56:33,fraud-detection,/payment,us-west-2,139,90,94,9,0,ERR-309,Low,Failure,1,27,1,CUST-112349,DEV-WIN-84725,2.1435
2026-10-07T17:56:53,auth-service,/login,ap-southeast-1,41,20,43,4,0,ERR-105,Low,Failure,19,34,1,CUST-109482,DEV-MAC-75825,2.25
2026-10-07T17:56:53,ledger-service,/balance_check,us-east-1,17,9,30,3,0,ERR-000,Healthy,Success,3,3,0,CUST-100483,DEV-WIN-99325,1.9667
2026-10-07T17:57:13,payment-api,/withdrawal,us-east-1,100,51,40,10,9290.5,ERR-000,Healthy,Success,4,4,0,CUST-109482,DEV-LIN-11235,1.6917
2026-10-07T17:57:23,auth-service,/login,us-east-1,11,14,23,2,0,ERR-000,Healthy,Success,11,1,0,CUST-112349,DEV-MAC-75825,1.105
2026-10-07T17:57:33,ledger-service,/balance_check,eu-west-1,27,20,50,4,0,ERR-703,Low,Failure,10,25,1,CUST-123456,DEV-WIN-84725,3.2
2026-10-07T17:57:43,ledger-service,/balance_check,us-east-1,1,10,7,3,0,ERR-000,Healthy,Success,16,4,0,CUST-112349,DEV-WIN-84725,1.0833
2026-10-07T17:57:43,auth-service,/login,us-west-2,46,19,50,5,0,ERR-902,Low,Failure,1,23,1,CUST-109482,DEV-LIN-11235,2.58
2026-10-07T17:57:53,ledger-service,/balance_check,ap-southeast-1,30,19,45,5,0,ERR-306,Low,Failure,4,31,1,CUST-123456,DEV-LIN-11235,3.3833
2026-10-07T17:57:53,trading-engine,/trade,us-east-1,161,83,69,2,7085.86,ERR-903,High,Failure,18,84,1,CUST-100483,DEV-WIN-84725,12.1448
2026-10-07T17:57:53,fraud-detection,/payment,eu-west-1,135,88,98,10,0,ERR-201,Low,Failure,17,24,1,CUST-134098,DEV-MAC-0149A5,2.2157
2026-10-07T17:58:03,ledger-service,/balance_check,us-east-1,27,19,50,4,0,ERR-309,Low,Failure,7,25,1,CUST-100483,DEV-MAC-75825,3.1667
2026-10-07T17:58:03,payment-api,/withdrawal,us-east-1,160,73,60,14,1217.19,ERR-304,Low,Failure,10,40,1,CUST-134098,DEV-WIN-84725,2.4817
2026-10-07T17:58:13,ledger-service,/balance_check,eu-west-1,28,18,50,5,0,ERR-103,Low,Failure,11,28,1,CUST-112349,DEV-LIN-11235,3.3667
2026-10-07T17:58:13,trading-engine,/trade,us-west-2,141,77,54,1,7000.94,ERR-905,Low,Failure,15,22,1,CUST-134098,DEV-LIN-11235,10.2621
2026-10-07T17:58:23,payment-api,/withdrawal,us-west-2,144,78,59,14,3832.64,ERR-110,Low,Failure,14,38,1,CUST-123456,DEV-MAC-75825,2.4543
2026-10-07T17:58:23,ledger-service,/balance_check,ap-southeast-1,28,18,48,4,0,ERR-110,Low,Failure,10,26,1,CUST-100483,DEV-WIN-99325,3.1333
2026-10-07T17:58:33,fraud-detection,/payment,us-east-1,168,91,100,10,0,ERR-307,High,Failure,10,87,1,CUST-100483,DEV-MAC-0149A5,2.4452
2026-10-07T17:58:33,investment-engine,/portfolio,ap-southeast-1,223,100,97,31,8266.91,ERR-903,High,Failure,6,84,1,CUST-100483,DEV-LIN-11235,2.4661
2026-10-07T17:58:33,ledger-service,/balance_check,eu-west-1,34,22,59,5,0,ERR-903,High,Failure,5,88,1,CUST-109482,DEV-MAC-0149A5,3.85
2026-10-07T17:58:43,fraud-detection,/payment,us-west-2,138,90,92,10,0,ERR-207,Low,Failure,6,22,1,CUST-123456,DEV-WIN-84725,2.2348
2026-10-07T17:58:43,auth-service,/login,us-west-2,51,20,51,5,0,ERR-306,Medium,Failure,8,76,1,CUST-123456,DEV-MAC-0149A5,2.675
2026-10-07T17:58:43,ledger-service,/balance_check,us-east-1,27,17,42,4,0,ERR-302,Low,Failure,15,38,1,CUST-100483,DEV-LIN-11235,2.9667
2026-10-07T17:58:53,ledger-service,/balance_check,us-east-1,30,19,48,5,0,ERR-309,Low,Failure,20,25,1,CUST-134098,DEV-WIN-84725,3.4333
2026-10-07T17:58:53,payment-api,/withdrawal,eu-west-1,146,69,60,14,6631.86,ERR-104,Low,Failure,9,31,1,CUST-112349,DEV-MAC-0149A5,2.3923
2026-10-07T17:59:03,fraud-detection,/payment,eu-west-1,1,2,33,1,0,ERR-000,Healthy,Success,1,0,0,CUST-100483,DEV-WIN-84725,0.1439
2026-10-07T17:59:03,ledger-service,/balance_check,us-east-1,29,19,50,4,0,ERR-101,Low,Failure,17,24,1,CUST-134098,DEV-WIN-99325,3.2333
2026-10-07T17:59:03,auth-service,/login,ap-southeast-1,46,20,48,5,0,ERR-102,Low,Failure,17,31,1,CUST-109482,DEV-MAC-75825,2.575
2026-10-07T17:59:13,auth-service,/login,ap-southeast-1,51,21,51,5,0,ERR-903,Medium,Failure,13,63,1,CUST-112349,DEV-MAC-0149A5,2.695
2026-10-07T17:59:13,ledger-service,/balance_check,eu-west-1,18,10,31,2,0,ERR-000,Healthy,Success,17,3,0,CUST-123456,DEV-MAC-0149A5,1.85
2026-10-07T17:59:33,trading-engine,/trade,us-west-2,142,70,48,1,263.37,ERR-106,Low,Failure,6,20,1,CUST-109482,DEV-MAC-0149A5,10.2938
2026-10-07T17:59:33,fraud-detection,/payment,ap-southeast-1,28,29,30,3,0,ERR-000,Healthy,Success,11,3,0,CUST-112349,DEV-WIN-84725,0.5885
2026-10-07T17:59:33,auth-service,/login,eu-west-1,47,18,46,4,0,ERR-201,Low,Failure,20,27,1,CUST-123456,DEV-MAC-75825,2.3225
2026-10-07T17:59:33,ledger-service,/balance_check,us-west-2,36,20,51,6,0,ERR-204,High,Failure,20,87,1,CUST-123456,DEV-WIN-99325,3.9167
2026-10-07T17:59:43,payment-api,/transfer,eu-west-1,160,75,58,15,2279.15,ERR-903,Low,Failure,15,24,1,CUST-112349,DEV-LIN-11235,2.555
2026-10-07T17:59:53,ledger-service,/balance_check,ap-southeast-1,29,19,47,5,0,ERR-206,Low,Failure,8,36,1,CUST-112349,DEV-MAC-75825,3.3833
2026-10-07T17:59:53,investment-engine,/portfolio,us-east-1,48,34,32,11,5913.7,ERR-000,Healthy,Success,7,4,0,CUST-123456,DEV-WIN-99325,0.7592
2026-10-07T18:00:03,payment-api,/transfer,eu-west-1,155,80,56,15,3240.54,ERR-208,Low,Failure,16,22,1,CUST-109482,DEV-LIN-11235,2.5667
2026-10-07T18:00:03,investment-engine,/portfolio,us-west-2,187,89,82,27,12378.93,ERR-702,Low,Failure,13,22,1,CUST-109482,DEV-LIN-11235,2.1285
2026-10-07T18:00:13,ledger-service,/balance_check,ap-southeast-1,30,18,49,5,0,ERR-105,Low,Failure,16,35,1,CUST-112349,DEV-WIN-84725,3.4167
2026-10-07T18:00:13,fraud-detection,/payment,us-west-2,203,100,100,14,0,ERR-904,Critical,Failure,5,94,1,CUST-112349,DEV-MAC-75825,3.101
2026-10-07T18:00:23,auth-service,/login,eu-west-1,42,17,43,5,0,ERR-102,Low,Failure,11,24,1,CUST-134098,DEV-MAC-75825,2.4025
2026-10-07T18:00:33,fraud-detection,/payment,eu-west-1,148,86,95,9,0,ERR-307,Low,Failure,7,27,1,CUST-112349,DEV-WIN-99325,2.1944
2026-10-07T18:00:33,trading-engine,/trade,ap-southeast-1,146,78,59,1,2460.1,ERR-302,Low,Failure,14,27,1,CUST-109482,DEV-WIN-99325,10.6086
2026-10-07T18:00:43,ledger-service,/balance_check,us-east-1,28,20,48,5,0,ERR-308,Low,Failure,11,23,1,CUST-123456,DEV-LIN-11235,3.4
2026-10-07T18:00:53,fraud-detection,/payment,us-east-1,148,90,96,9,0,ERR-202,Low,Failure,9,37,1,CUST-123456,DEV-WIN-84725,2.2054
2026-10-07T18:00:53,trading-engine,/trade,eu-west-1,147,76,60,2,7567.31,ERR-109,Low,Failure,7,32,1,CUST-123456,DEV-LIN-11235,11.1705
2026-10-07T18:01:03,auth-service,/login,eu-west-1,47,18,45,5,0,ERR-302,Low,Failure,17,32,1,CUST-123456,DEV-LIN-11235,2.51
2026-10-07T18:01:13,ledger-service,/balance_check,ap-southeast-1,14,1,19,3,0,ERR-000,Healthy,Success,2,0,0,CUST-100483,DEV-WIN-84725,1.4167
2026-10-07T18:01:13,payment-api,/transfer,ap-southeast-1,145,79,54,13,8200.78,ERR-302,Low,Failure,19,31,1,CUST-109482,DEV-WIN-84725,2.375
2026-10-07T18:01:23,fraud-detection,/payment,us-east-1,48,10,63,4,0,ERR-000,Healthy,Success,4,1,0,CUST-100483,DEV-WIN-99325,0.8065
2026-10-07T18:01:23,auth-service,/login,eu-west-1,46,18,47,4,0,ERR-307,Low,Failure,19,24,1,CUST-112349,DEV-LIN-11235,2.3225
2026-10-07T18:01:23,investment-engine,/portfolio,us-east-1,197,79,84,27,6888.85,ERR-105,Low,Failure,14,25,1,CUST-109482,DEV-MAC-75825,2.1157
2026-10-07T18:01:33,auth-service,/login,ap-southeast-1,50,17,43,5,0,ERR-208,Low,Failure,18,25,1,CUST-123456,DEV-WIN-99325,2.5025
2026-10-07T18:01:33,ledger-service,/balance_check,us-west-2,1,11,11,3,0,ERR-000,Healthy,Success,9,4,0,CUST-100483,DEV-MAC-75825,1.1833
2026-10-07T18:01:33,payment-api,/withdrawal,eu-west-1,103,1,32,7,8609.26,ERR-000,Healthy,Success,17,1,0,CUST-123456,DEV-WIN-99325,1.047
2026-10-07T18:01:43,ledger-service,/balance_check,ap-southeast-1,30,18,48,4,0,ERR-305,Low,Failure,6,37,1,CUST-134098,DEV-MAC-75825,3.2
2026-10-07T18:01:43,fraud-detection,/payment,eu-west-1,148,86,100,10,0,ERR-901,Low,Failure,19,32,1,CUST-109482,DEV-WIN-99325,2.2993
2026-10-07T18:01:43,payment-api,/transfer,eu-west-1,217,100,80,21,4159.56,ERR-901,Critical,Failure,14,96,1,CUST-109482,DEV-LIN-11235,3.5013
2026-10-07T18:01:53,auth-service,/login,eu-west-1,45,20,49,5,0,ERR-310,Low,Failure,6,27,1,CUST-112349,DEV-WIN-99325,2.575
2026-10-07T18:01:53,payment-api,/withdrawal,us-east-1,148,75,59,14,3565.66,ERR-901,Low,Failure,11,21,1,CUST-123456,DEV-WIN-84725,2.4453
2026-10-07T18:01:53,trading-engine,/trade,eu-west-1,134,69,48,1,7492.25,ERR-000,Normal,Success,11,14,0,CUST-109482,DEV-WIN-84725,9.7571
2026-10-07T18:02:03,ledger-service,/balance_check,ap-southeast-1,27,19,50,4,0,ERR-310,Low,Failure,2,25,1,CUST-109482,DEV-MAC-0149A5,3.1667
2026-10-07T18:02:13,ledger-service,/balance_check,eu-west-1,29,20,50,4,0,ERR-307,Low,Failure,1,37,1,CUST-123456,DEV-WIN-84725,3.2667
2026-10-07T18:02:13,investment-engine,/portfolio,us-west-2,104,18,11,20,11368.02,ERR-000,Healthy,Success,8,4,0,CUST-123456,DEV-MAC-0149A5,1.1248
2026-10-07T18:02:13,auth-service,/login,us-east-1,49,19,42,5,0,ERR-304,Low,Failure,11,40,1,CUST-109482,DEV-LIN-11235,2.5175
2026-10-07T18:02:23,payment-api,/withdrawal,us-west-2,187,88,72,16,5424.68,ERR-903,High,Failure,20,87,1,CUST-134098,DEV-MAC-75825,2.908
2026-10-07T18:02:23,trading-engine,/trade,eu-west-1,256,100,100,3,6605.58,ERR-901,Critical,Failure,19,94,1,CUST-109482,DEV-MAC-0149A5,19.0953
2026-10-07T18:02:23,ledger-service,/balance_check,ap-southeast-1,12,12,15,3,0,ERR-000,Healthy,Success,4,0,0,CUST-112349,DEV-WIN-99325,1.65
2026-10-07T18:02:33,investment-engine,/portfolio,ap-southeast-1,216,100,92,33,6062.44,ERR-903,High,Failure,12,90,1,CUST-100483,DEV-MAC-0149A5,2.4997
2026-10-07T18:02:33,payment-api,/withdrawal,ap-southeast-1,158,76,60,15,5301,ERR-901,Low,Failure,6,21,1,CUST-100483,DEV-WIN-84725,2.5653
2026-10-07T18:02:33,auth-service,/login,eu-west-1,47,19,48,4,0,ERR-106,Low,Failure,19,31,1,CUST-134098,DEV-WIN-84725,2.3675
2026-10-07T18:02:43,investment-engine,/portfolio,eu-west-1,236,100,100,35,5808.47,ERR-903,High,Failure,9,84,1,CUST-100483,DEV-LIN-11235,2.6486
2026-10-07T18:02:43,payment-api,/withdrawal,eu-west-1,155,74,60,13,2783.92,ERR-303,Low,Failure,20,23,1,CUST-109482,DEV-WIN-84725,2.4033
2026-10-07T18:02:53,fraud-detection,/payment,us-west-2,178,100,100,12,0,ERR-105,High,Failure,11,83,1,CUST-109482,DEV-WIN-84725,2.7343
2026-10-07T18:02:53,ledger-service,/balance_check,us-west-2,29,17,44,4,0,ERR-208,Low,Failure,16,35,1,CUST-109482,DEV-WIN-99325,3.0667
2026-10-07T18:03:03,investment-engine,/portfolio,us-west-2,187,84,83,30,7548.63,ERR-107,Low,Failure,8,26,1,CUST-100483,DEV-MAC-0149A5,2.2054
2026-10-07T18:03:03,ledger-service,/balance_check,us-west-2,34,20,52,6,0,ERR-310,High,Failure,4,86,1,CUST-109482,DEV-LIN-11235,3.8667
2026-10-07T18:03:03,payment-api,/withdrawal,us-west-2,191,81,71,17,3070.57,ERR-903,High,Failure,16,86,1,CUST-100483,DEV-WIN-84725,2.9273
2026-10-07T18:03:13,ledger-service,/balance_check,us-east-1,29,19,48,4,0,ERR-202,Low,Failure,4,21,1,CUST-112349,DEV-LIN-11235,3.2
2026-10-07T18:03:13,auth-service,/login,us-east-1,48,19,48,5,0,ERR-304,Low,Failure,5,25,1,CUST-134098,DEV-LIN-11235,2.58
2026-10-07T18:03:23,payment-api,/transfer,ap-southeast-1,146,77,57,13,5716.64,ERR-110,Low,Failure,8,32,1,CUST-112349,DEV-WIN-99325,2.3773
2026-10-07T18:03:23,fraud-detection,/payment,us-east-1,141,87,99,10,0,ERR-204,Low,Failure,6,24,1,CUST-109482,DEV-WIN-84725,2.2542
2026-10-07T18:03:23,auth-service,/login,eu-west-1,48,20,49,4,0,ERR-101,Low,Failure,10,29,1,CUST-112349,DEV-MAC-0149A5,2.4125
2026-10-07T18:03:23,ledger-service,/balance_check,ap-southeast-1,34,23,60,6,0,ERR-903,High,Failure,19,84,1,CUST-100483,DEV-MAC-0149A5,4.1
2026-10-07T18:03:33,auth-service,/login,us-east-1,10,7,16,2,0,ERR-000,Healthy,Success,19,3,0,CUST-100483,DEV-WIN-84725,0.865
2026-10-07T18:03:33,ledger-service,/balance_check,us-east-1,24,19,50,5,0,ERR-307,Low,Failure,12,39,1,CUST-109482,DEV-MAC-75825,3.2667
2026-10-07T18:03:43,ledger-service,/balance_check,ap-southeast-1,28,18,45,5,0,ERR-102,Low,Failure,6,28,1,CUST-109482,DEV-MAC-0149A5,3.2833
2026-10-07T18:03:53,ledger-service,/balance_check,us-east-1,30,23,53,6,0,ERR-903,High,Failure,15,84,1,CUST-112349,DEV-MAC-75825,3.85
2026-10-07T18:04:03,ledger-service,/balance_check,eu-west-1,27,19,49,4,0,ERR-203,Low,Failure,4,38,1,CUST-109482,DEV-MAC-75825,3.15
2026-10-07T18:04:13,ledger-service,/balance_check,us-west-2,28,20,50,4,0,ERR-702,Low,Failure,7,39,1,CUST-100483,DEV-WIN-84725,3.2333
2026-10-07T18:04:23,ledger-service,/balance_check,us-west-2,29,18,47,4,0,ERR-302,Low,Failure,16,22,1,CUST-123456,DEV-MAC-0149A5,3.15
2026-10-07T18:04:33,auth-service,/login,us-west-2,45,17,41,4,0,ERR-105,Low,Failure,14,24,1,CUST-100483,DEV-WIN-99325,2.215
2026-10-07T18:04:43,auth-service,/login,us-west-2,45,20,50,5,0,ERR-106,Low,Failure,5,39,1,CUST-100483,DEV-WIN-99325,2.5875
2026-10-07T18:05:03,payment-api,/withdrawal,us-east-1,139,77,55,12,301.36,ERR-110,Low,Failure,10,33,1,CUST-112349,DEV-MAC-0149A5,2.2727
2026-10-07T18:05:03,trading-engine,/trade,us-west-2,145,73,56,2,4382.58,ERR-208,Low,Failure,14,37,1,CUST-100483,DEV-MAC-0149A5,11.0194
2026-10-07T18:05:13,trading-engine,/trade,us-east-1,147,77,55,1,856.92,ERR-309,Low,Failure,6,40,1,CUST-100483,DEV-LIN-11235,10.6641
2026-10-07T18:05:13,investment-engine,/portfolio,eu-west-1,195,89,88,27,11891.94,ERR-105,Low,Failure,15,40,1,CUST-100483,DEV-WIN-99325,2.1669
2026-10-07T18:05:13,fraud-detection,/payment,eu-west-1,135,84,93,9,0,ERR-702,Low,Failure,7,39,1,CUST-112349,DEV-MAC-75825,2.1008
2026-10-07T18:05:23,ledger-service,/balance_check,us-west-2,11,13,29,2,0,ERR-000,Healthy,Success,10,0,0,CUST-123456,DEV-MAC-75825,1.6833
2026-10-07T18:05:23,auth-service,/login,ap-southeast-1,46,19,50,4,0,ERR-107,Low,Failure,12,39,1,CUST-134098,DEV-WIN-99325,2.38
2026-10-07T18:05:23,investment-engine,/portfolio,ap-southeast-1,204,100,100,35,13240.71,ERR-903,High,Failure,14,83,1,CUST-123456,DEV-WIN-84725,2.542
2026-10-07T18:05:33,auth-service,/login,us-east-1,50,20,51,5,0,ERR-103,Medium,Failure,20,69,1,CUST-100483,DEV-LIN-11235,2.6625
2026-10-07T18:05:43,ledger-service,/balance_check,ap-southeast-1,27,20,47,4,0,ERR-901,Low,Failure,13,27,1,CUST-112349,DEV-WIN-84725,3.15
2026-10-07T18:05:53,ledger-service,/balance_check,us-east-1,27,17,44,4,0,ERR-101,Low,Failure,20,29,1,CUST-112349,DEV-WIN-84725,3
2026-10-07T18:05:53,investment-engine,/portfolio,us-west-2,188,90,77,25,7867.19,ERR-101,Low,Failure,20,37,1,CUST-134098,DEV-LIN-11235,2.0604
2026-10-07T18:06:03,ledger-service,/balance_check,ap-southeast-1,27,19,45,4,0,ERR-103,Low,Failure,9,27,1,CUST-100483,DEV-LIN-11235,3.0833
2026-10-07T18:06:03,fraud-detection,/payment,ap-southeast-1,179,100,100,11,0,ERR-209,High,Failure,8,90,1,CUST-134098,DEV-WIN-84725,2.641
2026-10-07T18:06:13,trading-engine,/trade,eu-west-1,144,80,54,2,8459.66,ERR-107,Low,Failure,17,22,1,CUST-109482,DEV-MAC-0149A5,10.9721
2026-10-07T18:06:13,payment-api,/transfer,us-west-2,150,75,59,14,4185.99,ERR-104,Low,Failure,5,20,1,CUST-112349,DEV-MAC-75825,2.4533
2026-10-07T18:06:13,ledger-service,/balance_check,ap-southeast-1,27,19,45,5,0,ERR-308,Low,Failure,13,36,1,CUST-100483,DEV-LIN-11235,3.2833
2026-10-07T18:06:23,ledger-service,/balance_check,us-west-2,29,19,49,4,0,ERR-310,Low,Failure,4,28,1,CUST-134098,DEV-MAC-0149A5,3.2167
2026-10-07T18:06:33,ledger-service,/balance_check,us-east-1,29,20,45,5,0,ERR-309,Low,Failure,15,39,1,CUST-112349,DEV-MAC-0149A5,3.3833
2026-10-07T18:06:33,auth-service,/login,us-west-2,48,20,48,4,0,ERR-201,Low,Failure,5,39,1,CUST-134098,DEV-WIN-99325,2.4
2026-10-07T18:06:43,ledger-service,/balance_check,us-east-1,32,21,52,5,0,ERR-903,High,Failure,20,88,1,CUST-100483,DEV-WIN-84725,3.6333
2026-10-07T18:06:53,trading-engine,/trade,ap-southeast-1,49,38,40,1,5823.01,ERR-000,Healthy,Success,20,2,0,CUST-100483,DEV-WIN-99325,3.9715
2026-10-07T18:06:53,ledger-service,/balance_check,us-east-1,29,18,47,4,0,ERR-106,Low,Failure,11,30,1,CUST-123456,DEV-MAC-75825,3.15
2026-10-07T18:06:53,payment-api,/withdrawal,eu-west-1,158,73,57,14,1088.04,ERR-705,Low,Failure,12,26,1,CUST-134098,DEV-WIN-84725,2.4587
2026-10-07T18:07:03,trading-engine,/trade,us-east-1,134,68,54,1,410.44,ERR-105,Low,Failure,14,35,1,CUST-100483,DEV-WIN-99325,9.7655
2026-10-07T18:07:13,auth-service,/login,us-east-1,47,18,41,4,0,ERR-903,Low,Failure,10,34,1,CUST-100483,DEV-MAC-75825,2.26
2026-10-07T18:07:23,fraud-detection,/payment,us-west-2,122,73,89,9,0,ERR-901,Low,Failure,17,32,1,CUST-123456,DEV-WIN-84725,1.9827
2026-10-07T18:07:33,ledger-service,/balance_check,us-east-1,27,19,50,4,0,ERR-107,Low,Failure,19,22,1,CUST-100483,DEV-MAC-0149A5,3.1667
2026-10-07T18:07:33,fraud-detection,/payment,us-east-1,167,99,100,12,0,ERR-703,High,Failure,4,89,1,CUST-109482,DEV-WIN-99325,2.6585
2026-10-07T18:07:43,investment-engine,/portfolio,us-east-1,217,91,93,35,7087.52,ERR-903,High,Failure,9,86,1,CUST-123456,DEV-LIN-11235,2.5266
2026-10-07T18:07:53,ledger-service,/balance_check,us-east-1,27,19,44,5,0,ERR-304,Low,Failure,10,28,1,CUST-134098,DEV-MAC-0149A5,3.2667
2026-10-07T18:07:53,trading-engine,/trade,us-west-2,143,75,58,1,801.56,ERR-105,Low,Failure,9,26,1,CUST-134098,DEV-WIN-84725,10.3966
2026-10-07T18:08:03,trading-engine,/trade,eu-west-1,205,100,74,2,2137.97,ERR-901,Critical,Failure,12,91,1,CUST-123456,DEV-LIN-11235,15.1445
2026-10-07T18:08:13,ledger-service,/balance_check,us-west-2,32,22,52,5,0,ERR-903,High,Failure,18,88,1,CUST-134098,DEV-MAC-0149A5,3.6667
2026-10-07T18:08:13,trading-engine,/trade,ap-southeast-1,142,75,59,1,7191.06,ERR-202,Low,Failure,12,38,1,CUST-123456,DEV-MAC-75825,10.3319
2026-10-07T18:08:23,payment-api,/transfer,us-west-2,159,69,51,15,8465.73,ERR-305,Low,Failure,16,40,1,CUST-109482,DEV-MAC-0149A5,2.466
2026-10-07T18:08:23,ledger-service,/balance_check,us-west-2,33,23,57,6,0,ERR-903,High,Failure,11,85,1,CUST-123456,DEV-LIN-11235,4.0167
2026-10-07T18:08:23,trading-engine,/trade,us-east-1,151,93,70,2,8640.3,ERR-903,High,Failure,10,89,1,CUST-134098,DEV-WIN-99325,11.5134
2026-10-07T18:08:33,ledger-service,/balance_check,us-east-1,30,20,49,4,0,ERR-307,Low,Failure,16,26,1,CUST-134098,DEV-MAC-0149A5,3.2833
2026-10-07T18:08:43,ledger-service,/balance_check,us-west-2,28,18,50,5,0,ERR-105,Low,Failure,10,35,1,CUST-123456,DEV-WIN-99325,3.3667
2026-10-07T18:08:53,ledger-service,/balance_check,ap-southeast-1,29,20,46,5,0,ERR-102,Low,Failure,8,37,1,CUST-134098,DEV-MAC-75825,3.4
2026-10-07T18:09:03,trading-engine,/trade,us-east-1,179,87,69,2,7444.99,ERR-903,High,Failure,19,82,1,CUST-134098,DEV-MAC-0149A5,13.3581
2026-10-07T18:09:13,ledger-service,/balance_check,us-west-2,30,20,45,4,0,ERR-109,Low,Failure,12,22,1,CUST-109482,DEV-WIN-84725,3.2167
2026-10-07T18:09:13,investment-engine,/portfolio,eu-west-1,188,76,78,27,12681.2,ERR-209,Low,Failure,11,35,1,CUST-112349,DEV-LIN-11235,2.059
2026-10-07T18:09:23,ledger-service,/balance_check,ap-southeast-1,29,18,50,5,0,ERR-901,Low,Failure,6,24,1,CUST-109482,DEV-WIN-99325,3.4
2026-10-07T18:09:23,trading-engine,/trade,us-east-1,143,80,56,2,3590.69,ERR-308,Low,Failure,8,38,1,CUST-123456,DEV-MAC-0149A5,10.9094
2026-10-07T18:09:23,payment-api,/withdrawal,eu-west-1,103,38,13,4,629.84,ERR-000,Healthy,Success,3,2,0,CUST-112349,DEV-WIN-99325,1.0603
2026-10-07T18:09:33,fraud-detection,/payment,us-east-1,157,95,100,10,0,ERR-701,High,Failure,4,84,1,CUST-100483,DEV-MAC-0149A5,2.3818
2026-10-07T18:09:33,ledger-service,/balance_check,ap-southeast-1,34,22,60,5,0,ERR-903,High,Failure,3,90,1,CUST-123456,DEV-LIN-11235,3.8667
2026-10-07T18:09:43,ledger-service,/balance_check,eu-west-1,30,19,47,4,0,ERR-305,Low,Failure,7,26,1,CUST-134098,DEV-MAC-75825,3.2167
2026-10-07T18:09:53,investment-engine,/portfolio,us-east-1,184,87,81,27,13642.95,ERR-903,Low,Failure,16,33,1,CUST-134098,DEV-WIN-99325,2.1065
2026-10-07T18:10:03,ledger-service,/balance_check,us-east-1,31,24,56,5,0,ERR-903,High,Failure,7,87,1,CUST-109482,DEV-MAC-0149A5,3.7667
2026-10-07T18:10:03,trading-engine,/trade,ap-southeast-1,142,76,60,2,7131.86,ERR-307,Low,Failure,19,20,1,CUST-123456,DEV-LIN-11235,10.8372
2026-10-07T18:10:13,ledger-service,/balance_check,us-east-1,35,20,56,5,0,ERR-101,High,Failure,4,84,1,CUST-109482,DEV-LIN-11235,3.7667
2026-10-07T18:10:23,auth-service,/login,eu-west-1,52,20,50,5,0,ERR-303,Medium,Failure,7,63,1,CUST-109482,DEV-MAC-75825,2.675
2026-10-07T18:10:23,fraud-detection,/payment,eu-west-1,209,100,100,12,0,ERR-904,Critical,Failure,11,90,1,CUST-134098,DEV-MAC-0149A5,2.941
2026-10-07T18:10:23,payment-api,/transfer,eu-west-1,81,28,6,3,6439.72,ERR-000,Healthy,Success,8,5,0,CUST-134098,DEV-MAC-75825,0.7873
2026-10-07T18:10:33,fraud-detection,/payment,us-east-1,142,83,84,8,0,ERR-705,Low,Failure,8,27,1,CUST-123456,DEV-MAC-75825,2.0362
2026-10-07T18:10:33,ledger-service,/balance_check,eu-west-1,28,19,49,5,0,ERR-205,Low,Failure,17,33,1,CUST-134098,DEV-MAC-75825,3.3833
2026-10-07T18:10:33,payment-api,/withdrawal,ap-southeast-1,131,75,50,14,5134.6,ERR-309,Low,Failure,8,20,1,CUST-112349,DEV-WIN-99325,2.3323
2026-10-07T18:10:43,ledger-service,/balance_check,us-west-2,30,19,44,4,0,ERR-705,Low,Failure,7,34,1,CUST-109482,DEV-MAC-0149A5,3.1667
2026-10-07T18:10:53,ledger-service,/balance_check,us-east-1,26,19,41,4,0,ERR-301,Low,Failure,3,28,1,CUST-134098,DEV-WIN-99325,2.9833
2026-10-07T18:10:53,payment-api,/withdrawal,eu-west-1,155,79,56,13,2137.32,ERR-902,Low,Failure,1,28,1,CUST-134098,DEV-LIN-11235,2.425
2026-10-07T18:10:53,trading-engine,/trade,us-west-2,121,76,49,2,5957.46,ERR-703,Low,Failure,14,27,1,CUST-100483,DEV-WIN-84725,9.4157
2026-10-07T18:11:03,investment-engine,/portfolio,us-west-2,231,92,95,32,5330.58,ERR-903,High,Failure,4,86,1,CUST-112349,DEV-WIN-84725,2.4822
2026-10-07T18:11:13,trading-engine,/trade,ap-southeast-1,137,80,55,1,8590.84,ERR-903,Low,Failure,1,27,1,CUST-109482,DEV-LIN-11235,10.0074
2026-10-07T18:11:23,ledger-service,/balance_check,us-east-1,29,20,50,5,0,ERR-106,Low,Failure,9,31,1,CUST-100483,DEV-MAC-75825,3.4667
2026-10-07T18:11:23,investment-engine,/portfolio,us-west-2,188,90,87,27,7055.69,ERR-203,Low,Failure,18,26,1,CUST-100483,DEV-MAC-0149A5,2.1466
2026-10-07T18:11:33,auth-service,/login,us-east-1,35,10,20,1,0,ERR-000,Healthy,Success,17,4,0,CUST-123456,DEV-MAC-75825,1.0875
2026-10-07T18:11:33,fraud-detection,/payment,us-east-1,15,4,51,4,0,ERR-000,Healthy,Success,1,3,0,CUST-123456,DEV-MAC-75825,0.5598
2026-10-07T18:11:43,ledger-service,/balance_check,us-east-1,25,18,48,4,0,ERR-307,Low,Failure,19,26,1,CUST-100483,DEV-LIN-11235,3.0333
2026-10-07T18:11:43,payment-api,/withdrawal,us-east-1,99,21,4,9,2927.54,ERR-000,Healthy,Success,12,1,0,CUST-112349,DEV-LIN-11235,1.191
2026-10-07T18:11:53,auth-service,/login,us-west-2,50,19,46,5,0,ERR-109,Low,Failure,19,40,1,CUST-100483,DEV-WIN-84725,2.58
2026-10-07T18:11:53,ledger-service,/balance_check,us-west-2,30,16,48,4,0,ERR-902,Low,Failure,10,36,1,CUST-112349,DEV-LIN-11235,3.1333
2026-10-07T18:12:03,payment-api,/transfer,us-west-2,151,76,54,13,7490.42,ERR-110,Low,Failure,20,26,1,CUST-112349,DEV-MAC-0149A5,2.374
2026-10-07T18:12:03,ledger-service,/balance_check,us-east-1,28,18,46,4,0,ERR-202,Low,Failure,15,26,1,CUST-112349,DEV-WIN-84725,3.1
2026-10-07T18:12:13,payment-api,/transfer,us-east-1,174,92,70,17,9551.47,ERR-903,High,Failure,20,83,1,CUST-134098,DEV-LIN-11235,2.946
2026-10-07T18:12:23,auth-service,/login,eu-west-1,47,20,46,5,0,ERR-203,Low,Failure,19,31,1,CUST-123456,DEV-LIN-11235,2.5625
2026-10-07T18:12:23,fraud-detection,/payment,ap-southeast-1,177,97,100,10,0,ERR-904,High,Failure,4,88,1,CUST-123456,DEV-MAC-75825,2.5202
2026-10-07T18:12:33,ledger-service,/balance_check,eu-west-1,29,18,45,5,0,ERR-302,Low,Failure,13,33,1,CUST-123456,DEV-MAC-75825,3.3167
2026-10-07T18:12:33,investment-engine,/portfolio,us-east-1,214,93,90,35,10569.82,ERR-305,High,Failure,4,82,1,CUST-134098,DEV-WIN-84725,2.5208
2026-10-07T18:12:43,ledger-service,/balance_check,ap-southeast-1,28,18,49,5,0,ERR-208,Low,Failure,12,38,1,CUST-100483,DEV-WIN-84725,3.35
2026-10-07T18:12:53,payment-api,/transfer,eu-west-1,189,96,64,16,7676.88,ERR-903,High,Failure,11,89,1,CUST-134098,DEV-WIN-99325,2.9427
2026-10-07T18:12:53,ledger-service,/balance_check,ap-southeast-1,34,22,53,6,0,ERR-903,High,Failure,5,83,1,CUST-112349,DEV-MAC-75825,3.95
2026-10-07T18:13:03,ledger-service,/balance_check,us-west-2,16,3,25,2,0,ERR-000,Healthy,Success,15,2,0,CUST-123456,DEV-LIN-11235,1.45
2026-10-07T18:13:03,payment-api,/transfer,eu-west-1,171,83,65,17,9996.29,ERR-903,High,Failure,13,88,1,CUST-123456,DEV-MAC-0149A5,2.834
2026-10-07T18:13:13,ledger-service,/balance_check,us-west-2,5,8,11,1,0,ERR-000,Healthy,Success,12,0,0,CUST-100483,DEV-MAC-0149A5,0.8167
2026-10-07T18:13:13,trading-engine,/trade,ap-southeast-1,150,95,65,2,8719.13,ERR-903,High,Failure,17,84,1,CUST-112349,DEV-MAC-75825,11.4436
2026-10-07T18:13:23,payment-api,/transfer,ap-southeast-1,170,86,62,16,3893.11,ERR-903,High,Failure,9,82,1,CUST-123456,DEV-MAC-75825,2.7733
2026-10-07T18:13:33,ledger-service,/balance_check,ap-southeast-1,25,19,44,5,0,ERR-309,Low,Failure,14,37,1,CUST-123456,DEV-WIN-99325,3.2
2026-10-07T18:13:33,fraud-detection,/payment,eu-west-1,178,100,100,10,0,ERR-202,High,Failure,17,85,1,CUST-123456,DEV-LIN-11235,2.5343
2026-10-07T18:13:43,ledger-service,/balance_check,eu-west-1,36,20,51,5,0,ERR-208,High,Failure,12,81,1,CUST-109482,DEV-LIN-11235,3.7167
2026-10-07T18:13:53,trading-engine,/trade,us-east-1,140,78,57,1,361.78,ERR-106,Low,Failure,8,33,1,CUST-112349,DEV-MAC-0149A5,10.2047
2026-10-07T18:14:03,payment-api,/transfer,eu-west-1,194,100,72,18,5929.85,ERR-902,Critical,Failure,4,93,1,CUST-100483,DEV-WIN-99325,3.1693
2026-10-07T18:14:13,auth-service,/login,us-west-2,52,20,52,5,0,ERR-109,Medium,Failure,17,63,1,CUST-134098,DEV-MAC-0149A5,2.7
2026-10-07T18:14:13,ledger-service,/balance_check,eu-west-1,28,18,48,4,0,ERR-901,Low,Failure,19,39,1,CUST-123456,DEV-MAC-0149A5,3.1333
2026-10-07T18:14:23,payment-api,/transfer,us-west-2,176,95,65,17,6607.14,ERR-903,High,Failure,13,89,1,CUST-134098,DEV-MAC-0149A5,2.954
2026-10-07T18:14:23,trading-engine,/trade,ap-southeast-1,170,86,65,2,3614.52,ERR-903,High,Failure,5,86,1,CUST-100483,DEV-LIN-11235,12.747
2026-10-07T18:14:33,payment-api,/transfer,us-east-1,155,78,59,13,4577.16,ERR-302,Low,Failure,2,33,1,CUST-100483,DEV-WIN-99325,2.4317
2026-10-07T18:14:33,ledger-service,/balance_check,ap-southeast-1,27,19,46,4,0,ERR-303,Low,Failure,2,30,1,CUST-134098,DEV-WIN-99325,3.1
2026-10-07T18:14:33,fraud-detection,/payment,us-west-2,147,75,92,9,0,ERR-308,Low,Failure,11,30,1,CUST-112349,DEV-MAC-0149A5,2.1573
2026-10-07T18:14:53,ledger-service,/balance_check,us-west-2,27,18,50,4,0,ERR-103,Low,Failure,4,36,1,CUST-112349,DEV-MAC-75825,3.1333
2026-10-07T18:15:03,ledger-service,/balance_check,ap-southeast-1,25,18,42,5,0,ERR-210,Low,Failure,5,21,1,CUST-109482,DEV-WIN-84725,3.1333
2026-10-07T18:15:13,investment-engine,/portfolio,eu-west-1,185,88,86,28,13164.37,ERR-203,Low,Failure,4,30,1,CUST-134098,DEV-LIN-11235,2.158
2026-10-07T18:15:13,auth-service,/login,us-west-2,44,18,44,5,0,ERR-201,Low,Failure,9,32,1,CUST-112349,DEV-WIN-84725,2.46
2026-10-07T18:15:23,ledger-service,/balance_check,eu-west-1,30,18,50,5,0,ERR-903,Low,Failure,20,39,1,CUST-109482,DEV-MAC-75825,3.4333
2026-10-07T18:15:33,ledger-service,/balance_check,us-west-2,16,1,29,3,0,ERR-000,Healthy,Success,7,1,0,CUST-112349,DEV-LIN-11235,1.65
2026-10-07T18:15:43,ledger-service,/balance_check,us-west-2,28,19,45,4,0,ERR-301,Low,Failure,2,28,1,CUST-109482,DEV-MAC-0149A5,3.1167
2026-10-07T18:15:53,trading-engine,/trade,us-west-2,141,80,60,1,1383.21,ERR-309,Low,Failure,12,23,1,CUST-100483,DEV-MAC-75825,10.2839
2026-10-07T18:16:03,ledger-service,/balance_check,us-east-1,28,20,47,5,0,ERR-905,Low,Failure,4,37,1,CUST-112349,DEV-WIN-84725,3.3833
2026-10-07T18:16:03,trading-engine,/trade,eu-west-1,136,72,58,1,7237.48,ERR-206,Low,Failure,7,37,1,CUST-134098,DEV-MAC-0149A5,9.9199
2026-10-07T18:16:13,auth-service,/login,us-east-1,4,4,24,3,0,ERR-000,Healthy,Success,3,3,0,CUST-112349,DEV-MAC-75825,1.03
2026-10-07T18:16:13,fraud-detection,/payment,us-west-2,144,88,84,10,0,ERR-905,Low,Failure,14,33,1,CUST-109482,DEV-MAC-0149A5,2.262
2026-10-07T18:16:13,ledger-service,/balance_check,us-west-2,33,24,50,5,0,ERR-903,High,Failure,11,81,1,CUST-134098,DEV-WIN-99325,3.7333
2026-10-07T18:16:33,fraud-detection,/payment,ap-southeast-1,173,100,100,11,0,ERR-210,High,Failure,13,82,1,CUST-134098,DEV-WIN-84725,2.601
2026-10-07T18:16:43,fraud-detection,/payment,us-west-2,141,90,91,10,0,ERR-105,Low,Failure,2,40,1,CUST-134098,DEV-WIN-99325,2.2539
2026-10-07T18:16:43,ledger-service,/balance_check,us-west-2,30,18,46,4,0,ERR-206,Low,Failure,5,22,1,CUST-109482,DEV-WIN-99325,3.1667
2026-10-07T18:16:53,investment-engine,/portfolio,us-east-1,185,81,90,29,12606.06,ERR-705,Low,Failure,13,25,1,CUST-123456,DEV-WIN-99325,2.1641
2026-10-07T18:16:53,trading-engine,/trade,us-east-1,141,71,58,1,7904.86,ERR-301,Low,Failure,2,20,1,CUST-123456,DEV-WIN-84725,10.2499
2026-10-07T18:17:03,trading-engine,/trade,eu-west-1,149,71,59,2,9141.19,ERR-203,Low,Failure,14,36,1,CUST-109482,DEV-MAC-0149A5,11.2852
2026-10-07T18:17:03,fraud-detection,/payment,ap-southeast-1,163,98,100,10,0,ERR-705,High,Failure,11,85,1,CUST-134098,DEV-WIN-84725,2.4293
2026-10-07T18:17:13,payment-api,/withdrawal,ap-southeast-1,160,74,57,15,5128.05,ERR-702,Low,Failure,14,35,1,CUST-123456,DEV-WIN-99325,2.5417
2026-10-07T18:17:13,ledger-service,/balance_check,us-west-2,31,20,51,5,0,ERR-205,High,Failure,16,89,1,CUST-109482,DEV-WIN-84725,3.55
2026-10-07T18:17:23,ledger-service,/balance_check,us-east-1,24,16,43,5,0,ERR-102,Low,Failure,16,29,1,CUST-123456,DEV-WIN-84725,3.05
2026-10-07T18:17:33,fraud-detection,/payment,us-west-2,186,100,100,12,0,ERR-904,Critical,Failure,9,91,1,CUST-109482,DEV-MAC-75825,2.7877
2026-10-07T18:17:33,ledger-service,/balance_check,us-east-1,36,22,60,6,0,ERR-903,High,Failure,1,81,1,CUST-112349,DEV-WIN-99325,4.1333
2026-10-07T18:17:43,trading-engine,/trade,eu-west-1,126,66,52,2,5587.62,ERR-306,Low,Failure,8,28,1,CUST-100483,DEV-WIN-99325,9.7216
2026-10-07T18:18:03,ledger-service,/balance_check,us-east-1,27,19,48,4,0,ERR-303,Low,Failure,15,33,1,CUST-100483,DEV-WIN-99325,3.1333
2026-10-07T18:18:13,ledger-service,/balance_check,us-east-1,29,19,46,4,0,ERR-101,Low,Failure,20,32,1,CUST-112349,DEV-LIN-11235,3.1667
2026-10-07T18:18:23,ledger-service,/balance_check,us-west-2,27,18,46,4,0,ERR-303,Low,Failure,5,31,1,CUST-123456,DEV-WIN-99325,3.0667
2026-10-07T18:18:23,auth-service,/login,us-east-1,47,20,50,5,0,ERR-202,Low,Failure,12,28,1,CUST-112349,DEV-LIN-11235,2.6125
2026-10-07T18:18:33,ledger-service,/balance_check,us-east-1,28,19,46,5,0,ERR-107,Low,Failure,20,40,1,CUST-112349,DEV-WIN-84725,3.3333
2026-10-07T18:18:33,investment-engine,/portfolio,ap-southeast-1,180,89,86,27,12663.14,ERR-110,Low,Failure,8,33,1,CUST-100483,DEV-LIN-11235,2.113
2026-10-07T18:18:43,trading-engine,/trade,us-west-2,210,96,80,2,1707.62,ERR-901,Critical,Failure,5,94,1,CUST-109482,DEV-MAC-75825,15.4762
2026-10-07T18:18:43,auth-service,/login,us-west-2,48,20,47,4,0,ERR-106,Low,Failure,3,29,1,CUST-100483,DEV-WIN-99325,2.3875
2026-10-07T18:18:43,investment-engine,/portfolio,us-east-1,189,85,90,28,9977.85,ERR-905,Low,Failure,5,22,1,CUST-123456,DEV-MAC-0149A5,2.1641
2026-10-07T18:18:43,ledger-service,/balance_check,ap-southeast-1,35,22,51,5,0,ERR-903,High,Failure,18,83,1,CUST-112349,DEV-WIN-84725,3.75
2026-10-07T18:19:03,ledger-service,/balance_check,us-west-2,28,19,50,5,0,ERR-207,Low,Failure,4,32,1,CUST-112349,DEV-WIN-99325,3.4
2026-10-07T18:19:13,payment-api,/transfer,ap-southeast-1,182,89,68,17,8219.88,ERR-903,High,Failure,19,85,1,CUST-100483,DEV-MAC-75825,2.943
2026-10-07T18:19:23,ledger-service,/balance_check,ap-southeast-1,7,8,4,2,0,ERR-000,Healthy,Success,9,4,0,CUST-134098,DEV-MAC-0149A5,0.9667
2026-10-07T18:19:23,trading-engine,/trade,us-east-1,137,73,54,1,135.6,ERR-308,Low,Failure,17,39,1,CUST-109482,DEV-WIN-84725,9.9821
2026-10-07T18:19:33,fraud-detection,/payment,us-east-1,52,48,20,7,0,ERR-000,Healthy,Success,8,2,0,CUST-109482,DEV-MAC-75825,1.1862
2026-10-07T18:19:43,payment-api,/transfer,eu-west-1,151,77,49,14,8923.31,ERR-905,Low,Failure,1,31,1,CUST-134098,DEV-MAC-0149A5,2.424
2026-10-07T18:19:43,trading-engine,/trade,us-east-1,131,76,59,1,6876.39,ERR-307,Low,Failure,10,37,1,CUST-134098,DEV-WIN-84725,9.6019
2026-10-07T18:19:53,ledger-service,/balance_check,ap-southeast-1,32,21,56,5,0,ERR-903,High,Failure,1,86,1,CUST-100483,DEV-MAC-75825,3.7
2026-10-07T18:20:03,auth-service,/login,us-east-1,50,20,50,5,0,ERR-102,Medium,Failure,15,66,1,CUST-100483,DEV-MAC-75825,2.65
2026-10-07T18:20:03,payment-api,/withdrawal,eu-west-1,147,78,59,14,5246.18,ERR-705,Low,Failure,20,24,1,CUST-123456,DEV-MAC-0149A5,2.4663
2026-10-07T18:20:13,trading-engine,/trade,us-west-2,188,99,76,2,7346.16,ERR-901,Critical,Failure,10,100,1,CUST-109482,DEV-WIN-99325,14.0118
2026-10-07T18:20:23,ledger-service,/balance_check,us-east-1,29,18,47,4,0,ERR-102,Low,Failure,16,20,1,CUST-100483,DEV-MAC-75825,3.15
2026-10-07T18:20:23,investment-engine,/portfolio,ap-southeast-1,122,22,42,8,7963.2,ERR-000,Healthy,Success,3,0,0,CUST-123456,DEV-WIN-84725,0.8654
2026-10-07T18:20:23,auth-service,/login,us-west-2,4,1,34,2,0,ERR-000,Healthy,Success,13,3,0,CUST-112349,DEV-LIN-11235,0.895
2026-10-07T18:20:33,auth-service,/login,ap-southeast-1,47,20,50,5,0,ERR-107,Low,Failure,17,28,1,CUST-112349,DEV-WIN-99325,2.6125
2026-10-07T18:20:43,investment-engine,/portfolio,us-west-2,242,100,100,39,12433.52,ERR-903,Critical,Failure,20,99,1,CUST-100483,DEV-LIN-11235,2.802
2026-10-07T18:20:53,auth-service,/login,us-west-2,52,20,51,5,0,ERR-905,Medium,Failure,7,71,1,CUST-100483,DEV-WIN-84725,2.6875
2026-10-07T18:20:53,investment-engine,/portfolio,eu-west-1,261,100,100,37,14427.19,ERR-903,Critical,Failure,8,91,1,CUST-109482,DEV-MAC-75825,2.7986
2026-10-07T18:21:03,auth-service,/login,ap-southeast-1,49,20,50,4,0,ERR-203,Low,Failure,19,21,1,CUST-123456,DEV-LIN-11235,2.4375
2026-10-07T18:21:03,payment-api,/withdrawal,eu-west-1,148,75,54,14,9789.28,ERR-901,Low,Failure,3,29,1,CUST-123456,DEV-WIN-99325,2.4203
2026-10-07T18:21:03,trading-engine,/trade,eu-west-1,145,77,60,2,8880.78,ERR-702,Low,Failure,11,32,1,CUST-100483,DEV-LIN-11235,11.0405
2026-10-07T18:21:13,ledger-service,/balance_check,eu-west-1,30,20,45,4,0,ERR-209,Low,Failure,9,32,1,CUST-100483,DEV-MAC-0149A5,3.2167
2026-10-07T18:21:23,trading-engine,/trade,us-east-1,155,83,68,2,4046.06,ERR-903,High,Failure,13,82,1,CUST-112349,DEV-MAC-0149A5,11.7428
2026-10-07T18:21:23,investment-engine,/portfolio,us-west-2,215,96,100,32,13359.62,ERR-903,High,Failure,16,90,1,CUST-123456,DEV-LIN-11235,2.4586
2026-10-07T18:21:23,ledger-service,/balance_check,us-east-1,33,24,51,6,0,ERR-903,High,Failure,3,88,1,CUST-134098,DEV-WIN-99325,3.95
2026-10-07T18:21:23,fraud-detection,/payment,us-west-2,145,88,90,9,0,ERR-210,Low,Failure,15,22,1,CUST-109482,DEV-MAC-0149A5,2.1746
2026-10-07T18:21:33,ledger-service,/balance_check,us-east-1,28,20,45,5,0,ERR-210,Low,Failure,4,40,1,CUST-112349,DEV-WIN-84725,3.35
2026-10-07T18:21:43,auth-service,/login,us-east-1,50,20,46,5,0,ERR-105,Low,Failure,13,37,1,CUST-112349,DEV-WIN-84725,2.6
2026-10-07T18:21:53,fraud-detection,/payment,us-east-1,137,83,93,10,0,ERR-307,Low,Failure,11,31,1,CUST-134098,DEV-WIN-84725,2.2117
2026-10-07T18:21:53,auth-service,/login,eu-west-1,33,12,6,3,0,ERR-000,Healthy,Success,5,2,0,CUST-123456,DEV-WIN-84725,1.3275
2026-10-07T18:21:53,payment-api,/withdrawal,us-west-2,177,85,66,15,2032.16,ERR-903,High,Failure,13,81,1,CUST-123456,DEV-WIN-99325,2.7463
2026-10-07T18:22:13,payment-api,/transfer,us-west-2,155,80,56,14,5347.81,ERR-902,Low,Failure,17,21,1,CUST-112349,DEV-WIN-84725,2.5
2026-10-07T18:22:13,ledger-service,/balance_check,us-west-2,29,20,46,4,0,ERR-202,Low,Failure,11,31,1,CUST-123456,DEV-MAC-75825,3.2
2026-10-07T18:22:23,fraud-detection,/payment,ap-southeast-1,100,58,41,1,0,ERR-000,Healthy,Success,4,2,0,CUST-134098,DEV-WIN-84725,0.9517
2026-10-07T18:22:23,ledger-service,/balance_check,us-east-1,5,13,22,2,0,ERR-000,Healthy,Success,20,1,0,CUST-112349,DEV-LIN-11235,1.3667
2026-10-07T18:22:33,trading-engine,/trade,ap-southeast-1,145,76,55,1,5284.34,ERR-209,Low,Failure,20,26,1,CUST-134098,DEV-WIN-84725,10.5274
2026-10-07T18:22:33,ledger-service,/balance_check,us-west-2,6,1,2,3,0,ERR-000,Healthy,Success,2,3,0,CUST-134098,DEV-MAC-0149A5,0.8667
2026-10-07T18:22:43,fraud-detection,/payment,us-east-1,155,100,100,11,0,ERR-905,High,Failure,15,90,1,CUST-100483,DEV-MAC-0149A5,2.481
2026-10-07T18:22:43,ledger-service,/balance_check,eu-west-1,26,20,41,4,0,ERR-904,Low,Failure,13,20,1,CUST-109482,DEV-WIN-84725,3.0167
2026-10-07T18:22:53,payment-api,/withdrawal,eu-west-1,145,74,57,15,9479.91,ERR-110,Low,Failure,1,26,1,CUST-109482,DEV-LIN-11235,2.4817
2026-10-07T18:23:03,ledger-service,/balance_check,us-east-1,28,19,48,5,0,ERR-209,Low,Failure,17,31,1,CUST-134098,DEV-LIN-11235,3.3667
2026-10-07T18:23:13,trading-engine,/trade,ap-southeast-1,143,76,56,2,811.65,ERR-108,Low,Failure,20,22,1,CUST-134098,DEV-MAC-0149A5,10.896
2026-10-07T18:23:13,payment-api,/withdrawal,us-west-2,153,75,56,15,3156.44,ERR-110,Low,Failure,20,37,1,CUST-112349,DEV-WIN-99325,2.517
2026-10-07T18:23:23,auth-service,/login,eu-west-1,49,19,46,5,0,ERR-201,Low,Failure,13,21,1,CUST-109482,DEV-WIN-84725,2.5675
2026-10-07T18:23:23,ledger-service,/balance_check,us-east-1,27,18,47,5,0,ERR-209,Low,Failure,20,30,1,CUST-123456,DEV-WIN-84725,3.2833
2026-10-07T18:23:33,ledger-service,/balance_check,ap-southeast-1,30,23,51,5,0,ERR-903,High,Failure,2,86,1,CUST-123456,DEV-WIN-84725,3.6167
2026-10-07T18:23:33,payment-api,/withdrawal,ap-southeast-1,161,96,68,15,2528.39,ERR-903,High,Failure,13,80,1,CUST-123456,DEV-MAC-75825,2.784
2026-10-07T18:23:43,payment-api,/withdrawal,us-west-2,162,81,69,15,5881.52,ERR-903,High,Failure,4,87,1,CUST-109482,DEV-WIN-99325,2.668
2026-10-07T18:23:43,investment-engine,/portfolio,ap-southeast-1,90,5,50,19,6431.1,ERR-000,Healthy,Success,13,1,0,CUST-134098,DEV-MAC-75825,1.056
2026-10-07T18:23:43,ledger-service,/balance_check,us-east-1,36,22,53,5,0,ERR-903,High,Failure,15,83,1,CUST-100483,DEV-WIN-99325,3.8167
2026-10-07T18:23:53,payment-api,/withdrawal,us-west-2,188,88,63,17,653.8,ERR-903,High,Failure,9,85,1,CUST-134098,DEV-MAC-0149A5,2.9337
2026-10-07T18:23:53,ledger-service,/balance_check,us-east-1,19,2,11,2,0,ERR-000,Healthy,Success,15,3,0,CUST-109482,DEV-MAC-0149A5,1.2833
2026-10-07T18:24:03,trading-engine,/trade,us-east-1,139,77,57,2,3429.53,ERR-902,Low,Failure,9,27,1,CUST-112349,DEV-MAC-75825,10.6347
2026-10-07T18:24:13,payment-api,/withdrawal,us-east-1,150,77,59,15,2781.45,ERR-703,Low,Failure,12,20,1,CUST-134098,DEV-MAC-0149A5,2.5367
2026-10-07T18:24:13,ledger-service,/balance_check,eu-west-1,30,20,41,4,0,ERR-209,Low,Failure,8,30,1,CUST-112349,DEV-MAC-0149A5,3.15
2026-10-07T18:24:23,investment-engine,/portfolio,ap-southeast-1,180,77,90,28,11005.75,ERR-301,Low,Failure,2,27,1,CUST-134098,DEV-LIN-11235,2.0941
2026-10-07T18:24:23,ledger-service,/balance_check,us-east-1,33,22,50,5,0,ERR-310,High,Failure,9,83,1,CUST-109482,DEV-WIN-84725,3.6667
2026-10-07T18:24:33,ledger-service,/balance_check,eu-west-1,27,20,48,5,0,ERR-210,Low,Failure,16,32,1,CUST-100483,DEV-LIN-11235,3.3667
2026-10-07T18:24:43,payment-api,/transfer,ap-southeast-1,142,69,59,14,7095.96,ERR-904,Low,Failure,6,38,1,CUST-134098,DEV-LIN-11235,2.3713
2026-10-07T18:24:53,payment-api,/withdrawal,us-west-2,170,94,67,17,3691.62,ERR-903,High,Failure,11,83,1,CUST-134098,DEV-LIN-11235,2.9317
2026-10-07T18:24:53,auth-service,/login,eu-west-1,49,20,48,5,0,ERR-209,Low,Failure,7,35,1,CUST-123456,DEV-MAC-0149A5,2.6125
2026-10-07T18:25:03,auth-service,/login,ap-southeast-1,6,7,13,2,0,ERR-000,Healthy,Success,3,0,0,CUST-123456,DEV-MAC-75825,0.7775
2026-10-07T18:25:03,payment-api,/transfer,ap-southeast-1,160,72,60,14,3308.86,ERR-902,Low,Failure,7,36,1,CUST-112349,DEV-MAC-75825,2.4733
2026-10-07T18:25:03,ledger-service,/balance_check,eu-west-1,33,22,56,5,0,ERR-903,High,Failure,12,87,1,CUST-100483,DEV-WIN-84725,3.7667
2026-10-07T18:25:13,ledger-service,/balance_check,us-east-1,30,19,47,4,0,ERR-102,Low,Failure,20,31,1,CUST-123456,DEV-WIN-84725,3.2167
2026-10-07T18:25:23,payment-api,/transfer,ap-southeast-1,145,80,56,15,7611.76,ERR-102,Low,Failure,8,20,1,CUST-134098,DEV-WIN-99325,2.5267
2026-10-07T18:25:23,ledger-service,/balance_check,us-west-2,29,20,45,5,0,ERR-310,Low,Failure,14,37,1,CUST-123456,DEV-MAC-75825,3.3833
2026-10-07T18:25:33,trading-engine,/trade,us-east-1,140,74,58,1,6968.4,ERR-309,Low,Failure,2,23,1,CUST-100483,DEV-MAC-0149A5,10.1933
2026-10-07T18:25:33,investment-engine,/portfolio,us-east-1,167,77,83,27,6762.28,ERR-304,Low,Failure,13,24,1,CUST-123456,DEV-MAC-0149A5,2.0038
2026-10-07T18:25:43,trading-engine,/trade,ap-southeast-1,139,76,57,1,279.65,ERR-103,Low,Failure,19,39,1,CUST-112349,DEV-LIN-11235,10.1313
2026-10-07T18:25:43,ledger-service,/balance_check,eu-west-1,27,20,46,5,0,ERR-904,Low,Failure,6,32,1,CUST-123456,DEV-MAC-0149A5,3.3333
2026-10-07T18:25:43,payment-api,/withdrawal,ap-southeast-1,165,89,72,18,6040.3,ERR-903,High,Failure,20,89,1,CUST-100483,DEV-MAC-0149A5,2.9617
2026-10-07T18:25:53,ledger-service,/balance_check,eu-west-1,29,19,46,5,0,ERR-901,Low,Failure,7,38,1,CUST-112349,DEV-LIN-11235,3.3667
2026-10-07T18:25:53,fraud-detection,/payment,eu-west-1,175,100,100,10,0,ERR-210,High,Failure,7,89,1,CUST-123456,DEV-WIN-99325,2.5143
2026-10-07T18:25:53,trading-engine,/trade,us-west-2,145,74,59,1,2493.07,ERR-704,Low,Failure,19,21,1,CUST-100483,DEV-WIN-84725,10.5286
2026-10-07T18:26:13,payment-api,/withdrawal,us-east-1,155,75,54,14,3469.47,ERR-304,Low,Failure,18,37,1,CUST-109482,DEV-WIN-99325,2.4483
2026-10-07T18:26:23,auth-service,/login,ap-southeast-1,51,21,52,5,0,ERR-903,Medium,Failure,6,75,1,CUST-112349,DEV-MAC-75825,2.7075
2026-10-07T18:26:23,investment-engine,/portfolio,eu-west-1,238,98,100,35,11431.13,ERR-903,High,Failure,11,86,1,CUST-112349,DEV-MAC-75825,2.6453
2026-10-07T18:26:23,trading-engine,/trade,us-east-1,126,64,56,1,3708.58,ERR-203,Low,Failure,11,31,1,CUST-109482,DEV-WIN-99325,9.2227
2026-10-07T18:26:33,auth-service,/login,eu-west-1,47,18,50,5,0,ERR-208,Low,Failure,10,26,1,CUST-134098,DEV-MAC-0149A5,2.5725
2026-10-07T18:26:33,payment-api,/withdrawal,us-west-2,152,78,58,14,350.46,ERR-705,Low,Failure,12,29,1,CUST-109482,DEV-MAC-0149A5,2.4813
2026-10-07T18:26:33,trading-engine,/trade,eu-west-1,144,74,56,2,7319.86,ERR-704,Low,Failure,6,26,1,CUST-109482,DEV-MAC-75825,10.956
2026-10-07T18:26:43,ledger-service,/balance_check,eu-west-1,28,19,45,5,0,ERR-201,Low,Failure,2,24,1,CUST-134098,DEV-MAC-0149A5,3.3167
2026-10-07T18:26:43,payment-api,/withdrawal,eu-west-1,178,92,70,15,5932.49,ERR-903,High,Failure,11,83,1,CUST-123456,DEV-LIN-11235,2.8287
2026-10-07T18:26:53,trading-engine,/trade,eu-west-1,156,80,68,2,5595.64,ERR-102,High,Failure,12,86,1,CUST-109482,DEV-WIN-99325,11.7995
2026-10-07T18:26:53,fraud-detection,/payment,us-east-1,170,100,100,12,0,ERR-306,High,Failure,4,88,1,CUST-134098,DEV-WIN-99325,2.681
2026-10-07T18:27:03,ledger-service,/balance_check,eu-west-1,29,18,49,5,0,ERR-110,Low,Failure,2,39,1,CUST-112349,DEV-MAC-0149A5,3.3833
2026-10-07T18:27:13,auth-service,/login,eu-west-1,52,20,51,5,0,ERR-702,Medium,Failure,9,72,1,CUST-100483,DEV-MAC-75825,2.6875
2026-10-07T18:27:13,ledger-service,/balance_check,ap-southeast-1,27,19,45,5,0,ERR-704,Low,Failure,1,20,1,CUST-123456,DEV-WIN-84725,3.2833
2026-10-07T18:27:23,fraud-detection,/payment,us-west-2,159,100,100,12,0,ERR-105,High,Failure,10,90,1,CUST-134098,DEV-LIN-11235,2.6077
2026-10-07T18:27:23,ledger-service,/balance_check,eu-west-1,17,5,34,2,0,ERR-000,Healthy,Success,13,4,0,CUST-109482,DEV-MAC-75825,1.7
2026-10-07T18:27:33,fraud-detection,/payment,ap-southeast-1,137,89,96,10,0,ERR-203,Low,Failure,6,37,1,CUST-123456,DEV-MAC-0149A5,2.2296
2026-10-07T18:27:43,fraud-detection,/payment,eu-west-1,139,84,93,9,0,ERR-305,Low,Failure,8,25,1,CUST-123456,DEV-WIN-84725,2.1275
2026-10-07T18:27:43,ledger-service,/balance_check,us-east-1,30,20,45,5,0,ERR-304,Low,Failure,11,22,1,CUST-112349,DEV-MAC-75825,3.4167
2026-10-07T18:27:43,trading-engine,/trade,eu-west-1,156,86,67,2,1433.78,ERR-903,High,Failure,17,84,1,CUST-112349,DEV-LIN-11235,11.8175
2026-10-07T18:27:53,fraud-detection,/payment,us-east-1,142,84,99,10,0,ERR-203,Low,Failure,11,36,1,CUST-100483,DEV-WIN-99325,2.2533
2026-10-07T18:28:03,fraud-detection,/payment,us-west-2,128,88,82,10,0,ERR-103,Low,Failure,5,27,1,CUST-123456,DEV-WIN-84725,2.1534
2026-10-07T18:28:03,payment-api,/withdrawal,us-east-1,144,75,56,15,8092.34,ERR-205,Low,Failure,9,22,1,CUST-109482,DEV-WIN-99325,2.481
2026-10-07T18:28:13,fraud-detection,/payment,eu-west-1,191,100,100,14,0,ERR-904,Critical,Failure,17,99,1,CUST-109482,DEV-MAC-75825,3.021
2026-10-07T18:28:43,ledger-service,/balance_check,us-west-2,26,17,47,4,0,ERR-109,Low,Failure,7,37,1,CUST-134098,DEV-LIN-11235,3.0167
2026-10-07T18:28:43,auth-service,/login,eu-west-1,31,12,16,2,0,ERR-000,Healthy,Success,15,4,0,CUST-100483,DEV-MAC-75825,1.2275
2026-10-07T18:28:53,payment-api,/transfer,us-east-1,157,74,55,13,7835.74,ERR-309,Low,Failure,18,40,1,CUST-123456,DEV-LIN-11235,2.3863
2026-10-07T18:28:53,ledger-service,/balance_check,eu-west-1,30,17,46,5,0,ERR-903,Low,Failure,15,25,1,CUST-134098,DEV-WIN-84725,3.3333
2026-10-07T18:28:53,fraud-detection,/payment,eu-west-1,83,27,46,3,0,ERR-000,Healthy,Success,7,0,0,CUST-100483,DEV-WIN-84725,0.9658
2026-10-07T18:29:03,investment-engine,/portfolio,us-east-1,190,82,90,29,10948.97,ERR-110,Low,Failure,7,29,1,CUST-134098,DEV-LIN-11235,2.1858
2026-10-07T18:29:03,payment-api,/withdrawal,ap-southeast-1,188,88,63,17,5461.83,ERR-903,High,Failure,13,90,1,CUST-109482,DEV-WIN-84725,2.9337
2026-10-07T18:29:03,auth-service,/login,ap-southeast-1,46,19,46,4,0,ERR-104,Low,Failure,8,23,1,CUST-109482,DEV-MAC-0149A5,2.33
2026-10-07T18:29:13,investment-engine,/portfolio,us-east-1,197,88,82,28,8484.4,ERR-704,Low,Failure,12,28,1,CUST-100483,DEV-MAC-75825,2.1902
2026-10-07T18:29:13,payment-api,/transfer,us-east-1,151,74,60,13,9133.19,ERR-705,Low,Failure,12,22,1,CUST-112349,DEV-LIN-11235,2.3873
2026-10-07T18:29:23,ledger-service,/balance_check,eu-west-1,27,17,50,5,0,ERR-108,Low,Failure,16,28,1,CUST-123456,DEV-WIN-99325,3.3
2026-10-07T18:29:33,ledger-service,/balance_check,ap-southeast-1,30,22,60,6,0,ERR-903,High,Failure,15,85,1,CUST-112349,DEV-MAC-0149A5,3.9333
2026-10-07T18:29:33,investment-engine,/portfolio,ap-southeast-1,193,86,85,30,6725.84,ERR-307,Low,Failure,4,39,1,CUST-109482,DEV-WIN-99325,2.2393
2026-10-07T18:29:33,trading-engine,/trade,us-east-1,38,2,9,1,6455.44,ERR-000,Healthy,Success,15,3,0,CUST-134098,DEV-MAC-0149A5,3.0576
2026-10-07T18:29:33,auth-service,/login,ap-southeast-1,47,20,46,5,0,ERR-101,Low,Failure,9,35,1,CUST-134098,DEV-LIN-11235,2.5625
2026-10-07T18:29:43,payment-api,/withdrawal,eu-west-1,198,97,77,18,9391.37,ERR-901,Critical,Failure,2,91,1,CUST-109482,DEV-MAC-0149A5,3.1853
2026-10-07T18:29:53,auth-service,/login,eu-west-1,47,20,48,4,0,ERR-205,Low,Failure,16,22,1,CUST-112349,DEV-MAC-0149A5,2.3875
2026-10-07T18:29:53,payment-api,/withdrawal,us-east-1,150,75,54,13,5520.66,ERR-901,Low,Failure,18,37,1,CUST-112349,DEV-WIN-84725,2.3617
2026-10-07T18:29:53,ledger-service,/balance_check,ap-southeast-1,29,19,46,4,0,ERR-106,Low,Failure,4,24,1,CUST-109482,DEV-WIN-99325,3.1667
2026-10-07T18:30:03,investment-engine,/portfolio,us-east-1,202,95,99,33,13527.43,ERR-903,High,Failure,4,88,1,CUST-109482,DEV-LIN-11235,2.4417
2026-10-07T18:30:03,trading-engine,/trade,eu-west-1,225,100,85,2,3105.01,ERR-901,Critical,Failure,19,94,1,CUST-112349,DEV-WIN-99325,16.4993
2026-10-07T18:30:03,fraud-detection,/payment,us-west-2,222,100,100,16,0,ERR-904,Critical,Failure,6,93,1,CUST-123456,DEV-WIN-99325,3.4277
2026-10-07T18:30:13,ledger-service,/balance_check,us-west-2,28,20,46,5,0,ERR-304,Low,Failure,11,23,1,CUST-112349,DEV-LIN-11235,3.3667
2026-10-07T18:30:13,investment-engine,/portfolio,eu-west-1,223,100,94,32,12979.21,ERR-903,High,Failure,1,83,1,CUST-123456,DEV-MAC-75825,2.4936
2026-10-07T18:30:33,ledger-service,/balance_check,eu-west-1,36,22,55,5,0,ERR-903,High,Failure,5,83,1,CUST-100483,DEV-LIN-11235,3.85
2026-10-07T18:30:33,auth-service,/login,us-west-2,3,11,13,1,0,ERR-000,Healthy,Success,1,3,0,CUST-123456,DEV-LIN-11235,0.62
2026-10-07T18:30:43,ledger-service,/balance_check,us-east-1,20,2,15,1,0,ERR-000,Healthy,Success,12,4,0,CUST-134098,DEV-MAC-0149A5,1.1833
2026-10-07T18:30:43,payment-api,/withdrawal,us-east-1,177,87,72,18,5194.77,ERR-903,High,Failure,17,82,1,CUST-109482,DEV-WIN-99325,2.993
2026-10-07T18:31:03,ledger-service,/balance_check,ap-southeast-1,28,18,50,4,0,ERR-703,Low,Failure,8,22,1,CUST-100483,DEV-WIN-99325,3.1667
2026-10-07T18:31:13,investment-engine,/portfolio,ap-southeast-1,30,50,44,3,10124.04,ERR-000,Healthy,Success,12,0,0,CUST-109482,DEV-WIN-99325,0.5359
2026-10-07T18:31:23,ledger-service,/balance_check,us-east-1,29,18,48,5,0,ERR-203,Low,Failure,2,20,1,CUST-109482,DEV-WIN-84725,3.3667
2026-10-07T18:31:23,payment-api,/transfer,us-west-2,179,95,66,16,5084.27,ERR-903,High,Failure,15,84,1,CUST-109482,DEV-MAC-0149A5,2.9043
2026-10-07T18:31:33,ledger-service,/balance_check,us-east-1,30,19,50,4,0,ERR-109,Low,Failure,5,25,1,CUST-112349,DEV-MAC-75825,3.2667
2026-10-07T18:31:43,payment-api,/withdrawal,us-west-2,144,79,55,14,4957.59,ERR-904,Low,Failure,19,39,1,CUST-109482,DEV-WIN-84725,2.4427
2026-10-07T18:31:53,ledger-service,/balance_check,us-west-2,24,19,42,4,0,ERR-307,Low,Failure,9,23,1,CUST-134098,DEV-MAC-75825,2.9333
2026-10-07T18:31:53,auth-service,/login,us-west-2,29,1,28,3,0,ERR-000,Healthy,Success,13,1,0,CUST-109482,DEV-MAC-0149A5,1.3325
2026-10-07T18:32:13,investment-engine,/portfolio,ap-southeast-1,162,88,83,27,14264.52,ERR-110,Low,Failure,12,31,1,CUST-112349,DEV-WIN-99325,2.0421
2026-10-07T18:32:13,ledger-service,/balance_check,eu-west-1,29,18,50,4,0,ERR-101,Low,Failure,11,36,1,CUST-123456,DEV-WIN-84725,3.2
2026-10-07T18:32:23,trading-engine,/trade,us-west-2,171,94,64,2,3992.62,ERR-903,High,Failure,10,89,1,CUST-134098,DEV-WIN-84725,12.8383
2026-10-07T18:32:23,ledger-service,/balance_check,eu-west-1,24,19,43,4,0,ERR-305,Low,Failure,1,33,1,CUST-112349,DEV-WIN-84725,2.95
2026-10-07T18:32:33,investment-engine,/portfolio,ap-southeast-1,190,87,89,28,8887.42,ERR-308,Low,Failure,6,31,1,CUST-134098,DEV-MAC-0149A5,2.1755
2026-10-07T18:32:33,fraud-detection,/payment,ap-southeast-1,137,90,95,10,0,ERR-304,Low,Failure,15,34,1,CUST-123456,DEV-MAC-75825,2.2311
2026-10-07T18:32:43,investment-engine,/portfolio,eu-west-1,50,13,22,10,9393.49,ERR-000,Healthy,Success,16,1,0,CUST-100483,DEV-MAC-75825,0.608
2026-10-07T18:32:43,ledger-service,/balance_check,us-east-1,25,16,46,5,0,ERR-103,Low,Failure,2,36,1,CUST-123456,DEV-WIN-84725,3.1333
2026-10-07T18:32:53,auth-service,/login,eu-west-1,45,18,49,5,0,ERR-208,Low,Failure,1,32,1,CUST-134098,DEV-MAC-0149A5,2.535
2026-10-07T18:32:53,ledger-service,/balance_check,us-east-1,27,20,50,4,0,ERR-206,Low,Failure,3,39,1,CUST-134098,DEV-WIN-84725,3.2
2026-10-07T18:32:53,payment-api,/withdrawal,eu-west-1,274,100,100,27,3278.11,ERR-901,Critical,Failure,19,95,1,CUST-112349,DEV-MAC-75825,4.2293
2026-10-07T18:32:53,fraud-detection,/payment,us-east-1,147,85,90,9,0,ERR-108,Low,Failure,9,26,1,CUST-134098,DEV-LIN-11235,2.1804
2026-10-07T18:33:03,ledger-service,/balance_check,us-east-1,30,22,58,5,0,ERR-903,High,Failure,18,81,1,CUST-112349,DEV-MAC-75825,3.7
2026-10-07T18:33:03,fraud-detection,/payment,us-west-2,132,82,99,10,0,ERR-902,Low,Failure,17,32,1,CUST-112349,DEV-WIN-99325,2.1817
2026-10-07T18:33:13,fraud-detection,/payment,eu-west-1,164,98,100,10,0,ERR-104,High,Failure,14,85,1,CUST-123456,DEV-WIN-99325,2.436
2026-10-07T18:33:13,payment-api,/transfer,eu-west-1,189,83,62,18,5352.75,ERR-903,High,Failure,20,90,1,CUST-109482,DEV-WIN-84725,2.9577
2026-10-07T18:33:23,fraud-detection,/payment,us-east-1,177,98,100,12,0,ERR-208,High,Failure,14,85,1,CUST-109482,DEV-WIN-84725,2.7227
2026-10-07T18:33:23,ledger-service,/balance_check,ap-southeast-1,30,17,48,5,0,ERR-703,Low,Failure,18,25,1,CUST-112349,DEV-LIN-11235,3.3667
2026-10-07T18:33:33,payment-api,/withdrawal,ap-southeast-1,145,80,60,13,1151.51,ERR-205,Low,Failure,7,24,1,CUST-112349,DEV-LIN-11235,2.4133
2026-10-07T18:33:33,investment-engine,/portfolio,us-west-2,234,100,100,36,10051.21,ERR-903,High,Failure,8,89,1,CUST-100483,DEV-MAC-0149A5,2.6753
2026-10-07T18:33:33,ledger-service,/balance_check,eu-west-1,28,16,42,5,0,ERR-103,Low,Failure,3,26,1,CUST-123456,DEV-LIN-11235,3.1667
2026-10-07T18:33:43,auth-service,/login,us-west-2,48,18,42,5,0,ERR-701,Low,Failure,7,35,1,CUST-134098,DEV-MAC-0149A5,2.485
2026-10-07T18:33:53,ledger-service,/balance_check,ap-southeast-1,29,18,45,5,0,ERR-108,Low,Failure,13,28,1,CUST-112349,DEV-WIN-84725,3.3167
2026-10-07T18:33:53,fraud-detection,/payment,ap-southeast-1,151,95,100,10,0,ERR-310,High,Failure,7,80,1,CUST-109482,DEV-WIN-84725,2.3418
2026-10-07T18:33:53,investment-engine,/portfolio,eu-west-1,28,32,46,6,7251.44,ERR-000,Healthy,Success,1,2,0,CUST-112349,DEV-LIN-11235,0.5432
2026-10-07T18:34:03,payment-api,/withdrawal,ap-southeast-1,149,72,60,14,7806.2,ERR-903,Low,Failure,20,28,1,CUST-112349,DEV-MAC-75825,2.4293
2026-10-07T18:34:03,ledger-service,/balance_check,ap-southeast-1,35,21,53,6,0,ERR-903,High,Failure,3,83,1,CUST-109482,DEV-MAC-75825,3.95
2026-10-07T18:34:13,ledger-service,/balance_check,us-east-1,21,7,17,1,0,ERR-000,Healthy,Success,2,4,0,CUST-112349,DEV-WIN-84725,1.4167
2026-10-07T18:34:23,trading-engine,/trade,ap-southeast-1,147,74,57,2,3731.71,ERR-705,Low,Failure,14,36,1,CUST-134098,DEV-WIN-99325,11.158
2026-10-07T18:34:23,investment-engine,/portfolio,us-west-2,223,100,90,35,8697.58,ERR-104,High,Failure,15,84,1,CUST-112349,DEV-WIN-84725,2.5858
2026-10-07T18:34:23,auth-service,/login,us-east-1,50,18,49,5,0,ERR-101,Low,Failure,6,31,1,CUST-109482,DEV-LIN-11235,2.5975
2026-10-07T18:34:23,payment-api,/withdrawal,us-east-1,95,16,35,3,4383.27,ERR-000,Healthy,Success,5,5,0,CUST-109482,DEV-MAC-75825,0.8883
2026-10-07T18:34:33,ledger-service,/balance_check,eu-west-1,36,21,55,5,0,ERR-903,High,Failure,12,85,1,CUST-112349,DEV-LIN-11235,3.8167
2026-10-07T18:34:33,payment-api,/withdrawal,us-east-1,155,76,53,12,8069.13,ERR-104,Low,Failure,4,30,1,CUST-134098,DEV-MAC-0149A5,2.3183
2026-10-07T18:34:43,fraud-detection,/payment,ap-southeast-1,85,47,49,1,0,ERR-000,Healthy,Success,11,1,0,CUST-134098,DEV-MAC-0149A5,0.832
2026-10-07T18:34:43,ledger-service,/balance_check,eu-west-1,30,20,55,5,0,ERR-310,High,Failure,7,81,1,CUST-112349,DEV-MAC-75825,3.5833
2026-10-07T18:34:53,ledger-service,/balance_check,us-west-2,30,18,47,4,0,ERR-209,Low,Failure,6,36,1,CUST-123456,DEV-MAC-0149A5,3.1833
2026-10-07T18:34:53,fraud-detection,/payment,us-west-2,33,57,18,3,0,ERR-000,Healthy,Success,7,4,0,CUST-112349,DEV-WIN-84725,0.6801
2026-10-07T18:34:53,trading-engine,/trade,us-west-2,223,100,100,2,8349.4,ERR-901,Critical,Failure,14,100,1,CUST-134098,DEV-WIN-99325,16.3953
2026-10-07T18:35:03,payment-api,/withdrawal,eu-west-1,154,77,57,13,3053,ERR-301,Low,Failure,8,32,1,CUST-123456,DEV-LIN-11235,2.4093
2026-10-07T18:35:03,trading-engine,/trade,eu-west-1,170,81,69,2,9729.26,ERR-903,High,Failure,3,90,1,CUST-112349,DEV-MAC-75825,12.7381
2026-10-07T18:35:03,ledger-service,/balance_check,us-east-1,29,19,49,5,0,ERR-110,Low,Failure,15,21,1,CUST-134098,DEV-MAC-0149A5,3.4167
2026-10-07T18:35:13,auth-service,/login,ap-southeast-1,49,18,46,4,0,ERR-202,Low,Failure,17,33,1,CUST-134098,DEV-WIN-99325,2.3475
2026-10-07T18:35:23,auth-service,/login,ap-southeast-1,40,19,46,4,0,ERR-301,Low,Failure,17,23,1,CUST-134098,DEV-WIN-84725,2.255
2026-10-07T18:35:23,ledger-service,/balance_check,eu-west-1,24,19,41,4,0,ERR-209,Low,Failure,8,34,1,CUST-112349,DEV-WIN-99325,2.9167
2026-10-07T18:35:33,fraud-detection,/payment,us-east-1,140,90,91,10,0,ERR-904,Low,Failure,10,21,1,CUST-134098,DEV-MAC-0149A5,2.2472
2026-10-07T18:35:43,trading-engine,/trade,eu-west-1,207,99,78,2,1550.98,ERR-901,Critical,Failure,7,91,1,CUST-100483,DEV-WIN-99325,15.2823
2026-10-07T18:35:43,ledger-service,/balance_check,us-west-2,29,19,47,4,0,ERR-109,Low,Failure,1,30,1,CUST-100483,DEV-MAC-0149A5,3.1833
2026-10-07T18:35:43,auth-service,/login,us-east-1,45,17,49,5,0,ERR-107,Low,Failure,8,33,1,CUST-123456,DEV-WIN-99325,2.515
2026-10-07T18:35:53,payment-api,/withdrawal,us-east-1,131,64,48,15,1596.05,ERR-303,Low,Failure,2,31,1,CUST-123456,DEV-MAC-0149A5,2.2973
2026-10-07T18:36:03,trading-engine,/trade,eu-west-1,148,79,58,2,8246.05,ERR-207,Low,Failure,19,29,1,CUST-123456,DEV-LIN-11235,11.2433
2026-10-07T18:36:03,fraud-detection,/payment,ap-southeast-1,173,94,100,12,0,ERR-305,High,Failure,13,81,1,CUST-100483,DEV-MAC-75825,2.686
2026-10-07T18:36:13,ledger-service,/balance_check,us-east-1,5,11,6,1,0,ERR-000,Healthy,Success,16,1,0,CUST-100483,DEV-LIN-11235,0.8333
2026-10-07T18:36:43,ledger-service,/balance_check,eu-west-1,11,12,34,3,0,ERR-000,Healthy,Success,12,1,0,CUST-109482,DEV-LIN-11235,1.9333
2026-10-07T18:36:53,auth-service,/login,eu-west-1,47,19,45,5,0,ERR-901,Low,Failure,12,37,1,CUST-123456,DEV-WIN-84725,2.53
2026-10-07T18:36:53,trading-engine,/trade,ap-southeast-1,163,89,72,2,1179.97,ERR-903,High,Failure,18,81,1,CUST-123456,DEV-MAC-75825,12.304
2026-10-07T18:37:03,trading-engine,/trade,ap-southeast-1,145,80,56,1,2171.25,ERR-306,Low,Failure,18,28,1,CUST-123456,DEV-WIN-84725,10.5427
2026-10-07T18:37:03,fraud-detection,/payment,ap-southeast-1,133,87,99,10,0,ERR-203,Low,Failure,1,28,1,CUST-100483,DEV-MAC-75825,2.2008
2026-10-07T18:37:03,payment-api,/withdrawal,eu-west-1,154,76,56,15,4336.04,ERR-105,Low,Failure,10,35,1,CUST-109482,DEV-MAC-0149A5,2.5293
2026-10-07T18:37:13,investment-engine,/portfolio,ap-southeast-1,192,86,90,30,8318.49,ERR-109,Low,Failure,5,24,1,CUST-100483,DEV-MAC-0149A5,2.2458
2026-10-07T18:37:13,ledger-service,/balance_check,eu-west-1,28,18,45,4,0,ERR-207,Low,Failure,11,31,1,CUST-123456,DEV-MAC-75825,3.0833
2026-10-07T18:37:13,fraud-detection,/payment,ap-southeast-1,140,85,98,10,0,ERR-108,Low,Failure,15,33,1,CUST-134098,DEV-WIN-99325,2.2415
2026-10-07T18:37:23,ledger-service,/balance_check,us-east-1,27,19,47,4,0,ERR-103,Low,Failure,11,40,1,CUST-134098,DEV-MAC-75825,3.1167
2026-10-07T18:37:23,trading-engine,/trade,us-west-2,140,76,58,1,5767.16,ERR-102,Low,Failure,10,29,1,CUST-109482,DEV-WIN-99325,10.1999
2026-10-07T18:37:53,fraud-detection,/payment,us-west-2,91,37,26,4,0,ERR-000,Healthy,Success,16,4,0,CUST-134098,DEV-WIN-99325,1.1246
2026-10-07T18:37:53,ledger-service,/balance_check,ap-southeast-1,30,23,55,6,0,ERR-903,High,Failure,2,80,1,CUST-134098,DEV-MAC-75825,3.8833
2026-10-07T18:37:53,payment-api,/withdrawal,ap-southeast-1,153,75,56,15,9557.52,ERR-207,Low,Failure,5,29,1,CUST-112349,DEV-MAC-75825,2.517
2026-10-07T18:38:03,ledger-service,/balance_check,ap-southeast-1,29,18,44,5,0,ERR-307,Low,Failure,17,22,1,CUST-112349,DEV-MAC-0149A5,3.3
2026-10-07T18:38:13,ledger-service,/balance_check,eu-west-1,29,19,46,4,0,ERR-701,Low,Failure,1,25,1,CUST-134098,DEV-WIN-99325,3.1667
2026-10-07T18:38:33,auth-service,/login,us-west-2,48,18,47,4,0,ERR-108,Low,Failure,19,22,1,CUST-134098,DEV-WIN-99325,2.3475
2026-10-07T18:38:33,fraud-detection,/payment,us-west-2,173,100,100,11,0,ERR-704,High,Failure,4,89,1,CUST-100483,DEV-MAC-0149A5,2.601
2026-10-07T18:38:33,investment-engine,/portfolio,ap-southeast-1,171,77,86,26,5676.17,ERR-301,Low,Failure,8,33,1,CUST-109482,DEV-MAC-75825,1.9896
2026-10-07T18:38:33,payment-api,/transfer,ap-southeast-1,146,78,59,13,4540.8,ERR-205,Low,Failure,15,24,1,CUST-109482,DEV-MAC-0149A5,2.3957
2026-10-07T18:38:33,ledger-service,/balance_check,us-west-2,28,19,46,5,0,ERR-702,Low,Failure,14,21,1,CUST-100483,DEV-WIN-84725,3.3333
2026-10-07T18:38:43,investment-engine,/portfolio,eu-west-1,191,82,86,28,8872.4,ERR-202,Low,Failure,6,28,1,CUST-109482,DEV-WIN-84725,2.148
2026-10-07T18:38:43,auth-service,/login,us-east-1,47,19,46,4,0,ERR-108,Low,Failure,8,24,1,CUST-100483,DEV-LIN-11235,2.3425
2026-10-07T18:38:43,ledger-service,/balance_check,ap-southeast-1,34,24,52,6,0,ERR-903,High,Failure,2,87,1,CUST-123456,DEV-MAC-0149A5,4
2026-10-07T18:38:53,auth-service,/login,eu-west-1,49,18,48,4,0,ERR-310,Low,Failure,18,36,1,CUST-100483,DEV-WIN-84725,2.3725
2026-10-07T18:39:03,payment-api,/transfer,ap-southeast-1,156,70,52,13,2627.21,ERR-206,Low,Failure,10,35,1,CUST-112349,DEV-WIN-99325,2.334
2026-10-07T18:39:13,payment-api,/transfer,eu-west-1,244,100,95,25,3652.69,ERR-901,Critical,Failure,19,100,1,CUST-109482,DEV-MAC-75825,3.951
2026-10-07T18:39:13,ledger-service,/balance_check,us-east-1,36,20,59,6,0,ERR-704,High,Failure,2,88,1,CUST-112349,DEV-WIN-84725,4.05
2026-10-07T18:39:23,investment-engine,/portfolio,us-east-1,180,85,84,30,13653.61,ERR-705,Low,Failure,8,31,1,CUST-109482,DEV-LIN-11235,2.1891
2026-10-07T18:39:33,auth-service,/login,us-east-1,45,20,45,4,0,ERR-309,Low,Failure,13,32,1,CUST-112349,DEV-WIN-99325,2.325
2026-10-07T18:39:33,payment-api,/withdrawal,us-east-1,144,73,57,15,8331.88,ERR-207,Low,Failure,5,37,1,CUST-109482,DEV-WIN-99325,2.4693
2026-10-07T18:39:33,ledger-service,/balance_check,us-west-2,28,20,50,4,0,ERR-108,Low,Failure,11,38,1,CUST-100483,DEV-LIN-11235,3.2333
2026-10-07T18:39:43,ledger-service,/balance_check,eu-west-1,28,18,50,4,0,ERR-303,Low,Failure,15,26,1,CUST-123456,DEV-WIN-84725,3.1667
2026-10-07T18:39:43,payment-api,/withdrawal,us-east-1,40,56,12,5,1291.63,ERR-000,Healthy,Success,20,1,0,CUST-112349,DEV-WIN-99325,1.02
2026-10-07T18:39:43,trading-engine,/trade,ap-southeast-1,149,78,58,2,3969.97,ERR-307,Low,Failure,10,34,1,CUST-112349,DEV-WIN-84725,11.3066
2026-10-07T18:39:53,auth-service,/login,ap-southeast-1,45,20,47,4,0,ERR-102,Low,Failure,15,35,1,CUST-123456,DEV-WIN-99325,2.35
2026-10-07T18:39:53,trading-engine,/trade,us-west-2,9,48,3,1,4505.58,ERR-000,Healthy,Success,8,2,0,CUST-134098,DEV-LIN-11235,1.2659
2026-10-07T18:39:53,investment-engine,/portfolio,ap-southeast-1,16,32,13,10,12943.96,ERR-000,Healthy,Success,7,4,0,CUST-134098,DEV-WIN-99325,0.5721
2026-10-07T18:40:03,fraud-detection,/payment,ap-southeast-1,140,87,90,10,0,ERR-303,Low,Failure,14,26,1,CUST-112349,DEV-WIN-84725,2.2387
2026-10-07T18:40:03,payment-api,/withdrawal,us-east-1,159,79,58,14,3013.1,ERR-104,Low,Failure,17,33,1,CUST-134098,DEV-MAC-0149A5,2.5177
2026-10-07T18:40:13,payment-api,/transfer,eu-west-1,157,79,55,14,979.36,ERR-904,Low,Failure,12,33,1,CUST-123456,DEV-WIN-84725,2.4947
2026-10-07T18:40:23,ledger-service,/balance_check,us-east-1,27,18,49,4,0,ERR-304,Low,Failure,17,20,1,CUST-112349,DEV-WIN-99325,3.1167
2026-10-07T18:40:33,ledger-service,/balance_check,us-west-2,32,20,60,6,0,ERR-110,High,Failure,3,80,1,CUST-123456,DEV-WIN-99325,3.9333
2026-10-07T18:40:43,ledger-service,/balance_check,us-east-1,28,20,47,5,0,ERR-901,Low,Failure,15,25,1,CUST-100483,DEV-MAC-0149A5,3.3833
2026-10-07T18:40:53,ledger-service,/balance_check,us-west-2,8,9,11,1,0,ERR-000,Healthy,Success,15,3,0,CUST-109482,DEV-LIN-11235,0.95
2026-10-07T18:40:53,fraud-detection,/payment,ap-southeast-1,146,84,90,9,0,ERR-103,Low,Failure,1,32,1,CUST-134098,DEV-LIN-11235,2.1712
2026-10-07T18:41:03,payment-api,/transfer,us-west-2,167,88,69,16,3589.67,ERR-903,High,Failure,5,85,1,CUST-134098,DEV-WIN-84725,2.813
2026-10-07T18:41:03,ledger-service,/balance_check,us-east-1,34,22,59,5,0,ERR-903,High,Failure,1,82,1,CUST-112349,DEV-LIN-11235,3.85
2026-10-07T18:41:13,trading-engine,/trade,ap-southeast-1,144,79,54,1,7742.34,ERR-205,Low,Failure,8,39,1,CUST-112349,DEV-WIN-84725,10.4688
2026-10-07T18:41:23,fraud-detection,/payment,eu-west-1,181,100,100,12,0,ERR-904,Critical,Failure,20,99,1,CUST-134098,DEV-WIN-99325,2.7543
2026-10-07T18:41:23,ledger-service,/balance_check,us-east-1,32,20,59,5,0,ERR-106,High,Failure,13,88,1,CUST-109482,DEV-MAC-75825,3.7167
2026-10-07T18:41:33,ledger-service,/balance_check,eu-west-1,28,18,45,4,0,ERR-108,Low,Failure,13,34,1,CUST-112349,DEV-WIN-99325,3.0833
2026-10-07T18:41:43,fraud-detection,/payment,us-east-1,127,86,96,10,0,ERR-110,Low,Failure,3,21,1,CUST-109482,DEV-WIN-84725,2.1554
2026-10-07T18:41:53,trading-engine,/trade,us-east-1,136,72,55,1,8728.78,ERR-102,Low,Failure,20,26,1,CUST-134098,DEV-WIN-99325,9.9141
2026-10-07T18:41:53,payment-api,/transfer,us-west-2,134,64,54,12,5824.83,ERR-106,Low,Failure,1,21,1,CUST-109482,DEV-MAC-0149A5,2.1393
2026-10-07T18:41:53,ledger-service,/balance_check,ap-southeast-1,35,21,50,5,0,ERR-304,High,Failure,5,86,1,CUST-123456,DEV-WIN-84725,3.7
2026-10-07T18:42:13,payment-api,/withdrawal,us-east-1,151,79,56,14,4053.31,ERR-901,Low,Failure,16,35,1,CUST-112349,DEV-WIN-99325,2.4757
2026-10-07T18:42:13,ledger-service,/balance_check,eu-west-1,27,20,47,5,0,ERR-305,Low,Failure,1,40,1,CUST-109482,DEV-LIN-11235,3.35
2026-10-07T18:42:23,ledger-service,/balance_check,eu-west-1,7,4,11,1,0,ERR-000,Healthy,Success,17,2,0,CUST-109482,DEV-LIN-11235,0.75
2026-10-07T18:42:33,ledger-service,/balance_check,us-west-2,36,23,55,6,0,ERR-903,High,Failure,7,80,1,CUST-100483,DEV-WIN-84725,4.0833
2026-10-07T18:42:33,auth-service,/login,us-east-1,24,11,25,1,0,ERR-000,Healthy,Success,1,4,0,CUST-109482,DEV-LIN-11235,1.0325
2026-10-07T18:42:43,ledger-service,/balance_check,eu-west-1,35,20,58,5,0,ERR-302,High,Failure,15,83,1,CUST-112349,DEV-WIN-99325,3.8
2026-10-07T18:42:53,ledger-service,/balance_check,eu-west-1,27,19,50,4,0,ERR-107,Low,Failure,4,36,1,CUST-134098,DEV-MAC-0149A5,3.1667
2026-10-07T18:42:53,payment-api,/transfer,ap-southeast-1,73,20,33,8,9338.71,ERR-000,Healthy,Success,4,5,0,CUST-109482,DEV-LIN-11235,1.157
2026-10-07T18:43:03,ledger-service,/balance_check,us-east-1,30,24,56,5,0,ERR-903,High,Failure,8,88,1,CUST-109482,DEV-MAC-75825,3.7333
2026-10-07T18:43:13,investment-engine,/portfolio,us-west-2,200,85,81,29,12614.41,ERR-203,Low,Failure,19,33,1,CUST-112349,DEV-WIN-99325,2.2165
2026-10-07T18:43:13,payment-api,/withdrawal,ap-southeast-1,60,41,39,2,4065.13,ERR-000,Healthy,Success,2,3,0,CUST-112349,DEV-MAC-0149A5,0.91
2026-10-07T18:43:23,investment-engine,/portfolio,eu-west-1,239,100,95,31,14623.99,ERR-903,High,Failure,17,89,1,CUST-109482,DEV-MAC-75825,2.5155
2026-10-07T18:43:33,ledger-service,/balance_check,eu-west-1,29,20,49,5,0,ERR-703,Low,Failure,7,30,1,CUST-134098,DEV-LIN-11235,3.45
2026-10-07T18:43:43,fraud-detection,/payment,us-east-1,17,30,28,1,0,ERR-000,Healthy,Success,12,2,0,CUST-112349,DEV-MAC-0149A5,0.3157
2026-10-07T18:43:53,payment-api,/transfer,eu-west-1,149,76,56,14,6609.53,ERR-105,Low,Failure,13,25,1,CUST-134098,DEV-WIN-99325,2.4427
2026-10-07T18:44:03,ledger-service,/balance_check,us-east-1,27,19,50,5,0,ERR-308,Low,Failure,13,21,1,CUST-100483,DEV-MAC-0149A5,3.3667
2026-10-07T18:44:03,auth-service,/login,us-east-1,45,18,48,4,0,ERR-206,Low,Failure,3,32,1,CUST-134098,DEV-WIN-84725,2.3225
2026-10-07T18:44:03,trading-engine,/trade,eu-west-1,150,75,59,1,6831.46,ERR-107,Low,Failure,17,27,1,CUST-100483,DEV-MAC-75825,10.8652
2026-10-07T18:44:13,ledger-service,/balance_check,eu-west-1,33,22,52,5,0,ERR-903,High,Failure,15,86,1,CUST-123456,DEV-WIN-99325,3.7
2026-10-07T18:44:13,auth-service,/login,eu-west-1,50,21,52,5,0,ERR-903,Medium,Failure,3,77,1,CUST-109482,DEV-MAC-75825,2.695
2026-10-07T18:44:13,fraud-detection,/payment,us-west-2,144,83,91,9,0,ERR-704,Low,Failure,11,21,1,CUST-109482,DEV-LIN-11235,2.1564
2026-10-07T18:44:23,ledger-service,/balance_check,us-east-1,27,19,48,5,0,ERR-701,Low,Failure,15,28,1,CUST-100483,DEV-MAC-75825,3.3333
2026-10-07T18:44:23,payment-api,/withdrawal,ap-southeast-1,146,79,54,13,6688.36,ERR-301,Low,Failure,12,39,1,CUST-100483,DEV-WIN-84725,2.379
2026-10-07T18:44:33,payment-api,/withdrawal,ap-southeast-1,151,74,53,15,4881.25,ERR-110,Low,Failure,16,29,1,CUST-100483,DEV-WIN-84725,2.4857
2026-10-07T18:44:53,investment-engine,/portfolio,ap-southeast-1,182,85,87,27,9997.47,ERR-703,Low,Failure,9,28,1,CUST-134098,DEV-WIN-84725,2.1016
2026-10-07T18:44:53,ledger-service,/balance_check,ap-southeast-1,34,21,57,5,0,ERR-903,High,Failure,20,88,1,CUST-134098,DEV-WIN-99325,3.7833
2026-10-07T18:45:03,payment-api,/transfer,ap-southeast-1,146,79,59,13,6774.6,ERR-902,Low,Failure,17,22,1,CUST-123456,DEV-WIN-99325,2.404
2026-10-07T18:45:03,ledger-service,/balance_check,eu-west-1,30,22,51,5,0,ERR-903,High,Failure,13,84,1,CUST-123456,DEV-WIN-99325,3.5833
2026-10-07T18:45:03,investment-engine,/portfolio,us-east-1,196,89,87,30,13487.64,ERR-106,Low,Failure,5,26,1,CUST-100483,DEV-LIN-11235,2.2683
2026-10-07T18:45:13,fraud-detection,/payment,eu-west-1,153,100,100,12,0,ERR-902,High,Failure,9,89,1,CUST-134098,DEV-LIN-11235,2.5677
2026-10-07T18:45:13,auth-service,/login,us-east-1,52,20,51,5,0,ERR-310,Medium,Failure,3,77,1,CUST-100483,DEV-MAC-75825,2.6875
2026-10-07T18:45:33,payment-api,/transfer,ap-southeast-1,185,82,67,18,8909.67,ERR-903,High,Failure,15,82,1,CUST-109482,DEV-MAC-75825,2.9583
2026-10-07T18:45:33,auth-service,/login,us-east-1,46,20,48,4,0,ERR-210,Low,Failure,7,39,1,CUST-109482,DEV-WIN-84725,2.375
2026-10-07T18:45:43,investment-engine,/portfolio,us-east-1,207,100,100,31,5438.23,ERR-903,High,Failure,10,86,1,CUST-112349,DEV-LIN-11235,2.4186
2026-10-07T18:45:43,ledger-service,/balance_check,us-east-1,33,20,51,5,0,ERR-301,High,Failure,16,86,1,CUST-109482,DEV-MAC-0149A5,3.6167
2026-10-07T18:45:43,payment-api,/transfer,us-west-2,215,97,80,20,7472.31,ERR-901,Critical,Failure,14,90,1,CUST-123456,DEV-MAC-0149A5,3.4017
2026-10-07T18:45:53,ledger-service,/balance_check,us-west-2,24,16,48,5,0,ERR-307,Low,Failure,5,23,1,CUST-123456,DEV-WIN-99325,3.1333
2026-10-07T18:46:03,ledger-service,/balance_check,us-east-1,28,18,49,5,0,ERR-904,Low,Failure,17,27,1,CUST-109482,DEV-MAC-75825,3.35
2026-10-07T18:46:13,ledger-service,/balance_check,ap-southeast-1,27,20,50,5,0,ERR-903,Low,Failure,9,36,1,CUST-109482,DEV-WIN-84725,3.4
2026-10-07T18:46:23,ledger-service,/balance_check,eu-west-1,30,24,57,6,0,ERR-903,High,Failure,13,86,1,CUST-134098,DEV-MAC-0149A5,3.95
2026-10-07T18:46:33,ledger-service,/balance_check,eu-west-1,29,16,44,5,0,ERR-310,Low,Failure,11,25,1,CUST-112349,DEV-MAC-0149A5,3.2333
2026-10-07T18:46:33,auth-service,/login,ap-southeast-1,50,19,45,4,0,ERR-703,Low,Failure,13,25,1,CUST-100483,DEV-LIN-11235,2.3675
2026-10-07T18:46:43,ledger-service,/balance_check,us-east-1,30,18,46,4,0,ERR-901,Low,Failure,11,33,1,CUST-100483,DEV-LIN-11235,3.1667
2026-10-07T18:46:53,ledger-service,/balance_check,ap-southeast-1,28,20,49,5,0,ERR-104,Low,Failure,5,39,1,CUST-100483,DEV-WIN-99325,3.4167
2026-10-07T18:46:53,investment-engine,/portfolio,us-east-1,193,74,77,28,12909.14,ERR-310,Low,Failure,5,22,1,CUST-134098,DEV-WIN-99325,2.0971
2026-10-07T18:47:03,ledger-service,/balance_check,us-east-1,27,20,47,5,0,ERR-201,Low,Failure,4,31,1,CUST-134098,DEV-WIN-84725,3.35
2026-10-07T18:47:03,investment-engine,/portfolio,us-west-2,243,100,100,38,8321.42,ERR-903,Critical,Failure,10,90,1,CUST-134098,DEV-WIN-84725,2.772
2026-10-07T18:47:13,payment-api,/withdrawal,ap-southeast-1,154,75,55,14,4422.9,ERR-109,Low,Failure,7,29,1,CUST-109482,DEV-LIN-11235,2.4493
2026-10-07T18:47:13,investment-engine,/portfolio,us-west-2,180,83,89,30,11380.87,ERR-107,Low,Failure,9,28,1,CUST-134098,DEV-MAC-75825,2.1888
2026-10-07T18:47:13,ledger-service,/balance_check,eu-west-1,28,20,46,4,0,ERR-701,Low,Failure,20,31,1,CUST-112349,DEV-LIN-11235,3.1667
2026-10-07T18:47:23,ledger-service,/balance_check,eu-west-1,3,1,7,2,0,ERR-000,Healthy,Success,7,5,0,CUST-109482,DEV-MAC-75825,0.65
2026-10-07T18:47:33,ledger-service,/balance_check,us-west-2,9,5,32,2,0,ERR-000,Healthy,Success,16,4,0,CUST-100483,DEV-MAC-75825,1.4
2026-10-07T18:47:33,auth-service,/login,us-east-1,45,20,45,4,0,ERR-105,Low,Failure,9,27,1,CUST-100483,DEV-MAC-0149A5,2.325
2026-10-07T18:47:43,payment-api,/transfer,ap-southeast-1,137,75,58,13,6475.72,ERR-307,Low,Failure,20,33,1,CUST-109482,DEV-MAC-0149A5,2.3297
2026-10-07T18:47:53,auth-service,/login,ap-southeast-1,44,20,50,5,0,ERR-110,Low,Failure,20,33,1,CUST-100483,DEV-WIN-99325,2.575
2026-10-07T18:47:53,trading-engine,/trade,us-west-2,163,94,60,2,3742.49,ERR-902,High,Failure,5,83,1,CUST-100483,DEV-LIN-11235,12.2972
2026-10-07T18:47:53,payment-api,/withdrawal,us-west-2,156,77,58,14,7859.35,ERR-109,Low,Failure,13,22,1,CUST-109482,DEV-WIN-84725,2.489
2026-10-07T18:48:03,trading-engine,/trade,eu-west-1,135,75,58,2,9680.98,ERR-209,Low,Failure,14,29,1,CUST-123456,DEV-LIN-11235,10.3633
2026-10-07T18:48:03,ledger-service,/balance_check,us-east-1,35,24,57,5,0,ERR-903,High,Failure,1,82,1,CUST-134098,DEV-WIN-84725,3.9167
2026-10-07T18:48:03,fraud-detection,/payment,us-east-1,130,74,86,9,0,ERR-302,Low,Failure,13,39,1,CUST-112349,DEV-WIN-99325,2.0357
2026-10-07T18:48:23,ledger-service,/balance_check,ap-southeast-1,27,19,50,4,0,ERR-109,Low,Failure,16,32,1,CUST-123456,DEV-WIN-84725,3.1667
2026-10-07T18:48:23,payment-api,/withdrawal,us-west-2,148,76,57,15,7869.02,ERR-207,Low,Failure,9,25,1,CUST-123456,DEV-MAC-75825,2.5103
2026-10-07T18:48:33,ledger-service,/balance_check,us-east-1,34,23,56,5,0,ERR-903,High,Failure,16,83,1,CUST-100483,DEV-MAC-75825,3.8333
2026-10-07T18:48:43,ledger-service,/balance_check,us-east-1,30,21,52,5,0,ERR-903,High,Failure,13,81,1,CUST-123456,DEV-MAC-75825,3.5667
2026-10-07T18:48:43,trading-engine,/trade,us-west-2,149,73,54,2,1193.76,ERR-904,Low,Failure,13,20,1,CUST-112349,DEV-LIN-11235,11.2821
2026-10-07T18:48:43,investment-engine,/portfolio,eu-west-1,273,100,100,40,9878.91,ERR-903,Critical,Failure,14,96,1,CUST-100483,DEV-WIN-84725,2.9386
2026-10-07T18:49:03,auth-service,/login,eu-west-1,46,19,48,4,0,ERR-302,Low,Failure,5,36,1,CUST-112349,DEV-MAC-75825,2.355
2026-10-07T18:49:03,trading-engine,/trade,ap-southeast-1,90,13,38,1,9204.55,ERR-000,Healthy,Success,5,2,0,CUST-134098,DEV-WIN-99325,6.6176
2026-10-07T18:49:03,ledger-service,/balance_check,ap-southeast-1,28,18,47,4,0,ERR-107,Low,Failure,19,26,1,CUST-123456,DEV-MAC-0149A5,3.1167
2026-10-07T18:49:13,ledger-service,/balance_check,ap-southeast-1,27,20,48,4,0,ERR-206,Low,Failure,20,35,1,CUST-112349,DEV-WIN-99325,3.1667
2026-10-07T18:49:13,trading-engine,/trade,us-east-1,136,73,59,2,5316.66,ERR-902,Low,Failure,19,27,1,CUST-109482,DEV-LIN-11235,10.4252
2026-10-07T18:49:23,ledger-service,/balance_check,us-east-1,28,19,45,5,0,ERR-302,Low,Failure,20,23,1,CUST-123456,DEV-MAC-75825,3.3167
2026-10-07T18:49:33,trading-engine,/trade,eu-west-1,144,77,55,2,5424.25,ERR-109,Low,Failure,10,22,1,CUST-109482,DEV-MAC-75825,10.9641
2026-10-07T18:49:43,ledger-service,/balance_check,us-east-1,34,21,56,6,0,ERR-903,High,Failure,18,84,1,CUST-134098,DEV-MAC-0149A5,3.9667
2026-10-07T18:49:53,payment-api,/withdrawal,ap-southeast-1,154,78,60,13,4850.62,ERR-308,Low,Failure,19,22,1,CUST-123456,DEV-LIN-11235,2.4327
2026-10-07T18:49:53,auth-service,/login,us-east-1,49,18,48,4,0,ERR-109,Low,Failure,5,34,1,CUST-100483,DEV-MAC-75825,2.3725
2026-10-07T18:49:53,ledger-service,/balance_check,us-west-2,29,20,49,5,0,ERR-207,Low,Failure,7,37,1,CUST-112349,DEV-MAC-75825,3.45
2026-10-07T18:50:03,auth-service,/login,us-west-2,51,21,52,5,0,ERR-903,Medium,Failure,4,66,1,CUST-134098,DEV-WIN-84725,2.7075
2026-10-07T18:50:03,ledger-service,/balance_check,us-west-2,29,19,47,5,0,ERR-109,Low,Failure,18,38,1,CUST-100483,DEV-MAC-75825,3.3833
2026-10-07T18:50:13,ledger-service,/balance_check,eu-west-1,30,23,56,5,0,ERR-903,High,Failure,16,80,1,CUST-134098,DEV-WIN-99325,3.7
2026-10-07T18:50:13,trading-engine,/trade,ap-southeast-1,135,74,59,1,5435.11,ERR-701,Low,Failure,18,23,1,CUST-134098,DEV-LIN-11235,9.8619
2026-10-07T18:50:13,auth-service,/login,us-east-1,41,20,48,4,0,ERR-101,Low,Failure,6,27,1,CUST-100483,DEV-MAC-75825,2.3125
2026-10-07T18:50:23,fraud-detection,/payment,us-west-2,212,100,100,18,0,ERR-904,Critical,Failure,13,100,1,CUST-112349,DEV-MAC-75825,3.561
2026-10-07T18:50:23,ledger-service,/balance_check,us-west-2,36,23,50,6,0,ERR-903,High,Failure,3,83,1,CUST-100483,DEV-MAC-0149A5,4
2026-10-07T18:50:43,ledger-service,/balance_check,ap-southeast-1,28,19,48,5,0,ERR-106,Low,Failure,15,40,1,CUST-109482,DEV-WIN-99325,3.3667
2026-10-07T18:50:53,fraud-detection,/payment,eu-west-1,137,88,100,10,0,ERR-102,Low,Failure,14,24,1,CUST-123456,DEV-MAC-0149A5,2.231
2026-10-07T18:50:53,ledger-service,/balance_check,us-east-1,31,24,58,5,0,ERR-903,High,Failure,14,90,1,CUST-109482,DEV-WIN-99325,3.8
2026-10-07T18:51:03,ledger-service,/balance_check,us-east-1,28,19,46,5,0,ERR-302,Low,Failure,8,30,1,CUST-123456,DEV-WIN-99325,3.3333
2026-10-07T18:51:13,trading-engine,/trade,eu-west-1,141,78,54,1,989.77,ERR-901,Low,Failure,7,38,1,CUST-109482,DEV-MAC-0149A5,10.2655
2026-10-07T18:51:23,investment-engine,/portfolio,us-east-1,239,90,91,31,5078.39,ERR-210,High,Failure,11,83,1,CUST-100483,DEV-WIN-99325,2.4577
2026-10-07T18:51:23,auth-service,/login,us-west-2,47,18,48,5,0,ERR-102,Low,Failure,2,24,1,CUST-134098,DEV-MAC-0149A5,2.5475
2026-10-07T18:51:33,ledger-service,/balance_check,us-east-1,35,24,56,5,0,ERR-903,High,Failure,11,83,1,CUST-112349,DEV-MAC-0149A5,3.9
2026-10-07T18:51:33,investment-engine,/portfolio,ap-southeast-1,196,85,84,29,5293.96,ERR-705,Low,Failure,1,29,1,CUST-134098,DEV-MAC-75825,2.2091
2026-10-07T18:51:53,investment-engine,/portfolio,eu-west-1,190,90,81,30,8692.49,ERR-704,Low,Failure,10,29,1,CUST-123456,DEV-WIN-99325,2.2415
2026-10-07T18:51:53,fraud-detection,/payment,ap-southeast-1,127,83,98,8,0,ERR-204,Low,Failure,9,36,1,CUST-112349,DEV-MAC-0149A5,1.9499
2026-10-07T18:51:53,ledger-service,/balance_check,us-west-2,30,18,47,5,0,ERR-103,Low,Failure,18,40,1,CUST-109482,DEV-MAC-0149A5,3.3833
2026-10-07T18:52:03,trading-engine,/trade,us-east-1,135,80,55,1,3612.19,ERR-107,Low,Failure,6,40,1,CUST-109482,DEV-WIN-99325,9.8741
2026-10-07T18:52:13,ledger-service,/balance_check,us-east-1,11,13,35,2,0,ERR-000,Healthy,Success,10,5,0,CUST-109482,DEV-MAC-0149A5,1.7833
2026-10-07T18:52:13,investment-engine,/portfolio,ap-southeast-1,164,88,75,30,14281.23,ERR-303,Low,Failure,13,32,1,CUST-123456,DEV-WIN-99325,2.1332
2026-10-07T18:52:13,payment-api,/transfer,eu-west-1,286,100,93,26,8655.42,ERR-901,Critical,Failure,1,96,1,CUST-134098,DEV-WIN-99325,4.1757
2026-10-07T18:52:23,investment-engine,/portfolio,us-west-2,196,90,81,28,12870.26,ERR-302,Low,Failure,19,31,1,CUST-109482,DEV-MAC-0149A5,2.1949
2026-10-07T18:52:33,ledger-service,/balance_check,ap-southeast-1,29,18,50,5,0,ERR-203,Low,Failure,5,40,1,CUST-112349,DEV-MAC-0149A5,3.4
2026-10-07T18:52:33,payment-api,/withdrawal,ap-southeast-1,155,75,54,14,2341.18,ERR-207,Low,Failure,15,38,1,CUST-123456,DEV-MAC-0149A5,2.4483
2026-10-07T18:52:43,ledger-service,/balance_check,eu-west-1,30,20,51,5,0,ERR-110,High,Failure,2,88,1,CUST-109482,DEV-MAC-0149A5,3.5167
2026-10-07T18:52:53,fraud-detection,/payment,ap-southeast-1,126,82,90,8,0,ERR-705,Low,Failure,3,40,1,CUST-100483,DEV-MAC-75825,1.9329
2026-10-07T18:52:53,payment-api,/withdrawal,us-east-1,170,89,71,17,745.11,ERR-903,High,Failure,15,88,1,CUST-123456,DEV-MAC-0149A5,2.91
2026-10-07T18:53:03,ledger-service,/balance_check,ap-southeast-1,29,19,45,5,0,ERR-306,Low,Failure,7,22,1,CUST-134098,DEV-MAC-75825,3.35
2026-10-07T18:53:03,fraud-detection,/payment,us-east-1,179,99,100,11,0,ERR-905,High,Failure,9,87,1,CUST-134098,DEV-WIN-99325,2.6385
2026-10-07T18:53:13,investment-engine,/portfolio,us-east-1,190,81,85,30,13563.57,ERR-108,Low,Failure,3,38,1,CUST-123456,DEV-MAC-75825,2.2043
2026-10-07T18:53:13,auth-service,/login,us-west-2,51,20,51,5,0,ERR-902,Medium,Failure,5,70,1,CUST-123456,DEV-WIN-84725,2.675
2026-10-07T18:53:13,ledger-service,/balance_check,us-west-2,29,19,47,5,0,ERR-703,Low,Failure,18,34,1,CUST-123456,DEV-LIN-11235,3.3833
2026-10-07T18:53:23,fraud-detection,/payment,eu-west-1,139,81,99,10,0,ERR-902,Low,Failure,20,20,1,CUST-112349,DEV-WIN-99325,2.2258
2026-10-07T18:53:23,auth-service,/login,us-east-1,47,20,42,4,0,ERR-902,Low,Failure,7,28,1,CUST-100483,DEV-WIN-84725,2.3125
2026-10-07T18:53:43,auth-service,/login,us-west-2,28,12,6,1,0,ERR-000,Healthy,Success,3,2,0,CUST-109482,DEV-MAC-0149A5,0.865
2026-10-07T18:53:43,ledger-service,/balance_check,us-west-2,35,20,56,5,0,ERR-110,High,Failure,15,90,1,CUST-134098,DEV-WIN-84725,3.7667
2026-10-07T18:53:53,payment-api,/transfer,us-west-2,106,29,35,5,9590.05,ERR-000,Healthy,Success,2,3,0,CUST-112349,DEV-MAC-75825,1.174
2026-10-07T18:53:53,trading-engine,/trade,eu-west-1,144,77,59,2,4964.12,ERR-901,Low,Failure,19,32,1,CUST-109482,DEV-LIN-11235,10.9719
2026-10-07T18:54:03,ledger-service,/balance_check,us-west-2,24,17,45,5,0,ERR-305,Low,Failure,18,38,1,CUST-100483,DEV-MAC-0149A5,3.1167
2026-10-07T18:54:03,auth-service,/login,us-east-1,47,20,46,5,0,ERR-101,Low,Failure,13,31,1,CUST-112349,DEV-MAC-0149A5,2.5625
2026-10-07T18:54:13,trading-engine,/trade,us-east-1,172,94,62,2,7480.87,ERR-903,High,Failure,10,82,1,CUST-123456,DEV-LIN-11235,12.9011
2026-10-07T18:54:13,auth-service,/login,us-west-2,52,21,52,5,0,ERR-903,Medium,Failure,20,62,1,CUST-112349,DEV-WIN-84725,2.72
2026-10-07T18:54:23,payment-api,/withdrawal,ap-southeast-1,150,72,57,15,4950.15,ERR-905,Low,Failure,5,37,1,CUST-123456,DEV-WIN-99325,2.485
2026-10-07T18:54:23,investment-engine,/portfolio,us-west-2,197,88,81,29,12921.97,ERR-305,Low,Failure,10,23,1,CUST-109482,DEV-WIN-84725,2.2215
2026-10-07T18:54:23,ledger-service,/balance_check,us-east-1,35,20,58,6,0,ERR-207,High,Failure,17,89,1,CUST-123456,DEV-LIN-11235,4
2026-10-07T18:54:33,payment-api,/withdrawal,us-west-2,144,79,55,14,747.98,ERR-202,Low,Failure,20,28,1,CUST-112349,DEV-WIN-84725,2.4427
2026-10-07T18:54:33,ledger-service,/balance_check,eu-west-1,24,16,50,4,0,ERR-208,Low,Failure,8,33,1,CUST-134098,DEV-MAC-0149A5,2.9667
2026-10-07T18:54:43,ledger-service,/balance_check,eu-west-1,33,22,58,5,0,ERR-903,High,Failure,2,82,1,CUST-109482,DEV-MAC-0149A5,3.8
2026-10-07T18:54:43,payment-api,/transfer,us-west-2,144,73,60,15,7041.25,ERR-202,Low,Failure,4,25,1,CUST-100483,DEV-WIN-99325,2.4843
2026-10-07T18:54:43,trading-engine,/trade,us-east-1,148,73,58,2,1013.39,ERR-705,Low,Failure,8,22,1,CUST-134098,DEV-WIN-84725,11.2233
2026-10-07T18:54:53,investment-engine,/portfolio,ap-southeast-1,202,97,100,31,11307.39,ERR-903,High,Failure,16,83,1,CUST-123456,DEV-LIN-11235,2.387
2026-10-07T18:54:53,ledger-service,/balance_check,us-east-1,27,19,49,5,0,ERR-202,Low,Failure,1,40,1,CUST-109482,DEV-WIN-84725,3.35
2026-10-07T18:54:53,payment-api,/withdrawal,us-east-1,159,75,57,15,4334.35,ERR-108,Low,Failure,5,38,1,CUST-134098,DEV-WIN-99325,2.546
2026-10-07T18:54:53,trading-engine,/trade,eu-west-1,150,77,55,1,6439.48,ERR-201,Low,Failure,7,31,1,CUST-100483,DEV-MAC-0149A5,10.8641
2026-10-07T18:55:13,ledger-service,/balance_check,us-east-1,30,20,45,5,0,ERR-903,Low,Failure,20,22,1,CUST-123456,DEV-WIN-84725,3.4167
2026-10-07T18:55:23,investment-engine,/portfolio,ap-southeast-1,13,55,60,9,11050.77,ERR-000,Healthy,Success,12,2,0,CUST-134098,DEV-MAC-75825,0.7355
2026-10-07T18:55:23,ledger-service,/balance_check,us-west-2,28,20,49,4,0,ERR-307,Low,Failure,20,22,1,CUST-100483,DEV-LIN-11235,3.2167
2026-10-07T18:55:23,fraud-detection,/payment,us-east-1,147,86,91,10,0,ERR-702,Low,Failure,2,37,1,CUST-134098,DEV-LIN-11235,2.2839
2026-10-07T18:55:33,ledger-service,/balance_check,us-west-2,26,18,49,5,0,ERR-903,Low,Failure,10,29,1,CUST-112349,DEV-WIN-84725,3.2833
2026-10-07T18:55:43,ledger-service,/balance_check,eu-west-1,34,22,56,6,0,ERR-903,High,Failure,8,84,1,CUST-109482,DEV-MAC-75825,4
2026-10-07T18:55:43,investment-engine,/portfolio,eu-west-1,184,84,90,28,11774.01,ERR-903,Low,Failure,18,38,1,CUST-112349,DEV-WIN-99325,2.1424
2026-10-07T18:56:03,fraud-detection,/payment,eu-west-1,170,92,100,11,0,ERR-106,High,Failure,7,86,1,CUST-100483,DEV-LIN-11235,2.561
2026-10-07T18:56:03,ledger-service,/balance_check,us-west-2,34,24,51,5,0,ERR-903,High,Failure,4,85,1,CUST-100483,DEV-MAC-0149A5,3.7833
2026-10-07T18:56:13,trading-engine,/trade,eu-west-1,166,91,72,2,1943.3,ERR-903,High,Failure,12,82,1,CUST-112349,DEV-MAC-0149A5,12.5106
2026-10-07T18:56:13,ledger-service,/balance_check,us-west-2,31,24,53,5,0,ERR-903,High,Failure,10,86,1,CUST-100483,DEV-WIN-84725,3.7167
2026-10-07T18:56:13,payment-api,/transfer,ap-southeast-1,156,80,54,14,1668.03,ERR-901,Low,Failure,13,27,1,CUST-123456,DEV-MAC-0149A5,2.494
2026-10-07T18:56:23,fraud-detection,/payment,us-east-1,171,100,100,12,0,ERR-901,High,Failure,12,85,1,CUST-134098,DEV-WIN-99325,2.6877
2026-10-07T18:56:23,payment-api,/transfer,us-east-1,137,79,55,15,5127.9,ERR-310,Low,Failure,16,26,1,CUST-109482,DEV-LIN-11235,2.4813
2026-10-07T18:56:23,ledger-service,/balance_check,ap-southeast-1,27,20,48,4,0,ERR-105,Low,Failure,5,27,1,CUST-109482,DEV-WIN-84725,3.1667
2026-10-07T18:56:33,ledger-service,/balance_check,ap-southeast-1,31,23,54,5,0,ERR-903,High,Failure,7,88,1,CUST-100483,DEV-WIN-84725,3.7
2026-10-07T18:56:33,trading-engine,/trade,eu-west-1,100,33,29,1,4568.32,ERR-000,Healthy,Success,8,5,0,CUST-134098,DEV-WIN-84725,7.3333
2026-10-07T18:56:43,payment-api,/withdrawal,us-east-1,143,64,52,12,4901.16,ERR-000,Normal,Success,9,14,0,CUST-134098,DEV-LIN-11235,2.1653
2026-10-07T18:56:43,auth-service,/login,eu-west-1,44,18,43,4,0,ERR-703,Low,Failure,3,24,1,CUST-112349,DEV-LIN-11235,2.2475
2026-10-07T18:56:43,ledger-service,/balance_check,us-west-2,18,7,10,2,0,ERR-000,Healthy,Success,8,0,0,CUST-123456,DEV-WIN-99325,1.4
2026-10-07T18:56:53,ledger-service,/balance_check,eu-west-1,28,20,47,4,0,ERR-705,Low,Failure,19,21,1,CUST-134098,DEV-LIN-11235,3.1833
2026-10-07T18:56:53,investment-engine,/portfolio,ap-southeast-1,191,85,75,29,14343,ERR-903,Low,Failure,9,26,1,CUST-109482,DEV-MAC-0149A5,2.1748
2026-10-07T18:57:03,auth-service,/login,us-west-2,51,21,52,5,0,ERR-903,Medium,Failure,19,72,1,CUST-109482,DEV-WIN-84725,2.7075
2026-10-07T18:57:03,ledger-service,/balance_check,us-west-2,29,19,49,5,0,ERR-110,Low,Failure,14,40,1,CUST-123456,DEV-WIN-99325,3.4167
2026-10-07T18:57:03,payment-api,/transfer,us-west-2,88,27,37,3,1633.9,ERR-000,Healthy,Success,18,3,0,CUST-123456,DEV-LIN-11235,0.962
2026-10-07T18:57:13,trading-engine,/trade,us-west-2,140,78,55,2,682.9,ERR-703,Low,Failure,15,40,1,CUST-134098,DEV-WIN-99325,10.7008
2026-10-07T18:57:33,ledger-service,/balance_check,ap-southeast-1,30,18,50,4,0,ERR-301,Low,Failure,2,24,1,CUST-134098,DEV-MAC-75825,3.2333
2026-10-07T18:57:43,ledger-service,/balance_check,eu-west-1,30,20,46,5,0,ERR-207,Low,Failure,10,29,1,CUST-112349,DEV-MAC-0149A5,3.4333
2026-10-07T18:57:43,trading-engine,/trade,ap-southeast-1,9,18,40,1,4458.74,ERR-000,Healthy,Success,12,0,0,CUST-109482,DEV-MAC-75825,1.2381
2026-10-07T18:57:53,payment-api,/withdrawal,us-east-1,137,80,57,15,5173.47,ERR-204,Low,Failure,4,22,1,CUST-112349,DEV-LIN-11235,2.4997
2026-10-07T18:57:53,ledger-service,/balance_check,us-east-1,30,20,58,5,0,ERR-209,High,Failure,11,89,1,CUST-109482,DEV-MAC-0149A5,3.6333
2026-10-07T18:58:13,ledger-service,/balance_check,us-west-2,33,20,52,6,0,ERR-208,High,Failure,9,87,1,CUST-123456,DEV-MAC-0149A5,3.8333
2026-10-07T18:58:23,ledger-service,/balance_check,ap-southeast-1,9,4,1,3,0,ERR-000,Healthy,Success,19,5,0,CUST-134098,DEV-MAC-0149A5,1.05
2026-10-07T18:58:33,ledger-service,/balance_check,eu-west-1,34,21,54,5,0,ERR-903,High,Failure,10,85,1,CUST-109482,DEV-WIN-84725,3.7333
2026-10-07T18:58:33,trading-engine,/trade,us-west-2,147,66,48,1,965.7,ERR-302,Low,Failure,9,25,1,CUST-134098,DEV-WIN-99325,10.6138
2026-10-07T18:58:53,auth-service,/login,eu-west-1,46,20,50,4,0,ERR-205,Low,Failure,11,39,1,CUST-134098,DEV-WIN-99325,2.4
2026-10-07T18:58:53,fraud-detection,/payment,eu-west-1,140,90,92,10,0,ERR-203,Low,Failure,19,28,1,CUST-109482,DEV-WIN-84725,2.2482
2026-10-07T18:58:53,ledger-service,/balance_check,ap-southeast-1,27,17,46,5,0,ERR-309,Low,Failure,8,22,1,CUST-109482,DEV-MAC-75825,3.2333
2026-10-07T18:59:03,ledger-service,/balance_check,us-west-2,28,19,46,5,0,ERR-209,Low,Failure,15,25,1,CUST-134098,DEV-MAC-75825,3.3333
2026-10-07T18:59:03,fraud-detection,/payment,eu-west-1,141,89,93,9,0,ERR-110,Low,Failure,12,30,1,CUST-123456,DEV-LIN-11235,2.1533
2026-10-07T18:59:13,payment-api,/transfer,us-west-2,152,80,57,15,1076.33,ERR-703,Low,Failure,6,38,1,CUST-134098,DEV-WIN-84725,2.5597
2026-10-07T18:59:33,ledger-service,/balance_check,eu-west-1,29,18,43,4,0,ERR-110,Low,Failure,15,26,1,CUST-134098,DEV-WIN-99325,3.0833
2026-10-07T18:59:33,auth-service,/login,us-west-2,47,19,47,5,0,ERR-204,Low,Failure,15,26,1,CUST-109482,DEV-MAC-0149A5,2.555
2026-10-07T18:59:43,fraud-detection,/payment,eu-west-1,136,89,99,10,0,ERR-705,Low,Failure,1,20,1,CUST-123456,DEV-MAC-75825,2.2258
2026-10-07T18:59:53,ledger-service,/balance_check,ap-southeast-1,27,20,46,4,0,ERR-309,Low,Failure,10,34,1,CUST-123456,DEV-LIN-11235,3.1333
2026-10-07T19:00:03,investment-engine,/portfolio,us-west-2,182,88,82,27,13864.15,ERR-210,Low,Failure,7,34,1,CUST-100483,DEV-LIN-11235,2.1068
2026-10-07T19:00:13,auth-service,/login,ap-southeast-1,50,20,52,5,0,ERR-301,Medium,Failure,13,79,1,CUST-134098,DEV-LIN-11235,2.675
2026-10-07T19:00:23,fraud-detection,/payment,eu-west-1,148,90,92,9,0,ERR-203,Low,Failure,10,23,1,CUST-134098,DEV-WIN-84725,2.2015
2026-10-07T19:00:23,auth-service,/login,us-west-2,30,3,16,1,0,ERR-000,Healthy,Success,3,3,0,CUST-100483,DEV-WIN-99325,0.835
2026-10-07T19:00:23,trading-engine,/trade,us-east-1,79,5,8,1,4451.12,ERR-000,Healthy,Success,4,4,0,CUST-123456,DEV-WIN-99325,5.799
2026-10-07T19:00:33,auth-service,/login,us-east-1,50,18,45,4,0,ERR-201,Low,Failure,4,34,1,CUST-134098,DEV-MAC-75825,2.3475
2026-10-07T19:00:33,ledger-service,/balance_check,us-east-1,21,4,33,3,0,ERR-000,Healthy,Success,14,2,0,CUST-123456,DEV-LIN-11235,1.9833
2026-10-07T19:00:43,ledger-service,/balance_check,ap-southeast-1,24,18,48,4,0,ERR-701,Low,Failure,17,40,1,CUST-134098,DEV-WIN-84725,3
2026-10-07T19:00:43,trading-engine,/trade,ap-southeast-1,148,73,56,1,423.26,ERR-209,Low,Failure,14,21,1,CUST-109482,DEV-WIN-99325,10.7194
2026-10-07T19:00:53,fraud-detection,/payment,us-east-1,171,100,100,11,0,ERR-305,High,Failure,18,87,1,CUST-134098,DEV-MAC-75825,2.5877
2026-10-07T19:00:53,payment-api,/withdrawal,ap-southeast-1,40,33,41,2,3591.75,ERR-000,Healthy,Success,5,0,0,CUST-112349,DEV-WIN-84725,0.7733
2026-10-07T19:01:03,ledger-service,/balance_check,eu-west-1,27,18,48,5,0,ERR-703,Low,Failure,12,32,1,CUST-112349,DEV-WIN-84725,3.3
2026-10-07T19:01:13,ledger-service,/balance_check,eu-west-1,28,18,48,4,0,ERR-103,Low,Failure,9,39,1,CUST-134098,DEV-WIN-99325,3.1333
2026-10-07T19:01:23,fraud-detection,/payment,eu-west-1,147,86,99,9,0,ERR-701,Low,Failure,16,38,1,CUST-109482,DEV-WIN-84725,2.1917
2026-10-07T19:01:23,investment-engine,/portfolio,eu-west-1,190,86,83,29,6591.42,ERR-101,Low,Failure,16,35,1,CUST-134098,DEV-MAC-75825,2.1921
2026-10-07T19:01:33,ledger-service,/balance_check,ap-southeast-1,36,24,52,6,0,ERR-903,High,Failure,1,80,1,CUST-123456,DEV-LIN-11235,4.0667
2026-10-07T19:01:33,fraud-detection,/payment,us-west-2,140,90,96,9,0,ERR-303,Low,Failure,11,30,1,CUST-109482,DEV-LIN-11235,2.1521
2026-10-07T19:01:33,payment-api,/withdrawal,eu-west-1,155,77,57,14,5449.04,ERR-104,Low,Failure,2,27,1,CUST-123456,DEV-LIN-11235,2.48
2026-10-07T19:01:43,trading-engine,/trade,eu-west-1,80,13,21,1,136.89,ERR-000,Healthy,Success,10,2,0,CUST-134098,DEV-LIN-11235,5.9177
2026-10-07T19:01:43,ledger-service,/balance_check,ap-southeast-1,27,20,40,5,0,ERR-207,Low,Failure,5,25,1,CUST-112349,DEV-WIN-99325,3.2333
2026-10-07T19:01:43,fraud-detection,/payment,ap-southeast-1,140,86,97,10,0,ERR-905,Low,Failure,11,23,1,CUST-112349,DEV-MAC-0149A5,2.2431
2026-10-07T19:01:43,investment-engine,/portfolio,us-east-1,173,90,81,25,7920.62,ERR-108,Low,Failure,5,23,1,CUST-123456,DEV-LIN-11235,2.0182
2026-10-07T19:02:03,fraud-detection,/payment,us-west-2,156,92,100,10,0,ERR-905,High,Failure,4,85,1,CUST-123456,DEV-MAC-0149A5,2.3677
2026-10-07T19:02:03,ledger-service,/balance_check,us-east-1,30,19,48,5,0,ERR-207,Low,Failure,7,27,1,CUST-109482,DEV-WIN-99325,3.4333
2026-10-07T19:02:03,investment-engine,/portfolio,us-west-2,223,100,94,33,6697.34,ERR-903,High,Failure,19,87,1,CUST-134098,DEV-MAC-0149A5,2.5269
2026-10-07T19:02:03,auth-service,/login,us-east-1,8,1,15,1,0,ERR-000,Healthy,Success,5,0,0,CUST-100483,DEV-MAC-75825,0.5075
2026-10-07T19:02:13,payment-api,/withdrawal,us-east-1,156,78,56,14,159.38,ERR-702,Low,Failure,4,39,1,CUST-112349,DEV-MAC-0149A5,2.4873
2026-10-07T19:02:13,auth-service,/login,us-west-2,49,18,46,5,0,ERR-310,Low,Failure,10,33,1,CUST-112349,DEV-LIN-11235,2.5475
2026-10-07T19:02:33,ledger-service,/balance_check,eu-west-1,30,19,49,5,0,ERR-308,Low,Failure,11,20,1,CUST-134098,DEV-WIN-84725,3.45
2026-10-07T19:02:33,fraud-detection,/payment,eu-west-1,194,100,100,12,0,ERR-904,Critical,Failure,3,91,1,CUST-134098,DEV-MAC-75825,2.841
2026-10-07T19:02:43,ledger-service,/balance_check,us-west-2,28,20,45,4,0,ERR-705,Low,Failure,20,31,1,CUST-134098,DEV-WIN-99325,3.15
2026-10-07T19:02:53,fraud-detection,/payment,ap-southeast-1,145,83,92,10,0,ERR-201,Low,Failure,14,29,1,CUST-109482,DEV-LIN-11235,2.264
2026-10-07T19:02:53,ledger-service,/balance_check,us-east-1,28,19,44,5,0,ERR-104,Low,Failure,4,39,1,CUST-123456,DEV-MAC-75825,3.3
2026-10-07T19:03:03,auth-service,/login,us-east-1,52,20,50,5,0,ERR-702,Medium,Failure,3,66,1,CUST-123456,DEV-LIN-11235,2.675
2026-10-07T19:03:13,investment-engine,/portfolio,eu-west-1,198,86,88,27,13197.37,ERR-704,Low,Failure,3,35,1,CUST-123456,DEV-WIN-99325,2.1619
2026-10-07T19:03:13,payment-api,/withdrawal,us-west-2,243,100,92,22,1129.55,ERR-901,Critical,Failure,10,95,1,CUST-134098,DEV-MAC-75825,3.732
2026-10-07T19:03:23,ledger-service,/balance_check,ap-southeast-1,13,3,18,3,0,ERR-000,Healthy,Success,1,2,0,CUST-123456,DEV-MAC-75825,1.4333
2026-10-07T19:03:23,fraud-detection,/payment,eu-west-1,136,88,91,9,0,ERR-206,Low,Failure,2,33,1,CUST-109482,DEV-WIN-84725,2.1155
2026-10-07T19:03:33,ledger-service,/balance_check,us-east-1,28,19,50,5,0,ERR-301,Low,Failure,19,30,1,CUST-134098,DEV-WIN-84725,3.4
2026-10-07T19:03:33,trading-engine,/trade,us-west-2,140,73,58,2,6466.14,ERR-102,Low,Failure,1,23,1,CUST-112349,DEV-LIN-11235,10.6899
2026-10-07T19:03:33,auth-service,/login,ap-southeast-1,40,16,44,4,0,ERR-000,Normal,Success,3,8,0,CUST-134098,DEV-WIN-84725,2.17
2026-10-07T19:03:43,trading-engine,/trade,us-east-1,143,75,54,1,213.88,ERR-104,Low,Failure,11,21,1,CUST-123456,DEV-MAC-75825,10.3888
2026-10-07T19:03:53,trading-engine,/trade,us-west-2,122,78,52,1,5576.47,ERR-109,Low,Failure,17,25,1,CUST-134098,DEV-MAC-0149A5,8.9949
2026-10-07T19:03:53,auth-service,/login,us-west-2,46,17,45,5,0,ERR-904,Low,Failure,20,31,1,CUST-123456,DEV-MAC-75825,2.4775
2026-10-07T19:03:53,payment-api,/withdrawal,us-east-1,151,79,55,13,4947.18,ERR-110,Low,Failure,3,32,1,CUST-134098,DEV-MAC-0149A5,2.404
2026-10-07T19:04:03,payment-api,/transfer,ap-southeast-1,188,80,72,17,1821.76,ERR-302,High,Failure,14,90,1,CUST-134098,DEV-WIN-84725,2.912
2026-10-07T19:04:13,payment-api,/withdrawal,eu-west-1,190,83,61,15,5498.08,ERR-903,High,Failure,2,84,1,CUST-112349,DEV-WIN-84725,2.7567
2026-10-07T19:04:13,ledger-service,/balance_check,ap-southeast-1,32,23,54,5,0,ERR-903,High,Failure,3,88,1,CUST-134098,DEV-MAC-75825,3.7333
2026-10-07T19:04:23,auth-service,/login,eu-west-1,50,20,47,5,0,ERR-209,Low,Failure,15,21,1,CUST-134098,DEV-WIN-99325,2.6125
2026-10-07T19:04:23,investment-engine,/portfolio,us-west-2,62,60,14,21,9975.14,ERR-000,Healthy,Success,3,5,0,CUST-109482,DEV-MAC-75825,1.234
2026-10-07T19:04:33,trading-engine,/trade,us-west-2,150,73,60,2,4519.08,ERR-704,Low,Failure,13,40,1,CUST-112349,DEV-MAC-0149A5,11.3605
2026-10-07T19:04:33,ledger-service,/balance_check,ap-southeast-1,30,18,48,4,0,ERR-102,Low,Failure,18,32,1,CUST-112349,DEV-WIN-99325,3.2
2026-10-07T19:04:33,payment-api,/withdrawal,us-west-2,272,100,87,21,4102.29,ERR-901,Critical,Failure,4,94,1,CUST-100483,DEV-LIN-11235,3.7563
2026-10-07T19:04:43,trading-engine,/trade,eu-west-1,135,80,60,1,3567.48,ERR-303,Low,Failure,19,34,1,CUST-123456,DEV-MAC-75825,9.8839
2026-10-07T19:04:43,ledger-service,/balance_check,us-west-2,6,10,27,1,0,ERR-000,Healthy,Success,13,3,0,CUST-123456,DEV-MAC-0149A5,1.1833
2026-10-07T19:04:43,payment-api,/withdrawal,eu-west-1,147,73,55,14,2055.4,ERR-703,Low,Failure,9,37,1,CUST-109482,DEV-LIN-11235,2.4047
2026-10-07T19:04:53,ledger-service,/balance_check,us-east-1,29,18,47,5,0,ERR-206,Low,Failure,7,24,1,CUST-134098,DEV-LIN-11235,3.35
2026-10-07T19:05:03,fraud-detection,/payment,us-east-1,139,82,95,10,0,ERR-702,Low,Failure,5,36,1,CUST-100483,DEV-MAC-0149A5,2.2244
2026-10-07T19:05:03,trading-engine,/trade,us-east-1,143,65,49,1,7630.66,ERR-905,Low,Failure,2,36,1,CUST-100483,DEV-WIN-84725,10.3457
2026-10-07T19:05:03,investment-engine,/portfolio,us-west-2,195,87,82,30,8338.22,ERR-101,Low,Failure,20,26,1,CUST-112349,DEV-WIN-99325,2.2452
2026-10-07T19:05:03,ledger-service,/balance_check,us-east-1,30,18,49,4,0,ERR-102,Low,Failure,18,33,1,CUST-123456,DEV-LIN-11235,3.2167
2026-10-07T19:05:13,ledger-service,/balance_check,ap-southeast-1,27,20,49,4,0,ERR-901,Low,Failure,8,23,1,CUST-109482,DEV-WIN-99325,3.1833
2026-10-07T19:05:13,fraud-detection,/payment,eu-west-1,148,82,97,9,0,ERR-303,Low,Failure,7,23,1,CUST-123456,DEV-MAC-75825,2.1864
2026-10-07T19:05:13,investment-engine,/portfolio,eu-west-1,195,84,82,27,9269.25,ERR-305,Low,Failure,18,30,1,CUST-134098,DEV-WIN-99325,2.1302
2026-10-07T19:05:23,payment-api,/withdrawal,eu-west-1,153,79,55,15,936.59,ERR-703,Low,Failure,12,33,1,CUST-134098,DEV-MAC-75825,2.5453
2026-10-07T19:05:33,ledger-service,/balance_check,ap-southeast-1,30,19,50,4,0,ERR-104,Low,Failure,20,36,1,CUST-112349,DEV-WIN-84725,3.2667
2026-10-07T19:05:33,payment-api,/withdrawal,ap-southeast-1,134,66,60,12,3681.82,ERR-901,Low,Failure,10,35,1,CUST-112349,DEV-WIN-84725,2.186
2026-10-07T19:05:33,trading-engine,/trade,us-west-2,141,73,57,1,8080.27,ERR-103,Low,Failure,15,39,1,CUST-123456,DEV-LIN-11235,10.2547
2026-10-07T19:05:43,payment-api,/transfer,ap-southeast-1,164,92,65,18,5956.84,ERR-903,High,Failure,19,89,1,CUST-134098,DEV-WIN-99325,2.9477
2026-10-07T19:05:53,payment-api,/transfer,ap-southeast-1,154,80,56,15,6803.24,ERR-309,Low,Failure,10,26,1,CUST-123456,DEV-WIN-84725,2.5627
2026-10-07T19:05:53,ledger-service,/balance_check,us-east-1,27,19,50,4,0,ERR-703,Low,Failure,3,22,1,CUST-109482,DEV-MAC-0149A5,3.1667
2026-10-07T19:06:03,ledger-service,/balance_check,us-west-2,30,19,45,5,0,ERR-304,Low,Failure,9,28,1,CUST-112349,DEV-MAC-75825,3.3833
2026-10-07T19:06:03,trading-engine,/trade,eu-west-1,171,85,61,2,9557.1,ERR-903,High,Failure,14,87,1,CUST-112349,DEV-MAC-0149A5,12.8025
2026-10-07T19:06:03,fraud-detection,/payment,us-west-2,125,74,85,8,0,ERR-000,Normal,Success,12,9,0,CUST-109482,DEV-MAC-0149A5,1.9013
2026-10-07T19:06:13,fraud-detection,/payment,us-east-1,176,96,100,12,0,ERR-302,High,Failure,4,90,1,CUST-123456,DEV-MAC-0149A5,2.711
2026-10-07T19:06:13,payment-api,/withdrawal,eu-west-1,200,100,79,21,4277.93,ERR-901,Critical,Failure,16,90,1,CUST-123456,DEV-WIN-99325,3.4283
2026-10-07T19:06:23,payment-api,/transfer,eu-west-1,151,76,56,15,7489.92,ERR-301,Low,Failure,7,25,1,CUST-123456,DEV-LIN-11235,2.5173
2026-10-07T19:06:23,ledger-service,/balance_check,us-west-2,27,20,50,5,0,ERR-206,Low,Failure,17,28,1,CUST-123456,DEV-WIN-99325,3.4
2026-10-07T19:06:23,auth-service,/login,eu-west-1,41,18,46,5,0,ERR-306,Low,Failure,15,36,1,CUST-109482,DEV-MAC-75825,2.4475
2026-10-07T19:06:33,ledger-service,/balance_check,eu-west-1,36,20,52,6,0,ERR-207,High,Failure,11,82,1,CUST-123456,DEV-MAC-0149A5,3.9333
2026-10-07T19:06:33,payment-api,/transfer,eu-west-1,149,75,54,13,6064.14,ERR-705,Low,Failure,14,39,1,CUST-123456,DEV-MAC-0149A5,2.3577
2026-10-07T19:06:43,payment-api,/withdrawal,eu-west-1,163,93,67,17,2402.95,ERR-903,High,Failure,11,82,1,CUST-134098,DEV-MAC-0149A5,2.8953
2026-10-07T19:06:43,ledger-service,/balance_check,eu-west-1,27,20,46,5,0,ERR-704,Low,Failure,18,37,1,CUST-134098,DEV-MAC-75825,3.3333
2026-10-07T19:06:53,investment-engine,/portfolio,eu-west-1,183,82,87,27,13873.58,ERR-106,Low,Failure,19,26,1,CUST-123456,DEV-LIN-11235,2.0899
2026-10-07T19:06:53,ledger-service,/balance_check,us-east-1,29,19,48,4,0,ERR-705,Low,Failure,16,27,1,CUST-109482,DEV-MAC-0149A5,3.2
2026-10-07T19:06:53,auth-service,/login,us-west-2,46,19,49,4,0,ERR-110,Low,Failure,14,34,1,CUST-123456,DEV-LIN-11235,2.3675
2026-10-07T19:07:03,trading-engine,/trade,us-west-2,133,72,55,1,5112.27,ERR-210,Low,Failure,20,27,1,CUST-109482,DEV-MAC-75825,9.7141
2026-10-07T19:07:03,fraud-detection,/payment,eu-west-1,13,47,22,1,0,ERR-000,Healthy,Success,7,4,0,CUST-112349,DEV-WIN-99325,0.3257
2026-10-07T19:07:13,ledger-service,/balance_check,us-west-2,29,20,46,5,0,ERR-703,Low,Failure,19,27,1,CUST-112349,DEV-LIN-11235,3.4
2026-10-07T19:07:23,trading-engine,/trade,us-west-2,146,76,58,2,7186.52,ERR-209,Low,Failure,16,31,1,CUST-134098,DEV-WIN-99325,11.0999
2026-10-07T19:07:23,fraud-detection,/payment,ap-southeast-1,148,87,97,9,0,ERR-702,Low,Failure,5,27,1,CUST-100483,DEV-LIN-11235,2.1989
2026-10-07T19:07:23,investment-engine,/portfolio,us-east-1,59,17,35,20,13704.33,ERR-000,Healthy,Success,15,1,0,CUST-112349,DEV-WIN-84725,1.0167
2026-10-07T19:07:33,trading-engine,/trade,ap-southeast-1,135,73,60,1,5726.21,ERR-903,Low,Failure,10,39,1,CUST-123456,DEV-WIN-99325,9.8605
2026-10-07T19:07:33,ledger-service,/balance_check,us-east-1,33,21,59,6,0,ERR-903,High,Failure,19,87,1,CUST-109482,DEV-LIN-11235,3.9833
2026-10-07T19:07:33,payment-api,/transfer,ap-southeast-1,129,73,51,13,4982.58,ERR-702,Low,Failure,13,24,1,CUST-112349,DEV-WIN-84725,2.246
2026-10-07T19:07:43,trading-engine,/trade,eu-west-1,142,78,57,2,7544.99,ERR-108,Low,Failure,9,40,1,CUST-112349,DEV-WIN-99325,10.838
2026-10-07T19:07:43,payment-api,/withdrawal,us-east-1,91,32,37,5,9537.22,ERR-000,Healthy,Success,10,1,0,CUST-100483,DEV-WIN-99325,1.149
2026-10-07T19:07:53,ledger-service,/balance_check,eu-west-1,36,21,53,6,0,ERR-903,High,Failure,2,86,1,CUST-112349,DEV-LIN-11235,3.9833
2026-10-07T19:07:53,payment-api,/transfer,us-west-2,148,65,60,14,5713.45,ERR-705,Low,Failure,7,35,1,CUST-134098,DEV-WIN-99325,2.367
2026-10-07T19:08:03,investment-engine,/portfolio,us-east-1,229,96,94,33,5207.45,ERR-903,High,Failure,15,81,1,CUST-100483,DEV-MAC-0149A5,2.5269
2026-10-07T19:08:13,ledger-service,/balance_check,us-west-2,27,20,49,4,0,ERR-101,Low,Failure,13,23,1,CUST-123456,DEV-WIN-99325,3.1833
2026-10-07T19:08:13,auth-service,/login,us-east-1,49,18,47,4,0,ERR-209,Low,Failure,4,21,1,CUST-109482,DEV-LIN-11235,2.36
2026-10-07T19:08:33,ledger-service,/balance_check,us-east-1,25,16,40,5,0,ERR-901,Low,Failure,5,36,1,CUST-123456,DEV-MAC-0149A5,3.0333
2026-10-07T19:08:33,auth-service,/login,eu-west-1,49,19,50,4,0,ERR-902,Low,Failure,11,20,1,CUST-109482,DEV-WIN-84725,2.4175
2026-10-07T19:08:33,fraud-detection,/payment,ap-southeast-1,75,38,64,2,0,ERR-000,Healthy,Success,11,5,0,CUST-112349,DEV-MAC-75825,0.8575
2026-10-07T19:08:43,trading-engine,/trade,eu-west-1,58,20,29,1,3874.8,ERR-000,Healthy,Success,6,3,0,CUST-100483,DEV-WIN-84725,4.49
2026-10-07T19:08:43,auth-service,/login,us-west-2,50,18,49,4,0,ERR-203,Low,Failure,13,28,1,CUST-100483,DEV-LIN-11235,2.3975
2026-10-07T19:08:43,payment-api,/withdrawal,eu-west-1,188,81,69,15,4833.7,ERR-903,High,Failure,3,87,1,CUST-123456,DEV-LIN-11235,2.772
2026-10-07T19:08:53,ledger-service,/balance_check,us-east-1,30,20,50,5,0,ERR-905,Low,Failure,10,38,1,CUST-109482,DEV-WIN-84725,3.5
2026-10-07T19:08:53,auth-service,/login,us-west-2,45,19,46,4,0,ERR-309,Low,Failure,20,32,1,CUST-100483,DEV-WIN-84725,2.3175
2026-10-07T19:09:03,auth-service,/login,us-east-1,48,19,47,5,0,ERR-905,Low,Failure,3,37,1,CUST-123456,DEV-WIN-99325,2.5675
2026-10-07T19:09:13,ledger-service,/balance_check,eu-west-1,28,20,50,4,0,ERR-308,Low,Failure,11,28,1,CUST-123456,DEV-MAC-0149A5,3.2333
2026-10-07T19:09:13,investment-engine,/portfolio,us-west-2,231,98,100,35,11978.28,ERR-903,High,Failure,7,86,1,CUST-123456,DEV-MAC-0149A5,2.622
2026-10-07T19:09:33,payment-api,/withdrawal,eu-west-1,274,100,85,21,785.48,ERR-901,Critical,Failure,1,96,1,CUST-100483,DEV-LIN-11235,3.7543
2026-10-07T19:09:43,auth-service,/login,ap-southeast-1,52,20,50,5,0,ERR-701,Medium,Failure,4,68,1,CUST-134098,DEV-WIN-84725,2.675
2026-10-07T19:09:43,payment-api,/withdrawal,us-west-2,176,80,62,16,1926.77,ERR-302,High,Failure,11,84,1,CUST-112349,DEV-WIN-84725,2.7473
2026-10-07T19:09:53,payment-api,/transfer,us-east-1,186,82,61,18,3690.04,ERR-903,High,Failure,20,86,1,CUST-123456,DEV-MAC-75825,2.9323
2026-10-07T19:09:53,ledger-service,/balance_check,eu-west-1,27,20,50,4,0,ERR-301,Low,Failure,1,36,1,CUST-109482,DEV-WIN-99325,3.2
2026-10-07T19:10:03,ledger-service,/balance_check,us-west-2,29,20,48,5,0,ERR-207,Low,Failure,8,25,1,CUST-134098,DEV-LIN-11235,3.4333
2026-10-07T19:10:13,ledger-service,/balance_check,us-west-2,33,20,59,6,0,ERR-207,High,Failure,18,86,1,CUST-112349,DEV-WIN-84725,3.95
2026-10-07T19:10:23,investment-engine,/portfolio,eu-west-1,196,86,87,30,7396.98,ERR-703,Low,Failure,12,37,1,CUST-123456,DEV-WIN-99325,2.2533
2026-10-07T19:10:23,ledger-service,/balance_check,eu-west-1,28,20,50,4,0,ERR-905,Low,Failure,5,29,1,CUST-112349,DEV-WIN-99325,3.2333
2026-10-07T19:10:33,fraud-detection,/payment,eu-west-1,150,90,94,10,0,ERR-703,Low,Failure,9,29,1,CUST-100483,DEV-MAC-75825,2.3168
2026-10-07T19:10:33,ledger-service,/balance_check,ap-southeast-1,28,19,50,4,0,ERR-309,Low,Failure,10,25,1,CUST-134098,DEV-WIN-99325,3.2
2026-10-07T19:10:43,ledger-service,/balance_check,ap-southeast-1,27,18,49,5,0,ERR-205,Low,Failure,5,40,1,CUST-134098,DEV-MAC-0149A5,3.3167
2026-10-07T19:11:03,investment-engine,/portfolio,us-east-1,183,81,89,29,10926.16,ERR-103,Low,Failure,7,33,1,CUST-112349,DEV-WIN-84725,2.1555
2026-10-07T19:11:03,ledger-service,/balance_check,ap-southeast-1,26,16,42,4,0,ERR-000,Normal,Success,14,12,0,CUST-112349,DEV-LIN-11235,2.9
2026-10-07T19:11:13,ledger-service,/balance_check,us-west-2,16,6,12,1,0,ERR-000,Healthy,Success,10,0,0,CUST-134098,DEV-LIN-11235,1.1333
2026-10-07T19:11:23,auth-service,/login,us-west-2,47,18,46,5,0,ERR-310,Low,Failure,9,33,1,CUST-123456,DEV-WIN-84725,2.5225
2026-10-07T19:11:23,ledger-service,/balance_check,us-east-1,17,7,25,2,0,ERR-000,Healthy,Success,2,2,0,CUST-123456,DEV-MAC-0149A5,1.6167
2026-10-07T19:11:33,fraud-detection,/payment,us-west-2,150,85,92,10,0,ERR-310,Low,Failure,11,24,1,CUST-109482,DEV-LIN-11235,2.3023
2026-10-07T19:11:33,ledger-service,/balance_check,us-east-1,28,19,50,4,0,ERR-905,Low,Failure,17,34,1,CUST-109482,DEV-MAC-0149A5,3.2
2026-10-07T19:11:53,ledger-service,/balance_check,us-east-1,31,20,60,6,0,ERR-903,High,Failure,13,82,1,CUST-100483,DEV-LIN-11235,3.9
2026-10-07T19:12:03,payment-api,/transfer,us-west-2,149,78,59,13,2247.99,ERR-301,Low,Failure,13,40,1,CUST-134098,DEV-MAC-75825,2.4077
2026-10-07T19:12:03,trading-engine,/trade,us-east-1,55,4,16,1,8116.52,ERR-000,Healthy,Success,9,4,0,CUST-109482,DEV-MAC-75825,4.2112
2026-10-07T19:12:03,investment-engine,/portfolio,us-west-2,191,84,85,27,7454.76,ERR-905,Low,Failure,8,36,1,CUST-112349,DEV-LIN-11235,2.1227
2026-10-07T19:12:13,ledger-service,/balance_check,us-west-2,28,19,48,4,0,ERR-206,Low,Failure,10,28,1,CUST-109482,DEV-LIN-11235,3.1667
2026-10-07T19:12:13,auth-service,/login,us-west-2,1,13,19,3,0,ERR-000,Healthy,Success,20,3,0,CUST-100483,DEV-WIN-84725,1.11
2026-10-07T19:12:13,payment-api,/withdrawal,eu-west-1,159,75,59,13,1189.15,ERR-103,Low,Failure,11,24,1,CUST-112349,DEV-MAC-0149A5,2.4227
2026-10-07T19:12:23,payment-api,/withdrawal,us-west-2,160,96,67,17,8029.94,ERR-903,High,Failure,19,87,1,CUST-112349,DEV-LIN-11235,2.9083
2026-10-07T19:12:23,ledger-service,/balance_check,us-east-1,28,18,50,4,0,ERR-108,Low,Failure,13,26,1,CUST-112349,DEV-WIN-84725,3.1667
2026-10-07T19:12:23,auth-service,/login,eu-west-1,52,21,50,5,0,ERR-902,Medium,Failure,20,70,1,CUST-109482,DEV-WIN-84725,2.695
2026-10-07T19:12:33,trading-engine,/trade,us-west-2,144,78,58,2,1294.85,ERR-301,Low,Failure,13,22,1,CUST-109482,DEV-MAC-75825,10.9733
2026-10-07T19:12:33,fraud-detection,/payment,us-west-2,99,41,23,4,0,ERR-000,Healthy,Success,13,2,0,CUST-123456,DEV-MAC-75825,1.185
2026-10-07T19:12:33,payment-api,/transfer,us-west-2,145,73,58,13,6084.44,ERR-110,Low,Failure,17,40,1,CUST-100483,DEV-MAC-75825,2.345
2026-10-07T19:12:43,fraud-detection,/payment,eu-west-1,147,85,97,10,0,ERR-904,Low,Failure,6,38,1,CUST-123456,DEV-WIN-99325,2.2872
2026-10-07T19:12:43,trading-engine,/trade,us-east-1,141,76,56,2,7316.28,ERR-109,Low,Failure,10,27,1,CUST-112349,DEV-MAC-75825,10.7627
2026-10-07T19:12:43,auth-service,/login,us-east-1,50,18,50,5,0,ERR-703,Low,Failure,6,30,1,CUST-134098,DEV-WIN-99325,2.61
2026-10-07T19:12:53,payment-api,/transfer,ap-southeast-1,161,83,72,18,521.4,ERR-903,High,Failure,14,90,1,CUST-109482,DEV-LIN-11235,2.8957
2026-10-07T19:12:53,trading-engine,/trade,eu-west-1,140,75,60,2,9318.38,ERR-203,Low,Failure,6,21,1,CUST-100483,DEV-WIN-84725,10.7005
2026-10-07T19:13:03,trading-engine,/trade,eu-west-1,145,76,56,2,4105.63,ERR-306,Low,Failure,10,38,1,CUST-109482,DEV-WIN-84725,11.0294
2026-10-07T19:13:03,ledger-service,/balance_check,eu-west-1,35,20,55,6,0,ERR-705,High,Failure,8,80,1,CUST-134098,DEV-MAC-75825,3.95
2026-10-07T19:13:03,auth-service,/login,us-east-1,50,20,47,4,0,ERR-703,Low,Failure,7,32,1,CUST-134098,DEV-WIN-84725,2.4125
2026-10-07T19:13:23,ledger-service,/balance_check,us-east-1,28,19,45,5,0,ERR-107,Low,Failure,4,28,1,CUST-123456,DEV-MAC-0149A5,3.3167
2026-10-07T19:13:33,trading-engine,/trade,ap-southeast-1,41,33,10,1,5138.64,ERR-000,Healthy,Success,18,2,0,CUST-109482,DEV-LIN-11235,3.3629
2026-10-07T19:13:33,ledger-service,/balance_check,eu-west-1,31,20,56,5,0,ERR-302,High,Failure,19,85,1,CUST-112349,DEV-WIN-99325,3.6333
2026-10-07T19:13:43,fraud-detection,/payment,us-east-1,136,90,100,9,0,ERR-106,Low,Failure,19,38,1,CUST-123456,DEV-WIN-99325,2.1293
2026-10-07T19:13:43,ledger-service,/balance_check,ap-southeast-1,25,18,41,4,0,ERR-703,Low,Failure,11,37,1,CUST-109482,DEV-MAC-75825,2.9167
2026-10-07T19:13:43,payment-api,/transfer,us-west-2,159,75,55,15,2426.02,ERR-301,Low,Failure,2,28,1,CUST-112349,DEV-WIN-99325,2.536
2026-10-07T19:13:53,ledger-service,/balance_check,ap-southeast-1,29,20,48,4,0,ERR-309,Low,Failure,17,20,1,CUST-134098,DEV-LIN-11235,3.2333
2026-10-07T19:14:03,fraud-detection,/payment,us-west-2,142,88,95,9,0,ERR-303,Low,Failure,18,34,1,CUST-134098,DEV-MAC-75825,2.1594
2026-10-07T19:14:13,ledger-service,/balance_check,ap-southeast-1,29,18,49,5,0,ERR-106,Low,Failure,4,30,1,CUST-123456,DEV-WIN-84725,3.3833
2026-10-07T19:14:23,payment-api,/transfer,us-west-2,149,72,52,13,9446.81,ERR-108,Low,Failure,19,23,1,CUST-100483,DEV-MAC-0149A5,2.3227
2026-10-07T19:14:23,fraud-detection,/payment,ap-southeast-1,176,100,100,12,0,ERR-204,High,Failure,17,85,1,CUST-100483,DEV-LIN-11235,2.721
2026-10-07T19:14:33,trading-engine,/trade,us-west-2,148,73,59,2,1978.04,ERR-905,Low,Failure,4,26,1,CUST-109482,DEV-WIN-99325,11.2252
2026-10-07T19:14:53,ledger-service,/balance_check,eu-west-1,30,16,49,5,0,ERR-306,Low,Failure,16,34,1,CUST-112349,DEV-WIN-99325,3.35
2026-10-07T19:14:53,trading-engine,/trade,us-west-2,148,79,53,1,8156.55,ERR-201,Low,Failure,20,39,1,CUST-109482,DEV-LIN-11235,10.7335
2026-10-07T19:15:03,ledger-service,/balance_check,us-west-2,30,18,48,5,0,ERR-105,Low,Failure,18,35,1,CUST-112349,DEV-LIN-11235,3.4
2026-10-07T19:15:23,payment-api,/withdrawal,us-east-1,191,83,72,18,5378.18,ERR-903,High,Failure,2,90,1,CUST-109482,DEV-WIN-99325,3.0157
2026-10-07T19:15:23,fraud-detection,/payment,ap-southeast-1,138,87,95,10,0,ERR-110,Low,Failure,16,26,1,CUST-109482,DEV-MAC-0149A5,2.2303
2026-10-07T19:15:33,ledger-service,/balance_check,eu-west-1,26,19,47,5,0,ERR-309,Low,Failure,17,24,1,CUST-112349,DEV-LIN-11235,3.2833
2026-10-07T19:15:33,auth-service,/login,us-east-1,16,10,8,1,0,ERR-000,Healthy,Success,15,5,0,CUST-100483,DEV-MAC-0149A5,0.7
2026-10-07T19:15:43,investment-engine,/portfolio,us-east-1,38,37,12,1,9814.53,ERR-000,Healthy,Success,3,3,0,CUST-134098,DEV-WIN-99325,0.3684
2026-10-07T19:15:43,payment-api,/transfer,ap-southeast-1,53,33,17,5,266.86,ERR-000,Healthy,Success,1,4,0,CUST-109482,DEV-MAC-75825,0.9053
2026-10-07T19:15:43,ledger-service,/balance_check,eu-west-1,28,19,50,4,0,ERR-205,Low,Failure,4,38,1,CUST-112349,DEV-MAC-0149A5,3.2
2026-10-07T19:15:53,ledger-service,/balance_check,eu-west-1,28,20,45,4,0,ERR-903,Low,Failure,16,37,1,CUST-112349,DEV-MAC-75825,3.15
2026-10-07T19:16:03,payment-api,/transfer,eu-west-1,155,72,57,15,2070.58,ERR-103,Low,Failure,11,30,1,CUST-112349,DEV-LIN-11235,2.505
2026-10-07T19:16:03,ledger-service,/balance_check,ap-southeast-1,11,5,25,1,0,ERR-000,Healthy,Success,8,4,0,CUST-123456,DEV-WIN-84725,1.15
2026-10-07T19:16:13,trading-engine,/trade,us-west-2,143,73,55,1,1679.22,ERR-109,Low,Failure,2,32,1,CUST-109482,DEV-LIN-11235,10.3841
2026-10-07T19:16:23,ledger-service,/balance_check,us-west-2,27,18,48,4,0,ERR-105,Low,Failure,8,24,1,CUST-134098,DEV-LIN-11235,3.1
2026-10-07T19:16:33,investment-engine,/portfolio,eu-west-1,199,81,88,29,13472.93,ERR-106,Low,Failure,1,33,1,CUST-100483,DEV-MAC-0149A5,2.2069
2026-10-07T19:16:33,ledger-service,/balance_check,us-west-2,28,18,47,5,0,ERR-209,Low,Failure,19,34,1,CUST-109482,DEV-LIN-11235,3.3167
2026-10-07T19:16:43,trading-engine,/trade,ap-southeast-1,173,91,67,2,2105.67,ERR-903,High,Failure,16,88,1,CUST-100483,DEV-MAC-0149A5,12.9675
2026-10-07T19:16:43,payment-api,/transfer,eu-west-1,159,75,55,15,9111.75,ERR-104,Low,Failure,20,32,1,CUST-112349,DEV-WIN-84725,2.536
2026-10-07T19:16:43,ledger-service,/balance_check,us-east-1,28,18,49,5,0,ERR-205,Low,Failure,4,26,1,CUST-100483,DEV-LIN-11235,3.35
2026-10-07T19:16:53,ledger-service,/balance_check,ap-southeast-1,30,18,48,4,0,ERR-302,Low,Failure,10,22,1,CUST-109482,DEV-WIN-99325,3.2
2026-10-07T19:17:23,payment-api,/transfer,us-east-1,159,73,53,13,5441.75,ERR-107,Low,Failure,4,24,1,CUST-112349,DEV-WIN-84725,2.376
2026-10-07T19:17:23,fraud-detection,/payment,us-west-2,147,81,96,10,0,ERR-206,Low,Failure,4,39,1,CUST-109482,DEV-WIN-99325,2.2762
2026-10-07T19:17:33,fraud-detection,/payment,eu-west-1,85,40,62,3,0,ERR-000,Healthy,Success,12,5,0,CUST-112349,DEV-LIN-11235,1.0272
2026-10-07T19:17:43,ledger-service,/balance_check,us-east-1,28,19,49,4,0,ERR-204,Low,Failure,4,22,1,CUST-123456,DEV-WIN-99325,3.1833
2026-10-07T19:17:43,payment-api,/withdrawal,us-west-2,172,90,70,16,2141.89,ERR-903,High,Failure,4,89,1,CUST-123456,DEV-MAC-0149A5,2.8547
2026-10-07T19:17:53,fraud-detection,/payment,ap-southeast-1,147,84,98,9,0,ERR-107,Low,Failure,6,31,1,CUST-112349,DEV-MAC-0149A5,2.1857
2026-10-07T19:17:53,investment-engine,/portfolio,ap-southeast-1,176,86,80,29,8632.04,ERR-110,Low,Failure,14,34,1,CUST-109482,DEV-WIN-99325,2.1396
2026-10-07T19:18:13,ledger-service,/balance_check,eu-west-1,27,20,45,5,0,ERR-702,Low,Failure,4,35,1,CUST-112349,DEV-LIN-11235,3.3167
2026-10-07T19:18:13,fraud-detection,/payment,eu-west-1,146,83,92,9,0,ERR-904,Low,Failure,18,35,1,CUST-134098,DEV-MAC-0149A5,2.1707
2026-10-07T19:18:23,fraud-detection,/payment,us-west-2,207,100,100,14,0,ERR-904,Critical,Failure,13,98,1,CUST-134098,DEV-WIN-99325,3.1277
2026-10-07T19:18:33,fraud-detection,/payment,us-east-1,140,89,94,10,0,ERR-301,Low,Failure,7,23,1,CUST-109482,DEV-MAC-0149A5,2.2476
2026-10-07T19:18:33,ledger-service,/balance_check,ap-southeast-1,34,24,55,5,0,ERR-903,High,Failure,12,80,1,CUST-134098,DEV-WIN-99325,3.85
2026-10-07T19:18:43,investment-engine,/portfolio,us-east-1,221,100,100,32,8291.44,ERR-903,High,Failure,2,84,1,CUST-100483,DEV-LIN-11235,2.4986
2026-10-07T19:18:43,payment-api,/transfer,ap-southeast-1,32,4,25,10,8133.75,ERR-000,Healthy,Success,1,3,0,CUST-123456,DEV-LIN-11235,0.953
2026-10-07T19:18:43,ledger-service,/balance_check,us-east-1,28,19,47,4,0,ERR-905,Low,Failure,11,31,1,CUST-134098,DEV-WIN-84725,3.15
2026-10-07T19:18:53,payment-api,/transfer,eu-west-1,151,68,52,15,789.27,ERR-106,Low,Failure,16,40,1,CUST-134098,DEV-MAC-75825,2.4307
2026-10-07T19:19:03,ledger-service,/balance_check,us-east-1,27,18,50,4,0,ERR-206,Low,Failure,2,36,1,CUST-109482,DEV-MAC-75825,3.1333
2026-10-07T19:19:03,trading-engine,/trade,us-west-2,53,6,41,1,4702.49,ERR-000,Healthy,Success,11,3,0,CUST-123456,DEV-MAC-0149A5,4.1334
2026-10-07T19:19:03,investment-engine,/portfolio,us-west-2,212,97,92,30,10542.11,ERR-903,High,Failure,16,87,1,CUST-123456,DEV-LIN-11235,2.3714
2026-10-07T19:19:13,fraud-detection,/payment,us-east-1,179,100,100,10,0,ERR-210,High,Failure,20,80,1,CUST-109482,DEV-WIN-84725,2.541
2026-10-07T19:19:13,ledger-service,/balance_check,us-east-1,30,17,50,5,0,ERR-305,Low,Failure,6,38,1,CUST-123456,DEV-WIN-99325,3.4
2026-10-07T19:19:33,trading-engine,/trade,eu-west-1,68,37,24,1,6148.68,ERR-000,Healthy,Success,6,2,0,CUST-109482,DEV-WIN-84725,5.2035
2026-10-07T19:19:43,investment-engine,/portfolio,us-east-1,199,90,81,30,8199.53,ERR-110,Low,Failure,4,25,1,CUST-134098,DEV-WIN-99325,2.2715
2026-10-07T19:19:43,ledger-service,/balance_check,us-west-2,35,21,52,6,0,ERR-903,High,Failure,11,88,1,CUST-123456,DEV-MAC-0149A5,3.9333
2026-10-07T19:19:43,auth-service,/login,eu-west-1,46,20,50,5,0,ERR-905,Low,Failure,15,23,1,CUST-112349,DEV-WIN-84725,2.6
2026-10-07T19:19:43,trading-engine,/trade,ap-southeast-1,147,74,57,2,2706.68,ERR-303,Low,Failure,12,38,1,CUST-123456,DEV-WIN-99325,11.158
2026-10-07T19:19:53,fraud-detection,/payment,us-west-2,140,90,95,10,0,ERR-102,Low,Failure,13,20,1,CUST-112349,DEV-WIN-99325,2.2511
2026-10-07T19:20:03,ledger-service,/balance_check,eu-west-1,27,19,46,5,0,ERR-108,Low,Failure,8,28,1,CUST-100483,DEV-LIN-11235,3.3
2026-10-07T19:20:03,auth-service,/login,eu-west-1,47,19,50,5,0,ERR-208,Low,Failure,4,27,1,CUST-134098,DEV-MAC-0149A5,2.5925
2026-10-07T19:20:13,fraud-detection,/payment,ap-southeast-1,91,15,23,5,0,ERR-000,Healthy,Success,8,1,0,CUST-134098,DEV-WIN-99325,1.1666
2026-10-07T19:20:23,trading-engine,/trade,us-east-1,144,75,59,1,6719.46,ERR-308,Low,Failure,9,30,1,CUST-100483,DEV-WIN-84725,10.4652
2026-10-07T19:20:33,ledger-service,/balance_check,us-west-2,1,7,24,3,0,ERR-000,Healthy,Success,18,4,0,CUST-100483,DEV-MAC-75825,1.2667
2026-10-07T19:20:43,ledger-service,/balance_check,us-east-1,25,17,41,4,0,ERR-000,Normal,Success,10,8,0,CUST-134098,DEV-MAC-75825,2.8833
2026-10-07T19:20:43,auth-service,/login,ap-southeast-1,42,17,42,4,0,ERR-000,Normal,Success,11,8,0,CUST-134098,DEV-WIN-84725,2.19
2026-10-07T19:20:53,payment-api,/transfer,us-east-1,159,72,52,15,6180.04,ERR-703,Low,Failure,18,24,1,CUST-109482,DEV-MAC-75825,2.496
2026-10-07T19:20:53,ledger-service,/balance_check,us-west-2,30,20,50,5,0,ERR-303,Low,Failure,14,35,1,CUST-123456,DEV-WIN-99325,3.5
2026-10-07T19:21:03,ledger-service,/balance_check,us-east-1,16,1,7,3,0,ERR-000,Healthy,Success,17,0,0,CUST-100483,DEV-WIN-84725,1.2833
2026-10-07T19:21:03,auth-service,/login,ap-southeast-1,12,11,34,3,0,ERR-000,Healthy,Success,15,3,0,CUST-134098,DEV-WIN-99325,1.395
2026-10-07T19:21:13,trading-engine,/trade,eu-west-1,147,79,54,2,742.7,ERR-902,Low,Failure,8,35,1,CUST-123456,DEV-MAC-75825,11.1688
2026-10-07T19:21:23,auth-service,/login,us-east-1,52,20,50,5,0,ERR-702,Medium,Failure,17,67,1,CUST-123456,DEV-MAC-0149A5,2.675
2026-10-07T19:21:33,investment-engine,/portfolio,us-west-2,257,100,100,42,10533.01,ERR-903,Critical,Failure,16,96,1,CUST-109482,DEV-MAC-75825,2.952
2026-10-07T19:21:33,ledger-service,/balance_check,us-west-2,11,6,6,3,0,ERR-000,Healthy,Success,6,2,0,CUST-123456,DEV-MAC-0149A5,1.2667
2026-10-07T19:21:33,payment-api,/transfer,us-west-2,201,100,78,19,3829.74,ERR-901,Critical,Failure,12,95,1,CUST-100483,DEV-MAC-75825,3.294
2026-10-07T19:21:43,payment-api,/transfer,us-east-1,36,52,26,3,4238.85,ERR-000,Healthy,Success,2,1,0,CUST-112349,DEV-LIN-11235,0.9073
2026-10-07T19:21:43,ledger-service,/balance_check,ap-southeast-1,25,17,42,5,0,ERR-207,Low,Failure,12,37,1,CUST-123456,DEV-LIN-11235,3.1
2026-10-07T19:21:53,ledger-service,/balance_check,us-west-2,30,20,46,5,0,ERR-206,Low,Failure,20,30,1,CUST-109482,DEV-WIN-99325,3.4333
2026-10-07T19:22:03,fraud-detection,/payment,eu-west-1,154,100,100,12,0,ERR-210,High,Failure,11,90,1,CUST-123456,DEV-MAC-0149A5,2.5743
2026-10-07T19:22:13,ledger-service,/balance_check,us-east-1,26,20,49,4,0,ERR-904,Low,Failure,11,28,1,CUST-134098,DEV-WIN-84725,3.15
2026-10-07T19:22:23,investment-engine,/portfolio,us-east-1,195,81,87,28,9364.73,ERR-902,Low,Failure,3,31,1,CUST-100483,DEV-MAC-75825,2.1583
2026-10-07T19:22:23,trading-engine,/trade,eu-west-1,149,79,56,2,5935.37,ERR-110,Low,Failure,11,27,1,CUST-100483,DEV-MAC-0149A5,11.306
2026-10-07T19:22:33,trading-engine,/trade,us-east-1,13,21,32,1,3491.91,ERR-000,Healthy,Success,10,4,0,CUST-134098,DEV-WIN-99325,1.4992
2026-10-07T19:22:33,payment-api,/transfer,ap-southeast-1,170,82,66,18,7477.2,ERR-903,High,Failure,4,83,1,CUST-112349,DEV-MAC-75825,2.8933
2026-10-07T19:22:43,auth-service,/login,ap-southeast-1,51,21,50,5,0,ERR-701,Medium,Failure,18,80,1,CUST-123456,DEV-LIN-11235,2.6825
2026-10-07T19:22:53,trading-engine,/trade,eu-west-1,173,88,66,2,7079.75,ERR-903,High,Failure,16,80,1,CUST-134098,DEV-MAC-0149A5,12.9556
2026-10-07T19:22:53,payment-api,/withdrawal,us-west-2,131,69,48,12,3779.1,ERR-000,Normal,Success,16,5,0,CUST-109482,DEV-MAC-0149A5,2.139
2026-10-07T19:22:53,ledger-service,/balance_check,eu-west-1,29,18,49,5,0,ERR-110,Low,Failure,4,25,1,CUST-100483,DEV-MAC-0149A5,3.3833
2026-10-07T19:23:03,ledger-service,/balance_check,eu-west-1,33,21,54,6,0,ERR-903,High,Failure,15,89,1,CUST-109482,DEV-LIN-11235,3.9
2026-10-07T19:23:03,fraud-detection,/payment,eu-west-1,144,89,99,10,0,ERR-905,Low,Failure,14,36,1,CUST-123456,DEV-WIN-99325,2.2792
2026-10-07T19:23:13,ledger-service,/balance_check,ap-southeast-1,30,20,47,4,0,ERR-903,Low,Failure,8,32,1,CUST-123456,DEV-MAC-75825,3.25
2026-10-07T19:23:23,investment-engine,/portfolio,eu-west-1,222,100,94,35,13500.64,ERR-903,High,Failure,12,86,1,CUST-109482,DEV-WIN-84725,2.5903
2026-10-07T19:23:23,ledger-service,/balance_check,ap-southeast-1,30,18,49,4,0,ERR-103,Low,Failure,9,29,1,CUST-112349,DEV-MAC-75825,3.2167
2026-10-07T19:23:23,payment-api,/transfer,ap-southeast-1,184,93,72,16,3719.68,ERR-903,High,Failure,8,81,1,CUST-134098,DEV-WIN-99325,2.9377
2026-10-07T19:23:23,trading-engine,/trade,us-east-1,144,78,57,2,5422.7,ERR-206,Low,Failure,5,34,1,CUST-134098,DEV-WIN-84725,10.9713
2026-10-07T19:23:33,payment-api,/transfer,eu-west-1,5,21,28,5,113.24,ERR-000,Healthy,Success,12,3,0,CUST-109482,DEV-WIN-99325,0.6683
2026-10-07T19:23:43,trading-engine,/trade,ap-southeast-1,143,75,60,2,3071.16,ERR-202,Low,Failure,10,39,1,CUST-112349,DEV-LIN-11235,10.9005
2026-10-07T19:23:53,ledger-service,/balance_check,ap-southeast-1,29,19,49,4,0,ERR-905,Low,Failure,1,26,1,CUST-100483,DEV-MAC-75825,3.2167
2026-10-07T19:23:53,trading-engine,/trade,ap-southeast-1,139,80,51,2,486.67,ERR-101,Low,Failure,5,32,1,CUST-134098,DEV-MAC-75825,10.6329
2026-10-07T19:24:03,auth-service,/login,eu-west-1,47,19,47,5,0,ERR-109,Low,Failure,19,24,1,CUST-123456,DEV-MAC-0149A5,2.555
2026-10-07T19:24:03,ledger-service,/balance_check,us-west-2,29,20,49,5,0,ERR-101,Low,Failure,17,39,1,CUST-134098,DEV-WIN-99325,3.45
2026-10-07T19:24:13,ledger-service,/balance_check,us-east-1,34,20,52,6,0,ERR-308,High,Failure,15,90,1,CUST-109482,DEV-WIN-84725,3.8667
2026-10-07T19:24:13,trading-engine,/trade,us-west-2,145,80,58,1,4332.59,ERR-308,Low,Failure,5,40,1,CUST-112349,DEV-WIN-84725,10.5466
2026-10-07T19:24:23,ledger-service,/balance_check,eu-west-1,33,23,50,5,0,ERR-301,High,Failure,1,89,1,CUST-100483,DEV-WIN-99325,3.7
2026-10-07T19:24:23,fraud-detection,/payment,eu-west-1,127,82,91,8,0,ERR-106,Low,Failure,17,40,1,CUST-123456,DEV-MAC-0149A5,1.9405
2026-10-07T19:24:33,auth-service,/login,us-east-1,48,18,46,5,0,ERR-306,Low,Failure,8,28,1,CUST-109482,DEV-WIN-99325,2.535
2026-10-07T19:24:33,payment-api,/withdrawal,us-west-2,154,72,55,14,5719.91,ERR-202,Low,Failure,9,33,1,CUST-100483,DEV-MAC-0149A5,2.4243
2026-10-07T19:24:43,ledger-service,/balance_check,us-east-1,27,19,47,5,0,ERR-901,Low,Failure,17,40,1,CUST-100483,DEV-MAC-0149A5,3.3167
2026-10-07T19:24:43,auth-service,/login,us-west-2,51,21,50,5,0,ERR-207,Medium,Failure,5,79,1,CUST-134098,DEV-WIN-99325,2.6825
2026-10-07T19:24:53,trading-engine,/trade,eu-west-1,15,23,21,1,7831.85,ERR-000,Healthy,Success,8,1,0,CUST-112349,DEV-WIN-99325,1.6177
2026-10-07T19:24:53,ledger-service,/balance_check,us-west-2,13,14,24,3,0,ERR-000,Healthy,Success,20,2,0,CUST-100483,DEV-MAC-75825,1.9
2026-10-07T19:25:03,ledger-service,/balance_check,eu-west-1,2,12,19,3,0,ERR-000,Healthy,Success,1,3,0,CUST-109482,DEV-WIN-84725,1.3833
2026-10-07T19:25:03,payment-api,/withdrawal,ap-southeast-1,38,46,29,10,3626.26,ERR-000,Healthy,Success,13,0,0,CUST-112349,DEV-MAC-75825,1.347
2026-10-07T19:25:13,ledger-service,/balance_check,ap-southeast-1,3,9,8,3,0,ERR-000,Healthy,Success,19,3,0,CUST-112349,DEV-WIN-84725,1.1333
2026-10-07T19:25:13,trading-engine,/trade,us-west-2,142,67,55,1,2186.89,ERR-209,Low,Failure,19,24,1,CUST-112349,DEV-LIN-11235,10.2974
2026-10-07T19:25:13,investment-engine,/portfolio,eu-west-1,167,80,90,27,9066.84,ERR-309,Low,Failure,13,40,1,CUST-134098,DEV-WIN-84725,2.0324
2026-10-07T19:25:23,fraud-detection,/payment,us-west-2,150,75,95,8,0,ERR-102,Low,Failure,6,23,1,CUST-100483,DEV-WIN-84725,2.0803
2026-10-07T19:25:23,ledger-service,/balance_check,eu-west-1,36,21,51,6,0,ERR-903,High,Failure,12,88,1,CUST-112349,DEV-MAC-0149A5,3.95
2026-10-07T19:25:23,trading-engine,/trade,ap-southeast-1,157,92,64,2,7923.37,ERR-903,High,Failure,18,87,1,CUST-112349,DEV-LIN-11235,11.8983
2026-10-07T19:25:43,payment-api,/transfer,eu-west-1,152,79,55,13,9869.25,ERR-902,Low,Failure,17,25,1,CUST-123456,DEV-MAC-0149A5,2.408
2026-10-07T19:25:43,ledger-service,/balance_check,ap-southeast-1,30,23,60,6,0,ERR-903,High,Failure,10,85,1,CUST-112349,DEV-MAC-75825,3.9667
2026-10-07T19:25:53,ledger-service,/balance_check,us-west-2,34,20,54,6,0,ERR-202,High,Failure,2,84,1,CUST-112349,DEV-LIN-11235,3.9
2026-10-07T19:25:53,payment-api,/withdrawal,ap-southeast-1,129,79,58,13,774.14,ERR-210,Low,Failure,10,40,1,CUST-112349,DEV-MAC-75825,2.331
2026-10-07T19:25:53,fraud-detection,/payment,us-east-1,141,83,90,10,0,ERR-106,Low,Failure,2,39,1,CUST-100483,DEV-MAC-0149A5,2.2354
2026-10-07T19:26:03,ledger-service,/balance_check,us-east-1,26,18,43,4,0,ERR-107,Low,Failure,20,26,1,CUST-123456,DEV-LIN-11235,2.9833
2026-10-07T19:26:13,investment-engine,/portfolio,eu-west-1,20,34,33,6,10008.98,ERR-000,Healthy,Success,19,4,0,CUST-100483,DEV-LIN-11235,0.5011
2026-10-07T19:26:13,ledger-service,/balance_check,us-east-1,30,19,46,5,0,ERR-903,Low,Failure,19,20,1,CUST-134098,DEV-MAC-75825,3.4
2026-10-07T19:26:23,ledger-service,/balance_check,us-east-1,29,18,48,5,0,ERR-905,Low,Failure,10,20,1,CUST-100483,DEV-MAC-75825,3.3667
2026-10-07T19:26:23,payment-api,/transfer,us-west-2,180,87,65,17,955.93,ERR-903,High,Failure,14,82,1,CUST-112349,DEV-WIN-99325,2.9033
2026-10-07T19:26:33,ledger-service,/balance_check,eu-west-1,28,19,47,4,0,ERR-305,Low,Failure,18,31,1,CUST-112349,DEV-WIN-84725,3.15
2026-10-07T19:26:33,fraud-detection,/payment,us-east-1,137,84,96,10,0,ERR-207,Low,Failure,1,32,1,CUST-109482,DEV-LIN-11235,2.2171
2026-10-07T19:26:43,auth-service,/login,us-west-2,52,21,50,5,0,ERR-310,Medium,Failure,14,78,1,CUST-123456,DEV-MAC-75825,2.695
2026-10-07T19:26:53,fraud-detection,/payment,us-west-2,163,98,100,12,0,ERR-308,High,Failure,9,89,1,CUST-100483,DEV-MAC-0149A5,2.6293
2026-10-07T19:26:53,ledger-service,/balance_check,us-west-2,32,22,60,5,0,ERR-903,High,Failure,8,88,1,CUST-123456,DEV-MAC-0149A5,3.8
2026-10-07T19:27:03,trading-engine,/trade,eu-west-1,147,73,59,1,2401.53,ERR-702,Low,Failure,19,29,1,CUST-109482,DEV-WIN-84725,10.6586
2026-10-07T19:27:03,payment-api,/withdrawal,eu-west-1,151,80,57,14,170.62,ERR-208,Low,Failure,5,31,1,CUST-100483,DEV-WIN-84725,2.489
2026-10-07T19:27:23,investment-engine,/portfolio,us-west-2,237,100,99,32,9766.56,ERR-903,High,Failure,11,85,1,CUST-100483,DEV-WIN-84725,2.55
2026-10-07T19:27:23,auth-service,/login,us-west-2,50,18,46,5,0,ERR-104,Low,Failure,19,34,1,CUST-123456,DEV-LIN-11235,2.56
2026-10-07T19:27:33,payment-api,/withdrawal,us-east-1,146,75,54,14,5481.38,ERR-307,Low,Failure,11,40,1,CUST-100483,DEV-MAC-75825,2.4123
2026-10-07T19:27:33,investment-engine,/portfolio,ap-southeast-1,229,100,100,30,14466.6,ERR-903,High,Failure,18,80,1,CUST-112349,DEV-MAC-75825,2.4586
2026-10-07T19:27:33,ledger-service,/balance_check,us-west-2,29,19,49,5,0,ERR-102,Low,Failure,20,25,1,CUST-100483,DEV-MAC-75825,3.4167
2026-10-07T19:27:53,ledger-service,/balance_check,us-east-1,26,17,45,4,0,ERR-701,Low,Failure,1,21,1,CUST-109482,DEV-LIN-11235,2.9833
2026-10-07T19:27:53,trading-engine,/trade,eu-west-1,152,87,65,2,7795.98,ERR-903,High,Failure,3,82,1,CUST-112349,DEV-WIN-99325,11.5503
2026-10-07T19:27:53,fraud-detection,/payment,eu-west-1,74,46,41,1,0,ERR-000,Healthy,Success,18,0,0,CUST-134098,DEV-MAC-75825,0.7484
2026-10-07T19:28:03,payment-api,/withdrawal,us-east-1,182,91,67,15,2645.14,ERR-903,High,Failure,7,84,1,CUST-112349,DEV-WIN-99325,2.8213
2026-10-07T19:28:13,investment-engine,/portfolio,eu-west-1,196,81,82,29,7309.94,ERR-702,Low,Failure,5,38,1,CUST-112349,DEV-WIN-84725,2.1852
2026-10-07T19:28:23,auth-service,/login,us-west-2,52,21,50,5,0,ERR-107,Medium,Failure,2,74,1,CUST-112349,DEV-MAC-75825,2.695
2026-10-07T19:28:23,ledger-service,/balance_check,us-east-1,1,5,23,2,0,ERR-000,Healthy,Success,12,0,0,CUST-123456,DEV-MAC-75825,0.9833
2026-10-07T19:28:33,fraud-detection,/payment,eu-west-1,141,85,94,10,0,ERR-703,Low,Failure,15,33,1,CUST-123456,DEV-LIN-11235,2.2443
2026-10-07T19:28:33,ledger-service,/balance_check,us-west-2,25,17,50,5,0,ERR-201,Low,Failure,12,24,1,CUST-134098,DEV-WIN-99325,3.2333
2026-10-07T19:28:43,fraud-detection,/payment,us-west-2,149,84,98,9,0,ERR-305,Low,Failure,13,38,1,CUST-109482,DEV-LIN-11235,2.199
2026-10-07T19:28:53,ledger-service,/balance_check,eu-west-1,29,20,47,5,0,ERR-903,Low,Failure,3,24,1,CUST-134098,DEV-WIN-84725,3.4167
2026-10-07T19:28:53,payment-api,/withdrawal,us-west-2,149,73,60,15,6843,ERR-204,Low,Failure,3,36,1,CUST-134098,DEV-MAC-75825,2.5043
2026-10-07T19:29:03,ledger-service,/balance_check,ap-southeast-1,32,24,60,6,0,ERR-903,High,Failure,6,89,1,CUST-100483,DEV-MAC-0149A5,4.0667
2026-10-07T19:29:13,ledger-service,/balance_check,ap-southeast-1,30,19,46,5,0,ERR-905,Low,Failure,11,35,1,CUST-123456,DEV-LIN-11235,3.4
2026-10-07T19:29:13,auth-service,/login,us-west-2,50,21,50,5,0,ERR-104,Medium,Failure,14,68,1,CUST-112349,DEV-WIN-84725,2.67
2026-10-07T19:29:13,trading-engine,/trade,eu-west-1,138,79,58,2,960.32,ERR-202,Low,Failure,4,37,1,CUST-123456,DEV-MAC-0149A5,10.5766
2026-10-07T19:29:23,ledger-service,/balance_check,ap-southeast-1,30,20,48,5,0,ERR-203,Low,Failure,4,28,1,CUST-100483,DEV-MAC-75825,3.4667
2026-10-07T19:29:33,ledger-service,/balance_check,ap-southeast-1,30,22,55,5,0,ERR-903,High,Failure,7,88,1,CUST-134098,DEV-MAC-0149A5,3.65
2026-10-07T19:29:43,payment-api,/withdrawal,us-east-1,86,1,41,3,1109.41,ERR-000,Healthy,Success,20,2,0,CUST-109482,DEV-LIN-11235,0.7573
2026-10-07T19:29:53,trading-engine,/trade,eu-west-1,137,76,60,1,7600.84,ERR-901,Low,Failure,10,20,1,CUST-109482,DEV-MAC-0149A5,10.0039
2026-10-07T19:30:03,ledger-service,/balance_check,us-east-1,28,20,50,4,0,ERR-110,Low,Failure,12,21,1,CUST-112349,DEV-MAC-75825,3.2333
2026-10-07T19:30:13,payment-api,/transfer,us-west-2,75,36,10,6,7187.98,ERR-000,Healthy,Success,14,2,0,CUST-109482,DEV-WIN-84725,1.05
2026-10-07T19:30:23,fraud-detection,/payment,eu-west-1,190,100,100,12,0,ERR-904,Critical,Failure,17,94,1,CUST-100483,DEV-MAC-0149A5,2.8143
2026-10-07T19:30:23,ledger-service,/balance_check,eu-west-1,27,18,42,4,0,ERR-207,Low,Failure,14,20,1,CUST-112349,DEV-WIN-99325,3
2026-10-07T19:30:33,fraud-detection,/payment,eu-west-1,150,83,97,9,0,ERR-904,Low,Failure,15,22,1,CUST-134098,DEV-WIN-84725,2.2022
2026-10-07T19:30:33,ledger-service,/balance_check,us-west-2,28,19,49,5,0,ERR-302,Low,Failure,17,35,1,CUST-109482,DEV-LIN-11235,3.3833
2026-10-07T19:30:53,payment-api,/withdrawal,ap-southeast-1,155,75,60,15,5766.82,ERR-305,Low,Failure,17,34,1,CUST-123456,DEV-WIN-99325,2.545
2026-10-07T19:31:03,auth-service,/login,ap-southeast-1,45,18,50,5,0,ERR-101,Low,Failure,12,38,1,CUST-112349,DEV-WIN-99325,2.5475
2026-10-07T19:31:03,ledger-service,/balance_check,us-east-1,35,24,57,5,0,ERR-903,High,Failure,7,89,1,CUST-134098,DEV-WIN-99325,3.9167
2026-10-07T19:31:13,ledger-service,/balance_check,eu-west-1,36,23,56,5,0,ERR-903,High,Failure,11,87,1,CUST-112349,DEV-WIN-84725,3.9
2026-10-07T19:31:23,ledger-service,/balance_check,ap-southeast-1,27,19,47,5,0,ERR-102,Low,Failure,10,29,1,CUST-100483,DEV-LIN-11235,3.3167
2026-10-07T19:31:33,investment-engine,/portfolio,us-east-1,198,89,85,28,8662.32,ERR-302,Low,Failure,13,20,1,CUST-123456,DEV-WIN-84725,2.2043
2026-10-07T19:31:43,fraud-detection,/payment,eu-west-1,42,5,43,5,0,ERR-000,Healthy,Success,9,2,0,CUST-112349,DEV-WIN-99325,0.8345
2026-10-07T19:31:43,ledger-service,/balance_check,eu-west-1,29,19,41,5,0,ERR-702,Low,Failure,12,38,1,CUST-123456,DEV-WIN-84725,3.2833
2026-10-07T19:31:43,auth-service,/login,ap-southeast-1,45,19,49,5,0,ERR-205,Low,Failure,7,26,1,CUST-123456,DEV-WIN-99325,2.555
2026-10-07T19:31:53,ledger-service,/balance_check,ap-southeast-1,28,20,47,4,0,ERR-704,Low,Failure,18,39,1,CUST-100483,DEV-LIN-11235,3.1833
2026-10-07T19:31:53,auth-service,/login,us-west-2,50,18,46,5,0,ERR-905,Low,Failure,1,25,1,CUST-109482,DEV-MAC-0149A5,2.56
2026-10-07T19:32:23,payment-api,/transfer,us-west-2,192,100,83,21,5683.47,ERR-901,Critical,Failure,6,93,1,CUST-123456,DEV-MAC-75825,3.4163
2026-10-07T19:32:33,auth-service,/login,us-west-2,50,19,47,4,0,ERR-703,Low,Failure,11,21,1,CUST-109482,DEV-LIN-11235,2.3925
2026-10-07T19:32:33,payment-api,/withdrawal,ap-southeast-1,170,85,72,18,8263.1,ERR-903,High,Failure,10,84,1,CUST-109482,DEV-LIN-11235,2.9483
2026-10-07T19:32:43,fraud-detection,/payment,us-west-2,138,81,98,9,0,ERR-306,Low,Failure,1,21,1,CUST-109482,DEV-LIN-11235,2.1182
2026-10-07T19:32:53,payment-api,/withdrawal,us-east-1,155,74,60,13,4830.81,ERR-304,Low,Failure,12,28,1,CUST-100483,DEV-LIN-11235,2.4033
2026-10-07T19:33:03,ledger-service,/balance_check,us-west-2,32,20,53,5,0,ERR-306,High,Failure,12,89,1,CUST-109482,DEV-MAC-0149A5,3.6167
2026-10-07T19:33:03,payment-api,/withdrawal,eu-west-1,49,19,25,1,1117.36,ERR-000,Healthy,Success,8,5,0,CUST-112349,DEV-WIN-84725,0.546
2026-10-07T19:33:13,ledger-service,/balance_check,us-west-2,36,24,56,6,0,ERR-903,High,Failure,19,89,1,CUST-112349,DEV-LIN-11235,4.1333
2026-10-07T19:33:23,investment-engine,/portfolio,us-east-1,167,76,72,27,12799.77,ERR-207,Low,Failure,7,27,1,CUST-134098,DEV-WIN-99325,1.9773
2026-10-07T19:33:33,fraud-detection,/payment,us-east-1,142,86,94,9,0,ERR-307,Low,Failure,20,32,1,CUST-109482,DEV-LIN-11235,2.1535
2026-10-07T19:33:33,ledger-service,/balance_check,us-east-1,28,19,48,5,0,ERR-207,Low,Failure,1,38,1,CUST-123456,DEV-WIN-84725,3.3667
2026-10-07T19:33:43,payment-api,/withdrawal,ap-southeast-1,154,74,54,14,1068.42,ERR-210,Low,Failure,7,38,1,CUST-109482,DEV-MAC-0149A5,2.436
2026-10-07T19:33:43,ledger-service,/balance_check,ap-southeast-1,29,18,47,4,0,ERR-310,Low,Failure,14,22,1,CUST-100483,DEV-WIN-99325,3.15
2026-10-07T19:34:03,investment-engine,/portfolio,eu-west-1,192,84,79,28,12191.56,ERR-208,Low,Failure,5,40,1,CUST-134098,DEV-MAC-75825,2.1476
2026-10-07T19:34:03,trading-engine,/trade,us-east-1,97,12,32,1,1592.67,ERR-000,Healthy,Success,4,4,0,CUST-109482,DEV-WIN-84725,7.0692
2026-10-07T19:34:13,ledger-service,/balance_check,eu-west-1,34,22,57,5,0,ERR-903,High,Failure,15,80,1,CUST-134098,DEV-LIN-11235,3.8167
2026-10-07T19:34:13,payment-api,/withdrawal,us-east-1,25,7,19,4,477.33,ERR-000,Healthy,Success,18,3,0,CUST-109482,DEV-WIN-84725,0.52
2026-10-07T19:34:23,auth-service,/login,eu-west-1,50,20,50,5,0,ERR-110,Medium,Failure,17,72,1,CUST-123456,DEV-LIN-11235,2.65
2026-10-07T19:34:23,trading-engine,/trade,ap-southeast-1,160,94,61,2,9799.84,ERR-903,High,Failure,15,81,1,CUST-100483,DEV-MAC-75825,12.0991
2026-10-07T19:34:23,investment-engine,/portfolio,eu-west-1,211,100,100,31,11559.12,ERR-903,High,Failure,14,90,1,CUST-112349,DEV-WIN-99325,2.432
2026-10-07T19:34:33,auth-service,/login,us-west-2,48,17,45,5,0,ERR-102,Low,Failure,5,24,1,CUST-100483,DEV-LIN-11235,2.5025
2026-10-07T19:34:33,ledger-service,/balance_check,eu-west-1,24,18,45,5,0,ERR-208,Low,Failure,20,38,1,CUST-100483,DEV-LIN-11235,3.15
2026-10-07T19:34:33,trading-engine,/trade,eu-west-1,227,100,95,3,2560.5,ERR-901,Critical,Failure,14,99,1,CUST-109482,DEV-WIN-99325,17.1522
2026-10-07T19:34:53,auth-service,/login,ap-southeast-1,2,3,23,3,0,ERR-000,Healthy,Success,6,3,0,CUST-134098,DEV-MAC-0149A5,0.9725
2026-10-07T19:35:03,ledger-service,/balance_check,us-east-1,29,18,46,5,0,ERR-210,Low,Failure,20,25,1,CUST-134098,DEV-MAC-75825,3.3333
2026-10-07T19:35:23,fraud-detection,/payment,eu-west-1,149,87,95,10,0,ERR-703,Low,Failure,15,40,1,CUST-100483,DEV-WIN-99325,2.3036
2026-10-07T19:35:23,ledger-service,/balance_check,us-east-1,33,22,57,6,0,ERR-903,High,Failure,11,83,1,CUST-100483,DEV-WIN-84725,3.9833
2026-10-07T19:35:33,fraud-detection,/payment,eu-west-1,153,100,100,11,0,ERR-106,High,Failure,6,86,1,CUST-134098,DEV-MAC-0149A5,2.4677
2026-10-07T19:35:43,fraud-detection,/payment,us-east-1,148,73,94,9,0,ERR-203,Low,Failure,8,26,1,CUST-123456,DEV-LIN-11235,2.161
2026-10-07T19:35:43,investment-engine,/portfolio,us-east-1,185,90,85,27,12474.67,ERR-108,Low,Failure,2,27,1,CUST-112349,DEV-MAC-0149A5,2.1327
2026-10-07T19:35:43,ledger-service,/balance_check,ap-southeast-1,27,20,48,5,0,ERR-203,Low,Failure,10,28,1,CUST-134098,DEV-LIN-11235,3.3667
2026-10-07T19:35:53,payment-api,/withdrawal,ap-southeast-1,140,77,48,12,3293.25,ERR-105,Low,Failure,20,36,1,CUST-109482,DEV-WIN-84725,2.2417
2026-10-07T19:35:53,ledger-service,/balance_check,us-west-2,33,20,58,5,0,ERR-901,High,Failure,19,89,1,CUST-109482,DEV-WIN-84725,3.7333
2026-10-07T19:36:03,fraud-detection,/payment,eu-west-1,135,89,98,9,0,ERR-201,Low,Failure,15,39,1,CUST-112349,DEV-MAC-75825,2.1182
2026-10-07T19:36:03,ledger-service,/balance_check,eu-west-1,25,17,44,5,0,ERR-208,Low,Failure,1,39,1,CUST-134098,DEV-MAC-75825,3.1333
2026-10-07T19:36:13,auth-service,/login,ap-southeast-1,50,21,51,5,0,ERR-903,Medium,Failure,14,79,1,CUST-134098,DEV-MAC-0149A5,2.6825
2026-10-07T19:36:23,trading-engine,/trade,ap-southeast-1,172,96,63,2,2471.24,ERR-903,High,Failure,10,88,1,CUST-134098,DEV-WIN-84725,12.9097
2026-10-07T19:36:23,fraud-detection,/payment,us-east-1,137,84,98,10,0,ERR-310,Low,Failure,20,37,1,CUST-109482,DEV-MAC-75825,2.219
2026-10-07T19:36:23,payment-api,/transfer,ap-southeast-1,191,96,71,16,4491.6,ERR-903,High,Failure,10,88,1,CUST-109482,DEV-MAC-0149A5,2.9857
2026-10-07T19:36:33,ledger-service,/balance_check,ap-southeast-1,30,17,50,4,0,ERR-108,Low,Failure,9,20,1,CUST-109482,DEV-WIN-84725,3.2
2026-10-07T19:36:43,payment-api,/transfer,us-east-1,164,82,63,15,1582.66,ERR-903,High,Failure,7,87,1,CUST-109482,DEV-WIN-84725,2.6543
2026-10-07T19:36:53,investment-engine,/portfolio,us-east-1,164,85,82,30,10804.78,ERR-702,Low,Failure,11,40,1,CUST-123456,DEV-WIN-84725,2.1318
2026-10-07T19:36:53,fraud-detection,/payment,eu-west-1,144,86,93,10,0,ERR-203,Low,Failure,5,31,1,CUST-134098,DEV-MAC-0149A5,2.2658
2026-10-07T19:37:03,investment-engine,/portfolio,eu-west-1,221,94,96,34,7173.75,ERR-903,High,Failure,2,81,1,CUST-123456,DEV-WIN-99325,2.5275
2026-10-07T19:37:03,payment-api,/transfer,eu-west-1,148,73,59,15,1847.06,ERR-106,Low,Failure,17,38,1,CUST-123456,DEV-WIN-84725,2.4953
2026-10-07T19:37:03,fraud-detection,/payment,us-east-1,136,87,91,10,0,ERR-208,Low,Failure,2,35,1,CUST-112349,DEV-LIN-11235,2.213
2026-10-07T19:37:13,investment-engine,/portfolio,ap-southeast-1,227,100,91,34,8864.47,ERR-903,High,Failure,11,82,1,CUST-123456,DEV-MAC-75825,2.5677
2026-10-07T19:37:13,auth-service,/login,eu-west-1,52,21,52,5,0,ERR-903,Medium,Failure,6,72,1,CUST-100483,DEV-WIN-84725,2.72
2026-10-07T19:37:23,ledger-service,/balance_check,us-west-2,28,19,47,4,0,ERR-705,Low,Failure,16,36,1,CUST-112349,DEV-MAC-75825,3.15
2026-10-07T19:37:33,payment-api,/withdrawal,us-west-2,95,29,23,2,2550.14,ERR-000,Healthy,Success,20,5,0,CUST-109482,DEV-MAC-0149A5,0.87
2026-10-07T19:37:33,ledger-service,/balance_check,us-west-2,35,22,52,6,0,ERR-903,High,Failure,10,84,1,CUST-134098,DEV-MAC-0149A5,3.9667
2026-10-07T19:37:43,ledger-service,/balance_check,us-east-1,28,18,49,4,0,ERR-310,Low,Failure,2,34,1,CUST-123456,DEV-LIN-11235,3.15
2026-10-07T19:37:53,payment-api,/transfer,us-east-1,151,77,55,15,109,ERR-202,Low,Failure,13,33,1,CUST-109482,DEV-MAC-75825,2.5207
2026-10-07T19:38:03,ledger-service,/balance_check,ap-southeast-1,28,20,45,5,0,ERR-104,Low,Failure,12,30,1,CUST-100483,DEV-WIN-99325,3.35
2026-10-07T19:38:13,trading-engine,/trade,us-east-1,149,76,60,1,3424.59,ERR-108,Low,Failure,18,26,1,CUST-112349,DEV-MAC-0149A5,10.8039
2026-10-07T19:38:13,fraud-detection,/payment,us-west-2,141,86,99,10,0,ERR-307,Low,Failure,11,21,1,CUST-123456,DEV-WIN-99325,2.2517
2026-10-07T19:38:13,ledger-service,/balance_check,us-east-1,6,12,11,2,0,ERR-000,Healthy,Success,15,0,0,CUST-112349,DEV-MAC-0149A5,1.1833
2026-10-07T19:38:13,payment-api,/withdrawal,us-west-2,128,69,50,14,1753.05,ERR-207,Low,Failure,4,24,1,CUST-100483,DEV-LIN-11235,2.2703
2026-10-07T19:38:23,ledger-service,/balance_check,us-west-2,28,18,47,5,0,ERR-101,Low,Failure,12,33,1,CUST-112349,DEV-LIN-11235,3.3167
2026-10-07T19:38:33,ledger-service,/balance_check,eu-west-1,25,19,50,4,0,ERR-104,Low,Failure,14,29,1,CUST-100483,DEV-MAC-75825,3.1
2026-10-07T19:38:43,auth-service,/login,us-west-2,50,19,49,5,0,ERR-308,Low,Failure,16,22,1,CUST-123456,DEV-WIN-84725,2.6175
2026-10-07T19:38:43,ledger-service,/balance_check,ap-southeast-1,30,18,50,4,0,ERR-208,Low,Failure,18,23,1,CUST-100483,DEV-MAC-0149A5,3.2333
2026-10-07T19:38:53,investment-engine,/portfolio,us-east-1,192,81,89,29,14883.16,ERR-110,Low,Failure,12,29,1,CUST-123456,DEV-MAC-0149A5,2.1855
2026-10-07T19:38:53,ledger-service,/balance_check,us-east-1,30,20,43,4,0,ERR-902,Low,Failure,11,34,1,CUST-100483,DEV-WIN-84725,3.1833
2026-10-07T19:39:03,ledger-service,/balance_check,us-west-2,29,16,40,5,0,ERR-904,Low,Failure,18,40,1,CUST-109482,DEV-MAC-0149A5,3.1667
2026-10-07T19:39:23,ledger-service,/balance_check,us-east-1,32,21,57,5,0,ERR-903,High,Failure,10,89,1,CUST-100483,DEV-WIN-99325,3.7167
2026-10-07T19:39:23,auth-service,/login,us-west-2,43,19,40,4,0,ERR-209,Low,Failure,7,22,1,CUST-134098,DEV-MAC-75825,2.2175
2026-10-07T19:39:33,ledger-service,/balance_check,us-west-2,29,20,50,5,0,ERR-107,Low,Failure,18,36,1,CUST-100483,DEV-MAC-0149A5,3.4667
2026-10-07T19:39:33,investment-engine,/portfolio,eu-west-1,180,90,86,30,8635.49,ERR-202,Low,Failure,16,34,1,CUST-109482,DEV-WIN-84725,2.218
2026-10-07T19:39:43,ledger-service,/balance_check,eu-west-1,29,18,45,5,0,ERR-902,Low,Failure,5,39,1,CUST-123456,DEV-WIN-84725,3.3167
2026-10-07T19:40:03,investment-engine,/portfolio,us-east-1,185,81,83,28,11619.41,ERR-308,Low,Failure,6,40,1,CUST-100483,DEV-MAC-75825,2.1171
2026-10-07T19:40:03,ledger-service,/balance_check,ap-southeast-1,1,4,28,1,0,ERR-000,Healthy,Success,12,1,0,CUST-100483,DEV-WIN-84725,0.8333
2026-10-07T19:40:13,trading-engine,/trade,us-east-1,148,78,56,1,6757.39,ERR-904,Low,Failure,12,30,1,CUST-123456,DEV-MAC-0149A5,10.736
2026-10-07T19:40:13,ledger-service,/balance_check,ap-southeast-1,29,19,46,4,0,ERR-904,Low,Failure,3,34,1,CUST-109482,DEV-MAC-0149A5,3.1667
2026-10-07T19:40:23,ledger-service,/balance_check,us-west-2,34,21,55,5,0,ERR-903,High,Failure,20,81,1,CUST-100483,DEV-MAC-0149A5,3.75
2026-10-07T19:40:23,investment-engine,/portfolio,us-west-2,195,85,89,30,9810.42,ERR-701,Low,Failure,2,24,1,CUST-123456,DEV-WIN-99325,2.2488
2026-10-07T19:40:33,payment-api,/transfer,us-west-2,211,96,81,20,2512.29,ERR-901,Critical,Failure,12,92,1,CUST-123456,DEV-LIN-11235,3.3823
2026-10-07T19:40:33,investment-engine,/portfolio,us-east-1,191,85,87,28,6393.86,ERR-701,Low,Failure,8,30,1,CUST-112349,DEV-WIN-84725,2.1649
2026-10-07T19:40:43,ledger-service,/balance_check,eu-west-1,8,11,33,1,0,ERR-000,Healthy,Success,2,2,0,CUST-134098,DEV-MAC-75825,1.3833
2026-10-07T19:40:53,trading-engine,/trade,eu-west-1,141,74,59,1,4484.19,ERR-105,Low,Failure,10,28,1,CUST-112349,DEV-LIN-11235,10.2619
2026-10-07T19:41:03,payment-api,/withdrawal,us-west-2,158,76,55,15,3457.77,ERR-302,Low,Failure,4,30,1,CUST-134098,DEV-WIN-84725,2.5403
2026-10-07T19:41:13,ledger-service,/balance_check,us-east-1,27,19,50,4,0,ERR-308,Low,Failure,10,30,1,CUST-134098,DEV-WIN-99325,3.1667
2026-10-07T19:41:13,fraud-detection,/payment,ap-southeast-1,140,90,92,9,0,ERR-109,Low,Failure,20,34,1,CUST-134098,DEV-MAC-75825,2.1482
2026-10-07T19:41:23,ledger-service,/balance_check,us-west-2,29,19,49,5,0,ERR-905,Low,Failure,2,20,1,CUST-134098,DEV-MAC-75825,3.4167
2026-10-07T19:41:23,fraud-detection,/payment,us-east-1,162,93,100,12,0,ERR-705,High,Failure,18,89,1,CUST-100483,DEV-WIN-84725,2.6102
2026-10-07T19:41:33,auth-service,/login,us-west-2,50,18,49,4,0,ERR-308,Low,Failure,18,20,1,CUST-134098,DEV-WIN-84725,2.3975
2026-10-07T19:41:33,ledger-service,/balance_check,ap-southeast-1,27,19,48,5,0,ERR-306,Low,Failure,6,40,1,CUST-112349,DEV-MAC-0149A5,3.3333
2026-10-07T19:41:43,ledger-service,/balance_check,ap-southeast-1,30,18,50,4,0,ERR-105,Low,Failure,19,35,1,CUST-109482,DEV-WIN-84725,3.2333
2026-10-07T19:41:53,ledger-service,/balance_check,eu-west-1,30,20,52,6,0,ERR-308,High,Failure,1,83,1,CUST-134098,DEV-WIN-99325,3.7333
2026-10-07T19:41:53,auth-service,/login,ap-southeast-1,50,18,50,4,0,ERR-105,Low,Failure,19,31,1,CUST-100483,DEV-WIN-84725,2.41
2026-10-07T19:42:03,ledger-service,/balance_check,ap-southeast-1,28,20,48,4,0,ERR-104,Low,Failure,18,36,1,CUST-100483,DEV-MAC-75825,3.2
2026-10-07T19:42:03,fraud-detection,/payment,eu-west-1,167,93,100,11,0,ERR-703,High,Failure,18,85,1,CUST-100483,DEV-WIN-84725,2.5435
2026-10-07T19:42:13,trading-engine,/trade,eu-west-1,141,79,60,1,4390.96,ERR-309,Low,Failure,2,31,1,CUST-123456,DEV-LIN-11235,10.2805
2026-10-07T19:42:13,auth-service,/login,ap-southeast-1,34,5,23,1,0,ERR-000,Healthy,Success,7,1,0,CUST-123456,DEV-WIN-99325,1.0125
2026-10-07T19:42:13,ledger-service,/balance_check,us-east-1,27,18,45,4,0,ERR-703,Low,Failure,10,23,1,CUST-109482,DEV-WIN-84725,3.05
2026-10-07T19:42:23,ledger-service,/balance_check,us-west-2,29,17,44,5,0,ERR-102,Low,Failure,20,27,1,CUST-134098,DEV-WIN-84725,3.2667
2026-10-07T19:42:33,trading-engine,/trade,ap-southeast-1,139,76,59,1,5283.49,ERR-303,Low,Failure,11,34,1,CUST-109482,DEV-MAC-0149A5,10.1352
2026-10-07T19:42:33,auth-service,/login,eu-west-1,7,8,5,2,0,ERR-000,Healthy,Success,6,0,0,CUST-134098,DEV-WIN-84725,0.71
2026-10-07T19:42:43,fraud-detection,/payment,us-east-1,137,86,94,10,0,ERR-207,Low,Failure,19,37,1,CUST-112349,DEV-MAC-75825,2.2201
2026-10-07T19:42:43,auth-service,/login,us-east-1,24,1,27,1,0,ERR-000,Healthy,Success,6,2,0,CUST-134098,DEV-WIN-99325,0.8575
2026-10-07T19:42:53,ledger-service,/balance_check,ap-southeast-1,31,23,51,6,0,ERR-903,High,Failure,4,82,1,CUST-112349,DEV-LIN-11235,3.85
2026-10-07T19:42:53,auth-service,/login,us-west-2,50,19,50,4,0,ERR-103,Low,Failure,13,29,1,CUST-134098,DEV-WIN-84725,2.43
2026-10-07T19:42:53,fraud-detection,/payment,us-west-2,199,100,100,14,0,ERR-904,Critical,Failure,5,98,1,CUST-112349,DEV-WIN-84725,3.0743
2026-10-07T19:43:03,fraud-detection,/payment,us-east-1,137,87,98,9,0,ERR-901,Low,Failure,15,33,1,CUST-123456,DEV-WIN-84725,2.1265
2026-10-07T19:43:13,auth-service,/login,us-west-2,49,19,45,4,0,ERR-307,Low,Failure,3,39,1,CUST-123456,DEV-LIN-11235,2.355
2026-10-07T19:43:23,payment-api,/transfer,ap-southeast-1,157,73,58,14,8454.77,ERR-310,Low,Failure,14,25,1,CUST-112349,DEV-WIN-84725,2.4597
2026-10-07T19:43:23,fraud-detection,/payment,eu-west-1,143,85,94,10,0,ERR-905,Low,Failure,2,27,1,CUST-134098,DEV-MAC-0149A5,2.2576
2026-10-07T19:43:23,ledger-service,/balance_check,us-east-1,5,12,21,3,0,ERR-000,Healthy,Success,11,3,0,CUST-134098,DEV-MAC-0149A5,1.5167
2026-10-07T19:43:33,ledger-service,/balance_check,us-west-2,28,18,47,4,0,ERR-108,Low,Failure,12,31,1,CUST-109482,DEV-MAC-75825,3.1167
2026-10-07T19:43:43,fraud-detection,/payment,eu-west-1,148,88,96,9,0,ERR-107,Low,Failure,19,20,1,CUST-112349,DEV-MAC-0149A5,2.2004
2026-10-07T19:43:43,payment-api,/transfer,eu-west-1,83,17,18,9,6093.78,ERR-000,Healthy,Success,5,0,0,CUST-112349,DEV-LIN-11235,1.1637
2026-10-07T19:43:43,trading-engine,/trade,us-west-2,140,72,55,1,9261.89,ERR-205,Low,Failure,4,25,1,CUST-109482,DEV-WIN-99325,10.1808
2026-10-07T19:44:03,fraud-detection,/payment,ap-southeast-1,145,86,93,9,0,ERR-202,Low,Failure,10,21,1,CUST-109482,DEV-WIN-84725,2.1725
2026-10-07T19:44:03,payment-api,/withdrawal,ap-southeast-1,154,75,58,14,4434.14,ERR-105,Low,Failure,7,32,1,CUST-100483,DEV-WIN-84725,2.4643
2026-10-07T19:44:13,payment-api,/transfer,us-east-1,154,75,56,15,4539.28,ERR-201,Low,Failure,9,31,1,CUST-123456,DEV-MAC-0149A5,2.521
2026-10-07T19:44:13,fraud-detection,/payment,us-west-2,142,89,100,9,0,ERR-102,Low,Failure,15,40,1,CUST-100483,DEV-MAC-0149A5,2.1668
2026-10-07T19:44:33,trading-engine,/trade,us-west-2,120,71,52,2,6919.61,ERR-110,Low,Failure,1,39,1,CUST-134098,DEV-MAC-0149A5,9.3382
2026-10-07T19:44:43,payment-api,/withdrawal,ap-southeast-1,187,83,64,17,9697.88,ERR-903,High,Failure,2,84,1,CUST-100483,DEV-LIN-11235,2.893
2026-10-07T19:44:53,payment-api,/transfer,us-east-1,151,72,56,13,3039.98,ERR-107,Low,Failure,9,36,1,CUST-123456,DEV-MAC-0149A5,2.3507
2026-10-07T19:44:53,auth-service,/login,us-west-2,48,19,48,5,0,ERR-903,Low,Failure,12,26,1,CUST-109482,DEV-MAC-75825,2.58
2026-10-07T19:45:03,ledger-service,/balance_check,us-east-1,24,19,41,4,0,ERR-310,Low,Failure,14,27,1,CUST-109482,DEV-MAC-75825,2.9167
2026-10-07T19:45:03,auth-service,/login,ap-southeast-1,50,20,46,5,0,ERR-705,Low,Failure,13,29,1,CUST-109482,DEV-WIN-84725,2.6
2026-10-07T19:45:03,payment-api,/transfer,ap-southeast-1,158,80,56,14,5011.24,ERR-208,Low,Failure,9,28,1,CUST-109482,DEV-MAC-0149A5,2.512
2026-10-07T19:45:13,ledger-service,/balance_check,ap-southeast-1,27,19,50,4,0,ERR-302,Low,Failure,15,38,1,CUST-112349,DEV-WIN-99325,3.1667
2026-10-07T19:45:33,fraud-detection,/payment,eu-west-1,252,100,100,17,0,ERR-904,Critical,Failure,16,95,1,CUST-134098,DEV-MAC-75825,3.7277
2026-10-07T19:45:43,trading-engine,/trade,eu-west-1,164,89,70,2,1022.4,ERR-903,High,Failure,10,80,1,CUST-100483,DEV-LIN-11235,12.3667
2026-10-07T19:45:43,auth-service,/login,ap-southeast-1,52,21,51,5,0,ERR-903,Medium,Failure,4,75,1,CUST-112349,DEV-LIN-11235,2.7075
2026-10-07T19:45:43,ledger-service,/balance_check,us-west-2,10,3,16,3,0,ERR-000,Healthy,Success,19,0,0,CUST-123456,DEV-MAC-0149A5,1.3
2026-10-07T19:45:53,trading-engine,/trade,us-east-1,139,75,54,2,1781.23,ERR-103,Low,Failure,1,23,1,CUST-123456,DEV-WIN-84725,10.6221
2026-10-07T19:46:03,investment-engine,/portfolio,eu-west-1,262,100,100,40,7438.08,ERR-903,Critical,Failure,19,99,1,CUST-123456,DEV-LIN-11235,2.902
2026-10-07T19:46:03,ledger-service,/balance_check,us-east-1,28,20,50,4,0,ERR-209,Low,Failure,9,26,1,CUST-100483,DEV-WIN-84725,3.2333
2026-10-07T19:46:13,fraud-detection,/payment,ap-southeast-1,145,88,88,10,0,ERR-206,Low,Failure,4,30,1,CUST-134098,DEV-WIN-84725,2.2726
2026-10-07T19:46:13,ledger-service,/balance_check,us-east-1,6,4,23,2,0,ERR-000,Healthy,Success,19,4,0,CUST-123456,DEV-MAC-75825,1.1167
2026-10-07T19:46:23,ledger-service,/balance_check,us-west-2,27,20,47,5,0,ERR-101,Low,Failure,15,26,1,CUST-123456,DEV-WIN-99325,3.35
2026-10-07T19:46:23,payment-api,/withdrawal,eu-west-1,138,79,59,13,9923.53,ERR-306,Low,Failure,1,38,1,CUST-123456,DEV-MAC-75825,2.372
2026-10-07T19:46:33,payment-api,/withdrawal,us-east-1,160,69,51,12,2728.8,ERR-303,Low,Failure,11,32,1,CUST-134098,DEV-MAC-75825,2.27
2026-10-07T19:46:33,trading-engine,/trade,ap-southeast-1,155,96,64,2,3445.32,ERR-903,High,Failure,11,83,1,CUST-112349,DEV-WIN-84725,11.7783
2026-10-07T19:46:33,ledger-service,/balance_check,eu-west-1,24,19,46,5,0,ERR-705,Low,Failure,8,24,1,CUST-112349,DEV-MAC-75825,3.2
2026-10-07T19:46:43,auth-service,/login,us-west-2,46,18,47,5,0,ERR-104,Low,Failure,3,38,1,CUST-123456,DEV-MAC-75825,2.5225
2026-10-07T19:46:43,investment-engine,/portfolio,ap-southeast-1,192,82,90,27,6440.5,ERR-201,Low,Failure,10,21,1,CUST-123456,DEV-LIN-11235,2.1258
2026-10-07T19:46:43,trading-engine,/trade,eu-west-1,138,76,58,1,9754.96,ERR-101,Low,Failure,5,40,1,CUST-112349,DEV-WIN-99325,10.0666
2026-10-07T19:46:53,ledger-service,/balance_check,us-west-2,25,18,41,4,0,ERR-703,Low,Failure,13,23,1,CUST-100483,DEV-MAC-0149A5,2.9167
2026-10-07T19:46:53,fraud-detection,/payment,us-west-2,11,22,65,7,0,ERR-000,Healthy,Success,13,1,0,CUST-123456,DEV-MAC-0149A5,0.8918
2026-10-07T19:47:03,investment-engine,/portfolio,us-west-2,207,100,100,35,14970.65,ERR-903,High,Failure,20,88,1,CUST-112349,DEV-MAC-75825,2.552
2026-10-07T19:47:03,trading-engine,/trade,us-east-1,148,74,54,1,8142.22,ERR-701,Low,Failure,8,32,1,CUST-100483,DEV-LIN-11235,10.7188
2026-10-07T19:47:03,fraud-detection,/payment,us-west-2,141,89,94,10,0,ERR-101,Low,Failure,1,20,1,CUST-100483,DEV-MAC-75825,2.2543
2026-10-07T19:47:13,ledger-service,/balance_check,us-east-1,31,21,50,5,0,ERR-904,High,Failure,17,82,1,CUST-134098,DEV-WIN-84725,3.5667
2026-10-07T19:47:13,payment-api,/transfer,eu-west-1,161,84,65,18,8150.33,ERR-903,High,Failure,10,84,1,CUST-112349,DEV-MAC-75825,2.869
2026-10-07T19:47:23,fraud-detection,/payment,us-east-1,144,84,96,9,0,ERR-904,Low,Failure,9,34,1,CUST-109482,DEV-MAC-75825,2.1638
2026-10-07T19:47:23,ledger-service,/balance_check,us-east-1,27,18,45,4,0,ERR-902,Low,Failure,12,40,1,CUST-112349,DEV-WIN-84725,3.05
2026-10-07T19:47:33,ledger-service,/balance_check,ap-southeast-1,30,18,50,4,0,ERR-202,Low,Failure,10,37,1,CUST-123456,DEV-MAC-75825,3.2333
2026-10-07T19:47:33,payment-api,/withdrawal,us-east-1,160,70,53,13,6891.42,ERR-205,Low,Failure,1,23,1,CUST-109482,DEV-MAC-0149A5,2.355
2026-10-07T19:47:33,investment-engine,/portfolio,ap-southeast-1,193,83,81,27,5116.72,ERR-901,Low,Failure,14,27,1,CUST-112349,DEV-WIN-99325,2.1165
2026-10-07T19:47:43,ledger-service,/balance_check,eu-west-1,36,22,55,6,0,ERR-903,High,Failure,19,81,1,CUST-123456,DEV-LIN-11235,4.05
2026-10-07T19:47:53,payment-api,/transfer,us-east-1,154,65,51,13,9787.75,ERR-102,Low,Failure,11,24,1,CUST-112349,DEV-MAC-0149A5,2.2793
2026-10-07T19:48:03,investment-engine,/portfolio,eu-west-1,32,39,17,13,13139.27,ERR-000,Healthy,Success,14,3,0,CUST-134098,DEV-WIN-99325,0.7682
2026-10-07T19:48:13,ledger-service,/balance_check,ap-southeast-1,36,20,58,5,0,ERR-101,High,Failure,19,86,1,CUST-112349,DEV-LIN-11235,3.8333
2026-10-07T19:48:13,investment-engine,/portfolio,eu-west-1,210,96,100,35,10797.66,ERR-903,High,Failure,1,90,1,CUST-134098,DEV-WIN-99325,2.542
2026-10-07T19:48:23,auth-service,/login,eu-west-1,48,20,50,5,0,ERR-304,Low,Failure,15,20,1,CUST-112349,DEV-LIN-11235,2.625
2026-10-07T19:48:23,fraud-detection,/payment,us-west-2,253,100,100,18,0,ERR-904,Critical,Failure,1,95,1,CUST-100483,DEV-LIN-11235,3.8343
2026-10-07T19:48:23,ledger-service,/balance_check,us-east-1,27,16,49,4,0,ERR-308,Low,Failure,18,36,1,CUST-134098,DEV-MAC-75825,3.05
2026-10-07T19:48:33,fraud-detection,/payment,eu-west-1,172,100,100,11,0,ERR-902,High,Failure,3,85,1,CUST-100483,DEV-WIN-99325,2.5943
2026-10-07T19:48:33,ledger-service,/balance_check,ap-southeast-1,30,20,49,5,0,ERR-905,Low,Failure,9,31,1,CUST-112349,DEV-LIN-11235,3.4833
2026-10-07T19:48:33,payment-api,/withdrawal,us-east-1,145,75,60,13,601.33,ERR-208,Low,Failure,1,33,1,CUST-134098,DEV-WIN-84725,2.3717
2026-10-07T19:48:43,auth-service,/login,us-west-2,47,18,45,5,0,ERR-207,Low,Failure,9,38,1,CUST-109482,DEV-WIN-99325,2.51
2026-10-07T19:48:43,payment-api,/transfer,ap-southeast-1,154,72,60,13,9900.72,ERR-304,Low,Failure,17,24,1,CUST-109482,DEV-WIN-84725,2.3827
2026-10-07T19:48:43,ledger-service,/balance_check,eu-west-1,17,14,15,3,0,ERR-000,Healthy,Success,18,1,0,CUST-134098,DEV-LIN-11235,1.8833
2026-10-07T19:48:53,auth-service,/login,us-west-2,45,17,50,5,0,ERR-306,Low,Failure,9,29,1,CUST-134098,DEV-MAC-0149A5,2.5275
2026-10-07T19:48:53,ledger-service,/balance_check,us-west-2,27,20,46,5,0,ERR-303,Low,Failure,1,38,1,CUST-109482,DEV-WIN-99325,3.3333
2026-10-07T19:48:53,payment-api,/transfer,ap-southeast-1,154,77,60,15,6325.97,ERR-101,Low,Failure,4,39,1,CUST-134098,DEV-WIN-84725,2.5577
2026-10-07T19:49:03,investment-engine,/portfolio,us-west-2,193,84,88,30,8201.39,ERR-302,Low,Failure,6,38,1,CUST-123456,DEV-MAC-75825,2.2352
2026-10-07T19:49:03,trading-engine,/trade,us-west-2,174,92,72,2,2418.5,ERR-903,High,Failure,6,90,1,CUST-100483,DEV-MAC-0149A5,13.0473
2026-10-07T19:49:03,ledger-service,/balance_check,us-east-1,28,18,50,4,0,ERR-207,Low,Failure,12,21,1,CUST-123456,DEV-MAC-75825,3.1667
2026-10-07T19:49:13,payment-api,/withdrawal,us-east-1,91,4,10,2,2947.54,ERR-000,Healthy,Success,1,1,0,CUST-112349,DEV-WIN-99325,0.5807
2026-10-07T19:49:13,ledger-service,/balance_check,eu-west-1,27,19,49,4,0,ERR-701,Low,Failure,6,29,1,CUST-123456,DEV-MAC-0149A5,3.15
2026-10-07T19:49:23,ledger-service,/balance_check,ap-southeast-1,27,17,44,4,0,ERR-308,Low,Failure,9,37,1,CUST-134098,DEV-WIN-99325,3
2026-10-07T19:49:33,ledger-service,/balance_check,us-west-2,28,20,47,5,0,ERR-302,Low,Failure,5,22,1,CUST-134098,DEV-WIN-99325,3.3833
2026-10-07T19:49:43,payment-api,/transfer,us-west-2,231,100,90,26,7526.47,ERR-901,Critical,Failure,3,98,1,CUST-123456,DEV-WIN-84725,3.9407
2026-10-07T19:50:13,ledger-service,/balance_check,eu-west-1,25,20,50,4,0,ERR-109,Low,Failure,16,26,1,CUST-123456,DEV-MAC-0149A5,3.1333
2026-10-07T19:50:23,investment-engine,/portfolio,ap-southeast-1,227,100,98,33,10894.44,ERR-903,High,Failure,3,87,1,CUST-134098,DEV-WIN-84725,2.5481
2026-10-07T19:50:33,investment-engine,/portfolio,us-west-2,193,85,84,28,10879.92,ERR-204,Low,Failure,5,35,1,CUST-134098,DEV-LIN-11235,2.1657
2026-10-07T19:50:53,payment-api,/withdrawal,ap-southeast-1,143,66,60,15,6316.85,ERR-103,Low,Failure,13,40,1,CUST-100483,DEV-MAC-75825,2.422
2026-10-07T19:50:53,fraud-detection,/payment,eu-west-1,139,89,82,10,0,ERR-104,Low,Failure,2,27,1,CUST-109482,DEV-MAC-0149A5,2.2292
2026-10-07T19:50:53,auth-service,/login,us-west-2,50,20,52,5,0,ERR-702,Medium,Failure,13,76,1,CUST-123456,DEV-LIN-11235,2.675
2026-10-07T19:50:53,ledger-service,/balance_check,us-east-1,29,19,46,4,0,ERR-309,Low,Failure,6,20,1,CUST-112349,DEV-LIN-11235,3.1667
2026-10-07T19:51:03,fraud-detection,/payment,eu-west-1,209,100,100,14,0,ERR-904,Critical,Failure,11,96,1,CUST-112349,DEV-WIN-84725,3.141
2026-10-07T19:51:03,ledger-service,/balance_check,us-west-2,30,20,55,6,0,ERR-702,High,Failure,9,81,1,CUST-109482,DEV-MAC-75825,3.7833
2026-10-07T19:51:13,ledger-service,/balance_check,us-east-1,28,19,45,5,0,ERR-308,Low,Failure,17,33,1,CUST-134098,DEV-WIN-84725,3.3167
2026-10-07T19:51:23,payment-api,/withdrawal,eu-west-1,185,88,65,18,4556.77,ERR-903,High,Failure,11,86,1,CUST-112349,DEV-WIN-84725,2.9983
2026-10-07T19:51:23,ledger-service,/balance_check,ap-southeast-1,28,18,45,5,0,ERR-201,Low,Failure,6,30,1,CUST-100483,DEV-MAC-0149A5,3.2833
2026-10-07T19:51:23,fraud-detection,/payment,ap-southeast-1,152,100,100,10,0,ERR-202,High,Failure,20,86,1,CUST-123456,DEV-WIN-84725,2.361
2026-10-07T19:51:43,payment-api,/transfer,eu-west-1,145,80,60,15,7680.28,ERR-902,Low,Failure,9,37,1,CUST-112349,DEV-MAC-0149A5,2.5467
2026-10-07T19:51:43,fraud-detection,/payment,ap-southeast-1,146,86,99,9,0,ERR-202,Low,Failure,10,26,1,CUST-134098,DEV-WIN-99325,2.185
2026-10-07T19:51:53,fraud-detection,/payment,us-west-2,143,85,100,10,0,ERR-301,Low,Failure,17,20,1,CUST-134098,DEV-WIN-84725,2.2635
2026-10-07T19:51:53,trading-engine,/trade,us-west-2,156,85,65,2,8120.84,ERR-903,High,Failure,11,87,1,CUST-134098,DEV-MAC-75825,11.8103
2026-10-07T19:52:03,ledger-service,/balance_check,ap-southeast-1,30,19,47,5,0,ERR-108,Low,Failure,2,29,1,CUST-112349,DEV-LIN-11235,3.4167
2026-10-07T19:52:03,auth-service,/login,ap-southeast-1,51,20,52,5,0,ERR-301,Medium,Failure,19,70,1,CUST-112349,DEV-WIN-99325,2.6875
2026-10-07T19:52:13,auth-service,/login,us-east-1,47,19,48,4,0,ERR-703,Low,Failure,16,32,1,CUST-109482,DEV-WIN-99325,2.3675
2026-10-07T19:52:13,trading-engine,/trade,eu-west-1,194,100,72,2,3410.37,ERR-902,Critical,Failure,7,95,1,CUST-134098,DEV-MAC-75825,14.4073
2026-10-07T19:52:23,ledger-service,/balance_check,us-east-1,35,21,59,5,0,ERR-903,High,Failure,15,86,1,CUST-112349,DEV-WIN-84725,3.85
2026-10-07T19:52:43,ledger-service,/balance_check,ap-southeast-1,35,20,58,6,0,ERR-305,High,Failure,1,84,1,CUST-100483,DEV-MAC-0149A5,4
2026-10-07T19:52:53,ledger-service,/balance_check,us-east-1,27,19,46,4,0,ERR-905,Low,Failure,18,31,1,CUST-109482,DEV-WIN-84725,3.1
2026-10-07T19:52:53,auth-service,/login,ap-southeast-1,12,9,22,3,0,ERR-000,Healthy,Success,18,3,0,CUST-100483,DEV-WIN-84725,1.205
2026-10-07T19:53:03,investment-engine,/portfolio,ap-southeast-1,19,1,28,5,12155.81,ERR-000,Healthy,Success,8,1,0,CUST-134098,DEV-LIN-11235,0.2897
2026-10-07T19:53:13,payment-api,/withdrawal,us-east-1,180,86,67,17,2489.94,ERR-903,High,Failure,5,85,1,CUST-112349,DEV-WIN-99325,2.905
2026-10-07T19:53:13,ledger-service,/balance_check,us-east-1,1,5,4,1,0,ERR-000,Healthy,Success,1,4,0,CUST-134098,DEV-WIN-84725,0.4667
2026-10-07T19:53:23,ledger-service,/balance_check,us-west-2,28,18,46,4,0,ERR-206,Low,Failure,19,23,1,CUST-100483,DEV-MAC-75825,3.1
2026-10-07T19:53:33,ledger-service,/balance_check,us-east-1,13,9,26,2,0,ERR-000,Healthy,Success,4,2,0,CUST-109482,DEV-WIN-99325,1.5667
2026-10-07T19:53:33,auth-service,/login,us-east-1,49,18,50,4,0,ERR-204,Low,Failure,3,20,1,CUST-100483,DEV-LIN-11235,2.3975
2026-10-07T19:53:33,fraud-detection,/payment,ap-southeast-1,149,87,91,10,0,ERR-307,Low,Failure,8,22,1,CUST-134098,DEV-MAC-75825,2.2997
2026-10-07T19:53:33,investment-engine,/portfolio,eu-west-1,169,76,77,28,6777.37,ERR-702,Low,Failure,10,26,1,CUST-134098,DEV-MAC-75825,2.0271
2026-10-07T19:53:43,fraud-detection,/payment,us-east-1,139,85,97,10,0,ERR-904,Low,Failure,15,23,1,CUST-134098,DEV-WIN-84725,2.2339
2026-10-07T19:53:53,trading-engine,/trade,ap-southeast-1,38,41,6,1,6633.52,ERR-000,Healthy,Success,12,0,0,CUST-112349,DEV-WIN-99325,3.1817
2026-10-07T19:54:03,ledger-service,/balance_check,ap-southeast-1,31,23,56,5,0,ERR-903,High,Failure,18,84,1,CUST-134098,DEV-MAC-0149A5,3.7333
2026-10-07T19:54:03,investment-engine,/portfolio,ap-southeast-1,215,94,98,31,13004.03,ERR-903,High,Failure,2,85,1,CUST-100483,DEV-MAC-75825,2.4114
2026-10-07T19:54:03,fraud-detection,/payment,us-east-1,139,85,95,10,0,ERR-208,Low,Failure,5,34,1,CUST-100483,DEV-WIN-99325,2.2319
2026-10-07T19:54:13,fraud-detection,/payment,eu-west-1,135,90,99,10,0,ERR-209,Low,Failure,14,39,1,CUST-123456,DEV-WIN-84725,2.2217
2026-10-07T19:54:13,trading-engine,/trade,us-west-2,88,47,12,1,3627.31,ERR-000,Healthy,Success,1,1,0,CUST-112349,DEV-MAC-75825,6.5468
2026-10-07T19:54:13,ledger-service,/balance_check,us-east-1,27,19,48,4,0,ERR-110,Low,Failure,8,27,1,CUST-100483,DEV-WIN-84725,3.1333
2026-10-07T19:54:33,investment-engine,/portfolio,us-east-1,190,84,89,27,6396.91,ERR-303,Low,Failure,9,33,1,CUST-100483,DEV-MAC-0149A5,2.1272
2026-10-07T19:54:33,trading-engine,/trade,us-east-1,139,73,58,1,2457.58,ERR-303,Low,Failure,17,37,1,CUST-100483,DEV-LIN-11235,10.1233
2026-10-07T19:54:33,payment-api,/transfer,us-east-1,145,65,54,13,905,ERR-301,Low,Failure,12,35,1,CUST-112349,DEV-MAC-0149A5,2.2583
2026-10-07T19:54:43,auth-service,/login,us-east-1,48,20,45,4,0,ERR-901,Low,Failure,1,27,1,CUST-109482,DEV-MAC-0149A5,2.3625
2026-10-07T19:54:53,ledger-service,/balance_check,eu-west-1,27,18,47,5,0,ERR-307,Low,Failure,11,39,1,CUST-123456,DEV-WIN-99325,3.2833
2026-10-07T19:54:53,trading-engine,/trade,eu-west-1,156,81,67,2,9633.92,ERR-903,High,Failure,4,87,1,CUST-112349,DEV-LIN-11235,11.8009
2026-10-07T19:55:03,ledger-service,/balance_check,eu-west-1,33,22,50,5,0,ERR-702,High,Failure,19,86,1,CUST-123456,DEV-WIN-99325,3.6667
2026-10-07T19:55:13,ledger-service,/balance_check,us-west-2,20,9,20,1,0,ERR-000,Healthy,Success,18,4,0,CUST-134098,DEV-LIN-11235,1.5
2026-10-07T19:55:23,ledger-service,/balance_check,ap-southeast-1,16,10,14,2,0,ERR-000,Healthy,Success,8,5,0,CUST-123456,DEV-WIN-84725,1.5
2026-10-07T19:55:43,fraud-detection,/payment,us-west-2,173,100,100,10,0,ERR-905,High,Failure,10,82,1,CUST-134098,DEV-MAC-0149A5,2.501
2026-10-07T19:55:43,payment-api,/transfer,us-east-1,90,27,5,7,6807.5,ERR-000,Healthy,Success,18,1,0,CUST-134098,DEV-MAC-75825,1.0767
2026-10-07T19:55:53,ledger-service,/balance_check,us-east-1,29,18,45,4,0,ERR-105,Low,Failure,7,38,1,CUST-109482,DEV-MAC-75825,3.1167
2026-10-07T19:56:03,ledger-service,/balance_check,ap-southeast-1,27,19,46,4,0,ERR-108,Low,Failure,10,20,1,CUST-109482,DEV-MAC-75825,3.1
2026-10-07T19:56:13,ledger-service,/balance_check,eu-west-1,35,22,55,5,0,ERR-903,High,Failure,20,81,1,CUST-100483,DEV-WIN-99325,3.8167
2026-10-07T19:56:13,investment-engine,/portfolio,us-east-1,181,90,83,29,11546.47,ERR-204,Low,Failure,7,32,1,CUST-112349,DEV-WIN-84725,2.1821
2026-10-07T19:56:13,trading-engine,/trade,us-east-1,136,78,60,1,1897.26,ERR-905,Low,Failure,8,40,1,CUST-109482,DEV-MAC-75825,9.9439
2026-10-07T19:56:13,payment-api,/withdrawal,us-west-2,157,73,54,15,7388.04,ERR-103,Low,Failure,13,27,1,CUST-100483,DEV-WIN-84725,2.5063
2026-10-07T19:56:23,ledger-service,/balance_check,us-east-1,13,4,30,1,0,ERR-000,Healthy,Success,5,1,0,CUST-134098,DEV-WIN-99325,1.2667
2026-10-07T19:56:23,investment-engine,/portfolio,us-east-1,195,82,81,28,12796.02,ERR-105,Low,Failure,4,27,1,CUST-123456,DEV-WIN-84725,2.1515
2026-10-07T19:56:23,fraud-detection,/payment,ap-southeast-1,141,79,87,9,0,ERR-309,Low,Failure,3,21,1,CUST-112349,DEV-WIN-84725,2.1225
2026-10-07T19:56:23,payment-api,/withdrawal,ap-southeast-1,167,84,61,15,8330.07,ERR-903,High,Failure,14,80,1,CUST-123456,DEV-LIN-11235,2.673
2026-10-07T19:56:33,ledger-service,/balance_check,eu-west-1,29,16,44,4,0,ERR-207,Low,Failure,9,28,1,CUST-134098,DEV-WIN-99325,3.0333
2026-10-07T19:56:33,investment-engine,/portfolio,us-east-1,186,81,90,28,9873.78,ERR-209,Low,Failure,15,37,1,CUST-123456,DEV-MAC-75825,2.1341
2026-10-07T19:56:33,payment-api,/transfer,eu-west-1,181,81,64,18,6295.74,ERR-903,High,Failure,19,89,1,CUST-134098,DEV-LIN-11235,2.919
2026-10-07T19:56:33,fraud-detection,/payment,eu-west-1,142,89,98,10,0,ERR-301,Low,Failure,19,27,1,CUST-100483,DEV-MAC-0149A5,2.2649
2026-10-07T19:56:43,trading-engine,/trade,ap-southeast-1,141,77,59,1,6093.47,ERR-303,Low,Failure,16,29,1,CUST-109482,DEV-MAC-75825,10.2719
2026-10-07T19:56:43,auth-service,/login,us-east-1,43,19,43,5,0,ERR-204,Low,Failure,8,39,1,CUST-109482,DEV-WIN-99325,2.455
2026-10-07T19:56:53,ledger-service,/balance_check,eu-west-1,31,24,55,6,0,ERR-903,High,Failure,7,89,1,CUST-100483,DEV-MAC-0149A5,3.95
2026-10-07T19:56:53,payment-api,/transfer,eu-west-1,194,100,80,18,3877.59,ERR-901,Critical,Failure,17,92,1,CUST-134098,DEV-WIN-84725,3.2093
2026-10-07T19:57:03,payment-api,/transfer,eu-west-1,144,74,52,15,2682.99,ERR-101,Low,Failure,19,33,1,CUST-112349,DEV-MAC-75825,2.4527
2026-10-07T19:57:13,trading-engine,/trade,ap-southeast-1,163,83,63,2,9202.49,ERR-903,High,Failure,13,80,1,CUST-123456,DEV-MAC-0149A5,12.2664
2026-10-07T19:57:13,ledger-service,/balance_check,eu-west-1,5,14,21,3,0,ERR-000,Healthy,Success,19,2,0,CUST-109482,DEV-MAC-0149A5,1.5833
2026-10-07T19:57:23,payment-api,/transfer,us-west-2,165,92,65,16,6635.24,ERR-903,High,Failure,15,82,1,CUST-134098,DEV-LIN-11235,2.8183
2026-10-07T19:57:23,ledger-service,/balance_check,ap-southeast-1,27,20,43,5,0,ERR-107,Low,Failure,18,26,1,CUST-100483,DEV-LIN-11235,3.2833
2026-10-07T19:57:23,auth-service,/login,us-east-1,45,18,46,4,0,ERR-104,Low,Failure,9,39,1,CUST-123456,DEV-WIN-84725,2.2975
2026-10-07T19:57:33,investment-engine,/portfolio,us-east-1,182,89,88,28,10201.38,ERR-107,Low,Failure,9,31,1,CUST-134098,DEV-LIN-11235,2.1569
2026-10-07T19:57:43,ledger-service,/balance_check,ap-southeast-1,36,22,50,6,0,ERR-302,High,Failure,17,86,1,CUST-109482,DEV-WIN-84725,3.9667
2026-10-07T19:57:53,investment-engine,/portfolio,us-east-1,164,73,90,24,13081.85,ERR-703,Low,Failure,16,28,1,CUST-134098,DEV-WIN-84725,1.8874
2026-10-07T19:58:03,trading-engine,/trade,us-east-1,166,80,67,2,9836.35,ERR-205,High,Failure,17,88,1,CUST-112349,DEV-MAC-0149A5,12.4642
2026-10-07T19:58:03,ledger-service,/balance_check,eu-west-1,28,20,46,4,0,ERR-303,Low,Failure,3,35,1,CUST-112349,DEV-WIN-84725,3.1667
2026-10-07T19:58:03,fraud-detection,/payment,us-east-1,135,84,93,9,0,ERR-301,Low,Failure,6,22,1,CUST-100483,DEV-WIN-99325,2.1008
2026-10-07T19:58:13,trading-engine,/trade,us-east-1,173,90,72,2,5440.28,ERR-903,High,Failure,11,84,1,CUST-123456,DEV-MAC-0149A5,12.974
2026-10-07T19:58:13,auth-service,/login,us-west-2,50,21,52,5,0,ERR-903,Medium,Failure,10,72,1,CUST-123456,DEV-MAC-75825,2.695
2026-10-07T19:58:13,payment-api,/withdrawal,eu-west-1,149,75,54,13,6196.43,ERR-208,Low,Failure,20,24,1,CUST-100483,DEV-MAC-75825,2.3577
2026-10-07T19:58:23,ledger-service,/balance_check,us-east-1,35,21,58,5,0,ERR-903,High,Failure,11,88,1,CUST-100483,DEV-WIN-84725,3.8333
2026-10-07T19:58:33,trading-engine,/trade,ap-southeast-1,138,77,57,2,9082.27,ERR-108,Low,Failure,1,20,1,CUST-123456,DEV-WIN-84725,10.568
2026-10-07T19:58:33,ledger-service,/balance_check,ap-southeast-1,35,23,56,6,0,ERR-903,High,Failure,17,89,1,CUST-123456,DEV-WIN-99325,4.0667
2026-10-07T19:58:43,ledger-service,/balance_check,us-west-2,25,16,48,5,0,ERR-206,Low,Failure,18,37,1,CUST-100483,DEV-WIN-99325,3.1667
2026-10-07T19:58:43,payment-api,/transfer,us-west-2,151,73,55,14,4220.88,ERR-905,Low,Failure,11,29,1,CUST-109482,DEV-MAC-0149A5,2.4207
2026-10-07T19:58:53,payment-api,/withdrawal,us-east-1,97,17,30,3,8653.3,ERR-000,Healthy,Success,2,2,0,CUST-134098,DEV-WIN-84725,0.8797
2026-10-07T19:59:03,auth-service,/login,us-west-2,50,20,52,5,0,ERR-207,Medium,Failure,6,71,1,CUST-109482,DEV-LIN-11235,2.675
2026-10-07T19:59:03,ledger-service,/balance_check,eu-west-1,29,19,49,4,0,ERR-206,Low,Failure,10,40,1,CUST-134098,DEV-WIN-84725,3.2167
2026-10-07T19:59:13,ledger-service,/balance_check,us-west-2,27,19,45,4,0,ERR-207,Low,Failure,10,37,1,CUST-134098,DEV-WIN-84725,3.0833
2026-10-07T19:59:13,auth-service,/login,eu-west-1,49,19,50,4,0,ERR-108,Low,Failure,7,23,1,CUST-109482,DEV-MAC-75825,2.4175
2026-10-07T19:59:23,investment-engine,/portfolio,us-east-1,197,83,81,29,5000.89,ERR-102,Low,Failure,17,38,1,CUST-134098,DEV-WIN-84725,2.1965
2026-10-07T19:59:23,ledger-service,/balance_check,us-east-1,29,17,49,5,0,ERR-308,Low,Failure,3,26,1,CUST-134098,DEV-MAC-0149A5,3.35
2026-10-07T19:59:23,auth-service,/login,eu-west-1,45,18,47,4,0,ERR-308,Low,Failure,2,24,1,CUST-123456,DEV-LIN-11235,2.31
2026-10-07T19:59:53,fraud-detection,/payment,eu-west-1,175,100,100,12,0,ERR-704,High,Failure,6,88,1,CUST-112349,DEV-LIN-11235,2.7143
2026-10-07T19:59:53,ledger-service,/balance_check,ap-southeast-1,34,22,55,6,0,ERR-903,High,Failure,14,81,1,CUST-109482,DEV-MAC-0149A5,3.9833
2026-10-07T19:59:53,trading-engine,/trade,us-east-1,140,73,58,1,3081.54,ERR-306,Low,Failure,13,20,1,CUST-134098,DEV-WIN-84725,10.1899
2026-10-07T20:00:13,payment-api,/transfer,us-west-2,239,100,99,27,6419.8,ERR-901,Critical,Failure,17,100,1,CUST-112349,DEV-MAC-75825,4.0843
2026-10-07T20:00:13,ledger-service,/balance_check,eu-west-1,27,19,40,5,0,ERR-304,Low,Failure,4,32,1,CUST-134098,DEV-MAC-75825,3.2
2026-10-07T20:00:23,ledger-service,/balance_check,us-east-1,30,20,49,5,0,ERR-308,Low,Failure,3,33,1,CUST-134098,DEV-WIN-99325,3.4833
2026-10-07T20:00:33,payment-api,/withdrawal,us-west-2,150,73,57,13,5312.6,ERR-905,Low,Failure,18,33,1,CUST-123456,DEV-LIN-11235,2.36
2026-10-07T20:00:33,ledger-service,/balance_check,eu-west-1,6,3,16,3,0,ERR-000,Healthy,Success,7,1,0,CUST-109482,DEV-WIN-84725,1.1667
2026-10-07T20:00:43,ledger-service,/balance_check,ap-southeast-1,31,22,60,5,0,ERR-903,High,Failure,10,82,1,CUST-112349,DEV-WIN-84725,3.7667
2026-10-07T20:00:43,investment-engine,/portfolio,us-east-1,198,89,89,28,6848.19,ERR-904,Low,Failure,11,23,1,CUST-123456,DEV-MAC-0149A5,2.2122
2026-10-07T20:00:43,payment-api,/withdrawal,us-west-2,152,79,56,15,2951.47,ERR-201,Low,Failure,13,36,1,CUST-109482,DEV-MAC-75825,2.5463
2026-10-07T20:00:53,ledger-service,/balance_check,us-west-2,29,20,49,5,0,ERR-106,Low,Failure,13,38,1,CUST-109482,DEV-WIN-84725,3.45
2026-10-07T20:01:03,ledger-service,/balance_check,ap-southeast-1,27,20,47,5,0,ERR-107,Low,Failure,13,38,1,CUST-134098,DEV-MAC-75825,3.35
2026-10-07T20:01:13,auth-service,/login,us-west-2,50,21,51,5,0,ERR-903,Medium,Failure,5,72,1,CUST-100483,DEV-WIN-99325,2.6825
2026-10-07T20:01:23,ledger-service,/balance_check,eu-west-1,24,18,42,4,0,ERR-304,Low,Failure,15,22,1,CUST-134098,DEV-MAC-0149A5,2.9
2026-10-07T20:01:23,auth-service,/login,us-east-1,47,20,50,5,0,ERR-305,Low,Failure,20,27,1,CUST-123456,DEV-WIN-84725,2.6125
2026-10-07T20:01:43,investment-engine,/portfolio,ap-southeast-1,224,100,99,36,12943.25,ERR-903,High,Failure,15,86,1,CUST-100483,DEV-WIN-99325,2.64
2026-10-07T20:01:43,payment-api,/transfer,ap-southeast-1,180,81,60,17,9996.93,ERR-306,High,Failure,18,89,1,CUST-112349,DEV-MAC-0149A5,2.8283
2026-10-07T20:01:43,ledger-service,/balance_check,us-west-2,28,20,50,5,0,ERR-702,Low,Failure,17,37,1,CUST-112349,DEV-MAC-75825,3.4333
2026-10-07T20:01:53,trading-engine,/trade,us-west-2,148,77,60,1,2010.73,ERR-206,Low,Failure,5,25,1,CUST-109482,DEV-LIN-11235,10.7405
2026-10-07T20:01:53,ledger-service,/balance_check,ap-southeast-1,33,21,51,5,0,ERR-903,High,Failure,20,84,1,CUST-109482,DEV-WIN-99325,3.65
2026-10-07T20:02:13,payment-api,/withdrawal,us-east-1,179,94,71,15,2547.25,ERR-903,High,Failure,18,88,1,CUST-109482,DEV-LIN-11235,2.8543
2026-10-07T20:02:13,auth-service,/login,us-west-2,47,19,46,5,0,ERR-303,Low,Failure,7,37,1,CUST-123456,DEV-LIN-11235,2.5425
2026-10-07T20:02:23,ledger-service,/balance_check,eu-west-1,30,20,48,4,0,ERR-703,Low,Failure,10,35,1,CUST-100483,DEV-WIN-84725,3.2667
2026-10-07T20:02:23,auth-service,/login,us-west-2,52,21,52,5,0,ERR-903,Medium,Failure,10,79,1,CUST-109482,DEV-WIN-99325,2.72
2026-10-07T20:02:23,payment-api,/transfer,ap-southeast-1,146,72,49,13,1956.16,ERR-207,Low,Failure,18,30,1,CUST-112349,DEV-WIN-99325,2.2957
2026-10-07T20:02:33,payment-api,/transfer,eu-west-1,167,91,66,17,4727.19,ERR-903,High,Failure,13,87,1,CUST-109482,DEV-WIN-84725,2.8897
2026-10-07T20:02:33,ledger-service,/balance_check,us-west-2,21,2,12,1,0,ERR-000,Healthy,Success,17,3,0,CUST-134098,DEV-MAC-0149A5,1.1667
2026-10-07T20:02:43,ledger-service,/balance_check,us-west-2,31,24,53,6,0,ERR-903,High,Failure,16,88,1,CUST-134098,DEV-LIN-11235,3.9167
2026-10-07T20:02:43,auth-service,/login,ap-southeast-1,50,21,51,5,0,ERR-903,Medium,Failure,8,75,1,CUST-100483,DEV-LIN-11235,2.6825
2026-10-07T20:02:53,ledger-service,/balance_check,us-east-1,26,18,42,5,0,ERR-107,Low,Failure,16,33,1,CUST-112349,DEV-LIN-11235,3.1667
2026-10-07T20:03:03,ledger-service,/balance_check,us-east-1,28,18,47,5,0,ERR-202,Low,Failure,13,38,1,CUST-134098,DEV-WIN-99325,3.3167
2026-10-07T20:03:13,ledger-service,/balance_check,ap-southeast-1,24,18,49,5,0,ERR-301,Low,Failure,12,26,1,CUST-123456,DEV-MAC-75825,3.2167
2026-10-07T20:03:23,payment-api,/withdrawal,us-east-1,134,72,48,14,846.25,ERR-201,Low,Failure,1,35,1,CUST-134098,DEV-MAC-0149A5,2.3093
2026-10-07T20:03:23,auth-service,/login,eu-west-1,13,14,19,2,0,ERR-000,Healthy,Success,13,0,0,CUST-109482,DEV-WIN-99325,1.08
2026-10-07T20:03:43,investment-engine,/portfolio,ap-southeast-1,13,32,47,2,12345.78,ERR-000,Healthy,Success,2,3,0,CUST-123456,DEV-LIN-11235,0.3618
2026-10-07T20:03:43,fraud-detection,/payment,us-east-1,172,93,100,11,0,ERR-107,High,Failure,3,88,1,CUST-123456,DEV-WIN-99325,2.5768
2026-10-07T20:03:53,ledger-service,/balance_check,us-east-1,33,21,56,5,0,ERR-903,High,Failure,14,87,1,CUST-123456,DEV-MAC-0149A5,3.7333
2026-10-07T20:03:53,fraud-detection,/payment,us-east-1,137,89,91,10,0,ERR-704,Low,Failure,17,34,1,CUST-123456,DEV-MAC-75825,2.2247
2026-10-07T20:04:03,trading-engine,/trade,eu-west-1,133,65,49,1,127.81,ERR-000,Normal,Success,20,7,0,CUST-109482,DEV-WIN-99325,9.679
2026-10-07T20:04:13,trading-engine,/trade,us-west-2,167,91,65,2,3794.53,ERR-903,High,Failure,17,87,1,CUST-123456,DEV-MAC-0149A5,12.5636
2026-10-07T20:04:13,payment-api,/withdrawal,eu-west-1,98,47,26,1,5811.06,ERR-000,Healthy,Success,13,4,0,CUST-100483,DEV-MAC-75825,0.9803
2026-10-07T20:04:13,ledger-service,/balance_check,us-west-2,26,16,47,5,0,ERR-102,Low,Failure,8,26,1,CUST-134098,DEV-LIN-11235,3.1833
2026-10-07T20:04:33,ledger-service,/balance_check,us-east-1,9,8,26,3,0,ERR-000,Healthy,Success,9,4,0,CUST-109482,DEV-WIN-84725,1.6
2026-10-07T20:04:43,ledger-service,/balance_check,us-east-1,29,19,46,4,0,ERR-701,Low,Failure,4,22,1,CUST-109482,DEV-WIN-84725,3.1667
2026-10-07T20:04:43,auth-service,/login,eu-west-1,50,21,51,5,0,ERR-903,Medium,Failure,15,60,1,CUST-123456,DEV-LIN-11235,2.6825
2026-10-07T20:04:43,payment-api,/transfer,ap-southeast-1,189,95,72,17,6785.16,ERR-903,High,Failure,17,80,1,CUST-100483,DEV-LIN-11235,3.041
2026-10-07T20:04:53,ledger-service,/balance_check,us-east-1,28,20,46,5,0,ERR-110,Low,Failure,10,31,1,CUST-112349,DEV-LIN-11235,3.3667
2026-10-07T20:04:53,investment-engine,/portfolio,us-west-2,164,87,86,25,7940.31,ERR-108,Low,Failure,1,34,1,CUST-134098,DEV-MAC-0149A5,1.983
2026-10-07T20:05:03,ledger-service,/balance_check,us-east-1,28,20,50,4,0,ERR-107,Low,Failure,4,31,1,CUST-134098,DEV-WIN-99325,3.2333
2026-10-07T20:05:03,payment-api,/transfer,ap-southeast-1,61,2,19,2,2944.4,ERR-000,Healthy,Success,14,1,0,CUST-100483,DEV-WIN-99325,0.489
2026-10-07T20:05:03,fraud-detection,/payment,ap-southeast-1,136,81,91,9,0,ERR-102,Low,Failure,3,33,1,CUST-123456,DEV-WIN-99325,2.098
2026-10-07T20:05:13,investment-engine,/portfolio,ap-southeast-1,191,90,84,27,14333.87,ERR-207,Low,Failure,8,34,1,CUST-100483,DEV-MAC-75825,2.1507
2026-10-07T20:05:23,trading-engine,/trade,us-west-2,158,89,72,2,8469.17,ERR-903,High,Failure,9,81,1,CUST-112349,DEV-LIN-11235,11.9706
2026-10-07T20:05:33,ledger-service,/balance_check,ap-southeast-1,11,2,12,1,0,ERR-000,Healthy,Success,16,2,0,CUST-109482,DEV-WIN-84725,0.8333
2026-10-07T20:05:43,payment-api,/transfer,us-east-1,175,81,60,15,7899.1,ERR-109,High,Failure,1,89,1,CUST-109482,DEV-WIN-99325,2.675
2026-10-07T20:05:43,investment-engine,/portfolio,ap-southeast-1,184,85,88,29,5898.33,ERR-702,Low,Failure,14,24,1,CUST-123456,DEV-MAC-75825,2.1769
2026-10-07T20:05:43,ledger-service,/balance_check,us-west-2,30,19,48,5,0,ERR-102,Low,Failure,13,20,1,CUST-112349,DEV-MAC-75825,3.4333
2026-10-07T20:05:43,trading-engine,/trade,us-west-2,9,42,42,1,5864.53,ERR-000,Healthy,Success,8,2,0,CUST-112349,DEV-MAC-75825,1.322
2026-10-07T20:05:53,trading-engine,/trade,us-east-1,13,35,15,1,6243.67,ERR-000,Healthy,Success,7,4,0,CUST-100483,DEV-MAC-0149A5,1.5126
2026-10-07T20:05:53,payment-api,/transfer,eu-west-1,51,7,21,3,4944.57,ERR-000,Healthy,Success,10,2,0,CUST-100483,DEV-MAC-0149A5,0.5673
2026-10-07T20:06:03,ledger-service,/balance_check,us-east-1,30,24,52,5,0,ERR-903,High,Failure,17,89,1,CUST-109482,DEV-LIN-11235,3.6667
2026-10-07T20:06:13,ledger-service,/balance_check,eu-west-1,30,20,47,5,0,ERR-704,Low,Failure,3,24,1,CUST-112349,DEV-MAC-75825,3.45
2026-10-07T20:06:13,auth-service,/login,us-east-1,45,19,47,5,0,ERR-905,Low,Failure,8,21,1,CUST-100483,DEV-WIN-84725,2.53
2026-10-07T20:06:23,fraud-detection,/payment,ap-southeast-1,143,89,100,10,0,ERR-307,Low,Failure,16,30,1,CUST-134098,DEV-WIN-99325,2.2735
2026-10-07T20:06:23,trading-engine,/trade,us-west-2,97,4,4,1,5926.38,ERR-000,Healthy,Success,18,4,0,CUST-112349,DEV-LIN-11235,6.9878
2026-10-07T20:06:33,auth-service,/login,us-east-1,50,18,50,5,0,ERR-205,Low,Failure,2,30,1,CUST-109482,DEV-MAC-75825,2.61
2026-10-07T20:06:33,trading-engine,/trade,ap-southeast-1,150,76,51,2,8621.75,ERR-302,Low,Failure,6,32,1,CUST-100483,DEV-MAC-75825,11.3529
2026-10-07T20:06:43,investment-engine,/portfolio,eu-west-1,174,84,75,26,5306.63,ERR-307,Low,Failure,11,35,1,CUST-134098,DEV-LIN-11235,2.0132
2026-10-07T20:06:53,payment-api,/withdrawal,ap-southeast-1,160,72,59,13,9865.68,ERR-901,Low,Failure,10,40,1,CUST-100483,DEV-WIN-99325,2.4017
2026-10-07T20:07:03,payment-api,/withdrawal,us-east-1,152,72,56,15,7741.48,ERR-110,Low,Failure,17,29,1,CUST-123456,DEV-MAC-0149A5,2.488
2026-10-07T20:07:03,ledger-service,/balance_check,eu-west-1,30,20,48,5,0,ERR-309,Low,Failure,3,21,1,CUST-109482,DEV-MAC-75825,3.4667
2026-10-07T20:07:03,auth-service,/login,eu-west-1,52,21,50,5,0,ERR-304,Medium,Failure,2,61,1,CUST-100483,DEV-WIN-99325,2.695
2026-10-07T20:07:13,auth-service,/login,eu-west-1,32,11,35,1,0,ERR-000,Healthy,Success,18,2,0,CUST-100483,DEV-MAC-75825,1.2575
2026-10-07T20:07:13,payment-api,/withdrawal,us-west-2,165,96,69,16,2430.15,ERR-903,High,Failure,15,88,1,CUST-123456,DEV-LIN-11235,2.8717
2026-10-07T20:07:23,ledger-service,/balance_check,eu-west-1,36,24,52,6,0,ERR-903,High,Failure,20,82,1,CUST-123456,DEV-LIN-11235,4.0667
2026-10-07T20:07:23,investment-engine,/portfolio,us-west-2,14,51,25,20,8418.45,ERR-000,Healthy,Success,13,3,0,CUST-134098,DEV-LIN-11235,1.0172
2026-10-07T20:07:33,ledger-service,/balance_check,ap-southeast-1,35,22,60,6,0,ERR-903,High,Failure,14,90,1,CUST-109482,DEV-LIN-11235,4.1
2026-10-07T20:07:43,ledger-service,/balance_check,us-west-2,30,22,52,6,0,ERR-903,High,Failure,9,84,1,CUST-134098,DEV-MAC-0149A5,3.8
2026-10-07T20:07:53,ledger-service,/balance_check,us-west-2,30,21,50,5,0,ERR-304,High,Failure,2,80,1,CUST-134098,DEV-MAC-75825,3.5333
2026-10-07T20:07:53,trading-engine,/trade,us-east-1,146,80,55,1,5059.06,ERR-208,Low,Failure,18,33,1,CUST-109482,DEV-MAC-0149A5,10.6074
2026-10-07T20:08:13,ledger-service,/balance_check,us-east-1,29,19,46,4,0,ERR-202,Low,Failure,14,30,1,CUST-134098,DEV-WIN-99325,3.1667
2026-10-07T20:08:23,ledger-service,/balance_check,eu-west-1,14,14,33,3,0,ERR-000,Healthy,Success,20,5,0,CUST-109482,DEV-WIN-84725,2.0833
2026-10-07T20:08:33,ledger-service,/balance_check,eu-west-1,34,24,60,5,0,ERR-903,High,Failure,9,86,1,CUST-109482,DEV-MAC-0149A5,3.9333
2026-10-07T20:08:43,ledger-service,/balance_check,ap-southeast-1,9,6,10,2,0,ERR-000,Healthy,Success,9,4,0,CUST-123456,DEV-MAC-0149A5,1.0667
2026-10-07T20:08:43,payment-api,/withdrawal,ap-southeast-1,31,52,22,8,4104.98,ERR-000,Healthy,Success,2,3,0,CUST-112349,DEV-LIN-11235,1.2007
2026-10-07T20:08:53,auth-service,/login,us-west-2,45,18,46,5,0,ERR-106,Low,Failure,19,37,1,CUST-100483,DEV-LIN-11235,2.4975
2026-10-07T20:08:53,ledger-service,/balance_check,us-east-1,36,23,50,5,0,ERR-109,High,Failure,4,89,1,CUST-123456,DEV-MAC-75825,3.8
2026-10-07T20:09:03,ledger-service,/balance_check,ap-southeast-1,19,13,27,3,0,ERR-000,Healthy,Success,16,2,0,CUST-109482,DEV-MAC-0149A5,2.1167
2026-10-07T20:09:13,trading-engine,/trade,us-east-1,172,80,67,2,5349.69,ERR-705,High,Failure,1,85,1,CUST-134098,DEV-WIN-84725,12.8642
2026-10-07T20:09:13,ledger-service,/balance_check,ap-southeast-1,29,18,50,4,0,ERR-905,Low,Failure,13,27,1,CUST-123456,DEV-MAC-75825,3.2
2026-10-07T20:09:23,trading-engine,/trade,ap-southeast-1,147,74,59,2,9140.93,ERR-102,Low,Failure,11,31,1,CUST-109482,DEV-LIN-11235,11.1619
2026-10-07T20:09:33,payment-api,/transfer,us-east-1,184,93,62,18,2564.64,ERR-903,High,Failure,4,83,1,CUST-123456,DEV-WIN-99325,3.021
2026-10-07T20:09:43,ledger-service,/balance_check,ap-southeast-1,26,19,40,5,0,ERR-209,Low,Failure,10,20,1,CUST-123456,DEV-WIN-84725,3.1667
2026-10-07T20:09:43,payment-api,/withdrawal,ap-southeast-1,179,96,66,16,4974.71,ERR-903,High,Failure,7,84,1,CUST-100483,DEV-MAC-75825,2.9127
2026-10-07T20:09:53,auth-service,/login,eu-west-1,50,18,45,5,0,ERR-207,Low,Failure,16,28,1,CUST-109482,DEV-WIN-84725,2.5475
2026-10-07T20:09:53,ledger-service,/balance_check,us-east-1,28,20,50,5,0,ERR-108,Low,Failure,5,23,1,CUST-112349,DEV-MAC-0149A5,3.4333
2026-10-07T20:10:03,investment-engine,/portfolio,eu-west-1,222,95,90,32,12572.85,ERR-207,High,Failure,13,89,1,CUST-100483,DEV-MAC-0149A5,2.4574
2026-10-07T20:10:03,ledger-service,/balance_check,us-west-2,30,20,48,4,0,ERR-703,Low,Failure,9,21,1,CUST-109482,DEV-LIN-11235,3.2667
2026-10-07T20:10:13,auth-service,/login,us-west-2,46,19,46,5,0,ERR-305,Low,Failure,18,24,1,CUST-112349,DEV-MAC-75825,2.53
2026-10-07T20:10:13,trading-engine,/trade,us-west-2,191,100,72,2,6302.14,ERR-902,Critical,Failure,5,93,1,CUST-123456,DEV-WIN-99325,14.2073
2026-10-07T20:10:13,investment-engine,/portfolio,eu-west-1,6,56,47,2,10747.43,ERR-000,Healthy,Success,6,1,0,CUST-123456,DEV-MAC-75825,0.4585
2026-10-07T20:10:23,ledger-service,/balance_check,ap-southeast-1,27,20,50,5,0,ERR-905,Low,Failure,7,36,1,CUST-112349,DEV-MAC-0149A5,3.4
2026-10-07T20:10:23,payment-api,/withdrawal,eu-west-1,158,72,56,14,2459.38,ERR-104,Low,Failure,10,31,1,CUST-100483,DEV-MAC-75825,2.4453
2026-10-07T20:10:33,auth-service,/login,ap-southeast-1,49,20,49,5,0,ERR-704,Low,Failure,7,22,1,CUST-100483,DEV-MAC-0149A5,2.625
2026-10-07T20:10:43,fraud-detection,/payment,ap-southeast-1,145,84,100,9,0,ERR-106,Low,Failure,13,35,1,CUST-112349,DEV-WIN-99325,2.1743
2026-10-07T20:10:53,ledger-service,/balance_check,us-east-1,27,18,50,5,0,ERR-104,Low,Failure,10,22,1,CUST-112349,DEV-WIN-84725,3.3333
2026-10-07T20:11:03,trading-engine,/trade,eu-west-1,148,80,57,2,4415.24,ERR-104,Low,Failure,10,36,1,CUST-100483,DEV-MAC-75825,11.2447
2026-10-07T20:11:03,ledger-service,/balance_check,eu-west-1,27,18,49,5,0,ERR-702,Low,Failure,6,39,1,CUST-123456,DEV-MAC-75825,3.3167
2026-10-07T20:11:13,auth-service,/login,eu-west-1,48,19,47,4,0,ERR-704,Low,Failure,6,30,1,CUST-134098,DEV-LIN-11235,2.3675
2026-10-07T20:11:33,ledger-service,/balance_check,eu-west-1,14,12,14,1,0,ERR-000,Healthy,Success,2,4,0,CUST-109482,DEV-MAC-0149A5,1.3
2026-10-07T20:11:33,trading-engine,/trade,eu-west-1,148,68,53,2,1868.19,ERR-101,Low,Failure,5,29,1,CUST-134098,DEV-MAC-75825,11.1968
2026-10-07T20:11:43,fraud-detection,/payment,us-east-1,142,85,99,9,0,ERR-108,Low,Failure,20,24,1,CUST-100483,DEV-LIN-11235,2.1558
2026-10-07T20:11:43,ledger-service,/balance_check,eu-west-1,28,18,45,4,0,ERR-901,Low,Failure,17,24,1,CUST-112349,DEV-LIN-11235,3.0833
2026-10-07T20:11:53,fraud-detection,/payment,eu-west-1,192,100,100,13,0,ERR-904,Critical,Failure,17,96,1,CUST-123456,DEV-MAC-0149A5,2.9277
2026-10-07T20:11:53,trading-engine,/trade,ap-southeast-1,122,68,48,1,2942.09,ERR-000,Normal,Success,3,5,0,CUST-134098,DEV-WIN-99325,8.9538
2026-10-07T20:12:03,trading-engine,/trade,ap-southeast-1,164,82,65,2,7449.44,ERR-903,High,Failure,18,90,1,CUST-134098,DEV-WIN-84725,12.3336
2026-10-07T20:12:03,investment-engine,/portfolio,us-west-2,183,87,82,28,13153.43,ERR-202,Low,Failure,16,27,1,CUST-123456,DEV-WIN-99325,2.1385
2026-10-07T20:12:13,fraud-detection,/payment,us-west-2,130,89,98,10,0,ERR-901,Low,Failure,3,24,1,CUST-109482,DEV-LIN-11235,2.1849
2026-10-07T20:12:13,ledger-service,/balance_check,ap-southeast-1,25,18,41,4,0,ERR-904,Low,Failure,7,28,1,CUST-134098,DEV-MAC-0149A5,2.9167
2026-10-07T20:12:23,auth-service,/login,us-west-2,52,21,50,5,0,ERR-704,Medium,Failure,4,72,1,CUST-134098,DEV-MAC-75825,2.695
2026-10-07T20:12:23,payment-api,/transfer,us-east-1,148,73,60,15,4208.38,ERR-305,Low,Failure,19,23,1,CUST-100483,DEV-WIN-84725,2.5003
2026-10-07T20:12:33,ledger-service,/balance_check,ap-southeast-1,28,18,46,4,0,ERR-304,Low,Failure,4,21,1,CUST-100483,DEV-WIN-84725,3.1
2026-10-07T20:12:33,payment-api,/transfer,us-west-2,252,100,98,23,4346.66,ERR-901,Critical,Failure,11,100,1,CUST-109482,DEV-MAC-75825,3.8647
2026-10-07T20:12:33,fraud-detection,/payment,ap-southeast-1,48,39,22,5,0,ERR-000,Healthy,Success,6,5,0,CUST-112349,DEV-LIN-11235,0.939
2026-10-07T20:12:43,trading-engine,/trade,us-east-1,170,83,71,2,1208.86,ERR-903,High,Failure,12,81,1,CUST-100483,DEV-MAC-0149A5,12.7487
2026-10-07T20:12:53,ledger-service,/balance_check,eu-west-1,31,23,55,5,0,ERR-903,High,Failure,4,83,1,CUST-109482,DEV-WIN-84725,3.7167
2026-10-07T20:12:53,auth-service,/login,us-east-1,49,18,45,5,0,ERR-107,Low,Failure,18,40,1,CUST-123456,DEV-LIN-11235,2.535
2026-10-07T20:13:03,trading-engine,/trade,ap-southeast-1,54,1,29,1,9705.95,ERR-000,Healthy,Success,14,4,0,CUST-112349,DEV-WIN-99325,4.16
2026-10-07T20:13:13,payment-api,/transfer,us-west-2,171,86,62,15,1286.9,ERR-903,High,Failure,14,86,1,CUST-109482,DEV-WIN-84725,2.7107
2026-10-07T20:13:13,ledger-service,/balance_check,eu-west-1,30,18,46,5,0,ERR-705,Low,Failure,18,36,1,CUST-100483,DEV-MAC-0149A5,3.3667
2026-10-07T20:13:23,fraud-detection,/payment,eu-west-1,171,100,100,12,0,ERR-303,High,Failure,4,82,1,CUST-123456,DEV-MAC-0149A5,2.6877
2026-10-07T20:13:33,ledger-service,/balance_check,eu-west-1,30,18,49,4,0,ERR-102,Low,Failure,12,38,1,CUST-100483,DEV-WIN-99325,3.2167
2026-10-07T20:13:33,fraud-detection,/payment,us-west-2,170,98,100,10,0,ERR-903,High,Failure,1,80,1,CUST-112349,DEV-WIN-99325,2.476
2026-10-07T20:13:43,ledger-service,/balance_check,ap-southeast-1,28,19,45,5,0,ERR-101,Low,Failure,8,24,1,CUST-100483,DEV-WIN-84725,3.3167
2026-10-07T20:13:43,payment-api,/transfer,eu-west-1,217,100,72,18,8625.84,ERR-902,Critical,Failure,2,97,1,CUST-123456,DEV-WIN-84725,3.2613
2026-10-07T20:13:53,auth-service,/login,us-east-1,51,21,50,5,0,ERR-903,Medium,Failure,15,63,1,CUST-123456,DEV-LIN-11235,2.6825
2026-10-07T20:14:23,ledger-service,/balance_check,ap-southeast-1,3,7,12,1,0,ERR-000,Healthy,Success,18,5,0,CUST-112349,DEV-WIN-84725,0.7333
2026-10-07T20:14:23,auth-service,/login,ap-southeast-1,50,19,48,5,0,ERR-202,Low,Failure,19,26,1,CUST-109482,DEV-WIN-99325,2.605
2026-10-07T20:14:33,ledger-service,/balance_check,eu-west-1,30,19,47,5,0,ERR-103,Low,Failure,16,33,1,CUST-100483,DEV-WIN-99325,3.4167
2026-10-07T20:14:43,fraud-detection,/payment,us-west-2,120,83,86,10,0,ERR-104,Low,Failure,3,37,1,CUST-112349,DEV-MAC-75825,2.0915
2026-10-07T20:14:43,ledger-service,/balance_check,eu-west-1,30,20,46,4,0,ERR-305,Low,Failure,19,25,1,CUST-123456,DEV-MAC-75825,3.2333
2026-10-07T20:14:53,ledger-service,/balance_check,ap-southeast-1,30,20,47,4,0,ERR-210,Low,Failure,11,39,1,CUST-109482,DEV-MAC-0149A5,3.25
2026-10-07T20:15:03,ledger-service,/balance_check,us-west-2,29,20,46,4,0,ERR-701,Low,Failure,5,20,1,CUST-123456,DEV-WIN-99325,3.2
2026-10-07T20:15:13,ledger-service,/balance_check,eu-west-1,29,19,47,4,0,ERR-704,Low,Failure,17,26,1,CUST-112349,DEV-MAC-0149A5,3.1833
2026-10-07T20:15:23,ledger-service,/balance_check,eu-west-1,27,18,48,4,0,ERR-905,Low,Failure,5,22,1,CUST-100483,DEV-MAC-75825,3.1
2026-10-07T20:15:33,payment-api,/withdrawal,eu-west-1,154,73,60,13,2074.49,ERR-102,Low,Failure,6,21,1,CUST-100483,DEV-WIN-99325,2.391
2026-10-07T20:15:33,ledger-service,/balance_check,eu-west-1,28,20,46,5,0,ERR-703,Low,Failure,8,39,1,CUST-123456,DEV-WIN-84725,3.3667
2026-10-07T20:15:33,auth-service,/login,ap-southeast-1,47,18,47,5,0,ERR-304,Low,Failure,17,20,1,CUST-100483,DEV-MAC-75825,2.535
2026-10-07T20:15:43,investment-engine,/portfolio,us-west-2,180,88,82,30,13516.81,ERR-309,Low,Failure,14,36,1,CUST-134098,DEV-MAC-0149A5,2.2002
2026-10-07T20:15:53,auth-service,/login,us-east-1,47,20,48,5,0,ERR-705,Low,Failure,6,23,1,CUST-100483,DEV-WIN-99325,2.5875
2026-10-07T20:15:53,trading-engine,/trade,us-west-2,158,92,72,2,8878.47,ERR-903,High,Failure,10,86,1,CUST-112349,DEV-MAC-75825,11.9806
2026-10-07T20:15:53,ledger-service,/balance_check,eu-west-1,29,19,47,4,0,ERR-201,Low,Failure,13,22,1,CUST-134098,DEV-LIN-11235,3.1833
2026-10-07T20:16:03,auth-service,/login,eu-west-1,24,4,28,2,0,ERR-000,Healthy,Success,9,3,0,CUST-100483,DEV-LIN-11235,1.13
2026-10-07T20:16:03,ledger-service,/balance_check,ap-southeast-1,24,18,42,5,0,ERR-204,Low,Failure,9,37,1,CUST-109482,DEV-MAC-75825,3.1
2026-10-07T20:16:13,ledger-service,/balance_check,eu-west-1,30,19,47,4,0,ERR-305,Low,Failure,9,28,1,CUST-112349,DEV-MAC-0149A5,3.2167
2026-10-07T20:16:13,trading-engine,/trade,ap-southeast-1,139,79,58,2,5653.18,ERR-101,Low,Failure,13,37,1,CUST-100483,DEV-WIN-84725,10.6433
2026-10-07T20:16:23,payment-api,/withdrawal,ap-southeast-1,149,74,55,14,1768.47,ERR-103,Low,Failure,17,33,1,CUST-100483,DEV-LIN-11235,2.421
2026-10-07T20:16:23,ledger-service,/balance_check,eu-west-1,28,20,50,4,0,ERR-904,Low,Failure,10,27,1,CUST-109482,DEV-LIN-11235,3.2333
2026-10-07T20:16:33,auth-service,/login,us-west-2,52,21,50,5,0,ERR-203,Medium,Failure,8,61,1,CUST-100483,DEV-LIN-11235,2.695
2026-10-07T20:16:33,payment-api,/withdrawal,eu-west-1,143,66,58,15,1516.28,ERR-110,Low,Failure,1,31,1,CUST-123456,DEV-LIN-11235,2.412
2026-10-07T20:16:33,investment-engine,/portfolio,eu-west-1,14,19,34,20,6090.46,ERR-000,Healthy,Success,10,5,0,CUST-123456,DEV-LIN-11235,0.8747
2026-10-07T20:16:43,ledger-service,/balance_check,eu-west-1,28,19,48,4,0,ERR-702,Low,Failure,7,23,1,CUST-123456,DEV-MAC-75825,3.1667
2026-10-07T20:16:53,ledger-service,/balance_check,us-west-2,28,19,50,4,0,ERR-105,Low,Failure,8,25,1,CUST-100483,DEV-WIN-84725,3.2
2026-10-07T20:17:03,payment-api,/transfer,ap-southeast-1,58,30,11,1,9541.11,ERR-000,Healthy,Success,5,5,0,CUST-112349,DEV-MAC-0149A5,0.6037
2026-10-07T20:17:03,ledger-service,/balance_check,eu-west-1,36,22,55,5,0,ERR-903,High,Failure,9,86,1,CUST-123456,DEV-LIN-11235,3.85
2026-10-07T20:17:13,payment-api,/transfer,ap-southeast-1,182,92,63,18,790.73,ERR-903,High,Failure,8,80,1,CUST-134098,DEV-WIN-99325,3.0097
2026-10-07T20:17:23,ledger-service,/balance_check,us-east-1,30,18,47,5,0,ERR-303,Low,Failure,8,33,1,CUST-109482,DEV-MAC-75825,3.3833
2026-10-07T20:17:33,ledger-service,/balance_check,us-east-1,27,19,47,5,0,ERR-103,Low,Failure,4,37,1,CUST-123456,DEV-MAC-0149A5,3.3167
2026-10-07T20:17:43,fraud-detection,/payment,eu-west-1,149,88,95,9,0,ERR-104,Low,Failure,14,29,1,CUST-100483,DEV-MAC-75825,2.2061
2026-10-07T20:17:43,investment-engine,/portfolio,ap-southeast-1,191,89,87,30,5686.42,ERR-905,Low,Failure,19,33,1,CUST-100483,DEV-WIN-99325,2.2516
2026-10-07T20:17:43,ledger-service,/balance_check,us-east-1,28,18,46,5,0,ERR-307,Low,Failure,13,25,1,CUST-123456,DEV-MAC-0149A5,3.3
2026-10-07T20:17:53,investment-engine,/portfolio,us-west-2,91,44,28,11,8011.35,ERR-000,Healthy,Success,19,1,0,CUST-109482,DEV-MAC-75825,0.9447
2026-10-07T20:17:53,auth-service,/login,ap-southeast-1,50,20,48,5,0,ERR-106,Low,Failure,4,38,1,CUST-100483,DEV-LIN-11235,2.625
2026-10-07T20:18:03,trading-engine,/trade,us-east-1,143,80,55,2,8053.6,ERR-301,Low,Failure,9,34,1,CUST-109482,DEV-LIN-11235,10.9074
2026-10-07T20:18:03,ledger-service,/balance_check,us-east-1,28,20,48,5,0,ERR-307,Low,Failure,8,39,1,CUST-100483,DEV-WIN-84725,3.4
2026-10-07T20:18:13,payment-api,/withdrawal,us-east-1,149,77,54,13,9589.13,ERR-302,Low,Failure,4,38,1,CUST-112349,DEV-LIN-11235,2.3743
2026-10-07T20:18:13,fraud-detection,/payment,us-east-1,129,83,100,10,0,ERR-210,Low,Failure,10,23,1,CUST-134098,DEV-WIN-99325,2.1652
2026-10-07T20:18:13,trading-engine,/trade,ap-southeast-1,172,87,69,2,4834.85,ERR-903,High,Failure,4,82,1,CUST-123456,DEV-WIN-99325,12.8914
2026-10-07T20:18:23,auth-service,/login,us-west-2,46,18,50,5,0,ERR-901,Low,Failure,12,38,1,CUST-109482,DEV-WIN-99325,2.56
2026-10-07T20:18:23,trading-engine,/trade,ap-southeast-1,139,73,57,1,7893.59,ERR-301,Low,Failure,2,21,1,CUST-123456,DEV-WIN-84725,10.1213
2026-10-07T20:18:23,ledger-service,/balance_check,eu-west-1,27,19,49,5,0,ERR-204,Low,Failure,14,24,1,CUST-123456,DEV-WIN-99325,3.35
2026-10-07T20:18:33,payment-api,/transfer,us-west-2,130,68,51,12,8850.44,ERR-000,Normal,Success,14,9,0,CUST-123456,DEV-WIN-84725,2.1417
2026-10-07T20:18:43,fraud-detection,/payment,eu-west-1,246,100,100,14,0,ERR-904,Critical,Failure,20,91,1,CUST-112349,DEV-LIN-11235,3.3877
2026-10-07T20:18:53,ledger-service,/balance_check,ap-southeast-1,27,20,47,5,0,ERR-705,Low,Failure,13,40,1,CUST-123456,DEV-WIN-99325,3.35
2026-10-07T20:18:53,investment-engine,/portfolio,us-west-2,181,81,90,27,14803.28,ERR-201,Low,Failure,9,39,1,CUST-134098,DEV-WIN-84725,2.0841
2026-10-07T20:19:03,auth-service,/login,us-east-1,50,20,51,5,0,ERR-308,Medium,Failure,14,63,1,CUST-112349,DEV-LIN-11235,2.6625
2026-10-07T20:19:13,ledger-service,/balance_check,eu-west-1,30,19,45,4,0,ERR-105,Low,Failure,8,24,1,CUST-112349,DEV-WIN-84725,3.1833
2026-10-07T20:19:13,payment-api,/transfer,eu-west-1,154,76,60,15,632.84,ERR-306,Low,Failure,4,36,1,CUST-123456,DEV-WIN-99325,2.5493
2026-10-07T20:19:23,ledger-service,/balance_check,eu-west-1,34,21,53,5,0,ERR-903,High,Failure,7,87,1,CUST-123456,DEV-WIN-84725,3.7167
2026-10-07T20:19:23,auth-service,/login,ap-southeast-1,46,19,49,4,0,ERR-102,Low,Failure,12,25,1,CUST-100483,DEV-MAC-75825,2.3675
2026-10-07T20:19:33,investment-engine,/portfolio,ap-southeast-1,182,83,85,28,9924.04,ERR-703,Low,Failure,3,22,1,CUST-100483,DEV-MAC-75825,2.121
2026-10-07T20:19:33,ledger-service,/balance_check,us-east-1,30,19,46,4,0,ERR-310,Low,Failure,11,35,1,CUST-112349,DEV-WIN-84725,3.2
2026-10-07T20:19:43,payment-api,/withdrawal,us-west-2,148,67,56,12,2396.02,ERR-901,Low,Failure,5,25,1,CUST-109482,DEV-WIN-84725,2.2303
2026-10-07T20:19:43,ledger-service,/balance_check,eu-west-1,34,22,53,6,0,ERR-903,High,Failure,4,87,1,CUST-123456,DEV-LIN-11235,3.95
2026-10-07T20:20:13,ledger-service,/balance_check,ap-southeast-1,30,20,49,5,0,ERR-206,Low,Failure,16,28,1,CUST-134098,DEV-WIN-84725,3.4833
2026-10-07T20:20:23,ledger-service,/balance_check,us-west-2,29,19,46,4,0,ERR-109,Low,Failure,7,30,1,CUST-134098,DEV-MAC-0149A5,3.1667
2026-10-07T20:20:23,trading-engine,/trade,eu-west-1,144,67,49,2,860.31,ERR-305,Low,Failure,10,29,1,CUST-112349,DEV-MAC-0149A5,10.919
2026-10-07T20:20:33,ledger-service,/balance_check,us-east-1,10,14,35,1,0,ERR-000,Healthy,Success,17,3,0,CUST-100483,DEV-LIN-11235,1.5833
2026-10-07T20:20:43,ledger-service,/balance_check,ap-southeast-1,17,14,35,2,0,ERR-000,Healthy,Success,16,4,0,CUST-100483,DEV-WIN-84725,2.0167
2026-10-07T20:20:53,ledger-service,/balance_check,ap-southeast-1,30,21,54,6,0,ERR-903,High,Failure,5,85,1,CUST-109482,DEV-LIN-11235,3.8
2026-10-07T20:21:13,ledger-service,/balance_check,us-west-2,35,21,56,6,0,ERR-903,High,Failure,7,86,1,CUST-109482,DEV-MAC-75825,4
2026-10-07T20:21:13,payment-api,/withdrawal,eu-west-1,152,78,59,13,8717.47,ERR-210,Low,Failure,20,30,1,CUST-109482,DEV-LIN-11235,2.4197
2026-10-07T20:21:23,auth-service,/login,eu-west-1,52,20,52,5,0,ERR-905,Medium,Failure,18,61,1,CUST-109482,DEV-WIN-84725,2.7
2026-10-07T20:21:23,ledger-service,/balance_check,us-west-2,30,21,55,6,0,ERR-903,High,Failure,19,86,1,CUST-134098,DEV-WIN-84725,3.8167
2026-10-07T20:21:33,ledger-service,/balance_check,us-west-2,33,20,59,5,0,ERR-205,High,Failure,16,83,1,CUST-112349,DEV-MAC-0149A5,3.75
2026-10-07T20:21:33,payment-api,/transfer,us-west-2,156,79,59,14,6548.15,ERR-109,Low,Failure,3,26,1,CUST-123456,DEV-WIN-84725,2.5107
2026-10-07T20:22:03,auth-service,/login,ap-southeast-1,52,21,52,5,0,ERR-903,Medium,Failure,14,69,1,CUST-134098,DEV-MAC-0149A5,2.72
2026-10-07T20:22:13,payment-api,/withdrawal,ap-southeast-1,145,76,55,15,8822.68,ERR-703,Low,Failure,15,38,1,CUST-123456,DEV-WIN-84725,2.4883
2026-10-07T20:22:23,auth-service,/login,ap-southeast-1,48,19,47,5,0,ERR-904,Low,Failure,15,20,1,CUST-100483,DEV-MAC-0149A5,2.5675
2026-10-07T20:22:33,payment-api,/withdrawal,us-west-2,203,100,75,19,9453.91,ERR-901,Critical,Failure,6,98,1,CUST-100483,DEV-WIN-99325,3.287
2026-10-07T20:22:33,auth-service,/login,us-west-2,30,14,10,2,0,ERR-000,Healthy,Success,11,3,0,CUST-123456,DEV-MAC-75825,1.18
2026-10-07T20:22:33,trading-engine,/trade,eu-west-1,207,100,80,2,2475.91,ERR-901,Critical,Failure,17,90,1,CUST-109482,DEV-MAC-0149A5,15.2896
2026-10-07T20:22:43,ledger-service,/balance_check,eu-west-1,30,18,49,4,0,ERR-104,Low,Failure,14,35,1,CUST-100483,DEV-LIN-11235,3.2167
2026-10-07T20:22:43,investment-engine,/portfolio,ap-southeast-1,38,15,61,2,14681.65,ERR-000,Healthy,Success,8,1,0,CUST-109482,DEV-WIN-99325,0.3875
2026-10-07T20:22:53,auth-service,/login,us-east-1,50,21,52,5,0,ERR-903,Medium,Failure,10,71,1,CUST-134098,DEV-LIN-11235,2.695
2026-10-07T20:22:53,ledger-service,/balance_check,us-west-2,36,21,50,5,0,ERR-901,High,Failure,12,89,1,CUST-100483,DEV-WIN-84725,3.7333
2026-10-07T20:22:53,payment-api,/transfer,eu-west-1,159,79,59,15,2597.86,ERR-903,Low,Failure,14,21,1,CUST-112349,DEV-WIN-99325,2.5893
2026-10-07T20:23:03,ledger-service,/balance_check,ap-southeast-1,29,18,45,4,0,ERR-202,Low,Failure,4,32,1,CUST-100483,DEV-MAC-0149A5,3.1167
2026-10-07T20:23:03,payment-api,/transfer,us-west-2,172,88,71,16,7654.18,ERR-903,High,Failure,19,80,1,CUST-100483,DEV-WIN-99325,2.843
2026-10-07T20:23:03,investment-engine,/portfolio,us-west-2,104,51,10,18,6258.94,ERR-000,Healthy,Success,5,4,0,CUST-123456,DEV-LIN-11235,1.2212
2026-10-07T20:23:13,payment-api,/transfer,us-west-2,245,100,100,26,2950.6,ERR-901,Critical,Failure,13,92,1,CUST-109482,DEV-WIN-99325,4.0467
2026-10-07T20:23:13,ledger-service,/balance_check,eu-west-1,30,20,48,4,0,ERR-905,Low,Failure,10,34,1,CUST-112349,DEV-MAC-75825,3.2667
2026-10-07T20:23:23,auth-service,/login,eu-west-1,49,19,49,4,0,ERR-208,Low,Failure,16,20,1,CUST-112349,DEV-LIN-11235,2.405
2026-10-07T20:23:33,ledger-service,/balance_check,us-west-2,30,18,50,5,0,ERR-209,Low,Failure,9,39,1,CUST-109482,DEV-WIN-84725,3.4333
2026-10-07T20:23:33,payment-api,/transfer,us-east-1,169,94,65,15,2368.25,ERR-903,High,Failure,3,90,1,CUST-134098,DEV-MAC-0149A5,2.7843
2026-10-07T20:23:33,fraud-detection,/payment,us-east-1,148,88,93,9,0,ERR-109,Low,Failure,2,23,1,CUST-123456,DEV-LIN-11235,2.1975
2026-10-07T20:23:43,trading-engine,/trade,ap-southeast-1,132,79,58,2,1078.73,ERR-202,Low,Failure,18,21,1,CUST-123456,DEV-WIN-99325,10.1766
2026-10-07T20:23:43,payment-api,/withdrawal,ap-southeast-1,134,71,53,12,6248.54,ERR-000,Normal,Success,4,11,0,CUST-109482,DEV-MAC-75825,2.1927
2026-10-07T20:23:43,fraud-detection,/payment,us-west-2,146,86,96,9,0,ERR-102,Low,Failure,8,32,1,CUST-112349,DEV-WIN-84725,2.1821
2026-10-07T20:24:03,trading-engine,/trade,us-west-2,123,73,48,1,8455.85,ERR-205,Low,Failure,18,40,1,CUST-100483,DEV-MAC-0149A5,9.0371
2026-10-07T20:24:03,ledger-service,/balance_check,us-west-2,29,18,50,5,0,ERR-206,Low,Failure,17,34,1,CUST-112349,DEV-LIN-11235,3.4
2026-10-07T20:24:13,trading-engine,/trade,us-west-2,141,73,60,2,2193.85,ERR-304,Low,Failure,8,28,1,CUST-100483,DEV-WIN-84725,10.7605
2026-10-07T20:24:13,ledger-service,/balance_check,ap-southeast-1,27,17,50,5,0,ERR-902,Low,Failure,17,37,1,CUST-112349,DEV-MAC-0149A5,3.3
2026-10-07T20:24:13,fraud-detection,/payment,eu-west-1,139,88,85,10,0,ERR-904,Low,Failure,10,22,1,CUST-134098,DEV-WIN-84725,2.2297
2026-10-07T20:24:23,ledger-service,/balance_check,eu-west-1,25,19,50,4,0,ERR-302,Low,Failure,17,34,1,CUST-109482,DEV-MAC-0149A5,3.1
2026-10-07T20:24:23,payment-api,/transfer,us-east-1,156,65,58,14,4508.03,ERR-902,Low,Failure,9,37,1,CUST-123456,DEV-MAC-75825,2.389
2026-10-07T20:24:33,ledger-service,/balance_check,us-west-2,34,22,53,6,0,ERR-903,High,Failure,12,81,1,CUST-112349,DEV-MAC-75825,3.95
2026-10-07T20:24:53,payment-api,/transfer,eu-west-1,224,100,76,20,8401.37,ERR-901,Critical,Failure,16,98,1,CUST-123456,DEV-WIN-99325,3.4427
2026-10-07T20:24:53,ledger-service,/balance_check,us-east-1,24,18,42,5,0,ERR-902,Low,Failure,18,23,1,CUST-112349,DEV-MAC-75825,3.1
2026-10-07T20:25:03,investment-engine,/portfolio,eu-west-1,135,38,25,2,6893.17,ERR-000,Healthy,Success,16,5,0,CUST-123456,DEV-WIN-84725,0.7555
2026-10-07T20:25:03,ledger-service,/balance_check,ap-southeast-1,29,20,50,4,0,ERR-704,Low,Failure,15,34,1,CUST-112349,DEV-MAC-75825,3.2667
2026-10-07T20:25:03,auth-service,/login,ap-southeast-1,52,20,51,5,0,ERR-208,Medium,Failure,20,64,1,CUST-123456,DEV-WIN-99325,2.6875
2026-10-07T20:25:13,investment-engine,/portfolio,us-east-1,236,94,94,32,10690.1,ERR-903,High,Failure,5,82,1,CUST-123456,DEV-LIN-11235,2.5069
2026-10-07T20:25:13,fraud-detection,/payment,ap-southeast-1,147,88,93,10,0,ERR-108,Low,Failure,7,21,1,CUST-123456,DEV-MAC-75825,2.2908
2026-10-07T20:25:33,payment-api,/transfer,eu-west-1,150,77,57,15,6460.39,ERR-110,Low,Failure,4,23,1,CUST-112349,DEV-MAC-75825,2.5267
2026-10-07T20:25:33,ledger-service,/balance_check,eu-west-1,32,21,54,6,0,ERR-903,High,Failure,19,81,1,CUST-134098,DEV-MAC-75825,3.8667
2026-10-07T20:25:53,payment-api,/transfer,ap-southeast-1,152,80,60,14,7423.57,ERR-304,Low,Failure,7,33,1,CUST-134098,DEV-WIN-99325,2.508
2026-10-07T20:26:03,trading-engine,/trade,ap-southeast-1,180,84,72,2,6234.16,ERR-903,High,Failure,15,84,1,CUST-134098,DEV-WIN-99325,13.4206
2026-10-07T20:26:03,ledger-service,/balance_check,us-east-1,12,14,15,3,0,ERR-000,Healthy,Success,12,1,0,CUST-100483,DEV-WIN-84725,1.7167
2026-10-07T20:26:13,ledger-service,/balance_check,ap-southeast-1,33,24,55,5,0,ERR-903,High,Failure,20,81,1,CUST-109482,DEV-LIN-11235,3.8167
2026-10-07T20:26:23,ledger-service,/balance_check,us-west-2,6,12,5,2,0,ERR-000,Healthy,Success,18,3,0,CUST-123456,DEV-WIN-99325,1.0833
2026-10-07T20:26:23,investment-engine,/portfolio,us-west-2,195,80,72,24,11517.61,ERR-107,Low,Failure,1,37,1,CUST-134098,DEV-WIN-84725,1.9906
2026-10-07T20:26:33,auth-service,/login,eu-west-1,48,18,45,5,0,ERR-306,Low,Failure,17,30,1,CUST-112349,DEV-WIN-99325,2.5225
2026-10-07T20:26:43,investment-engine,/portfolio,eu-west-1,273,100,100,37,7102.88,ERR-903,Critical,Failure,18,91,1,CUST-134098,DEV-WIN-99325,2.8386
2026-10-07T20:26:43,ledger-service,/balance_check,ap-southeast-1,26,20,48,5,0,ERR-110,Low,Failure,2,32,1,CUST-134098,DEV-MAC-75825,3.3333
2026-10-07T20:26:53,ledger-service,/balance_check,ap-southeast-1,36,24,50,5,0,ERR-202,High,Failure,11,81,1,CUST-134098,DEV-MAC-75825,3.8333
2026-10-07T20:26:53,investment-engine,/portfolio,eu-west-1,200,100,100,33,13843.32,ERR-903,High,Failure,3,90,1,CUST-100483,DEV-LIN-11235,2.462
2026-10-07T20:27:13,payment-api,/transfer,us-west-2,156,72,55,14,8934.87,ERR-302,Low,Failure,15,40,1,CUST-123456,DEV-MAC-75825,2.4323
2026-10-07T20:27:13,ledger-service,/balance_check,us-west-2,29,19,47,4,0,ERR-209,Low,Failure,13,27,1,CUST-109482,DEV-MAC-75825,3.1833
2026-10-07T20:27:23,auth-service,/login,us-west-2,47,18,47,4,0,ERR-901,Low,Failure,1,31,1,CUST-109482,DEV-WIN-84725,2.335
2026-10-07T20:27:23,investment-engine,/portfolio,eu-west-1,200,82,87,29,9351.57,ERR-108,Low,Failure,4,34,1,CUST-112349,DEV-LIN-11235,2.2133
2026-10-07T20:27:23,ledger-service,/balance_check,us-west-2,5,3,15,2,0,ERR-000,Healthy,Success,5,4,0,CUST-100483,DEV-MAC-0149A5,0.9167
2026-10-07T20:27:33,payment-api,/withdrawal,us-east-1,152,77,55,15,7961.83,ERR-204,Low,Failure,7,26,1,CUST-100483,DEV-WIN-84725,2.5247
2026-10-07T20:27:33,auth-service,/login,ap-southeast-1,49,20,50,4,0,ERR-103,Low,Failure,16,29,1,CUST-112349,DEV-MAC-75825,2.4375
2026-10-07T20:27:33,ledger-service,/balance_check,us-east-1,32,22,54,6,0,ERR-903,High,Failure,6,85,1,CUST-109482,DEV-WIN-99325,3.9
2026-10-07T20:27:43,investment-engine,/portfolio,eu-west-1,80,31,14,3,5717.7,ERR-000,Healthy,Success,10,2,0,CUST-134098,DEV-MAC-75825,0.549
2026-10-07T20:27:53,fraud-detection,/payment,us-west-2,155,100,100,12,0,ERR-305,High,Failure,13,89,1,CUST-123456,DEV-MAC-75825,2.581
2026-10-07T20:27:53,ledger-service,/balance_check,us-east-1,27,19,46,5,0,ERR-310,Low,Failure,5,23,1,CUST-100483,DEV-MAC-75825,3.3
2026-10-07T20:28:03,ledger-service,/balance_check,us-east-1,30,22,50,5,0,ERR-205,High,Failure,12,90,1,CUST-109482,DEV-MAC-0149A5,3.5667
2026-10-07T20:28:13,ledger-service,/balance_check,us-west-2,27,18,49,4,0,ERR-702,Low,Failure,1,32,1,CUST-109482,DEV-MAC-75825,3.1167
2026-10-07T20:28:13,trading-engine,/trade,eu-west-1,150,88,66,2,3700.75,ERR-903,High,Failure,1,87,1,CUST-123456,DEV-LIN-11235,11.4222
2026-10-07T20:28:23,fraud-detection,/payment,us-west-2,138,82,95,10,0,ERR-203,Low,Failure,10,24,1,CUST-109482,DEV-MAC-0149A5,2.2178
2026-10-07T20:28:23,trading-engine,/trade,us-west-2,180,84,64,2,7440.11,ERR-903,High,Failure,13,86,1,CUST-112349,DEV-MAC-75825,13.405
2026-10-07T20:28:23,ledger-service,/balance_check,ap-southeast-1,32,24,56,5,0,ERR-903,High,Failure,20,88,1,CUST-100483,DEV-MAC-75825,3.8
2026-10-07T20:28:23,payment-api,/transfer,ap-southeast-1,151,77,57,13,2001.77,ERR-207,Low,Failure,3,27,1,CUST-123456,DEV-MAC-0149A5,2.3973
2026-10-07T20:28:43,fraud-detection,/payment,eu-west-1,143,90,98,9,0,ERR-309,Low,Failure,6,35,1,CUST-109482,DEV-MAC-75825,2.174
2026-10-07T20:28:43,investment-engine,/portfolio,eu-west-1,105,29,45,9,9938.5,ERR-000,Healthy,Success,18,5,0,CUST-134098,DEV-MAC-0149A5,0.8829
2026-10-07T20:28:53,ledger-service,/balance_check,us-east-1,30,22,55,5,0,ERR-903,High,Failure,15,90,1,CUST-109482,DEV-WIN-84725,3.65
2026-10-07T20:29:03,auth-service,/login,us-west-2,47,20,49,5,0,ERR-103,Low,Failure,18,22,1,CUST-100483,DEV-WIN-84725,2.6
2026-10-07T20:29:03,payment-api,/transfer,us-west-2,146,72,55,14,2128.91,ERR-310,Low,Failure,5,31,1,CUST-109482,DEV-WIN-99325,2.3923
2026-10-07T20:29:13,ledger-service,/balance_check,ap-southeast-1,31,20,57,6,0,ERR-101,High,Failure,1,84,1,CUST-123456,DEV-LIN-11235,3.85
2026-10-07T20:29:13,auth-service,/login,eu-west-1,33,14,32,1,0,ERR-000,Healthy,Success,16,0,0,CUST-109482,DEV-MAC-75825,1.2925
2026-10-07T20:29:23,ledger-service,/balance_check,eu-west-1,36,24,52,5,0,ERR-903,High,Failure,15,87,1,CUST-112349,DEV-LIN-11235,3.8667
2026-10-07T20:29:23,investment-engine,/portfolio,ap-southeast-1,192,89,88,27,8636.64,ERR-307,Low,Failure,19,22,1,CUST-100483,DEV-WIN-99325,2.1569
2026-10-07T20:29:23,payment-api,/withdrawal,eu-west-1,160,75,54,15,1220.83,ERR-106,Low,Failure,12,24,1,CUST-109482,DEV-MAC-75825,2.535
2026-10-07T20:29:33,ledger-service,/balance_check,us-east-1,12,8,12,2,0,ERR-000,Healthy,Success,18,3,0,CUST-100483,DEV-WIN-99325,1.2667
2026-10-07T20:29:43,ledger-service,/balance_check,us-east-1,21,1,16,2,0,ERR-000,Healthy,Success,1,3,0,CUST-109482,DEV-WIN-99325,1.4
2026-10-07T20:29:43,trading-engine,/trade,us-west-2,148,74,55,2,8219.6,ERR-308,Low,Failure,18,31,1,CUST-109482,DEV-WIN-99325,11.2208
2026-10-07T20:29:43,payment-api,/withdrawal,ap-southeast-1,159,74,57,15,5522.36,ERR-302,Low,Failure,20,38,1,CUST-134098,DEV-WIN-84725,2.5377
2026-10-07T20:29:53,trading-engine,/trade,us-west-2,137,75,55,2,1595.11,ERR-103,Low,Failure,18,39,1,CUST-109482,DEV-WIN-84725,10.4908
2026-10-07T20:29:53,fraud-detection,/payment,us-east-1,136,84,93,10,0,ERR-704,Low,Failure,15,23,1,CUST-112349,DEV-MAC-0149A5,2.2075
2026-10-07T20:29:53,auth-service,/login,ap-southeast-1,51,21,52,5,0,ERR-903,Medium,Failure,4,64,1,CUST-134098,DEV-MAC-0149A5,2.7075
2026-10-07T20:30:03,ledger-service,/balance_check,us-east-1,21,8,20,2,0,ERR-000,Healthy,Success,5,2,0,CUST-123456,DEV-WIN-99325,1.7
2026-10-07T20:30:13,auth-service,/login,ap-southeast-1,50,19,50,4,0,ERR-202,Low,Failure,10,33,1,CUST-134098,DEV-WIN-84725,2.43
2026-10-07T20:30:13,ledger-service,/balance_check,us-east-1,26,17,50,4,0,ERR-101,Low,Failure,15,32,1,CUST-109482,DEV-LIN-11235,3.0667
2026-10-07T20:30:23,ledger-service,/balance_check,us-east-1,30,18,45,4,0,ERR-902,Low,Failure,12,33,1,CUST-112349,DEV-WIN-84725,3.15
2026-10-07T20:30:33,ledger-service,/balance_check,eu-west-1,27,18,47,4,0,ERR-109,Low,Failure,17,37,1,CUST-100483,DEV-MAC-75825,3.0833
2026-10-07T20:30:43,investment-engine,/portfolio,eu-west-1,243,100,100,40,9323.28,ERR-903,Critical,Failure,9,92,1,CUST-134098,DEV-LIN-11235,2.8386
2026-10-07T20:31:03,fraud-detection,/payment,us-west-2,168,100,100,10,0,ERR-902,High,Failure,17,88,1,CUST-134098,DEV-WIN-99325,2.4677
2026-10-07T20:31:03,investment-engine,/portfolio,ap-southeast-1,233,95,98,34,10843.73,ERR-903,High,Failure,12,89,1,CUST-112349,DEV-MAC-0149A5,2.5764
2026-10-07T20:31:13,auth-service,/login,ap-southeast-1,45,19,50,4,0,ERR-102,Low,Failure,19,39,1,CUST-112349,DEV-MAC-0149A5,2.3675
2026-10-07T20:31:23,ledger-service,/balance_check,eu-west-1,30,18,45,5,0,ERR-206,Low,Failure,13,31,1,CUST-123456,DEV-MAC-0149A5,3.35
2026-10-07T20:31:23,payment-api,/withdrawal,us-west-2,212,100,75,21,5143.16,ERR-901,Critical,Failure,2,99,1,CUST-123456,DEV-WIN-99325,3.4563
2026-10-07T20:31:33,auth-service,/login,us-east-1,49,20,45,5,0,ERR-201,Low,Failure,7,26,1,CUST-112349,DEV-WIN-99325,2.575
2026-10-07T20:31:43,fraud-detection,/payment,eu-west-1,149,73,91,9,0,ERR-307,Low,Failure,20,22,1,CUST-112349,DEV-MAC-75825,2.1647
2026-10-07T20:31:43,auth-service,/login,eu-west-1,41,20,43,4,0,ERR-704,Low,Failure,10,25,1,CUST-100483,DEV-LIN-11235,2.25
2026-10-07T20:31:43,ledger-service,/balance_check,us-west-2,30,19,40,4,0,ERR-202,Low,Failure,13,25,1,CUST-109482,DEV-WIN-99325,3.1
2026-10-07T20:31:53,ledger-service,/balance_check,us-west-2,28,19,50,5,0,ERR-302,Low,Failure,10,23,1,CUST-100483,DEV-WIN-99325,3.4
2026-10-07T20:32:03,auth-service,/login,ap-southeast-1,40,20,42,5,0,ERR-308,Low,Failure,13,35,1,CUST-109482,DEV-WIN-99325,2.425
2026-10-07T20:32:03,fraud-detection,/payment,ap-southeast-1,146,79,80,8,0,ERR-304,Low,Failure,2,24,1,CUST-100483,DEV-MAC-0149A5,2.049
2026-10-07T20:32:23,fraud-detection,/payment,us-west-2,192,100,100,13,0,ERR-904,Critical,Failure,16,91,1,CUST-109482,DEV-MAC-75825,2.9277
2026-10-07T20:32:33,auth-service,/login,us-east-1,45,18,45,5,0,ERR-101,Low,Failure,13,21,1,CUST-109482,DEV-LIN-11235,2.485
2026-10-07T20:32:33,payment-api,/transfer,us-west-2,178,93,66,15,4987.15,ERR-903,High,Failure,14,80,1,CUST-112349,DEV-MAC-75825,2.817
2026-10-07T20:32:33,fraud-detection,/payment,ap-southeast-1,168,99,100,10,0,ERR-102,High,Failure,5,89,1,CUST-100483,DEV-WIN-84725,2.4652
2026-10-07T20:32:33,trading-engine,/trade,ap-southeast-1,165,87,61,2,5690.8,ERR-903,High,Failure,13,85,1,CUST-123456,DEV-WIN-84725,12.4091
2026-10-07T20:32:43,trading-engine,/trade,ap-southeast-1,148,73,54,1,2401.83,ERR-704,Low,Failure,3,23,1,CUST-100483,DEV-LIN-11235,10.7155
2026-10-07T20:32:43,ledger-service,/balance_check,eu-west-1,30,20,49,4,0,ERR-201,Low,Failure,7,40,1,CUST-100483,DEV-WIN-99325,3.2833
2026-10-07T20:32:43,payment-api,/transfer,eu-west-1,165,83,61,17,1892.45,ERR-903,High,Failure,2,82,1,CUST-112349,DEV-LIN-11235,2.79
2026-10-07T20:32:53,ledger-service,/balance_check,us-east-1,28,20,45,5,0,ERR-301,Low,Failure,15,23,1,CUST-123456,DEV-WIN-84725,3.35
2026-10-07T20:32:53,auth-service,/login,eu-west-1,47,19,43,5,0,ERR-107,Low,Failure,15,24,1,CUST-134098,DEV-WIN-99325,2.505
2026-10-07T20:33:03,ledger-service,/balance_check,us-east-1,36,22,57,5,0,ERR-903,High,Failure,14,86,1,CUST-134098,DEV-WIN-99325,3.8833
2026-10-07T20:33:23,ledger-service,/balance_check,us-west-2,25,18,44,5,0,ERR-102,Low,Failure,11,21,1,CUST-109482,DEV-LIN-11235,3.1667
2026-10-07T20:33:23,auth-service,/login,eu-west-1,51,20,51,5,0,ERR-701,Medium,Failure,9,75,1,CUST-123456,DEV-LIN-11235,2.675
2026-10-07T20:33:33,ledger-service,/balance_check,ap-southeast-1,30,23,58,5,0,ERR-903,High,Failure,13,80,1,CUST-134098,DEV-WIN-84725,3.7333
2026-10-07T20:33:33,fraud-detection,/payment,us-east-1,141,87,100,9,0,ERR-210,Low,Failure,1,22,1,CUST-109482,DEV-MAC-75825,2.1552
2026-10-07T20:33:43,payment-api,/withdrawal,eu-west-1,170,92,72,17,153.83,ERR-903,High,Failure,13,89,1,CUST-123456,DEV-MAC-75825,2.94
2026-10-07T20:33:43,auth-service,/login,eu-west-1,52,20,52,5,0,ERR-905,Medium,Failure,13,72,1,CUST-100483,DEV-MAC-0149A5,2.7
2026-10-07T20:33:43,trading-engine,/trade,us-west-2,135,76,56,2,4319.42,ERR-701,Low,Failure,6,25,1,CUST-123456,DEV-LIN-11235,10.3627
2026-10-07T20:33:53,payment-api,/withdrawal,us-east-1,55,18,10,6,694.73,ERR-000,Healthy,Success,15,0,0,CUST-112349,DEV-MAC-75825,0.82
2026-10-07T20:34:03,ledger-service,/balance_check,us-east-1,21,2,31,3,0,ERR-000,Healthy,Success,10,2,0,CUST-134098,DEV-LIN-11235,1.8833
2026-10-07T20:34:13,trading-engine,/trade,ap-southeast-1,164,90,68,2,9287.37,ERR-903,High,Failure,13,83,1,CUST-112349,DEV-MAC-0149A5,12.3661
2026-10-07T20:34:13,payment-api,/withdrawal,eu-west-1,144,78,56,15,5365.52,ERR-110,Low,Failure,5,39,1,CUST-100483,DEV-LIN-11235,2.506
2026-10-07T20:34:23,trading-engine,/trade,us-east-1,155,80,63,2,1637.91,ERR-302,High,Failure,10,83,1,CUST-109482,DEV-WIN-84725,11.723
2026-10-07T20:34:23,investment-engine,/portfolio,us-west-2,200,86,90,27,13770.22,ERR-208,Low,Failure,8,24,1,CUST-100483,DEV-LIN-11235,2.1724
2026-10-07T20:34:33,investment-engine,/portfolio,eu-west-1,114,28,36,14,11734.61,ERR-000,Healthy,Success,10,5,0,CUST-123456,DEV-WIN-99325,1.057
2026-10-07T20:34:33,ledger-service,/balance_check,eu-west-1,28,19,46,4,0,ERR-109,Low,Failure,6,33,1,CUST-112349,DEV-WIN-84725,3.1333
2026-10-07T20:34:33,payment-api,/withdrawal,us-east-1,149,76,58,15,711.13,ERR-209,Low,Failure,10,28,1,CUST-112349,DEV-WIN-84725,2.5193
2026-10-07T20:34:43,payment-api,/transfer,ap-southeast-1,160,74,56,14,3223.71,ERR-208,Low,Failure,9,39,1,CUST-134098,DEV-MAC-75825,2.47
2026-10-07T20:34:53,payment-api,/withdrawal,us-west-2,150,77,59,15,9678.83,ERR-205,Low,Failure,5,27,1,CUST-123456,DEV-WIN-99325,2.5367
2026-10-07T20:34:53,investment-engine,/portfolio,us-east-1,192,83,82,28,8400.64,ERR-210,Low,Failure,16,23,1,CUST-100483,DEV-WIN-84725,2.1485
2026-10-07T20:34:53,ledger-service,/balance_check,us-east-1,32,22,50,5,0,ERR-208,High,Failure,17,89,1,CUST-123456,DEV-MAC-75825,3.6333
2026-10-07T20:35:03,auth-service,/login,us-east-1,52,21,50,5,0,ERR-104,Medium,Failure,16,60,1,CUST-112349,DEV-MAC-75825,2.695
2026-10-07T20:35:03,trading-engine,/trade,us-east-1,137,74,60,2,5869.57,ERR-109,Low,Failure,16,31,1,CUST-134098,DEV-WIN-84725,10.4972
2026-10-07T20:35:03,ledger-service,/balance_check,eu-west-1,30,18,47,4,0,ERR-106,Low,Failure,4,39,1,CUST-100483,DEV-MAC-75825,3.1833
2026-10-07T20:35:03,fraud-detection,/payment,us-west-2,136,90,92,9,0,ERR-307,Low,Failure,1,39,1,CUST-134098,DEV-WIN-84725,2.1215
2026-10-07T20:35:03,investment-engine,/portfolio,us-east-1,235,100,94,35,5121.93,ERR-903,High,Failure,4,83,1,CUST-109482,DEV-LIN-11235,2.6336
2026-10-07T20:35:13,ledger-service,/balance_check,us-west-2,36,23,52,5,0,ERR-903,High,Failure,10,84,1,CUST-112349,DEV-LIN-11235,3.8333
2026-10-07T20:35:23,auth-service,/login,eu-west-1,48,18,45,4,0,ERR-105,Low,Failure,19,29,1,CUST-100483,DEV-MAC-0149A5,2.3225
2026-10-07T20:35:33,trading-engine,/trade,ap-southeast-1,140,78,59,2,178.36,ERR-103,Low,Failure,1,25,1,CUST-100483,DEV-MAC-75825,10.7086
2026-10-07T20:35:33,ledger-service,/balance_check,us-east-1,27,20,46,5,0,ERR-310,Low,Failure,3,38,1,CUST-123456,DEV-MAC-0149A5,3.3333
2026-10-07T20:35:43,fraud-detection,/payment,us-east-1,135,82,100,10,0,ERR-901,Low,Failure,15,29,1,CUST-100483,DEV-MAC-75825,2.2027
2026-10-07T20:35:43,payment-api,/transfer,us-east-1,72,53,39,4,1868.65,ERR-000,Healthy,Success,16,0,0,CUST-134098,DEV-MAC-0149A5,1.1913
2026-10-07T20:35:53,ledger-service,/balance_check,us-west-2,27,17,45,5,0,ERR-110,Low,Failure,2,35,1,CUST-109482,DEV-WIN-84725,3.2167
2026-10-07T20:35:53,auth-service,/login,ap-southeast-1,48,18,46,4,0,ERR-103,Low,Failure,3,35,1,CUST-100483,DEV-LIN-11235,2.335
2026-10-07T20:35:53,payment-api,/transfer,us-west-2,178,88,63,16,6506.8,ERR-903,High,Failure,8,81,1,CUST-112349,DEV-MAC-0149A5,2.827
2026-10-07T20:36:03,ledger-service,/balance_check,us-east-1,24,19,40,4,0,ERR-307,Low,Failure,9,28,1,CUST-109482,DEV-WIN-99325,2.9
2026-10-07T20:36:03,trading-engine,/trade,eu-west-1,27,41,2,1,9502.39,ERR-000,Healthy,Success,8,4,0,CUST-134098,DEV-MAC-75825,2.4406
2026-10-07T20:36:03,auth-service,/login,ap-southeast-1,48,19,50,4,0,ERR-704,Low,Failure,8,34,1,CUST-123456,DEV-LIN-11235,2.405
2026-10-07T20:36:13,ledger-service,/balance_check,ap-southeast-1,30,23,55,6,0,ERR-903,High,Failure,6,89,1,CUST-109482,DEV-WIN-99325,3.8833
2026-10-07T20:36:23,fraud-detection,/payment,eu-west-1,139,83,97,9,0,ERR-303,Low,Failure,4,37,1,CUST-109482,DEV-MAC-75825,2.1289
2026-10-07T20:36:33,ledger-service,/balance_check,us-west-2,29,18,45,5,0,ERR-102,Low,Failure,7,21,1,CUST-123456,DEV-MAC-75825,3.3167
2026-10-07T20:36:33,auth-service,/login,us-east-1,51,20,52,5,0,ERR-106,Medium,Failure,15,71,1,CUST-112349,DEV-LIN-11235,2.6875
2026-10-07T20:36:43,ledger-service,/balance_check,ap-southeast-1,31,20,59,5,0,ERR-307,High,Failure,20,88,1,CUST-109482,DEV-WIN-99325,3.6833
2026-10-07T20:36:53,ledger-service,/balance_check,us-west-2,30,18,46,4,0,ERR-309,Low,Failure,5,21,1,CUST-112349,DEV-WIN-84725,3.1667
2026-10-07T20:36:53,fraud-detection,/payment,us-west-2,141,90,93,9,0,ERR-905,Low,Failure,17,40,1,CUST-100483,DEV-MAC-75825,2.1558
2026-10-07T20:37:13,ledger-service,/balance_check,ap-southeast-1,5,8,22,1,0,ERR-000,Healthy,Success,9,3,0,CUST-112349,DEV-WIN-84725,1
2026-10-07T20:37:23,auth-service,/login,eu-west-1,46,20,45,5,0,ERR-704,Low,Failure,19,28,1,CUST-134098,DEV-LIN-11235,2.5375
2026-10-07T20:37:23,payment-api,/transfer,eu-west-1,23,16,33,10,8450.95,ERR-000,Healthy,Success,12,3,0,CUST-123456,DEV-WIN-84725,1.057
2026-10-07T20:37:23,ledger-service,/balance_check,us-west-2,21,2,7,3,0,ERR-000,Healthy,Success,9,5,0,CUST-112349,DEV-MAC-75825,1.4833
2026-10-07T20:37:33,investment-engine,/portfolio,eu-west-1,1,29,54,2,5650.44,ERR-000,Healthy,Success,14,4,0,CUST-123456,DEV-WIN-84725,0.3205
2026-10-07T20:37:33,ledger-service,/balance_check,us-east-1,24,18,48,5,0,ERR-210,Low,Failure,9,36,1,CUST-123456,DEV-LIN-11235,3.2
2026-10-07T20:37:43,trading-engine,/trade,eu-west-1,150,75,58,1,1097.82,ERR-306,Low,Failure,10,23,1,CUST-100483,DEV-MAC-0149A5,10.8633
2026-10-07T20:37:43,fraud-detection,/payment,ap-southeast-1,144,90,100,10,0,ERR-304,Low,Failure,1,31,1,CUST-109482,DEV-WIN-99325,2.2827
2026-10-07T20:37:43,payment-api,/transfer,eu-west-1,193,100,72,20,830.81,ERR-902,Critical,Failure,3,91,1,CUST-112349,DEV-MAC-0149A5,3.2987
2026-10-07T20:37:53,ledger-service,/balance_check,eu-west-1,25,19,50,4,0,ERR-303,Low,Failure,17,34,1,CUST-123456,DEV-WIN-84725,3.1
2026-10-07T20:38:03,ledger-service,/balance_check,eu-west-1,27,17,43,4,0,ERR-703,Low,Failure,3,20,1,CUST-112349,DEV-MAC-75825,2.9833
2026-10-07T20:38:03,auth-service,/login,eu-west-1,45,18,50,5,0,ERR-206,Low,Failure,4,34,1,CUST-112349,DEV-LIN-11235,2.5475
2026-10-07T20:38:03,fraud-detection,/payment,us-east-1,176,100,100,11,0,ERR-106,High,Failure,6,87,1,CUST-100483,DEV-MAC-75825,2.621
2026-10-07T20:38:13,auth-service,/login,ap-southeast-1,47,20,43,4,0,ERR-109,Low,Failure,18,22,1,CUST-134098,DEV-MAC-75825,2.325
2026-10-07T20:38:33,payment-api,/withdrawal,us-west-2,170,90,66,15,9203.13,ERR-903,High,Failure,12,89,1,CUST-134098,DEV-WIN-99325,2.76
2026-10-07T20:38:33,ledger-service,/balance_check,us-west-2,29,19,48,4,0,ERR-901,Low,Failure,16,30,1,CUST-123456,DEV-MAC-75825,3.2
2026-10-07T20:38:43,trading-engine,/trade,us-west-2,142,77,58,1,845.36,ERR-705,Low,Failure,12,39,1,CUST-123456,DEV-MAC-0149A5,10.3366
2026-10-07T20:38:43,ledger-service,/balance_check,eu-west-1,35,23,53,5,0,ERR-903,High,Failure,9,87,1,CUST-109482,DEV-MAC-75825,3.8167
2026-10-07T20:38:53,trading-engine,/trade,eu-west-1,153,84,60,2,2723.52,ERR-704,High,Failure,11,83,1,CUST-100483,DEV-WIN-84725,11.5972
2026-10-07T20:39:03,ledger-service,/balance_check,us-west-2,27,18,49,4,0,ERR-903,Low,Failure,13,21,1,CUST-123456,DEV-MAC-75825,3.1167
2026-10-07T20:39:13,investment-engine,/portfolio,eu-west-1,190,85,82,28,14275.1,ERR-208,Low,Failure,7,22,1,CUST-112349,DEV-WIN-84725,2.1518
2026-10-07T20:39:13,payment-api,/transfer,us-west-2,168,86,61,17,2534.81,ERR-903,High,Failure,13,90,1,CUST-134098,DEV-WIN-99325,2.827
2026-10-07T20:39:13,ledger-service,/balance_check,us-west-2,31,21,52,5,0,ERR-903,High,Failure,8,89,1,CUST-112349,DEV-MAC-75825,3.6
2026-10-07T20:39:23,ledger-service,/balance_check,ap-southeast-1,29,18,46,4,0,ERR-705,Low,Failure,16,21,1,CUST-112349,DEV-WIN-84725,3.1333
2026-10-07T20:39:23,payment-api,/transfer,eu-west-1,147,80,56,12,9569.62,ERR-308,Low,Failure,17,26,1,CUST-134098,DEV-WIN-99325,2.3347
2026-10-07T20:39:33,auth-service,/login,us-west-2,51,20,50,5,0,ERR-106,Medium,Failure,18,72,1,CUST-112349,DEV-LIN-11235,2.6625
2026-10-07T20:39:33,ledger-service,/balance_check,us-east-1,9,13,19,2,0,ERR-000,Healthy,Success,15,3,0,CUST-112349,DEV-MAC-75825,1.45
2026-10-07T20:39:43,fraud-detection,/payment,eu-west-1,143,82,93,10,0,ERR-905,Low,Failure,1,37,1,CUST-134098,DEV-WIN-84725,2.2492
2026-10-07T20:39:43,ledger-service,/balance_check,ap-southeast-1,29,18,49,5,0,ERR-304,Low,Failure,9,23,1,CUST-134098,DEV-WIN-84725,3.3833
2026-10-07T20:39:53,auth-service,/login,ap-southeast-1,43,16,50,5,0,ERR-904,Low,Failure,16,31,1,CUST-134098,DEV-MAC-75825,2.4825
2026-10-07T20:39:53,ledger-service,/balance_check,eu-west-1,29,19,48,5,0,ERR-207,Low,Failure,4,28,1,CUST-109482,DEV-LIN-11235,3.4
2026-10-07T20:40:13,auth-service,/login,us-west-2,41,18,49,4,0,ERR-301,Low,Failure,4,37,1,CUST-134098,DEV-WIN-99325,2.285
2026-10-07T20:40:13,ledger-service,/balance_check,us-west-2,24,19,46,5,0,ERR-108,Low,Failure,17,20,1,CUST-134098,DEV-LIN-11235,3.2
2026-10-07T20:40:23,ledger-service,/balance_check,ap-southeast-1,31,22,57,5,0,ERR-903,High,Failure,11,82,1,CUST-134098,DEV-WIN-84725,3.7167
2026-10-07T20:40:33,ledger-service,/balance_check,us-east-1,27,18,46,5,0,ERR-202,Low,Failure,13,39,1,CUST-112349,DEV-WIN-84725,3.2667
2026-10-07T20:40:43,payment-api,/withdrawal,us-east-1,128,75,50,14,6487.68,ERR-302,Low,Failure,17,39,1,CUST-123456,DEV-WIN-99325,2.3203
2026-10-07T20:40:43,ledger-service,/balance_check,eu-west-1,28,20,50,4,0,ERR-305,Low,Failure,10,39,1,CUST-112349,DEV-WIN-84725,3.2333
2026-10-07T20:40:53,ledger-service,/balance_check,us-east-1,28,20,43,4,0,ERR-208,Low,Failure,17,39,1,CUST-112349,DEV-WIN-84725,3.1167
2026-10-07T20:41:03,payment-api,/transfer,ap-southeast-1,172,95,69,18,1153.14,ERR-903,High,Failure,18,83,1,CUST-123456,DEV-LIN-11235,3.0247
2026-10-07T20:41:03,trading-engine,/trade,ap-southeast-1,147,64,56,2,2030.43,ERR-705,Low,Failure,16,23,1,CUST-123456,DEV-WIN-84725,11.1227
2026-10-07T20:41:13,investment-engine,/portfolio,ap-southeast-1,184,82,85,30,11117.42,ERR-208,Low,Failure,8,30,1,CUST-123456,DEV-LIN-11235,2.1893
2026-10-07T20:41:13,ledger-service,/balance_check,ap-southeast-1,35,24,57,6,0,ERR-903,High,Failure,2,85,1,CUST-109482,DEV-WIN-84725,4.1167
2026-10-07T20:41:23,ledger-service,/balance_check,us-west-2,31,21,58,6,0,ERR-903,High,Failure,2,87,1,CUST-123456,DEV-WIN-99325,3.9
2026-10-07T20:41:33,ledger-service,/balance_check,ap-southeast-1,28,19,50,5,0,ERR-206,Low,Failure,1,25,1,CUST-123456,DEV-WIN-84725,3.4
2026-10-07T20:41:33,fraud-detection,/payment,us-west-2,186,100,100,14,0,ERR-904,Critical,Failure,13,100,1,CUST-112349,DEV-WIN-99325,2.9877
2026-10-07T20:41:43,payment-api,/transfer,us-west-2,144,79,59,15,4867.04,ERR-103,Low,Failure,19,24,1,CUST-100483,DEV-WIN-99325,2.5293
2026-10-07T20:41:43,auth-service,/login,us-west-2,46,20,48,5,0,ERR-201,Low,Failure,16,20,1,CUST-123456,DEV-WIN-84725,2.575
2026-10-07T20:41:43,fraud-detection,/payment,us-west-2,190,100,100,13,0,ERR-904,Critical,Failure,10,97,1,CUST-100483,DEV-MAC-75825,2.9143
2026-10-07T20:41:53,fraud-detection,/payment,us-east-1,178,100,100,12,0,ERR-104,High,Failure,14,87,1,CUST-109482,DEV-WIN-84725,2.7343
2026-10-07T20:41:53,ledger-service,/balance_check,us-west-2,28,20,46,4,0,ERR-702,Low,Failure,13,39,1,CUST-100483,DEV-WIN-84725,3.1667
2026-10-07T20:42:03,payment-api,/withdrawal,us-west-2,82,13,35,4,1753.8,ERR-000,Healthy,Success,7,3,0,CUST-112349,DEV-MAC-75825,0.878
2026-10-07T20:42:03,auth-service,/login,us-west-2,51,21,52,5,0,ERR-903,Medium,Failure,9,72,1,CUST-112349,DEV-WIN-84725,2.7075
2026-10-07T20:42:03,ledger-service,/balance_check,us-west-2,27,19,45,4,0,ERR-901,Low,Failure,7,36,1,CUST-112349,DEV-MAC-75825,3.0833
2026-10-07T20:42:13,payment-api,/transfer,eu-west-1,182,96,71,16,9665.61,ERR-903,High,Failure,4,86,1,CUST-100483,DEV-MAC-0149A5,2.9497
2026-10-07T20:42:13,ledger-service,/balance_check,eu-west-1,30,18,48,4,0,ERR-105,Low,Failure,8,38,1,CUST-112349,DEV-MAC-0149A5,3.2
2026-10-07T20:42:23,ledger-service,/balance_check,us-east-1,30,18,45,4,0,ERR-101,Low,Failure,5,37,1,CUST-100483,DEV-MAC-75825,3.15
2026-10-07T20:42:43,auth-service,/login,ap-southeast-1,49,19,48,4,0,ERR-110,Low,Failure,14,21,1,CUST-123456,DEV-MAC-0149A5,2.3925
2026-10-07T20:42:43,trading-engine,/trade,eu-west-1,139,80,58,2,9134.76,ERR-306,Low,Failure,10,22,1,CUST-123456,DEV-WIN-99325,10.6466
2026-10-07T20:42:43,ledger-service,/balance_check,eu-west-1,30,24,60,6,0,ERR-903,High,Failure,3,82,1,CUST-109482,DEV-WIN-84725,4
2026-10-07T20:42:53,payment-api,/transfer,us-east-1,91,7,35,10,4449.06,ERR-000,Healthy,Success,19,1,0,CUST-112349,DEV-LIN-11235,1.264
2026-10-07T20:42:53,ledger-service,/balance_check,us-west-2,30,18,49,4,0,ERR-301,Low,Failure,18,38,1,CUST-100483,DEV-MAC-0149A5,3.2167
2026-10-07T20:43:03,payment-api,/withdrawal,eu-west-1,218,98,83,19,1390.75,ERR-901,Critical,Failure,8,91,1,CUST-109482,DEV-WIN-99325,3.3703
2026-10-07T20:43:03,trading-engine,/trade,us-west-2,140,79,55,2,9098.36,ERR-103,Low,Failure,13,29,1,CUST-123456,DEV-MAC-0149A5,10.7041
2026-10-07T20:43:03,ledger-service,/balance_check,eu-west-1,29,20,47,4,0,ERR-106,Low,Failure,18,35,1,CUST-134098,DEV-MAC-75825,3.2167
2026-10-07T20:43:13,investment-engine,/portfolio,us-west-2,184,79,85,24,11647.26,ERR-307,Low,Failure,14,28,1,CUST-100483,DEV-LIN-11235,1.9743
2026-10-07T20:43:13,fraud-detection,/payment,us-west-2,143,82,90,9,0,ERR-210,Low,Failure,2,25,1,CUST-134098,DEV-LIN-11235,2.1462
2026-10-07T20:43:13,trading-engine,/trade,us-west-2,140,73,55,2,1908.32,ERR-905,Low,Failure,9,35,1,CUST-109482,DEV-WIN-84725,10.6841
2026-10-07T20:43:13,payment-api,/withdrawal,us-east-1,163,92,60,15,4806.14,ERR-301,High,Failure,4,90,1,CUST-100483,DEV-MAC-0149A5,2.7187
2026-10-07T20:43:33,payment-api,/withdrawal,us-east-1,131,80,53,12,321.56,ERR-205,Low,Failure,13,39,1,CUST-123456,DEV-WIN-99325,2.2557
2026-10-07T20:43:33,ledger-service,/balance_check,ap-southeast-1,36,20,51,5,0,ERR-905,High,Failure,12,88,1,CUST-109482,DEV-WIN-84725,3.7167
2026-10-07T20:43:43,ledger-service,/balance_check,us-west-2,27,18,47,5,0,ERR-109,Low,Failure,8,34,1,CUST-123456,DEV-MAC-0149A5,3.2833
2026-10-07T20:44:03,payment-api,/withdrawal,us-east-1,156,77,56,13,5253.86,ERR-310,Low,Failure,5,27,1,CUST-100483,DEV-MAC-0149A5,2.4123
2026-10-07T20:44:03,auth-service,/login,eu-west-1,5,14,1,1,0,ERR-000,Healthy,Success,5,1,0,CUST-112349,DEV-MAC-75825,0.555
2026-10-07T20:44:03,trading-engine,/trade,ap-southeast-1,180,90,67,2,2212.69,ERR-903,High,Failure,16,82,1,CUST-109482,DEV-MAC-0149A5,13.4309
2026-10-07T20:44:23,investment-engine,/portfolio,us-west-2,180,85,88,29,8722.72,ERR-202,Low,Failure,7,21,1,CUST-112349,DEV-LIN-11235,2.1635
2026-10-07T20:44:23,ledger-service,/balance_check,us-west-2,7,11,19,1,0,ERR-000,Healthy,Success,4,2,0,CUST-109482,DEV-MAC-0149A5,1.1167
2026-10-07T20:44:53,investment-engine,/portfolio,us-west-2,186,84,90,29,10488.05,ERR-305,Low,Failure,4,38,1,CUST-100483,DEV-MAC-75825,2.1824
2026-10-07T20:45:03,ledger-service,/balance_check,ap-southeast-1,29,18,49,4,0,ERR-107,Low,Failure,6,21,1,CUST-100483,DEV-LIN-11235,3.1833
2026-10-07T20:45:23,auth-service,/login,eu-west-1,31,6,12,1,0,ERR-000,Healthy,Success,2,0,0,CUST-109482,DEV-LIN-11235,0.8575
2026-10-07T20:45:23,ledger-service,/balance_check,us-west-2,15,5,10,3,0,ERR-000,Healthy,Success,15,2,0,CUST-123456,DEV-WIN-84725,1.4333
2026-10-07T20:45:23,trading-engine,/trade,us-east-1,131,76,53,2,2072.34,ERR-904,Low,Failure,1,32,1,CUST-100483,DEV-MAC-0149A5,10.0902
2026-10-07T20:45:33,auth-service,/login,us-west-2,45,20,47,4,0,ERR-302,Low,Failure,19,36,1,CUST-109482,DEV-WIN-84725,2.35
2026-10-07T20:45:43,ledger-service,/balance_check,us-east-1,12,9,5,1,0,ERR-000,Healthy,Success,10,2,0,CUST-109482,DEV-WIN-84725,0.9833
2026-10-07T20:45:53,investment-engine,/portfolio,us-west-2,198,78,83,27,13375.9,ERR-209,Low,Failure,2,34,1,CUST-112349,DEV-WIN-99325,2.1121
2026-10-07T20:45:53,payment-api,/withdrawal,eu-west-1,144,78,57,14,1014.89,ERR-305,Low,Failure,17,35,1,CUST-109482,DEV-WIN-99325,2.4443
2026-10-07T20:45:53,ledger-service,/balance_check,us-west-2,33,24,50,5,0,ERR-701,High,Failure,18,80,1,CUST-112349,DEV-MAC-0149A5,3.7333
2026-10-07T20:46:03,fraud-detection,/payment,eu-west-1,268,100,100,14,0,ERR-904,Critical,Failure,3,94,1,CUST-123456,DEV-WIN-84725,3.5343
2026-10-07T20:46:03,payment-api,/withdrawal,ap-southeast-1,50,48,10,5,992.84,ERR-000,Healthy,Success,6,4,0,CUST-109482,DEV-WIN-99325,0.9833
2026-10-07T20:46:03,ledger-service,/balance_check,ap-southeast-1,2,5,30,2,0,ERR-000,Healthy,Success,19,3,0,CUST-123456,DEV-MAC-75825,1.1333
2026-10-07T20:46:13,payment-api,/transfer,ap-southeast-1,156,79,58,14,2856.03,ERR-109,Low,Failure,10,31,1,CUST-112349,DEV-MAC-75825,2.5057
2026-10-07T20:46:23,ledger-service,/balance_check,ap-southeast-1,9,12,21,2,0,ERR-000,Healthy,Success,19,4,0,CUST-134098,DEV-MAC-75825,1.45
2026-10-07T20:46:33,ledger-service,/balance_check,ap-southeast-1,11,11,4,3,0,ERR-000,Healthy,Success,18,3,0,CUST-100483,DEV-LIN-11235,1.4
2026-10-07T20:46:33,investment-engine,/portfolio,ap-southeast-1,191,86,82,28,7328.03,ERR-109,Low,Failure,10,40,1,CUST-123456,DEV-WIN-99325,2.1602
2026-10-07T20:46:33,fraud-detection,/payment,ap-southeast-1,161,98,100,12,0,ERR-901,High,Failure,9,88,1,CUST-134098,DEV-WIN-84725,2.616
2026-10-07T20:46:43,ledger-service,/balance_check,ap-southeast-1,30,16,46,5,0,ERR-106,Low,Failure,11,40,1,CUST-112349,DEV-WIN-99325,3.3
2026-10-07T20:46:43,auth-service,/login,us-east-1,49,18,50,5,0,ERR-204,Low,Failure,4,21,1,CUST-112349,DEV-MAC-0149A5,2.5975
2026-10-07T20:46:53,auth-service,/login,us-east-1,46,19,47,4,0,ERR-205,Low,Failure,11,36,1,CUST-112349,DEV-WIN-84725,2.3425
2026-10-07T20:47:03,ledger-service,/balance_check,ap-southeast-1,30,24,55,6,0,ERR-903,High,Failure,17,83,1,CUST-123456,DEV-LIN-11235,3.9167
2026-10-07T20:47:03,trading-engine,/trade,us-east-1,93,7,22,1,6762.32,ERR-000,Healthy,Success,4,4,0,CUST-134098,DEV-MAC-75825,6.7663
2026-10-07T20:47:13,ledger-service,/balance_check,us-west-2,28,18,45,5,0,ERR-206,Low,Failure,6,26,1,CUST-109482,DEV-WIN-99325,3.2833
2026-10-07T20:47:23,ledger-service,/balance_check,us-west-2,30,17,46,4,0,ERR-702,Low,Failure,19,29,1,CUST-112349,DEV-MAC-0149A5,3.1333
2026-10-07T20:47:23,auth-service,/login,ap-southeast-1,48,18,45,4,0,ERR-109,Low,Failure,13,31,1,CUST-123456,DEV-WIN-84725,2.3225
2026-10-07T20:47:23,fraud-detection,/payment,us-east-1,146,82,93,10,0,ERR-302,Low,Failure,5,20,1,CUST-112349,DEV-WIN-84725,2.2692
2026-10-07T20:47:33,ledger-service,/balance_check,us-west-2,21,13,31,2,0,ERR-000,Healthy,Success,12,1,0,CUST-109482,DEV-MAC-0149A5,2.05
2026-10-07T20:47:43,ledger-service,/balance_check,us-east-1,29,20,46,5,0,ERR-703,Low,Failure,8,29,1,CUST-134098,DEV-MAC-75825,3.4
2026-10-07T20:47:53,ledger-service,/balance_check,us-west-2,30,20,49,5,0,ERR-308,Low,Failure,12,39,1,CUST-134098,DEV-WIN-99325,3.4833
2026-10-07T20:48:03,auth-service,/login,eu-west-1,40,20,48,4,0,ERR-206,Low,Failure,3,21,1,CUST-123456,DEV-LIN-11235,2.3
2026-10-07T20:48:03,investment-engine,/portfolio,us-west-2,322,100,100,52,10421.2,ERR-903,Critical,Failure,12,95,1,CUST-123456,DEV-MAC-0149A5,3.502
2026-10-07T20:48:03,ledger-service,/balance_check,eu-west-1,27,20,48,4,0,ERR-206,Low,Failure,6,23,1,CUST-109482,DEV-WIN-84725,3.1667
2026-10-07T20:48:13,trading-engine,/trade,ap-southeast-1,120,71,50,2,5698.34,ERR-106,Low,Failure,16,28,1,CUST-112349,DEV-MAC-75825,9.3343
2026-10-07T20:48:13,ledger-service,/balance_check,ap-southeast-1,28,18,45,5,0,ERR-209,Low,Failure,12,25,1,CUST-112349,DEV-WIN-84725,3.2833
2026-10-07T20:48:23,fraud-detection,/payment,ap-southeast-1,180,100,100,10,0,ERR-106,High,Failure,1,82,1,CUST-112349,DEV-WIN-84725,2.5477
2026-10-07T20:48:23,payment-api,/transfer,us-west-2,273,100,92,24,6564.47,ERR-901,Critical,Failure,3,98,1,CUST-109482,DEV-WIN-84725,3.9853
2026-10-07T20:48:33,investment-engine,/portfolio,ap-southeast-1,214,100,91,36,7886.58,ERR-903,High,Failure,17,83,1,CUST-100483,DEV-MAC-0149A5,2.5911
2026-10-07T20:48:43,payment-api,/withdrawal,us-west-2,145,80,60,15,179.55,ERR-309,Low,Failure,14,21,1,CUST-100483,DEV-MAC-75825,2.5467
2026-10-07T20:48:43,fraud-detection,/payment,us-east-1,126,83,84,9,0,ERR-703,Low,Failure,20,26,1,CUST-109482,DEV-WIN-84725,2.0295
2026-10-07T20:48:53,ledger-service,/balance_check,ap-southeast-1,27,18,49,5,0,ERR-108,Low,Failure,10,38,1,CUST-109482,DEV-LIN-11235,3.3167
2026-10-07T20:48:53,trading-engine,/trade,us-west-2,140,74,54,2,3232.14,ERR-905,Low,Failure,17,23,1,CUST-112349,DEV-LIN-11235,10.6855
2026-10-07T20:48:53,payment-api,/withdrawal,us-east-1,153,76,55,14,8314.64,ERR-705,Low,Failure,5,27,1,CUST-112349,DEV-MAC-75825,2.4537
2026-10-07T20:49:03,ledger-service,/balance_check,eu-west-1,3,1,10,3,0,ERR-000,Healthy,Success,13,2,0,CUST-109482,DEV-LIN-11235,0.9
2026-10-07T20:49:03,payment-api,/transfer,us-west-2,202,100,73,18,9337.55,ERR-901,Critical,Failure,15,98,1,CUST-100483,DEV-MAC-0149A5,3.2063
2026-10-07T20:49:13,payment-api,/transfer,eu-west-1,7,50,23,6,1202.93,ERR-000,Healthy,Success,16,0,0,CUST-100483,DEV-MAC-0149A5,0.9597
2026-10-07T20:49:13,investment-engine,/portfolio,us-west-2,81,9,6,16,6764.38,ERR-000,Healthy,Success,9,4,0,CUST-109482,DEV-MAC-75825,0.8601
2026-10-07T20:49:23,payment-api,/transfer,us-east-1,138,71,54,15,5844.35,ERR-206,Low,Failure,19,32,1,CUST-134098,DEV-MAC-75825,2.4137
2026-10-07T20:49:23,auth-service,/login,us-east-1,49,18,50,4,0,ERR-301,Low,Failure,17,39,1,CUST-123456,DEV-MAC-0149A5,2.3975
2026-10-07T20:49:33,trading-engine,/trade,us-east-1,147,72,55,2,2261.94,ERR-301,Low,Failure,9,25,1,CUST-109482,DEV-MAC-75825,11.1474
2026-10-07T20:49:33,ledger-service,/balance_check,us-west-2,29,18,48,5,0,ERR-207,Low,Failure,17,40,1,CUST-112349,DEV-WIN-84725,3.3667
2026-10-07T20:49:33,auth-service,/login,us-west-2,45,19,46,5,0,ERR-705,Low,Failure,20,40,1,CUST-112349,DEV-LIN-11235,2.5175
2026-10-07T20:49:43,trading-engine,/trade,us-west-2,148,74,58,2,5257.92,ERR-304,Low,Failure,6,20,1,CUST-112349,DEV-WIN-99325,11.2266
2026-10-07T20:49:43,auth-service,/login,us-east-1,49,18,48,5,0,ERR-107,Low,Failure,17,25,1,CUST-123456,DEV-WIN-99325,2.5725
2026-10-07T20:49:43,investment-engine,/portfolio,us-east-1,209,94,100,36,9730.25,ERR-903,High,Failure,7,81,1,CUST-123456,DEV-MAC-0149A5,2.562
2026-10-07T20:49:53,investment-engine,/portfolio,ap-southeast-1,180,84,82,27,10296.29,ERR-903,Low,Failure,7,28,1,CUST-109482,DEV-MAC-75825,2.0802
2026-10-07T20:49:53,ledger-service,/balance_check,us-west-2,24,17,46,4,0,ERR-704,Low,Failure,1,34,1,CUST-123456,DEV-MAC-75825,2.9333
2026-10-07T20:50:03,ledger-service,/balance_check,eu-west-1,30,19,46,4,0,ERR-304,Low,Failure,7,39,1,CUST-100483,DEV-WIN-99325,3.2
2026-10-07T20:50:03,fraud-detection,/payment,ap-southeast-1,120,75,90,10,0,ERR-106,Low,Failure,7,40,1,CUST-134098,DEV-WIN-84725,2.0754
2026-10-07T20:50:13,payment-api,/transfer,us-west-2,199,100,73,19,4815.57,ERR-901,Critical,Failure,9,92,1,CUST-123456,DEV-WIN-84725,3.261
2026-10-07T20:50:13,ledger-service,/balance_check,us-east-1,3,4,33,2,0,ERR-000,Healthy,Success,8,0,0,CUST-109482,DEV-MAC-0149A5,1.1833
2026-10-07T20:50:23,auth-service,/login,ap-southeast-1,47,19,49,5,0,ERR-704,Low,Failure,18,24,1,CUST-109482,DEV-WIN-99325,2.58
2026-10-07T20:50:23,payment-api,/transfer,us-west-2,153,77,57,15,423.99,ERR-307,Low,Failure,4,37,1,CUST-134098,DEV-WIN-84725,2.5387
2026-10-07T20:50:33,ledger-service,/balance_check,us-east-1,27,19,46,4,0,ERR-309,Low,Failure,12,38,1,CUST-100483,DEV-WIN-84725,3.1
2026-10-07T20:50:33,fraud-detection,/payment,us-west-2,149,73,86,8,0,ERR-204,Low,Failure,10,27,1,CUST-112349,DEV-WIN-84725,2.0598
2026-10-07T20:50:43,ledger-service,/balance_check,us-west-2,34,23,55,5,0,ERR-903,High,Failure,1,86,1,CUST-112349,DEV-WIN-99325,3.8167
2026-10-07T20:50:53,payment-api,/withdrawal,eu-west-1,157,75,59,14,3553.16,ERR-208,Low,Failure,13,31,1,CUST-100483,DEV-WIN-84725,2.4813
2026-10-07T20:51:03,trading-engine,/trade,eu-west-1,140,78,59,1,6122.1,ERR-702,Low,Failure,8,27,1,CUST-123456,DEV-MAC-0149A5,10.2086
2026-10-07T20:51:13,ledger-service,/balance_check,ap-southeast-1,34,22,54,6,0,ERR-903,High,Failure,10,86,1,CUST-100483,DEV-MAC-0149A5,3.9667
2026-10-07T20:51:23,auth-service,/login,us-west-2,48,20,49,5,0,ERR-310,Low,Failure,9,21,1,CUST-109482,DEV-WIN-99325,2.6125
2026-10-07T20:51:23,ledger-service,/balance_check,eu-west-1,30,20,48,4,0,ERR-108,Low,Failure,2,38,1,CUST-134098,DEV-WIN-99325,3.2667
2026-10-07T20:51:33,ledger-service,/balance_check,us-east-1,10,1,32,2,0,ERR-000,Healthy,Success,20,5,0,CUST-100483,DEV-WIN-84725,1.3
2026-10-07T20:51:53,payment-api,/withdrawal,us-west-2,160,81,61,18,3586.46,ERR-903,High,Failure,15,89,1,CUST-112349,DEV-MAC-0149A5,2.82
2026-10-07T20:52:03,auth-service,/login,us-east-1,48,18,49,5,0,ERR-206,Low,Failure,5,31,1,CUST-100483,DEV-WIN-84725,2.5725
2026-10-07T20:52:03,ledger-service,/balance_check,us-east-1,35,23,53,5,0,ERR-903,High,Failure,17,85,1,CUST-134098,DEV-MAC-0149A5,3.8167
2026-10-07T20:52:03,trading-engine,/trade,eu-west-1,150,75,54,1,2022.26,ERR-904,Low,Failure,20,38,1,CUST-123456,DEV-WIN-99325,10.8555
2026-10-07T20:52:13,fraud-detection,/payment,us-west-2,136,87,98,10,0,ERR-103,Low,Failure,7,39,1,CUST-123456,DEV-MAC-0149A5,2.2199
2026-10-07T20:52:13,ledger-service,/balance_check,us-west-2,30,19,50,4,0,ERR-108,Low,Failure,5,21,1,CUST-123456,DEV-LIN-11235,3.2667
2026-10-07T20:52:13,auth-service,/login,us-east-1,49,17,49,4,0,ERR-905,Low,Failure,16,23,1,CUST-112349,DEV-WIN-84725,2.365
2026-10-07T20:52:23,ledger-service,/balance_check,us-east-1,3,3,13,1,0,ERR-000,Healthy,Success,4,1,0,CUST-112349,DEV-LIN-11235,0.6167
2026-10-07T20:52:33,fraud-detection,/payment,eu-west-1,144,84,91,9,0,ERR-306,Low,Failure,20,39,1,CUST-134098,DEV-LIN-11235,2.1589
2026-10-07T20:52:33,ledger-service,/balance_check,eu-west-1,15,11,15,3,0,ERR-000,Healthy,Success,10,1,0,CUST-112349,DEV-MAC-75825,1.7167
2026-10-07T20:52:33,investment-engine,/portfolio,ap-southeast-1,191,85,83,30,7436.53,ERR-306,Low,Failure,17,20,1,CUST-112349,DEV-MAC-0149A5,2.2238
2026-10-07T20:53:03,ledger-service,/balance_check,eu-west-1,34,20,51,6,0,ERR-306,High,Failure,20,81,1,CUST-134098,DEV-LIN-11235,3.85
2026-10-07T20:53:03,payment-api,/transfer,ap-southeast-1,73,40,28,7,7719.96,ERR-000,Healthy,Success,12,3,0,CUST-100483,DEV-MAC-0149A5,1.232
2026-10-07T20:53:13,trading-engine,/trade,eu-west-1,140,67,50,1,4927.36,ERR-304,Low,Failure,3,25,1,CUST-109482,DEV-MAC-0149A5,10.1543
2026-10-07T20:53:23,payment-api,/withdrawal,us-east-1,12,44,40,1,2747.74,ERR-000,Healthy,Success,13,0,0,CUST-112349,DEV-WIN-84725,0.6813
2026-10-07T20:53:23,fraud-detection,/payment,us-west-2,179,92,100,11,0,ERR-904,High,Failure,5,84,1,CUST-112349,DEV-LIN-11235,2.621
2026-10-07T20:53:23,investment-engine,/portfolio,eu-west-1,310,100,100,43,10869.16,ERR-903,Critical,Failure,4,96,1,CUST-123456,DEV-WIN-99325,3.162
2026-10-07T20:53:23,ledger-service,/balance_check,ap-southeast-1,30,17,48,5,0,ERR-705,Low,Failure,13,40,1,CUST-112349,DEV-MAC-0149A5,3.3667
2026-10-07T20:53:33,trading-engine,/trade,ap-southeast-1,148,80,59,2,8360.46,ERR-207,Low,Failure,1,26,1,CUST-112349,DEV-MAC-75825,11.2486
2026-10-07T20:53:43,trading-engine,/trade,us-east-1,143,78,57,2,9665.16,ERR-209,Low,Failure,7,27,1,CUST-134098,DEV-WIN-84725,10.9047
2026-10-07T20:53:43,ledger-service,/balance_check,us-west-2,28,16,41,5,0,ERR-201,Low,Failure,17,24,1,CUST-109482,DEV-MAC-75825,3.15
2026-10-07T20:53:43,investment-engine,/portfolio,eu-west-1,190,87,88,27,13065.62,ERR-104,Low,Failure,19,20,1,CUST-109482,DEV-WIN-99325,2.1402
2026-10-07T20:53:53,payment-api,/withdrawal,ap-southeast-1,76,12,18,7,5706.76,ERR-000,Healthy,Success,9,2,0,CUST-112349,DEV-MAC-75825,0.9607
2026-10-07T20:54:03,ledger-service,/balance_check,eu-west-1,6,2,20,1,0,ERR-000,Healthy,Success,3,1,0,CUST-112349,DEV-WIN-99325,0.8
2026-10-07T20:54:03,trading-engine,/trade,us-east-1,126,65,51,2,7528.01,ERR-107,Low,Failure,17,31,1,CUST-100483,DEV-MAC-0149A5,9.7163
2026-10-07T20:54:13,ledger-service,/balance_check,us-east-1,30,20,46,5,0,ERR-302,Low,Failure,7,39,1,CUST-109482,DEV-MAC-0149A5,3.4333
2026-10-07T20:54:23,fraud-detection,/payment,eu-west-1,136,86,98,10,0,ERR-202,Low,Failure,13,21,1,CUST-112349,DEV-WIN-84725,2.2174
2026-10-07T20:54:23,payment-api,/withdrawal,ap-southeast-1,135,66,55,12,7964.49,ERR-302,Low,Failure,16,37,1,CUST-123456,DEV-WIN-84725,2.165
2026-10-07T20:54:33,ledger-service,/balance_check,eu-west-1,27,19,50,5,0,ERR-305,Low,Failure,11,35,1,CUST-123456,DEV-LIN-11235,3.3667
2026-10-07T20:54:33,payment-api,/withdrawal,ap-southeast-1,165,85,67,18,4301.53,ERR-903,High,Failure,18,89,1,CUST-109482,DEV-WIN-84725,2.9033
2026-10-07T20:54:43,payment-api,/transfer,eu-west-1,147,75,55,15,4166.19,ERR-301,Low,Failure,1,30,1,CUST-100483,DEV-MAC-0149A5,2.488
2026-10-07T20:54:43,trading-engine,/trade,eu-west-1,140,72,58,2,1571.55,ERR-107,Low,Failure,15,20,1,CUST-123456,DEV-MAC-0149A5,10.6866
2026-10-07T20:54:53,ledger-service,/balance_check,us-east-1,31,24,57,5,0,ERR-903,High,Failure,7,83,1,CUST-112349,DEV-MAC-0149A5,3.7833
2026-10-07T20:55:03,ledger-service,/balance_check,eu-west-1,28,19,46,4,0,ERR-104,Low,Failure,9,31,1,CUST-109482,DEV-MAC-75825,3.1333
2026-10-07T20:55:33,payment-api,/withdrawal,us-west-2,164,92,69,18,2769.42,ERR-903,High,Failure,8,81,1,CUST-100483,DEV-LIN-11235,2.9677
2026-10-07T20:55:33,fraud-detection,/payment,ap-southeast-1,169,100,100,10,0,ERR-102,High,Failure,9,88,1,CUST-109482,DEV-WIN-84725,2.4743
2026-10-07T20:55:33,ledger-service,/balance_check,us-east-1,30,17,49,5,0,ERR-204,Low,Failure,4,31,1,CUST-123456,DEV-LIN-11235,3.3833
2026-10-07T20:55:43,trading-engine,/trade,us-west-2,142,78,54,2,3191.87,ERR-102,Low,Failure,6,30,1,CUST-112349,DEV-WIN-99325,10.8321
2026-10-07T20:55:43,auth-service,/login,ap-southeast-1,34,5,29,3,0,ERR-000,Healthy,Success,9,4,0,CUST-112349,DEV-MAC-0149A5,1.4875
2026-10-07T20:55:43,ledger-service,/balance_check,eu-west-1,28,19,40,5,0,ERR-304,Low,Failure,1,38,1,CUST-112349,DEV-MAC-75825,3.2333
2026-10-07T20:55:53,ledger-service,/balance_check,us-west-2,25,18,44,4,0,ERR-201,Low,Failure,9,21,1,CUST-134098,DEV-WIN-99325,2.9667
2026-10-07T20:56:03,payment-api,/transfer,us-west-2,147,80,58,14,7651.65,ERR-201,Low,Failure,10,26,1,CUST-109482,DEV-WIN-99325,2.478
2026-10-07T20:56:03,ledger-service,/balance_check,eu-west-1,7,13,18,2,0,ERR-000,Healthy,Success,3,0,0,CUST-134098,DEV-MAC-0149A5,1.3667
2026-10-07T20:56:13,ledger-service,/balance_check,us-east-1,28,18,46,4,0,ERR-701,Low,Failure,5,34,1,CUST-100483,DEV-MAC-0149A5,3.1
2026-10-07T20:56:13,auth-service,/login,us-east-1,50,20,47,4,0,ERR-105,Low,Failure,1,32,1,CUST-112349,DEV-WIN-84725,2.4125
2026-10-07T20:56:13,payment-api,/transfer,us-east-1,148,79,57,15,8007.07,ERR-207,Low,Failure,16,28,1,CUST-112349,DEV-WIN-84725,2.5353
2026-10-07T20:56:23,ledger-service,/balance_check,us-east-1,27,18,40,5,0,ERR-103,Low,Failure,10,31,1,CUST-100483,DEV-WIN-99325,3.1667
2026-10-07T20:56:33,trading-engine,/trade,eu-west-1,139,65,51,2,322.5,ERR-104,Low,Failure,12,35,1,CUST-100483,DEV-MAC-0149A5,10.5829
2026-10-07T20:56:43,investment-engine,/portfolio,us-east-1,187,82,82,30,12752.77,ERR-209,Low,Failure,16,29,1,CUST-100483,DEV-WIN-99325,2.1935
2026-10-07T20:56:43,auth-service,/login,ap-southeast-1,49,19,49,4,0,ERR-109,Low,Failure,16,38,1,CUST-112349,DEV-MAC-0149A5,2.405
2026-10-07T20:57:03,auth-service,/login,ap-southeast-1,50,19,50,4,0,ERR-902,Low,Failure,1,23,1,CUST-112349,DEV-LIN-11235,2.43
2026-10-07T20:57:13,ledger-service,/balance_check,us-west-2,30,23,56,6,0,ERR-903,High,Failure,8,82,1,CUST-112349,DEV-MAC-75825,3.9
2026-10-07T20:57:23,investment-engine,/portfolio,us-east-1,187,87,72,25,10358.38,ERR-705,Low,Failure,8,20,1,CUST-109482,DEV-LIN-11235,2.0323
2026-10-07T20:57:33,fraud-detection,/payment,eu-west-1,149,89,94,10,0,ERR-901,Low,Failure,10,37,1,CUST-112349,DEV-WIN-99325,2.3076
2026-10-07T20:57:33,auth-service,/login,us-west-2,7,6,7,2,0,ERR-000,Healthy,Success,15,0,0,CUST-123456,DEV-MAC-0149A5,0.695
2026-10-07T20:57:33,trading-engine,/trade,us-east-1,143,74,59,1,5812.66,ERR-106,Low,Failure,14,34,1,CUST-100483,DEV-MAC-0149A5,10.3952
2026-10-07T20:57:43,ledger-service,/balance_check,ap-southeast-1,30,18,47,5,0,ERR-302,Low,Failure,9,36,1,CUST-112349,DEV-MAC-75825,3.3833
2026-10-07T20:57:43,trading-engine,/trade,eu-west-1,62,2,16,1,648.34,ERR-000,Healthy,Success,2,3,0,CUST-134098,DEV-MAC-0149A5,4.6713
2026-10-07T20:57:53,fraud-detection,/payment,us-east-1,136,89,97,10,0,ERR-205,Low,Failure,14,38,1,CUST-112349,DEV-WIN-84725,2.2239
2026-10-07T20:57:53,ledger-service,/balance_check,ap-southeast-1,27,19,49,5,0,ERR-901,Low,Failure,1,20,1,CUST-134098,DEV-WIN-99325,3.35
2026-10-07T20:57:53,investment-engine,/portfolio,eu-west-1,219,100,99,36,13839.83,ERR-903,High,Failure,4,86,1,CUST-112349,DEV-MAC-75825,2.6234
2026-10-07T20:58:03,ledger-service,/balance_check,us-west-2,33,20,50,6,0,ERR-901,High,Failure,13,88,1,CUST-134098,DEV-LIN-11235,3.8
2026-10-07T20:58:13,auth-service,/login,ap-southeast-1,25,10,27,1,0,ERR-000,Healthy,Success,15,2,0,CUST-134098,DEV-LIN-11235,1.05
2026-10-07T20:58:13,ledger-service,/balance_check,eu-west-1,30,19,47,4,0,ERR-303,Low,Failure,10,24,1,CUST-123456,DEV-WIN-99325,3.2167
2026-10-07T20:58:23,trading-engine,/trade,eu-west-1,144,75,60,2,1031.64,ERR-705,Low,Failure,1,21,1,CUST-100483,DEV-MAC-75825,10.9672
2026-10-07T20:58:23,fraud-detection,/payment,ap-southeast-1,146,80,88,10,0,ERR-301,Low,Failure,1,22,1,CUST-134098,DEV-WIN-99325,2.2593
2026-10-07T20:58:33,ledger-service,/balance_check,us-west-2,28,20,50,4,0,ERR-306,Low,Failure,3,24,1,CUST-134098,DEV-MAC-0149A5,3.2333
2026-10-07T20:58:33,trading-engine,/trade,us-east-1,139,80,58,1,5579.82,ERR-303,Low,Failure,4,39,1,CUST-123456,DEV-LIN-11235,10.1466
2026-10-07T20:58:33,investment-engine,/portfolio,eu-west-1,198,82,90,30,13906.4,ERR-102,Low,Failure,3,27,1,CUST-123456,DEV-MAC-0149A5,2.2458
2026-10-07T20:58:43,investment-engine,/portfolio,ap-southeast-1,195,89,79,24,8514.79,ERR-902,Low,Failure,1,38,1,CUST-123456,DEV-WIN-84725,2.0493
2026-10-07T20:58:43,ledger-service,/balance_check,us-west-2,9,8,25,1,0,ERR-000,Healthy,Success,13,2,0,CUST-112349,DEV-WIN-84725,1.1833
2026-10-07T20:58:53,payment-api,/withdrawal,ap-southeast-1,6,47,32,4,1305.33,ERR-000,Healthy,Success,11,0,0,CUST-112349,DEV-MAC-0149A5,0.8423
2026-10-07T20:58:53,investment-engine,/portfolio,ap-southeast-1,40,12,38,16,13279.87,ERR-000,Healthy,Success,4,3,0,CUST-112349,DEV-LIN-11235,0.8009
2026-10-07T20:59:03,ledger-service,/balance_check,us-west-2,25,20,46,5,0,ERR-701,Low,Failure,1,37,1,CUST-100483,DEV-WIN-84725,3.2667
2026-10-07T20:59:13,fraud-detection,/payment,eu-west-1,141,85,95,9,0,ERR-210,Low,Failure,18,35,1,CUST-109482,DEV-WIN-84725,2.1453
2026-10-07T20:59:13,trading-engine,/trade,ap-southeast-1,136,71,54,2,7753.77,ERR-102,Low,Failure,19,25,1,CUST-100483,DEV-MAC-0149A5,10.4088
2026-10-07T20:59:23,ledger-service,/balance_check,us-east-1,30,20,40,4,0,ERR-203,Low,Failure,4,31,1,CUST-112349,DEV-WIN-84725,3.1333
2026-10-07T20:59:33,trading-engine,/trade,us-west-2,160,89,68,2,9692.23,ERR-903,High,Failure,1,82,1,CUST-123456,DEV-WIN-84725,12.0961
2026-10-07T20:59:43,payment-api,/transfer,ap-southeast-1,155,75,56,14,7886.32,ERR-105,Low,Failure,14,28,1,CUST-134098,DEV-MAC-0149A5,2.4583
2026-10-07T20:59:43,trading-engine,/trade,eu-west-1,148,78,59,2,4735.39,ERR-903,Low,Failure,1,20,1,CUST-109482,DEV-WIN-84725,11.2419
2026-10-07T20:59:53,investment-engine,/portfolio,us-west-2,211,100,100,35,7349.62,ERR-903,High,Failure,2,87,1,CUST-123456,DEV-WIN-84725,2.5653
2026-10-07T20:59:53,ledger-service,/balance_check,us-east-1,35,23,53,6,0,ERR-903,High,Failure,12,86,1,CUST-112349,DEV-LIN-11235,4.0167
2026-10-07T20:59:53,payment-api,/transfer,eu-west-1,106,41,1,3,5417.62,ERR-000,Healthy,Success,11,3,0,CUST-100483,DEV-MAC-75825,0.9707
2026-10-07T21:00:03,fraud-detection,/payment,eu-west-1,35,2,27,2,0,ERR-000,Healthy,Success,9,5,0,CUST-112349,DEV-WIN-99325,0.4647
2026-10-07T21:00:03,payment-api,/withdrawal,us-east-1,181,88,69,15,3479.39,ERR-903,High,Failure,13,81,1,CUST-123456,DEV-LIN-11235,2.8023
2026-10-07T21:00:23,ledger-service,/balance_check,us-west-2,29,17,44,5,0,ERR-101,Low,Failure,8,40,1,CUST-134098,DEV-WIN-84725,3.2667
2026-10-07T21:00:23,fraud-detection,/payment,ap-southeast-1,24,11,22,5,0,ERR-000,Healthy,Success,17,0,0,CUST-109482,DEV-MAC-0149A5,0.709
2026-10-07T21:00:33,ledger-service,/balance_check,us-west-2,30,23,58,6,0,ERR-903,High,Failure,14,88,1,CUST-123456,DEV-MAC-0149A5,3.9333
2026-10-07T21:00:33,trading-engine,/trade,us-east-1,160,82,64,2,7849.67,ERR-903,High,Failure,11,81,1,CUST-112349,DEV-MAC-75825,12.065
2026-10-07T21:00:43,auth-service,/login,us-west-2,51,20,50,5,0,ERR-307,Medium,Failure,4,64,1,CUST-134098,DEV-WIN-99325,2.6625
2026-10-07T21:00:43,ledger-service,/balance_check,us-west-2,30,19,49,5,0,ERR-302,Low,Failure,20,21,1,CUST-100483,DEV-LIN-11235,3.45
2026-10-07T21:00:53,auth-service,/login,eu-west-1,45,17,40,5,0,ERR-202,Low,Failure,9,21,1,CUST-100483,DEV-WIN-99325,2.4025
2026-10-07T21:01:03,ledger-service,/balance_check,us-east-1,29,19,45,4,0,ERR-102,Low,Failure,13,34,1,CUST-123456,DEV-WIN-84725,3.15
2026-10-07T21:01:03,payment-api,/withdrawal,us-west-2,157,78,54,14,3029.66,ERR-206,Low,Failure,11,28,1,CUST-109482,DEV-MAC-75825,2.4813
2026-10-07T21:01:13,ledger-service,/balance_check,eu-west-1,27,20,46,4,0,ERR-206,Low,Failure,18,40,1,CUST-112349,DEV-WIN-99325,3.1333
2026-10-07T21:01:13,fraud-detection,/payment,us-west-2,135,84,95,9,0,ERR-902,Low,Failure,17,32,1,CUST-123456,DEV-WIN-84725,2.1028
2026-10-07T21:01:13,investment-engine,/portfolio,ap-southeast-1,195,86,82,30,9538.54,ERR-109,Low,Failure,16,34,1,CUST-109482,DEV-MAC-0149A5,2.2402
2026-10-07T21:01:23,auth-service,/login,us-west-2,50,16,41,5,0,ERR-703,Low,Failure,16,23,1,CUST-134098,DEV-LIN-11235,2.4575
2026-10-07T21:01:23,ledger-service,/balance_check,ap-southeast-1,28,20,42,5,0,ERR-903,Low,Failure,15,25,1,CUST-123456,DEV-MAC-75825,3.3
2026-10-07T21:01:33,ledger-service,/balance_check,us-west-2,27,20,46,4,0,ERR-705,Low,Failure,2,29,1,CUST-112349,DEV-WIN-99325,3.1333
2026-10-07T21:01:43,ledger-service,/balance_check,eu-west-1,28,20,46,4,0,ERR-305,Low,Failure,17,28,1,CUST-109482,DEV-MAC-0149A5,3.1667
2026-10-07T21:01:43,payment-api,/transfer,us-east-1,144,68,55,14,9551.99,ERR-302,Low,Failure,14,34,1,CUST-112349,DEV-WIN-84725,2.351
2026-10-07T21:01:53,ledger-service,/balance_check,ap-southeast-1,19,7,27,1,0,ERR-000,Healthy,Success,18,1,0,CUST-109482,DEV-WIN-84725,1.5167
2026-10-07T21:01:53,trading-engine,/trade,eu-west-1,143,72,58,1,4015.98,ERR-310,Low,Failure,19,31,1,CUST-134098,DEV-MAC-75825,10.3866
2026-10-07T21:02:03,investment-engine,/portfolio,eu-west-1,200,86,90,27,14785.15,ERR-204,Low,Failure,3,27,1,CUST-112349,DEV-MAC-75825,2.1724
2026-10-07T21:02:03,ledger-service,/balance_check,eu-west-1,25,17,50,4,0,ERR-310,Low,Failure,7,23,1,CUST-134098,DEV-WIN-84725,3.0333
2026-10-07T21:02:13,auth-service,/login,us-east-1,50,19,45,5,0,ERR-101,Low,Failure,11,31,1,CUST-100483,DEV-LIN-11235,2.5675
2026-10-07T21:02:13,payment-api,/withdrawal,eu-west-1,174,94,64,17,6665.99,ERR-903,High,Failure,12,80,1,CUST-109482,DEV-WIN-84725,2.9327
2026-10-07T21:02:13,ledger-service,/balance_check,us-west-2,26,18,44,4,0,ERR-210,Low,Failure,5,28,1,CUST-134098,DEV-WIN-99325,3
2026-10-07T21:02:23,ledger-service,/balance_check,ap-southeast-1,31,23,54,5,0,ERR-903,High,Failure,16,83,1,CUST-123456,DEV-MAC-75825,3.7
2026-10-07T21:02:33,auth-service,/login,ap-southeast-1,52,20,52,5,0,ERR-904,Medium,Failure,7,69,1,CUST-112349,DEV-WIN-84725,2.7
2026-10-07T21:02:43,ledger-service,/balance_check,ap-southeast-1,29,19,50,4,0,ERR-110,Low,Failure,17,26,1,CUST-112349,DEV-WIN-99325,3.2333
2026-10-07T21:02:53,ledger-service,/balance_check,ap-southeast-1,28,20,50,4,0,ERR-107,Low,Failure,15,32,1,CUST-112349,DEV-LIN-11235,3.2333
2026-10-07T21:02:53,investment-engine,/portfolio,eu-west-1,340,100,100,42,8834.48,ERR-903,Critical,Failure,15,96,1,CUST-134098,DEV-MAC-75825,3.2286
2026-10-07T21:03:03,ledger-service,/balance_check,eu-west-1,36,23,51,5,0,ERR-903,High,Failure,18,88,1,CUST-100483,DEV-LIN-11235,3.8167
2026-10-07T21:03:03,auth-service,/login,us-east-1,50,20,46,5,0,ERR-902,Low,Failure,8,30,1,CUST-123456,DEV-WIN-84725,2.6
2026-10-07T21:03:13,fraud-detection,/payment,ap-southeast-1,143,88,95,9,0,ERR-107,Low,Failure,16,29,1,CUST-112349,DEV-MAC-75825,2.1661
2026-10-07T21:03:13,ledger-service,/balance_check,eu-west-1,27,19,45,4,0,ERR-304,Low,Failure,18,39,1,CUST-100483,DEV-MAC-75825,3.0833
2026-10-07T21:03:23,ledger-service,/balance_check,eu-west-1,30,20,49,5,0,ERR-902,Low,Failure,8,20,1,CUST-112349,DEV-WIN-99325,3.4833
2026-10-07T21:03:23,trading-engine,/trade,us-west-2,146,73,54,2,8269.06,ERR-104,Low,Failure,1,21,1,CUST-123456,DEV-LIN-11235,11.0821
2026-10-07T21:03:23,investment-engine,/portfolio,ap-southeast-1,207,100,90,35,6143.88,ERR-109,High,Failure,19,80,1,CUST-100483,DEV-WIN-84725,2.5324
2026-10-07T21:03:33,ledger-service,/balance_check,us-west-2,30,19,48,4,0,ERR-308,Low,Failure,18,32,1,CUST-112349,DEV-MAC-75825,3.2333
2026-10-07T21:03:43,ledger-service,/balance_check,eu-west-1,29,19,49,5,0,ERR-203,Low,Failure,8,35,1,CUST-109482,DEV-WIN-84725,3.4167
2026-10-07T21:03:53,auth-service,/login,ap-southeast-1,48,19,49,5,0,ERR-201,Low,Failure,4,40,1,CUST-109482,DEV-WIN-84725,2.5925
2026-10-07T21:04:03,ledger-service,/balance_check,ap-southeast-1,27,20,50,4,0,ERR-701,Low,Failure,10,33,1,CUST-109482,DEV-MAC-0149A5,3.2
2026-10-07T21:04:13,ledger-service,/balance_check,ap-southeast-1,11,4,5,3,0,ERR-000,Healthy,Success,19,0,0,CUST-134098,DEV-MAC-75825,1.1833
2026-10-07T21:04:23,ledger-service,/balance_check,us-west-2,26,17,41,4,0,ERR-000,Normal,Success,13,14,0,CUST-100483,DEV-WIN-84725,2.9167
2026-10-07T21:04:23,investment-engine,/portfolio,us-east-1,173,72,77,29,9607.41,ERR-305,Low,Failure,11,29,1,CUST-100483,DEV-WIN-99325,2.0537
2026-10-07T21:04:23,trading-engine,/trade,us-east-1,40,29,1,1,7893.79,ERR-000,Healthy,Success,7,1,0,CUST-112349,DEV-WIN-99325,3.2653
2026-10-07T21:04:33,payment-api,/transfer,us-west-2,153,80,54,15,845,ERR-108,Low,Failure,4,37,1,CUST-112349,DEV-WIN-84725,2.5487
2026-10-07T21:04:43,ledger-service,/balance_check,eu-west-1,24,20,48,5,0,ERR-108,Low,Failure,10,24,1,CUST-109482,DEV-WIN-99325,3.2667
2026-10-07T21:04:53,auth-service,/login,us-west-2,48,19,47,4,0,ERR-108,Low,Failure,8,39,1,CUST-123456,DEV-LIN-11235,2.3675
2026-10-07T21:04:53,ledger-service,/balance_check,eu-west-1,4,1,13,2,0,ERR-000,Healthy,Success,17,4,0,CUST-134098,DEV-WIN-99325,0.7833
2026-10-07T21:05:03,payment-api,/withdrawal,ap-southeast-1,173,96,68,16,6974.56,ERR-903,High,Failure,13,89,1,CUST-109482,DEV-WIN-99325,2.8987
2026-10-07T21:05:03,ledger-service,/balance_check,eu-west-1,32,22,58,6,0,ERR-903,High,Failure,8,81,1,CUST-109482,DEV-WIN-84725,3.9667
2026-10-07T21:05:13,ledger-service,/balance_check,us-east-1,35,23,57,6,0,ERR-903,High,Failure,16,84,1,CUST-112349,DEV-WIN-99325,4.0833
2026-10-07T21:05:13,payment-api,/withdrawal,eu-west-1,169,82,64,18,8087.2,ERR-903,High,Failure,20,86,1,CUST-100483,DEV-WIN-84725,2.8793
2026-10-07T21:05:13,fraud-detection,/payment,eu-west-1,150,86,98,10,0,ERR-701,Low,Failure,5,29,1,CUST-100483,DEV-WIN-99325,2.3107
2026-10-07T21:05:23,ledger-service,/balance_check,us-west-2,29,19,45,5,0,ERR-703,Low,Failure,8,35,1,CUST-109482,DEV-MAC-0149A5,3.35
2026-10-07T21:05:43,ledger-service,/balance_check,ap-southeast-1,28,20,42,4,0,ERR-704,Low,Failure,18,33,1,CUST-100483,DEV-MAC-0149A5,3.1
2026-10-07T21:05:43,investment-engine,/portfolio,eu-west-1,178,82,77,26,5474.66,ERR-202,Low,Failure,6,20,1,CUST-100483,DEV-LIN-11235,2.0204
2026-10-07T21:05:43,auth-service,/login,us-east-1,50,19,47,5,0,ERR-103,Low,Failure,16,23,1,CUST-112349,DEV-WIN-99325,2.5925
2026-10-07T21:05:53,ledger-service,/balance_check,us-west-2,30,19,46,4,0,ERR-305,Low,Failure,6,24,1,CUST-100483,DEV-MAC-75825,3.2
2026-10-07T21:05:53,fraud-detection,/payment,eu-west-1,139,82,97,10,0,ERR-103,Low,Failure,16,20,1,CUST-112349,DEV-MAC-75825,2.2264
2026-10-07T21:06:23,trading-engine,/trade,ap-southeast-1,1,6,30,1,9562.18,ERR-000,Healthy,Success,12,0,0,CUST-112349,DEV-MAC-0149A5,0.6453
2026-10-07T21:06:23,ledger-service,/balance_check,eu-west-1,25,17,45,4,0,ERR-109,Low,Failure,17,22,1,CUST-123456,DEV-WIN-84725,2.95
2026-10-07T21:06:33,ledger-service,/balance_check,ap-southeast-1,27,20,41,4,0,ERR-309,Low,Failure,13,38,1,CUST-112349,DEV-MAC-0149A5,3.05
2026-10-07T21:06:43,auth-service,/login,us-east-1,48,18,50,5,0,ERR-302,Low,Failure,13,31,1,CUST-109482,DEV-MAC-0149A5,2.585
2026-10-07T21:06:53,ledger-service,/balance_check,us-west-2,28,18,50,5,0,ERR-705,Low,Failure,19,23,1,CUST-109482,DEV-WIN-84725,3.3667
2026-10-07T21:07:03,payment-api,/withdrawal,eu-west-1,153,76,58,14,1338.92,ERR-704,Low,Failure,12,23,1,CUST-109482,DEV-WIN-84725,2.4687
2026-10-07T21:07:13,ledger-service,/balance_check,us-east-1,29,20,50,5,0,ERR-208,Low,Failure,3,37,1,CUST-123456,DEV-WIN-84725,3.4667
2026-10-07T21:07:23,ledger-service,/balance_check,eu-west-1,28,19,48,4,0,ERR-307,Low,Failure,5,29,1,CUST-123456,DEV-MAC-0149A5,3.1667
2026-10-07T21:07:23,payment-api,/transfer,us-east-1,158,76,57,14,1347.73,ERR-303,Low,Failure,9,36,1,CUST-123456,DEV-MAC-0149A5,2.4837
2026-10-07T21:07:33,trading-engine,/trade,eu-west-1,16,51,26,1,1122.34,ERR-000,Healthy,Success,11,5,0,CUST-100483,DEV-MAC-0149A5,1.7874
2026-10-07T21:07:43,fraud-detection,/payment,ap-southeast-1,141,81,94,9,0,ERR-308,Low,Failure,10,36,1,CUST-112349,DEV-MAC-75825,2.1343
2026-10-07T21:07:53,payment-api,/transfer,ap-southeast-1,151,72,55,15,1489.35,ERR-303,Low,Failure,20,31,1,CUST-134098,DEV-LIN-11235,2.479
2026-10-07T21:07:53,ledger-service,/balance_check,us-west-2,29,20,45,4,0,ERR-207,Low,Failure,15,25,1,CUST-109482,DEV-WIN-84725,3.1833
2026-10-07T21:08:03,ledger-service,/balance_check,ap-southeast-1,33,22,56,5,0,ERR-903,High,Failure,18,83,1,CUST-134098,DEV-WIN-99325,3.7667
2026-10-07T21:08:03,fraud-detection,/payment,eu-west-1,40,17,4,2,0,ERR-000,Healthy,Success,17,2,0,CUST-109482,DEV-MAC-75825,0.5131
2026-10-07T21:08:13,ledger-service,/balance_check,eu-west-1,32,24,53,6,0,ERR-903,High,Failure,17,88,1,CUST-112349,DEV-WIN-84725,3.95
2026-10-07T21:08:23,ledger-service,/balance_check,us-east-1,11,5,13,2,0,ERR-000,Healthy,Success,10,2,0,CUST-100483,DEV-MAC-75825,1.15
2026-10-07T21:08:23,payment-api,/transfer,us-east-1,153,78,55,15,590.54,ERR-301,Low,Failure,8,36,1,CUST-100483,DEV-MAC-0149A5,2.537
2026-10-07T21:08:33,ledger-service,/balance_check,eu-west-1,27,19,48,4,0,ERR-901,Low,Failure,13,30,1,CUST-100483,DEV-MAC-0149A5,3.1333
2026-10-07T21:08:43,fraud-detection,/payment,us-east-1,143,90,91,9,0,ERR-702,Low,Failure,5,21,1,CUST-123456,DEV-MAC-0149A5,2.1672
2026-10-07T21:08:53,fraud-detection,/payment,us-east-1,149,81,96,10,0,ERR-204,Low,Failure,17,35,1,CUST-109482,DEV-MAC-0149A5,2.2896
2026-10-07T21:08:53,payment-api,/withdrawal,us-west-2,145,77,54,14,4317.79,ERR-704,Low,Failure,14,25,1,CUST-109482,DEV-MAC-0149A5,2.425
2026-10-07T21:08:53,ledger-service,/balance_check,us-east-1,28,18,43,4,0,ERR-101,Low,Failure,10,26,1,CUST-100483,DEV-WIN-99325,3.05
2026-10-07T21:08:53,investment-engine,/portfolio,eu-west-1,321,100,100,47,5468.41,ERR-903,Critical,Failure,9,90,1,CUST-100483,DEV-WIN-99325,3.332
2026-10-07T21:09:03,ledger-service,/balance_check,us-west-2,5,8,9,3,0,ERR-000,Healthy,Success,12,3,0,CUST-109482,DEV-LIN-11235,1.1833
2026-10-07T21:09:03,investment-engine,/portfolio,us-west-2,189,87,82,30,12957.87,ERR-207,Low,Failure,19,33,1,CUST-100483,DEV-MAC-75825,2.2252
2026-10-07T21:09:03,payment-api,/transfer,eu-west-1,146,80,55,14,3745.18,ERR-302,Low,Failure,1,24,1,CUST-134098,DEV-WIN-84725,2.459
2026-10-07T21:09:13,investment-engine,/portfolio,us-east-1,119,23,50,17,12657.93,ERR-000,Healthy,Success,19,1,0,CUST-100483,DEV-WIN-84725,1.176
2026-10-07T21:09:13,ledger-service,/balance_check,us-west-2,29,16,46,5,0,ERR-705,Low,Failure,14,28,1,CUST-134098,DEV-WIN-99325,3.2667
2026-10-07T21:09:23,payment-api,/withdrawal,eu-west-1,154,80,60,14,3883.93,ERR-107,Low,Failure,7,29,1,CUST-100483,DEV-MAC-0149A5,2.516
2026-10-07T21:09:23,ledger-service,/balance_check,us-east-1,36,23,59,5,0,ERR-903,High,Failure,1,90,1,CUST-134098,DEV-WIN-99325,3.95
2026-10-07T21:09:33,ledger-service,/balance_check,us-east-1,25,20,49,4,0,ERR-905,Low,Failure,10,34,1,CUST-123456,DEV-MAC-75825,3.1167
2026-10-07T21:09:33,fraud-detection,/payment,eu-west-1,144,88,96,9,0,ERR-106,Low,Failure,2,22,1,CUST-134098,DEV-MAC-75825,2.1738
2026-10-07T21:09:43,trading-engine,/trade,ap-southeast-1,153,84,65,2,707.39,ERR-903,High,Failure,9,83,1,CUST-123456,DEV-MAC-75825,11.607
2026-10-07T21:09:43,fraud-detection,/payment,ap-southeast-1,143,90,95,10,0,ERR-210,Low,Failure,2,29,1,CUST-134098,DEV-WIN-99325,2.2711
2026-10-07T21:09:53,fraud-detection,/payment,eu-west-1,141,87,92,9,0,ERR-303,Low,Failure,13,36,1,CUST-109482,DEV-MAC-0149A5,2.1473
2026-10-07T21:09:53,payment-api,/withdrawal,us-west-2,195,100,82,20,4073.77,ERR-901,Critical,Failure,9,94,1,CUST-109482,DEV-MAC-0149A5,3.3567
2026-10-07T21:10:03,ledger-service,/balance_check,ap-southeast-1,24,18,47,5,0,ERR-206,Low,Failure,10,20,1,CUST-123456,DEV-MAC-75825,3.1833
2026-10-07T21:10:03,auth-service,/login,eu-west-1,51,20,51,5,0,ERR-310,Medium,Failure,15,77,1,CUST-109482,DEV-WIN-84725,2.675
2026-10-07T21:10:03,fraud-detection,/payment,us-east-1,157,100,100,11,0,ERR-108,High,Failure,16,84,1,CUST-134098,DEV-WIN-99325,2.4943
2026-10-07T21:10:13,ledger-service,/balance_check,eu-west-1,36,21,57,6,0,ERR-903,High,Failure,4,84,1,CUST-134098,DEV-WIN-84725,4.05
2026-10-07T21:10:23,investment-engine,/portfolio,ap-southeast-1,200,100,100,32,6020.01,ERR-903,High,Failure,9,89,1,CUST-100483,DEV-WIN-84725,2.4286
2026-10-07T21:10:33,trading-engine,/trade,ap-southeast-1,152,88,65,2,2819.32,ERR-903,High,Failure,9,89,1,CUST-109482,DEV-LIN-11235,11.5536
2026-10-07T21:10:33,auth-service,/login,ap-southeast-1,50,20,51,5,0,ERR-202,Medium,Failure,15,69,1,CUST-123456,DEV-MAC-75825,2.6625
2026-10-07T21:10:33,ledger-service,/balance_check,us-east-1,27,20,48,5,0,ERR-705,Low,Failure,14,39,1,CUST-134098,DEV-MAC-75825,3.3667
2026-10-07T21:10:43,trading-engine,/trade,us-east-1,176,80,62,2,7828.89,ERR-106,High,Failure,20,80,1,CUST-112349,DEV-MAC-0149A5,13.1211
2026-10-07T21:10:43,fraud-detection,/payment,us-east-1,29,6,5,5,0,ERR-000,Healthy,Success,19,4,0,CUST-123456,DEV-WIN-99325,0.7132
2026-10-07T21:10:43,ledger-service,/balance_check,ap-southeast-1,28,19,47,5,0,ERR-704,Low,Failure,10,23,1,CUST-109482,DEV-MAC-75825,3.35
2026-10-07T21:10:53,ledger-service,/balance_check,ap-southeast-1,31,20,55,6,0,ERR-307,High,Failure,2,87,1,CUST-123456,DEV-LIN-11235,3.8167
2026-10-07T21:10:53,auth-service,/login,us-west-2,14,12,26,3,0,ERR-000,Healthy,Success,11,1,0,CUST-109482,DEV-WIN-99325,1.34
2026-10-07T21:11:03,trading-engine,/trade,ap-southeast-1,147,73,54,1,4624.33,ERR-308,Low,Failure,6,39,1,CUST-123456,DEV-LIN-11235,10.6488
2026-10-07T21:11:13,investment-engine,/portfolio,us-west-2,215,90,100,36,6919.41,ERR-901,High,Failure,9,84,1,CUST-123456,DEV-MAC-0149A5,2.562
2026-10-07T21:11:13,ledger-service,/balance_check,us-west-2,28,20,49,5,0,ERR-903,Low,Failure,13,35,1,CUST-100483,DEV-WIN-84725,3.4167
2026-10-07T21:11:23,ledger-service,/balance_check,us-east-1,30,20,48,5,0,ERR-101,Low,Failure,13,36,1,CUST-134098,DEV-MAC-75825,3.4667
2026-10-07T21:11:23,trading-engine,/trade,ap-southeast-1,149,77,60,2,4754.5,ERR-301,Low,Failure,11,27,1,CUST-134098,DEV-WIN-84725,11.3072
2026-10-07T21:11:33,ledger-service,/balance_check,eu-west-1,30,18,50,5,0,ERR-302,Low,Failure,8,22,1,CUST-123456,DEV-MAC-75825,3.4333
2026-10-07T21:11:33,payment-api,/withdrawal,ap-southeast-1,152,73,60,14,1061.99,ERR-904,Low,Failure,15,20,1,CUST-112349,DEV-WIN-99325,2.4497
2026-10-07T21:11:43,auth-service,/login,eu-west-1,50,18,45,5,0,ERR-205,Low,Failure,12,23,1,CUST-112349,DEV-LIN-11235,2.5475
2026-10-07T21:11:43,investment-engine,/portfolio,eu-west-1,255,100,100,37,13904.37,ERR-903,Critical,Failure,17,96,1,CUST-100483,DEV-WIN-99325,2.7786
2026-10-07T21:11:43,ledger-service,/balance_check,ap-southeast-1,29,18,50,4,0,ERR-209,Low,Failure,13,37,1,CUST-109482,DEV-WIN-84725,3.2
2026-10-07T21:11:53,auth-service,/login,eu-west-1,52,20,51,5,0,ERR-202,Medium,Failure,8,62,1,CUST-100483,DEV-MAC-0149A5,2.6875
2026-10-07T21:12:13,ledger-service,/balance_check,eu-west-1,34,20,53,6,0,ERR-107,High,Failure,2,86,1,CUST-134098,DEV-MAC-0149A5,3.8833
2026-10-07T21:12:23,ledger-service,/balance_check,eu-west-1,32,22,56,6,0,ERR-903,High,Failure,14,83,1,CUST-134098,DEV-MAC-0149A5,3.9333
2026-10-07T21:12:33,investment-engine,/portfolio,ap-southeast-1,198,85,88,30,10396.85,ERR-105,Low,Failure,11,39,1,CUST-100483,DEV-WIN-84725,2.2569
2026-10-07T21:12:43,ledger-service,/balance_check,us-east-1,28,19,48,4,0,ERR-110,Low,Failure,15,36,1,CUST-109482,DEV-WIN-99325,3.1667
2026-10-07T21:12:43,investment-engine,/portfolio,ap-southeast-1,182,83,82,29,10589.93,ERR-104,Low,Failure,8,35,1,CUST-112349,DEV-WIN-99325,2.1485
2026-10-07T21:12:53,payment-api,/transfer,ap-southeast-1,179,80,69,15,9256.25,ERR-310,High,Failure,7,84,1,CUST-134098,DEV-WIN-99325,2.7277
2026-10-07T21:13:03,payment-api,/transfer,us-west-2,158,78,59,15,619.67,ERR-110,Low,Failure,18,27,1,CUST-109482,DEV-WIN-99325,2.577
2026-10-07T21:13:03,fraud-detection,/payment,eu-west-1,176,93,100,10,0,ERR-308,High,Failure,18,84,1,CUST-109482,DEV-MAC-0149A5,2.5035
2026-10-07T21:13:13,fraud-detection,/payment,us-east-1,127,89,98,8,0,ERR-206,Low,Failure,20,40,1,CUST-134098,DEV-WIN-99325,1.9649
2026-10-07T21:13:13,payment-api,/withdrawal,us-east-1,47,36,42,7,346.9,ERR-000,Healthy,Success,7,1,0,CUST-123456,DEV-LIN-11235,1.1647
2026-10-07T21:13:23,payment-api,/transfer,ap-southeast-1,158,74,58,14,346.05,ERR-106,Low,Failure,3,30,1,CUST-123456,DEV-WIN-84725,2.472
2026-10-07T21:13:33,payment-api,/withdrawal,us-west-2,157,74,60,13,1816.77,ERR-103,Low,Failure,20,28,1,CUST-100483,DEV-LIN-11235,2.4113
2026-10-07T21:13:43,payment-api,/transfer,ap-southeast-1,149,78,59,15,9498.66,ERR-703,Low,Failure,6,22,1,CUST-109482,DEV-MAC-75825,2.541
2026-10-07T21:13:43,ledger-service,/balance_check,eu-west-1,27,19,46,5,0,ERR-905,Low,Failure,2,27,1,CUST-109482,DEV-WIN-99325,3.3
2026-10-07T21:13:43,auth-service,/login,us-east-1,49,20,47,5,0,ERR-210,Low,Failure,10,37,1,CUST-100483,DEV-WIN-99325,2.6
2026-10-07T21:13:53,ledger-service,/balance_check,eu-west-1,29,20,46,4,0,ERR-310,Low,Failure,4,30,1,CUST-123456,DEV-MAC-75825,3.2
2026-10-07T21:13:53,auth-service,/login,us-east-1,50,21,52,5,0,ERR-903,Medium,Failure,12,71,1,CUST-134098,DEV-WIN-99325,2.695
2026-10-07T21:14:03,ledger-service,/balance_check,us-east-1,29,18,45,5,0,ERR-305,Low,Failure,11,32,1,CUST-134098,DEV-MAC-0149A5,3.3167
2026-10-07T21:14:03,trading-engine,/trade,us-east-1,158,84,69,2,6660.98,ERR-903,High,Failure,8,90,1,CUST-123456,DEV-WIN-84725,11.9481
2026-10-07T21:14:13,auth-service,/login,us-west-2,47,19,50,4,0,ERR-206,Low,Failure,6,38,1,CUST-134098,DEV-LIN-11235,2.3925
2026-10-07T21:14:13,ledger-service,/balance_check,us-east-1,29,19,47,4,0,ERR-307,Low,Failure,17,33,1,CUST-109482,DEV-LIN-11235,3.1833
2026-10-07T21:14:23,ledger-service,/balance_check,us-east-1,26,16,43,4,0,ERR-000,Normal,Success,9,8,0,CUST-112349,DEV-MAC-0149A5,2.9167
2026-10-07T21:14:23,fraud-detection,/payment,us-east-1,150,83,96,9,0,ERR-702,Low,Failure,7,29,1,CUST-109482,DEV-WIN-99325,2.2012
2026-10-07T21:14:33,ledger-service,/balance_check,ap-southeast-1,27,19,49,5,0,ERR-303,Low,Failure,20,35,1,CUST-100483,DEV-LIN-11235,3.35
2026-10-07T21:14:43,investment-engine,/portfolio,eu-west-1,180,83,86,27,8730.64,ERR-301,Low,Failure,9,31,1,CUST-100483,DEV-MAC-0149A5,2.083
2026-10-07T21:14:43,payment-api,/withdrawal,us-east-1,169,93,71,18,1428.5,ERR-903,High,Failure,12,86,1,CUST-112349,DEV-LIN-11235,3.006
2026-10-07T21:14:43,ledger-service,/balance_check,us-west-2,31,22,50,6,0,ERR-107,High,Failure,4,81,1,CUST-112349,DEV-LIN-11235,3.8
2026-10-07T21:14:53,trading-engine,/trade,ap-southeast-1,173,94,64,2,2588.03,ERR-903,High,Failure,20,87,1,CUST-100483,DEV-LIN-11235,12.9717
2026-10-07T21:14:53,ledger-service,/balance_check,us-west-2,30,17,40,4,0,ERR-902,Low,Failure,15,29,1,CUST-123456,DEV-WIN-84725,3.0333
2026-10-07T21:15:13,ledger-service,/balance_check,eu-west-1,29,20,48,5,0,ERR-310,Low,Failure,19,24,1,CUST-134098,DEV-WIN-99325,3.4333
2026-10-07T21:15:23,auth-service,/login,eu-west-1,47,18,50,4,0,ERR-204,Low,Failure,2,37,1,CUST-134098,DEV-WIN-84725,2.3725
2026-10-07T21:15:23,payment-api,/withdrawal,us-east-1,181,93,61,15,2155.74,ERR-903,High,Failure,6,80,1,CUST-112349,DEV-MAC-0149A5,2.804
2026-10-07T21:15:33,ledger-service,/balance_check,us-west-2,36,22,60,6,0,ERR-903,High,Failure,20,90,1,CUST-112349,DEV-MAC-75825,4.1333
2026-10-07T21:15:43,payment-api,/transfer,us-west-2,144,79,54,15,666.32,ERR-207,Low,Failure,19,21,1,CUST-134098,DEV-WIN-84725,2.5043
2026-10-07T21:15:43,ledger-service,/balance_check,ap-southeast-1,25,20,40,5,0,ERR-206,Low,Failure,10,38,1,CUST-112349,DEV-WIN-99325,3.1667
2026-10-07T21:15:53,auth-service,/login,eu-west-1,52,21,51,5,0,ERR-903,Medium,Failure,6,75,1,CUST-123456,DEV-MAC-0149A5,2.7075
2026-10-07T21:15:53,ledger-service,/balance_check,us-west-2,25,17,47,4,0,ERR-209,Low,Failure,4,27,1,CUST-100483,DEV-MAC-75825,2.9833
2026-10-07T21:16:03,ledger-service,/balance_check,eu-west-1,36,20,60,5,0,ERR-101,High,Failure,17,83,1,CUST-100483,DEV-WIN-99325,3.8667
2026-10-07T21:16:03,trading-engine,/trade,us-east-1,136,80,56,2,4602.6,ERR-209,Low,Failure,8,34,1,CUST-112349,DEV-MAC-75825,10.4427
2026-10-07T21:16:03,fraud-detection,/payment,us-east-1,142,83,98,10,0,ERR-207,Low,Failure,4,37,1,CUST-134098,DEV-LIN-11235,2.2499
2026-10-07T21:16:13,auth-service,/login,ap-southeast-1,48,20,49,5,0,ERR-901,Low,Failure,5,20,1,CUST-134098,DEV-MAC-0149A5,2.6125
2026-10-07T21:16:23,investment-engine,/portfolio,ap-southeast-1,191,87,87,29,8290.48,ERR-109,Low,Failure,1,39,1,CUST-109482,DEV-WIN-99325,2.2083
2026-10-07T21:16:23,auth-service,/login,ap-southeast-1,46,19,47,4,0,ERR-305,Low,Failure,1,38,1,CUST-134098,DEV-WIN-99325,2.3425
2026-10-07T21:16:23,ledger-service,/balance_check,us-west-2,33,24,58,6,0,ERR-903,High,Failure,10,80,1,CUST-109482,DEV-MAC-75825,4.0667
2026-10-07T21:16:33,ledger-service,/balance_check,us-east-1,33,23,54,5,0,ERR-903,High,Failure,17,89,1,CUST-100483,DEV-WIN-99325,3.7667
2026-10-07T21:16:43,ledger-service,/balance_check,eu-west-1,33,24,55,6,0,ERR-903,High,Failure,1,89,1,CUST-134098,DEV-MAC-0149A5,4.0167
2026-10-07T21:16:43,auth-service,/login,us-west-2,50,20,51,5,0,ERR-101,Medium,Failure,17,74,1,CUST-134098,DEV-MAC-75825,2.6625
2026-10-07T21:16:43,fraud-detection,/payment,eu-west-1,150,87,100,9,0,ERR-301,Low,Failure,5,34,1,CUST-134098,DEV-LIN-11235,2.2152
2026-10-07T21:16:53,ledger-service,/balance_check,us-east-1,28,18,44,4,0,ERR-303,Low,Failure,4,36,1,CUST-112349,DEV-WIN-99325,3.0667
2026-10-07T21:16:53,fraud-detection,/payment,us-west-2,142,88,97,10,0,ERR-203,Low,Failure,14,21,1,CUST-112349,DEV-WIN-84725,2.2614
2026-10-07T21:17:03,fraud-detection,/payment,us-east-1,145,89,100,9,0,ERR-310,Low,Failure,15,23,1,CUST-123456,DEV-MAC-0149A5,2.1868
2026-10-07T21:17:13,payment-api,/transfer,ap-southeast-1,148,77,58,14,7395.75,ERR-110,Low,Failure,14,38,1,CUST-134098,DEV-MAC-0149A5,2.457
2026-10-07T21:17:23,ledger-service,/balance_check,us-east-1,30,20,60,6,0,ERR-109,High,Failure,8,86,1,CUST-134098,DEV-WIN-99325,3.8667
2026-10-07T21:17:23,payment-api,/transfer,ap-southeast-1,158,75,58,14,7684.49,ERR-306,Low,Failure,6,24,1,CUST-109482,DEV-WIN-84725,2.4803
2026-10-07T21:17:33,auth-service,/login,eu-west-1,46,18,48,4,0,ERR-108,Low,Failure,2,39,1,CUST-112349,DEV-MAC-75825,2.335
2026-10-07T21:17:33,ledger-service,/balance_check,ap-southeast-1,28,18,48,5,0,ERR-109,Low,Failure,10,25,1,CUST-134098,DEV-MAC-0149A5,3.3333
2026-10-07T21:17:43,payment-api,/withdrawal,us-west-2,147,80,60,15,5123.26,ERR-306,Low,Failure,15,38,1,CUST-100483,DEV-LIN-11235,2.5547
2026-10-07T21:17:43,ledger-service,/balance_check,ap-southeast-1,27,18,47,5,0,ERR-701,Low,Failure,3,29,1,CUST-100483,DEV-MAC-0149A5,3.2833
2026-10-07T21:17:53,investment-engine,/portfolio,ap-southeast-1,196,88,82,28,5560.99,ERR-703,Low,Failure,9,32,1,CUST-109482,DEV-WIN-84725,2.1868
2026-10-07T21:17:53,ledger-service,/balance_check,us-east-1,30,19,45,5,0,ERR-905,Low,Failure,5,39,1,CUST-134098,DEV-LIN-11235,3.3833
2026-10-07T21:17:53,fraud-detection,/payment,ap-southeast-1,138,90,98,9,0,ERR-207,Low,Failure,8,22,1,CUST-109482,DEV-WIN-84725,2.1407
2026-10-07T21:18:03,payment-api,/transfer,us-east-1,146,77,54,13,4337.75,ERR-704,Low,Failure,17,38,1,CUST-100483,DEV-MAC-75825,2.3623
2026-10-07T21:18:03,ledger-service,/balance_check,ap-southeast-1,27,18,49,5,0,ERR-704,Low,Failure,20,22,1,CUST-134098,DEV-MAC-75825,3.3167
2026-10-07T21:18:13,ledger-service,/balance_check,us-west-2,24,16,44,5,0,ERR-205,Low,Failure,2,30,1,CUST-100483,DEV-WIN-99325,3.0667
2026-10-07T21:18:13,fraud-detection,/payment,eu-west-1,121,77,81,10,0,ERR-109,Low,Failure,1,23,1,CUST-123456,DEV-MAC-0149A5,2.0783
2026-10-07T21:18:23,payment-api,/withdrawal,ap-southeast-1,183,92,62,18,5733.79,ERR-903,High,Failure,5,86,1,CUST-123456,DEV-MAC-75825,3.0087
2026-10-07T21:18:23,trading-engine,/trade,eu-west-1,137,73,57,1,9771.51,ERR-105,Low,Failure,5,30,1,CUST-100483,DEV-LIN-11235,9.988
2026-10-07T21:18:33,trading-engine,/trade,ap-southeast-1,24,41,37,1,3103.56,ERR-000,Healthy,Success,12,3,0,CUST-134098,DEV-MAC-0149A5,2.3089
2026-10-07T21:18:33,ledger-service,/balance_check,ap-southeast-1,26,19,50,4,0,ERR-307,Low,Failure,6,27,1,CUST-112349,DEV-MAC-75825,3.1333
2026-10-07T21:18:43,trading-engine,/trade,ap-southeast-1,92,53,4,1,2447.02,ERR-000,Healthy,Success,16,0,0,CUST-123456,DEV-WIN-99325,6.8178
2026-10-07T21:18:43,payment-api,/transfer,ap-southeast-1,150,78,58,14,866.52,ERR-904,Low,Failure,18,33,1,CUST-134098,DEV-WIN-99325,2.4733
2026-10-07T21:18:53,ledger-service,/balance_check,ap-southeast-1,5,7,11,1,0,ERR-000,Healthy,Success,19,5,0,CUST-109482,DEV-WIN-99325,0.7833
2026-10-07T21:18:53,payment-api,/withdrawal,ap-southeast-1,155,73,59,15,4452.73,ERR-104,Low,Failure,12,40,1,CUST-134098,DEV-WIN-84725,2.5233
2026-10-07T21:19:03,ledger-service,/balance_check,eu-west-1,30,19,47,4,0,ERR-209,Low,Failure,5,20,1,CUST-112349,DEV-WIN-99325,3.2167
2026-10-07T21:19:13,ledger-service,/balance_check,us-west-2,27,19,46,4,0,ERR-309,Low,Failure,8,26,1,CUST-100483,DEV-WIN-99325,3.1
2026-10-07T21:19:13,payment-api,/withdrawal,us-east-1,146,74,54,13,8291.76,ERR-905,Low,Failure,3,24,1,CUST-100483,DEV-MAC-75825,2.3373
2026-10-07T21:19:13,trading-engine,/trade,us-west-2,131,64,59,1,262.84,ERR-302,Low,Failure,18,38,1,CUST-109482,DEV-MAC-75825,9.5619
2026-10-07T21:19:23,payment-api,/withdrawal,us-west-2,148,77,49,14,7025.11,ERR-902,Low,Failure,6,38,1,CUST-112349,DEV-WIN-99325,2.412
2026-10-07T21:19:23,trading-engine,/trade,ap-southeast-1,138,77,58,1,2991.46,ERR-208,Low,Failure,11,32,1,CUST-109482,DEV-WIN-84725,10.0699
2026-10-07T21:19:33,ledger-service,/balance_check,eu-west-1,29,16,49,5,0,ERR-902,Low,Failure,16,25,1,CUST-134098,DEV-MAC-75825,3.3167
2026-10-07T21:19:33,investment-engine,/portfolio,us-west-2,203,99,90,31,5809.76,ERR-110,High,Failure,6,83,1,CUST-112349,DEV-MAC-0149A5,2.3808
2026-10-07T21:19:43,ledger-service,/balance_check,us-east-1,29,19,50,4,0,ERR-308,Low,Failure,11,40,1,CUST-123456,DEV-WIN-99325,3.2333
2026-10-07T21:19:53,investment-engine,/portfolio,ap-southeast-1,221,93,93,32,10400.7,ERR-903,High,Failure,5,83,1,CUST-134098,DEV-LIN-11235,2.45
2026-10-07T21:19:53,ledger-service,/balance_check,ap-southeast-1,31,22,53,6,0,ERR-903,High,Failure,9,88,1,CUST-109482,DEV-MAC-0149A5,3.85
2026-10-07T21:20:03,auth-service,/login,ap-southeast-1,50,16,48,4,0,ERR-104,Low,Failure,8,21,1,CUST-100483,DEV-WIN-84725,2.345
2026-10-07T21:20:03,payment-api,/withdrawal,us-west-2,152,73,54,13,3016.34,ERR-702,Low,Failure,13,21,1,CUST-123456,DEV-MAC-0149A5,2.353
2026-10-07T21:20:13,ledger-service,/balance_check,ap-southeast-1,26,18,49,5,0,ERR-308,Low,Failure,20,33,1,CUST-100483,DEV-MAC-0149A5,3.2833
2026-10-07T21:20:13,auth-service,/login,us-west-2,46,18,48,5,0,ERR-206,Low,Failure,2,33,1,CUST-112349,DEV-MAC-75825,2.535
2026-10-07T21:20:23,ledger-service,/balance_check,us-east-1,27,19,50,5,0,ERR-204,Low,Failure,11,31,1,CUST-100483,DEV-LIN-11235,3.3667
2026-10-07T21:20:23,fraud-detection,/payment,eu-west-1,167,91,100,11,0,ERR-204,High,Failure,12,89,1,CUST-134098,DEV-MAC-75825,2.5385
2026-10-07T21:20:23,auth-service,/login,ap-southeast-1,48,18,49,5,0,ERR-306,Low,Failure,18,26,1,CUST-109482,DEV-MAC-0149A5,2.5725
2026-10-07T21:20:33,trading-engine,/trade,us-east-1,135,74,57,2,3997.32,ERR-903,Low,Failure,9,36,1,CUST-109482,DEV-WIN-84725,10.358
2026-10-07T21:20:43,auth-service,/login,eu-west-1,30,7,6,2,0,ERR-000,Healthy,Success,4,0,0,CUST-100483,DEV-MAC-0149A5,0.99
2026-10-07T21:20:43,fraud-detection,/payment,eu-west-1,149,85,93,9,0,ERR-109,Low,Failure,6,28,1,CUST-123456,DEV-MAC-0149A5,2.1967
2026-10-07T21:20:53,trading-engine,/trade,us-west-2,147,79,57,2,9739.9,ERR-105,Low,Failure,16,34,1,CUST-123456,DEV-MAC-75825,11.1747
2026-10-07T21:20:53,fraud-detection,/payment,us-west-2,142,87,93,9,0,ERR-308,Low,Failure,8,31,1,CUST-109482,DEV-WIN-84725,2.155
2026-10-07T21:21:03,fraud-detection,/payment,ap-southeast-1,15,23,43,5,0,ERR-000,Healthy,Success,13,3,0,CUST-100483,DEV-MAC-75825,0.6995
2026-10-07T21:21:03,auth-service,/login,ap-southeast-1,50,20,45,5,0,ERR-304,Low,Failure,1,22,1,CUST-123456,DEV-MAC-0149A5,2.5875
2026-10-07T21:21:13,payment-api,/transfer,us-east-1,144,78,60,14,961.96,ERR-301,Low,Failure,14,34,1,CUST-112349,DEV-WIN-99325,2.4593
2026-10-07T21:21:13,ledger-service,/balance_check,us-west-2,27,20,47,4,0,ERR-107,Low,Failure,15,33,1,CUST-112349,DEV-WIN-84725,3.15
2026-10-07T21:21:23,ledger-service,/balance_check,eu-west-1,35,20,54,5,0,ERR-207,High,Failure,1,89,1,CUST-109482,DEV-MAC-0149A5,3.7333
2026-10-07T21:21:23,payment-api,/transfer,ap-southeast-1,128,76,48,12,2968.81,ERR-303,Low,Failure,20,34,1,CUST-112349,DEV-MAC-75825,2.1853
2026-10-07T21:21:23,auth-service,/login,ap-southeast-1,49,19,50,4,0,ERR-704,Low,Failure,16,26,1,CUST-112349,DEV-WIN-99325,2.4175
2026-10-07T21:21:33,auth-service,/login,ap-southeast-1,47,19,45,4,0,ERR-309,Low,Failure,8,22,1,CUST-123456,DEV-MAC-0149A5,2.33
2026-10-07T21:21:33,payment-api,/transfer,us-east-1,160,72,55,15,8951.63,ERR-304,Low,Failure,11,21,1,CUST-109482,DEV-MAC-75825,2.515
2026-10-07T21:21:43,ledger-service,/balance_check,ap-southeast-1,30,18,50,4,0,ERR-204,Low,Failure,19,20,1,CUST-134098,DEV-WIN-84725,3.2333
2026-10-07T21:22:03,payment-api,/withdrawal,eu-west-1,159,76,54,15,7568.64,ERR-902,Low,Failure,14,31,1,CUST-100483,DEV-WIN-84725,2.5393
2026-10-07T21:22:03,auth-service,/login,ap-southeast-1,22,7,20,2,0,ERR-000,Healthy,Success,9,3,0,CUST-112349,DEV-WIN-84725,1.065
2026-10-07T21:22:03,trading-engine,/trade,us-west-2,148,75,60,1,1042.13,ERR-103,Low,Failure,13,27,1,CUST-134098,DEV-MAC-75825,10.7339
2026-10-07T21:22:03,fraud-detection,/payment,us-east-1,8,20,70,3,0,ERR-000,Healthy,Success,8,0,0,CUST-134098,DEV-WIN-99325,0.4717
2026-10-07T21:22:13,ledger-service,/balance_check,us-west-2,4,12,3,2,0,ERR-000,Healthy,Success,8,1,0,CUST-100483,DEV-MAC-0149A5,0.9833
2026-10-07T21:22:23,ledger-service,/balance_check,eu-west-1,29,20,45,4,0,ERR-905,Low,Failure,20,25,1,CUST-112349,DEV-WIN-84725,3.1833
2026-10-07T21:22:33,ledger-service,/balance_check,eu-west-1,27,19,50,4,0,ERR-308,Low,Failure,9,28,1,CUST-112349,DEV-WIN-84725,3.1667
2026-10-07T21:22:43,trading-engine,/trade,eu-west-1,142,79,58,2,9307.76,ERR-902,Low,Failure,4,37,1,CUST-112349,DEV-MAC-75825,10.8433
2026-10-07T21:22:53,trading-engine,/trade,ap-southeast-1,138,74,55,1,6346.74,ERR-101,Low,Failure,7,27,1,CUST-123456,DEV-WIN-99325,10.0541
2026-10-07T21:23:03,trading-engine,/trade,eu-west-1,147,76,57,2,503.59,ERR-702,Low,Failure,11,25,1,CUST-100483,DEV-MAC-0149A5,11.1647
2026-10-07T21:23:03,ledger-service,/balance_check,us-east-1,27,18,49,5,0,ERR-106,Low,Failure,5,28,1,CUST-134098,DEV-MAC-0149A5,3.3167
2026-10-07T21:23:03,payment-api,/withdrawal,ap-southeast-1,105,22,27,9,5775.27,ERR-000,Healthy,Success,8,5,0,CUST-100483,DEV-MAC-75825,1.3383
2026-10-07T21:23:13,payment-api,/transfer,us-east-1,152,73,55,14,2026.12,ERR-109,Low,Failure,16,29,1,CUST-100483,DEV-LIN-11235,2.4247
2026-10-07T21:23:13,investment-engine,/portfolio,us-east-1,189,88,83,28,10266.22,ERR-203,Low,Failure,14,26,1,CUST-134098,DEV-WIN-84725,2.1654
2026-10-07T21:23:23,ledger-service,/balance_check,us-west-2,35,20,56,5,0,ERR-302,High,Failure,6,89,1,CUST-134098,DEV-MAC-75825,3.7667
2026-10-07T21:23:33,payment-api,/transfer,eu-west-1,158,76,58,15,1266.29,ERR-307,Low,Failure,17,38,1,CUST-123456,DEV-LIN-11235,2.5553
2026-10-07T21:23:33,ledger-service,/balance_check,us-east-1,28,19,47,5,0,ERR-203,Low,Failure,13,23,1,CUST-112349,DEV-LIN-11235,3.35
2026-10-07T21:23:43,fraud-detection,/payment,eu-west-1,150,81,94,9,0,ERR-105,Low,Failure,9,23,1,CUST-134098,DEV-LIN-11235,2.1943
2026-10-07T21:23:43,ledger-service,/balance_check,eu-west-1,13,8,5,3,0,ERR-000,Healthy,Success,15,2,0,CUST-123456,DEV-WIN-99325,1.3833
2026-10-07T21:23:53,ledger-service,/balance_check,ap-southeast-1,30,18,48,5,0,ERR-201,Low,Failure,11,40,1,CUST-112349,DEV-WIN-99325,3.4
2026-10-07T21:23:53,auth-service,/login,ap-southeast-1,50,21,51,5,0,ERR-903,Medium,Failure,6,62,1,CUST-134098,DEV-MAC-0149A5,2.6825
2026-10-07T21:24:03,fraud-detection,/payment,eu-west-1,150,88,90,9,0,ERR-102,Low,Failure,20,34,1,CUST-100483,DEV-WIN-84725,2.2079
2026-10-07T21:24:03,ledger-service,/balance_check,ap-southeast-1,34,22,52,6,0,ERR-903,High,Failure,9,90,1,CUST-109482,DEV-WIN-99325,3.9333
2026-10-07T21:24:03,payment-api,/withdrawal,us-west-2,159,74,59,12,4608.49,ERR-106,Low,Failure,6,36,1,CUST-109482,DEV-MAC-75825,2.3477
2026-10-07T21:24:13,ledger-service,/balance_check,ap-southeast-1,29,19,50,4,0,ERR-201,Low,Failure,12,24,1,CUST-123456,DEV-WIN-99325,3.2333
2026-10-07T21:24:23,auth-service,/login,us-east-1,49,20,49,4,0,ERR-209,Low,Failure,7,25,1,CUST-112349,DEV-LIN-11235,2.425
2026-10-07T21:24:23,ledger-service,/balance_check,eu-west-1,2,11,26,3,0,ERR-000,Healthy,Success,6,5,0,CUST-112349,DEV-MAC-0149A5,1.4667
2026-10-07T21:24:33,fraud-detection,/payment,eu-west-1,140,87,98,10,0,ERR-902,Low,Failure,8,27,1,CUST-109482,DEV-MAC-0149A5,2.2465
2026-10-07T21:24:33,ledger-service,/balance_check,us-west-2,27,20,48,5,0,ERR-702,Low,Failure,6,36,1,CUST-134098,DEV-LIN-11235,3.3667
2026-10-07T21:24:43,trading-engine,/trade,eu-west-1,142,77,59,1,9312.31,ERR-208,Low,Failure,20,26,1,CUST-112349,DEV-WIN-84725,10.3386
2026-10-07T21:24:43,auth-service,/login,ap-southeast-1,6,7,6,1,0,ERR-000,Healthy,Success,18,5,0,CUST-100483,DEV-MAC-0149A5,0.49
2026-10-07T21:24:43,payment-api,/transfer,us-west-2,1,12,25,3,4725.63,ERR-000,Healthy,Success,7,3,0,CUST-112349,DEV-WIN-84725,0.429
2026-10-07T21:24:43,ledger-service,/balance_check,us-east-1,28,18,48,4,0,ERR-705,Low,Failure,15,27,1,CUST-109482,DEV-MAC-75825,3.1333
2026-10-07T21:24:53,ledger-service,/balance_check,us-east-1,30,24,54,6,0,ERR-903,High,Failure,16,90,1,CUST-123456,DEV-MAC-0149A5,3.9
2026-10-07T21:25:03,ledger-service,/balance_check,ap-southeast-1,27,19,45,4,0,ERR-108,Low,Failure,10,34,1,CUST-109482,DEV-WIN-84725,3.0833
2026-10-07T21:25:13,investment-engine,/portfolio,us-west-2,194,76,85,24,7920.62,ERR-101,Low,Failure,18,30,1,CUST-123456,DEV-MAC-75825,1.9927
2026-10-07T21:25:23,ledger-service,/balance_check,us-east-1,28,20,50,4,0,ERR-103,Low,Failure,11,36,1,CUST-134098,DEV-MAC-75825,3.2333
2026-10-07T21:25:23,trading-engine,/trade,eu-west-1,189,100,80,2,1622.24,ERR-901,Critical,Failure,12,94,1,CUST-123456,DEV-WIN-99325,14.0896
2026-10-07T21:25:43,ledger-service,/balance_check,us-west-2,29,19,48,5,0,ERR-105,Low,Failure,16,23,1,CUST-134098,DEV-MAC-0149A5,3.4
2026-10-07T21:25:43,trading-engine,/trade,eu-west-1,138,79,60,2,9833.85,ERR-108,Low,Failure,20,34,1,CUST-123456,DEV-WIN-84725,10.5805
2026-10-07T21:25:53,ledger-service,/balance_check,ap-southeast-1,21,8,7,3,0,ERR-000,Healthy,Success,20,0,0,CUST-123456,DEV-LIN-11235,1.6833
2026-10-07T21:26:03,ledger-service,/balance_check,eu-west-1,27,20,48,5,0,ERR-205,Low,Failure,7,34,1,CUST-134098,DEV-LIN-11235,3.3667
2026-10-07T21:26:03,auth-service,/login,us-west-2,49,19,45,4,0,ERR-903,Low,Failure,3,34,1,CUST-123456,DEV-WIN-99325,2.355
2026-10-07T21:26:23,fraud-detection,/payment,us-west-2,144,86,94,9,0,ERR-205,Low,Failure,6,27,1,CUST-109482,DEV-MAC-0149A5,2.1668
2026-10-07T21:26:33,ledger-service,/balance_check,us-west-2,30,19,49,4,0,ERR-702,Low,Failure,1,33,1,CUST-134098,DEV-WIN-99325,3.25
2026-10-07T21:26:33,payment-api,/transfer,eu-west-1,148,75,55,15,6932.2,ERR-306,Low,Failure,17,34,1,CUST-109482,DEV-LIN-11235,2.492
2026-10-07T21:26:43,ledger-service,/balance_check,us-east-1,35,23,52,5,0,ERR-903,High,Failure,20,81,1,CUST-100483,DEV-MAC-75825,3.8
2026-10-07T21:26:43,auth-service,/login,eu-west-1,50,20,50,5,0,ERR-108,Medium,Failure,10,79,1,CUST-123456,DEV-WIN-99325,2.65
2026-10-07T21:26:53,ledger-service,/balance_check,ap-southeast-1,34,20,55,6,0,ERR-703,High,Failure,3,82,1,CUST-123456,DEV-MAC-0149A5,3.9167
2026-10-07T21:26:53,payment-api,/transfer,us-east-1,191,95,64,18,2336.71,ERR-903,High,Failure,2,82,1,CUST-134098,DEV-WIN-99325,3.0757
2026-10-07T21:27:03,trading-engine,/trade,us-west-2,126,69,51,2,9439.68,ERR-210,Low,Failure,19,20,1,CUST-109482,DEV-MAC-75825,9.7296
2026-10-07T21:27:03,ledger-service,/balance_check,eu-west-1,30,19,49,4,0,ERR-105,Low,Failure,13,38,1,CUST-112349,DEV-LIN-11235,3.25
2026-10-07T21:27:13,fraud-detection,/payment,us-east-1,143,89,93,8,0,ERR-902,Low,Failure,17,22,1,CUST-123456,DEV-MAC-0149A5,2.0667
2026-10-07T21:27:23,fraud-detection,/payment,eu-west-1,182,100,100,13,0,ERR-904,Critical,Failure,1,92,1,CUST-112349,DEV-LIN-11235,2.861
2026-10-07T21:27:23,payment-api,/transfer,us-east-1,164,92,60,17,8026.42,ERR-303,High,Failure,15,87,1,CUST-112349,DEV-LIN-11235,2.856
2026-10-07T21:27:33,auth-service,/login,us-west-2,48,18,50,5,0,ERR-902,Low,Failure,9,38,1,CUST-112349,DEV-MAC-75825,2.585
2026-10-07T21:27:33,investment-engine,/portfolio,us-west-2,238,90,100,33,8426.66,ERR-108,High,Failure,14,86,1,CUST-134098,DEV-LIN-11235,2.5386
2026-10-07T21:27:33,fraud-detection,/payment,ap-southeast-1,140,87,100,9,0,ERR-210,Low,Failure,13,40,1,CUST-112349,DEV-MAC-0149A5,2.1485
2026-10-07T21:27:43,ledger-service,/balance_check,ap-southeast-1,20,5,5,3,0,ERR-000,Healthy,Success,5,4,0,CUST-134098,DEV-WIN-99325,1.5167
2026-10-07T21:27:43,fraud-detection,/payment,us-west-2,148,83,94,9,0,ERR-904,Low,Failure,11,31,1,CUST-109482,DEV-LIN-11235,2.186
2026-10-07T21:27:53,ledger-service,/balance_check,ap-southeast-1,30,19,45,4,0,ERR-301,Low,Failure,2,38,1,CUST-112349,DEV-WIN-84725,3.1833
2026-10-07T21:27:53,fraud-detection,/payment,us-east-1,148,85,100,9,0,ERR-108,Low,Failure,3,31,1,CUST-123456,DEV-WIN-84725,2.1968
2026-10-07T21:28:03,ledger-service,/balance_check,ap-southeast-1,29,18,46,5,0,ERR-102,Low,Failure,17,30,1,CUST-123456,DEV-LIN-11235,3.3333
2026-10-07T21:28:03,fraud-detection,/payment,eu-west-1,187,100,100,14,0,ERR-904,Critical,Failure,6,93,1,CUST-134098,DEV-MAC-75825,2.9943
2026-10-07T21:28:13,ledger-service,/balance_check,us-west-2,28,19,46,5,0,ERR-103,Low,Failure,16,40,1,CUST-100483,DEV-MAC-0149A5,3.3333
2026-10-07T21:28:13,auth-service,/login,us-west-2,49,19,46,4,0,ERR-902,Low,Failure,6,25,1,CUST-100483,DEV-WIN-84725,2.3675
2026-10-07T21:28:23,investment-engine,/portfolio,us-east-1,194,88,85,30,6209.1,ERR-307,Low,Failure,2,40,1,CUST-109482,DEV-MAC-0149A5,2.2527
2026-10-07T21:28:23,ledger-service,/balance_check,us-east-1,32,20,56,6,0,ERR-703,High,Failure,16,81,1,CUST-112349,DEV-LIN-11235,3.8667
2026-10-07T21:28:23,auth-service,/login,ap-southeast-1,49,18,47,5,0,ERR-301,Low,Failure,8,33,1,CUST-109482,DEV-WIN-84725,2.56
2026-10-07T21:28:33,trading-engine,/trade,eu-west-1,150,76,56,1,6337.58,ERR-104,Low,Failure,18,21,1,CUST-109482,DEV-WIN-99325,10.8627
2026-10-07T21:28:33,ledger-service,/balance_check,us-east-1,33,21,52,5,0,ERR-903,High,Failure,18,80,1,CUST-109482,DEV-WIN-84725,3.6667
2026-10-07T21:28:43,auth-service,/login,ap-southeast-1,45,18,45,4,0,ERR-210,Low,Failure,7,30,1,CUST-123456,DEV-MAC-0149A5,2.285
2026-10-07T21:28:43,payment-api,/transfer,us-east-1,172,93,60,18,8554.61,ERR-107,High,Failure,6,80,1,CUST-134098,DEV-MAC-0149A5,2.963
2026-10-07T21:28:43,trading-engine,/trade,us-east-1,150,65,55,1,2441.98,ERR-306,Low,Failure,4,26,1,CUST-100483,DEV-LIN-11235,10.8241
2026-10-07T21:28:53,payment-api,/transfer,us-west-2,145,67,59,13,1781.89,ERR-102,Low,Failure,8,25,1,CUST-109482,DEV-WIN-99325,2.3
2026-10-07T21:28:53,investment-engine,/portfolio,us-west-2,167,84,73,27,9251.88,ERR-701,Low,Failure,2,25,1,CUST-112349,DEV-MAC-75825,2.0192
2026-10-07T21:29:03,ledger-service,/balance_check,us-east-1,12,14,27,1,0,ERR-000,Healthy,Success,13,4,0,CUST-109482,DEV-MAC-75825,1.5167
2026-10-07T21:29:13,ledger-service,/balance_check,us-east-1,32,23,53,6,0,ERR-903,High,Failure,11,90,1,CUST-112349,DEV-LIN-11235,3.9167
2026-10-07T21:29:23,payment-api,/transfer,eu-west-1,153,78,54,15,6559.16,ERR-204,Low,Failure,12,39,1,CUST-109482,DEV-WIN-99325,2.532
2026-10-07T21:29:23,ledger-service,/balance_check,eu-west-1,26,19,40,5,0,ERR-302,Low,Failure,20,37,1,CUST-134098,DEV-WIN-84725,3.1667
2026-10-07T21:29:43,auth-service,/login,us-west-2,49,19,48,4,0,ERR-108,Low,Failure,19,25,1,CUST-100483,DEV-WIN-99325,2.3925
2026-10-07T21:29:43,ledger-service,/balance_check,ap-southeast-1,29,19,48,5,0,ERR-107,Low,Failure,10,36,1,CUST-134098,DEV-MAC-0149A5,3.4
2026-10-07T21:29:53,payment-api,/transfer,us-west-2,157,78,56,15,3200.12,ERR-203,Low,Failure,10,33,1,CUST-123456,DEV-LIN-11235,2.558
2026-10-07T21:29:53,ledger-service,/balance_check,ap-southeast-1,34,24,55,6,0,ERR-903,High,Failure,16,81,1,CUST-100483,DEV-MAC-75825,4.05
2026-10-07T21:30:03,ledger-service,/balance_check,eu-west-1,29,19,46,4,0,ERR-306,Low,Failure,4,25,1,CUST-109482,DEV-WIN-99325,3.1667
2026-10-07T21:30:23,ledger-service,/balance_check,us-west-2,30,20,47,4,0,ERR-204,Low,Failure,18,30,1,CUST-109482,DEV-MAC-0149A5,3.25
2026-10-07T21:30:53,fraud-detection,/payment,us-west-2,157,97,100,10,0,ERR-703,High,Failure,9,82,1,CUST-112349,DEV-LIN-11235,2.3868
2026-10-07T21:31:03,ledger-service,/balance_check,ap-southeast-1,26,17,40,5,0,ERR-202,Low,Failure,13,40,1,CUST-112349,DEV-WIN-84725,3.1
2026-10-07T21:31:13,investment-engine,/portfolio,ap-southeast-1,84,32,50,15,13283.67,ERR-000,Healthy,Success,1,4,0,CUST-123456,DEV-WIN-99325,1.0377
2026-10-07T21:31:23,payment-api,/transfer,us-west-2,158,76,55,13,5879.59,ERR-208,Low,Failure,3,24,1,CUST-109482,DEV-WIN-84725,2.407
2026-10-07T21:31:23,fraud-detection,/payment,ap-southeast-1,138,82,94,9,0,ERR-103,Low,Failure,16,28,1,CUST-100483,DEV-MAC-0149A5,2.1168
2026-10-07T21:31:23,ledger-service,/balance_check,us-west-2,30,19,48,4,0,ERR-101,Low,Failure,16,32,1,CUST-134098,DEV-WIN-99325,3.2333
2026-10-07T21:31:33,payment-api,/withdrawal,us-east-1,168,95,68,17,4007.21,ERR-903,High,Failure,20,88,1,CUST-123456,DEV-MAC-75825,2.937
2026-10-07T21:31:33,ledger-service,/balance_check,ap-southeast-1,28,19,48,4,0,ERR-108,Low,Failure,11,23,1,CUST-134098,DEV-MAC-0149A5,3.1667
2026-10-07T21:31:33,investment-engine,/portfolio,us-east-1,188,84,90,27,9306.39,ERR-905,Low,Failure,3,31,1,CUST-134098,DEV-MAC-75825,2.1224
2026-10-07T21:31:43,payment-api,/transfer,us-west-2,158,78,59,13,5502.65,ERR-205,Low,Failure,17,20,1,CUST-100483,DEV-MAC-75825,2.4437
2026-10-07T21:31:43,auth-service,/login,ap-southeast-1,47,20,50,5,0,ERR-202,Low,Failure,13,34,1,CUST-100483,DEV-MAC-75825,2.6125
2026-10-07T21:32:03,auth-service,/login,ap-southeast-1,50,19,45,4,0,ERR-110,Low,Failure,15,37,1,CUST-100483,DEV-WIN-99325,2.3675
2026-10-07T21:32:13,ledger-service,/balance_check,us-east-1,24,20,42,5,0,ERR-204,Low,Failure,10,21,1,CUST-123456,DEV-WIN-99325,3.1667
2026-10-07T21:32:13,payment-api,/withdrawal,us-east-1,63,55,25,9,8030.44,ERR-000,Healthy,Success,9,5,0,CUST-100483,DEV-MAC-0149A5,1.4353
2026-10-07T21:32:23,fraud-detection,/payment,eu-west-1,206,100,100,12,0,ERR-904,Critical,Failure,4,97,1,CUST-123456,DEV-MAC-75825,2.921
2026-10-07T21:32:23,payment-api,/transfer,ap-southeast-1,159,75,57,15,442.26,ERR-105,Low,Failure,3,20,1,CUST-112349,DEV-MAC-75825,2.546
2026-10-07T21:32:33,payment-api,/transfer,eu-west-1,39,49,39,1,4347.51,ERR-000,Healthy,Success,14,4,0,CUST-123456,DEV-MAC-0149A5,0.826
2026-10-07T21:32:43,auth-service,/login,us-east-1,52,21,52,5,0,ERR-903,Medium,Failure,16,61,1,CUST-134098,DEV-MAC-75825,2.72
2026-10-07T21:32:43,ledger-service,/balance_check,ap-southeast-1,27,17,49,4,0,ERR-904,Low,Failure,12,39,1,CUST-100483,DEV-WIN-84725,3.0833
2026-10-07T21:32:53,ledger-service,/balance_check,eu-west-1,35,23,57,5,0,ERR-903,High,Failure,18,83,1,CUST-134098,DEV-WIN-84725,3.8833
2026-10-07T21:33:03,ledger-service,/balance_check,us-west-2,30,19,49,5,0,ERR-901,Low,Failure,4,30,1,CUST-109482,DEV-LIN-11235,3.45
2026-10-07T21:33:03,payment-api,/transfer,us-west-2,144,79,56,15,4210.51,ERR-902,Low,Failure,4,25,1,CUST-109482,DEV-LIN-11235,2.5143
2026-10-07T21:33:13,investment-engine,/portfolio,eu-west-1,279,100,100,36,8854.96,ERR-903,Critical,Failure,8,92,1,CUST-100483,DEV-LIN-11235,2.8253
2026-10-07T21:33:13,auth-service,/login,ap-southeast-1,52,20,51,5,0,ERR-308,Medium,Failure,17,65,1,CUST-109482,DEV-WIN-84725,2.6875
2026-10-07T21:33:23,auth-service,/login,eu-west-1,43,18,42,5,0,ERR-304,Low,Failure,17,28,1,CUST-112349,DEV-WIN-84725,2.4225
2026-10-07T21:33:23,trading-engine,/trade,eu-west-1,147,74,57,1,5608.28,ERR-206,Low,Failure,19,33,1,CUST-109482,DEV-WIN-99325,10.658
2026-10-07T21:33:23,payment-api,/transfer,us-east-1,156,72,54,15,4153.14,ERR-208,Low,Failure,2,29,1,CUST-112349,DEV-MAC-75825,2.494
2026-10-07T21:33:43,trading-engine,/trade,ap-southeast-1,150,76,54,2,516.31,ERR-104,Low,Failure,2,39,1,CUST-112349,DEV-WIN-84725,11.3588
2026-10-07T21:33:53,ledger-service,/balance_check,us-east-1,29,18,45,4,0,ERR-304,Low,Failure,1,21,1,CUST-123456,DEV-MAC-0149A5,3.1167
2026-10-07T21:34:03,trading-engine,/trade,us-east-1,129,68,58,1,4453.69,ERR-309,Low,Failure,11,35,1,CUST-100483,DEV-MAC-0149A5,9.4399
2026-10-07T21:34:03,investment-engine,/portfolio,ap-southeast-1,180,89,84,28,9923.1,ERR-702,Low,Failure,15,30,1,CUST-112349,DEV-MAC-0149A5,2.1424
2026-10-07T21:34:13,ledger-service,/balance_check,eu-west-1,28,19,41,4,0,ERR-703,Low,Failure,19,38,1,CUST-123456,DEV-WIN-84725,3.05
2026-10-07T21:34:13,fraud-detection,/payment,eu-west-1,150,96,100,12,0,ERR-205,High,Failure,20,90,1,CUST-109482,DEV-LIN-11235,2.5377
2026-10-07T21:34:23,ledger-service,/balance_check,us-west-2,32,22,54,5,0,ERR-903,High,Failure,5,81,1,CUST-100483,DEV-WIN-99325,3.7
2026-10-07T21:34:33,investment-engine,/portfolio,us-east-1,188,86,89,30,5815.29,ERR-104,Low,Failure,17,37,1,CUST-134098,DEV-WIN-84725,2.2305
2026-10-07T21:34:43,payment-api,/withdrawal,eu-west-1,146,65,49,15,1120.58,ERR-302,Low,Failure,18,39,1,CUST-100483,DEV-MAC-75825,2.3707
2026-10-07T21:34:53,payment-api,/transfer,ap-southeast-1,154,75,59,14,167.23,ERR-302,Low,Failure,4,40,1,CUST-112349,DEV-WIN-99325,2.4693
2026-10-07T21:34:53,fraud-detection,/payment,us-east-1,129,87,97,8,0,ERR-109,Low,Failure,3,40,1,CUST-100483,DEV-WIN-84725,1.9722
2026-10-07T21:35:03,payment-api,/transfer,ap-southeast-1,154,75,54,14,2686.13,ERR-103,Low,Failure,18,25,1,CUST-100483,DEV-LIN-11235,2.4443
2026-10-07T21:35:03,ledger-service,/balance_check,us-west-2,27,20,49,5,0,ERR-304,Low,Failure,8,31,1,CUST-134098,DEV-WIN-99325,3.3833
2026-10-07T21:35:23,ledger-service,/balance_check,ap-southeast-1,2,8,3,2,0,ERR-000,Healthy,Success,15,4,0,CUST-123456,DEV-LIN-11235,0.7833
2026-10-07T21:35:23,trading-engine,/trade,eu-west-1,152,82,61,2,510.02,ERR-903,High,Failure,17,83,1,CUST-112349,DEV-WIN-99325,11.5258
2026-10-07T21:35:33,payment-api,/transfer,eu-west-1,177,92,65,17,8024.28,ERR-903,High,Failure,4,86,1,CUST-100483,DEV-LIN-11235,2.933
2026-10-07T21:35:33,ledger-service,/balance_check,us-east-1,29,20,50,5,0,ERR-305,Low,Failure,5,25,1,CUST-112349,DEV-WIN-84725,3.4667
2026-10-07T21:35:43,ledger-service,/balance_check,ap-southeast-1,30,19,48,5,0,ERR-109,Low,Failure,1,30,1,CUST-134098,DEV-WIN-99325,3.4333
2026-10-07T21:35:43,payment-api,/transfer,us-west-2,203,100,83,21,1170.35,ERR-901,Critical,Failure,2,95,1,CUST-100483,DEV-MAC-0149A5,3.4603
2026-10-07T21:35:53,auth-service,/login,ap-southeast-1,49,19,49,4,0,ERR-201,Low,Failure,7,27,1,CUST-112349,DEV-MAC-75825,2.405
2026-10-07T21:35:53,ledger-service,/balance_check,us-west-2,24,16,50,5,0,ERR-303,Low,Failure,20,25,1,CUST-134098,DEV-MAC-75825,3.1667
2026-10-07T21:35:53,investment-engine,/portfolio,ap-southeast-1,195,80,85,29,9367.95,ERR-301,Low,Failure,6,30,1,CUST-109482,DEV-LIN-11235,2.1827
2026-10-07T21:36:03,ledger-service,/balance_check,eu-west-1,35,23,58,5,0,ERR-903,High,Failure,17,87,1,CUST-123456,DEV-LIN-11235,3.9
2026-10-07T21:36:03,trading-engine,/trade,ap-southeast-1,148,73,54,2,4935.09,ERR-301,Low,Failure,19,27,1,CUST-112349,DEV-LIN-11235,11.2155
2026-10-07T21:36:03,auth-service,/login,us-east-1,41,18,46,4,0,ERR-106,Low,Failure,7,31,1,CUST-109482,DEV-MAC-0149A5,2.2475
2026-10-07T21:36:03,payment-api,/transfer,us-east-1,154,72,55,13,1243.28,ERR-703,Low,Failure,19,36,1,CUST-109482,DEV-MAC-75825,2.3577
2026-10-07T21:36:13,fraud-detection,/payment,us-east-1,145,88,98,10,0,ERR-703,Low,Failure,16,29,1,CUST-109482,DEV-WIN-99325,2.2824
2026-10-07T21:36:23,ledger-service,/balance_check,us-east-1,32,21,59,5,0,ERR-903,High,Failure,14,85,1,CUST-100483,DEV-WIN-84725,3.75
2026-10-07T21:36:23,fraud-detection,/payment,us-east-1,166,99,100,12,0,ERR-902,High,Failure,19,81,1,CUST-100483,DEV-MAC-75825,2.6518
2026-10-07T21:36:43,trading-engine,/trade,us-east-1,172,92,66,2,6952.67,ERR-903,High,Failure,1,84,1,CUST-100483,DEV-WIN-84725,12.9022
2026-10-07T21:36:43,payment-api,/withdrawal,us-east-1,139,74,50,13,7547.14,ERR-201,Low,Failure,12,38,1,CUST-112349,DEV-MAC-75825,2.2893
2026-10-07T21:36:53,fraud-detection,/payment,us-east-1,151,100,100,12,0,ERR-205,High,Failure,1,83,1,CUST-109482,DEV-MAC-0149A5,2.5543
2026-10-07T21:37:03,fraud-detection,/payment,eu-west-1,136,82,91,10,0,ERR-309,Low,Failure,19,32,1,CUST-123456,DEV-WIN-99325,2.2005
2026-10-07T21:37:03,ledger-service,/balance_check,us-west-2,30,20,47,4,0,ERR-902,Low,Failure,17,33,1,CUST-134098,DEV-LIN-11235,3.25
2026-10-07T21:37:13,ledger-service,/balance_check,us-east-1,27,18,47,4,0,ERR-306,Low,Failure,1,22,1,CUST-109482,DEV-MAC-0149A5,3.0833
2026-10-07T21:37:13,payment-api,/withdrawal,us-east-1,163,80,71,15,1113.32,ERR-107,High,Failure,17,84,1,CUST-112349,DEV-WIN-99325,2.6737
2026-10-07T21:37:23,payment-api,/withdrawal,us-east-1,146,80,55,13,9349.44,ERR-302,Low,Failure,11,37,1,CUST-134098,DEV-LIN-11235,2.3923
2026-10-07T21:37:23,investment-engine,/portfolio,ap-southeast-1,207,97,100,31,6617.97,ERR-903,High,Failure,8,85,1,CUST-123456,DEV-WIN-84725,2.4036
2026-10-07T21:37:33,ledger-service,/balance_check,ap-southeast-1,28,19,46,5,0,ERR-905,Low,Failure,4,24,1,CUST-123456,DEV-WIN-84725,3.3333
2026-10-07T21:37:43,ledger-service,/balance_check,eu-west-1,29,18,45,4,0,ERR-307,Low,Failure,19,34,1,CUST-100483,DEV-LIN-11235,3.1167
2026-10-07T21:37:53,payment-api,/transfer,ap-southeast-1,190,82,71,15,7984.18,ERR-903,High,Failure,1,89,1,CUST-100483,DEV-MAC-75825,2.7983
2026-10-07T21:37:53,investment-engine,/portfolio,eu-west-1,187,81,89,30,13825.69,ERR-202,Low,Failure,7,27,1,CUST-100483,DEV-WIN-99325,2.2022
2026-10-07T21:37:53,ledger-service,/balance_check,ap-southeast-1,29,17,40,5,0,ERR-905,Low,Failure,8,29,1,CUST-100483,DEV-LIN-11235,3.2
2026-10-07T21:38:03,payment-api,/transfer,us-east-1,181,81,68,15,2750.44,ERR-903,High,Failure,3,87,1,CUST-112349,DEV-MAC-75825,2.739
2026-10-07T21:38:03,ledger-service,/balance_check,us-east-1,32,20,58,6,0,ERR-109,High,Failure,18,86,1,CUST-134098,DEV-WIN-84725,3.9
2026-10-07T21:38:03,fraud-detection,/payment,eu-west-1,139,86,95,10,0,ERR-109,Low,Failure,13,23,1,CUST-134098,DEV-MAC-0149A5,2.2344
2026-10-07T21:38:13,ledger-service,/balance_check,us-east-1,29,18,46,5,0,ERR-205,Low,Failure,19,31,1,CUST-134098,DEV-WIN-99325,3.3333
2026-10-07T21:38:13,trading-engine,/trade,eu-west-1,154,93,72,2,5397.78,ERR-903,High,Failure,5,80,1,CUST-109482,DEV-LIN-11235,11.7173
2026-10-07T21:38:33,payment-api,/withdrawal,us-west-2,159,75,60,14,1438.52,ERR-110,Low,Failure,12,29,1,CUST-134098,DEV-WIN-84725,2.4943
2026-10-07T21:38:33,ledger-service,/balance_check,us-west-2,13,2,34,1,0,ERR-000,Healthy,Success,6,2,0,CUST-112349,DEV-MAC-0149A5,1.2667
2026-10-07T21:38:43,ledger-service,/balance_check,us-west-2,27,19,46,4,0,ERR-203,Low,Failure,2,25,1,CUST-134098,DEV-LIN-11235,3.1
2026-10-07T21:38:43,payment-api,/transfer,us-east-1,182,83,65,15,1329.56,ERR-903,High,Failure,14,87,1,CUST-112349,DEV-WIN-99325,2.7447
2026-10-07T21:38:53,fraud-detection,/payment,eu-west-1,136,87,95,10,0,ERR-203,Low,Failure,8,29,1,CUST-109482,DEV-MAC-0149A5,2.2169
2026-10-07T21:38:53,trading-engine,/trade,eu-west-1,161,92,69,2,912.14,ERR-903,High,Failure,11,89,1,CUST-112349,DEV-MAC-0149A5,12.1748
2026-10-07T21:38:53,investment-engine,/portfolio,eu-west-1,196,73,86,24,8673.89,ERR-902,Low,Failure,15,40,1,CUST-100483,DEV-WIN-99325,1.9863
2026-10-07T21:39:03,ledger-service,/balance_check,ap-southeast-1,17,13,30,2,0,ERR-000,Healthy,Success,19,0,0,CUST-109482,DEV-WIN-99325,1.9
2026-10-07T21:39:13,ledger-service,/balance_check,ap-southeast-1,29,20,47,5,0,ERR-905,Low,Failure,9,38,1,CUST-123456,DEV-WIN-84725,3.4167
2026-10-07T21:39:23,fraud-detection,/payment,us-east-1,148,86,90,9,0,ERR-902,Low,Failure,18,32,1,CUST-112349,DEV-WIN-84725,2.1896
2026-10-07T21:39:43,investment-engine,/portfolio,eu-west-1,319,100,100,44,6997.3,ERR-903,Critical,Failure,9,99,1,CUST-123456,DEV-WIN-84725,3.2253
2026-10-07T21:39:43,trading-engine,/trade,eu-west-1,268,100,85,3,3090.53,ERR-901,Critical,Failure,13,91,1,CUST-100483,DEV-WIN-84725,19.866
2026-10-07T21:39:43,auth-service,/login,ap-southeast-1,50,20,51,5,0,ERR-105,Medium,Failure,10,69,1,CUST-123456,DEV-LIN-11235,2.6625
2026-10-07T21:39:53,ledger-service,/balance_check,us-east-1,29,19,45,5,0,ERR-302,Low,Failure,5,25,1,CUST-109482,DEV-WIN-84725,3.35
2026-10-07T21:39:53,trading-engine,/trade,us-west-2,137,75,58,2,5123.49,ERR-309,Low,Failure,11,25,1,CUST-123456,DEV-MAC-0149A5,10.4966
2026-10-07T21:40:03,ledger-service,/balance_check,ap-southeast-1,36,21,53,6,0,ERR-903,High,Failure,1,90,1,CUST-112349,DEV-MAC-75825,3.9833
2026-10-07T21:40:03,fraud-detection,/payment,eu-west-1,150,87,93,9,0,ERR-306,Low,Failure,20,35,1,CUST-100483,DEV-WIN-99325,2.2083
2026-10-07T21:40:13,fraud-detection,/payment,us-east-1,137,89,100,10,0,ERR-104,Low,Failure,19,29,1,CUST-134098,DEV-WIN-84725,2.2335
2026-10-07T21:40:23,ledger-service,/balance_check,us-east-1,21,1,18,3,0,ERR-000,Healthy,Success,20,3,0,CUST-109482,DEV-MAC-0149A5,1.6333
2026-10-07T21:40:43,investment-engine,/portfolio,eu-west-1,162,81,82,28,9421.78,ERR-303,Low,Failure,1,20,1,CUST-123456,DEV-WIN-99325,2.0385
2026-10-07T21:40:43,ledger-service,/balance_check,eu-west-1,31,20,53,5,0,ERR-305,High,Failure,3,87,1,CUST-134098,DEV-MAC-75825,3.5833
2026-10-07T21:40:53,ledger-service,/balance_check,eu-west-1,30,20,50,5,0,ERR-203,Low,Failure,6,24,1,CUST-109482,DEV-WIN-84725,3.5
2026-10-07T21:41:03,ledger-service,/balance_check,eu-west-1,28,18,47,5,0,ERR-204,Low,Failure,9,38,1,CUST-100483,DEV-WIN-99325,3.3167
2026-10-07T21:41:13,ledger-service,/balance_check,eu-west-1,33,22,56,5,0,ERR-903,High,Failure,19,87,1,CUST-109482,DEV-MAC-0149A5,3.7667
2026-10-07T21:41:13,payment-api,/withdrawal,ap-southeast-1,38,12,4,1,8710.23,ERR-000,Healthy,Success,1,5,0,CUST-134098,DEV-MAC-0149A5,0.3387
2026-10-07T21:41:23,ledger-service,/balance_check,eu-west-1,27,20,48,5,0,ERR-108,Low,Failure,1,40,1,CUST-123456,DEV-MAC-0149A5,3.3667
2026-10-07T21:41:23,payment-api,/transfer,eu-west-1,160,73,56,15,1673.96,ERR-306,Low,Failure,16,23,1,CUST-112349,DEV-MAC-0149A5,2.5283
2026-10-07T21:41:33,ledger-service,/balance_check,us-west-2,1,11,12,2,0,ERR-000,Healthy,Success,17,3,0,CUST-100483,DEV-WIN-99325,1
2026-10-07T21:41:33,trading-engine,/trade,us-east-1,136,79,58,2,7703.46,ERR-307,Low,Failure,18,26,1,CUST-109482,DEV-WIN-84725,10.4433
2026-10-07T21:41:43,ledger-service,/balance_check,us-west-2,28,20,46,4,0,ERR-308,Low,Failure,6,32,1,CUST-134098,DEV-WIN-84725,3.1667
2026-10-07T21:41:43,trading-engine,/trade,eu-west-1,148,74,57,2,9003.45,ERR-201,Low,Failure,7,31,1,CUST-123456,DEV-LIN-11235,11.2247
2026-10-07T21:41:53,investment-engine,/portfolio,us-west-2,239,100,94,33,9698,ERR-903,High,Failure,15,87,1,CUST-123456,DEV-LIN-11235,2.5803
2026-10-07T21:41:53,ledger-service,/balance_check,us-west-2,36,21,52,6,0,ERR-903,High,Failure,8,82,1,CUST-134098,DEV-WIN-84725,3.9667
2026-10-07T21:42:03,ledger-service,/balance_check,eu-west-1,27,20,47,5,0,ERR-105,Low,Failure,4,25,1,CUST-112349,DEV-WIN-84725,3.35
2026-10-07T21:42:03,payment-api,/transfer,us-east-1,168,96,61,15,1771.98,ERR-903,High,Failure,18,86,1,CUST-109482,DEV-MAC-75825,2.777
2026-10-07T21:42:13,investment-engine,/portfolio,us-east-1,53,45,44,7,12516.69,ERR-000,Healthy,Success,5,1,0,CUST-112349,DEV-MAC-0149A5,0.7209
2026-10-07T21:42:23,ledger-service,/balance_check,us-east-1,29,18,47,5,0,ERR-304,Low,Failure,14,30,1,CUST-134098,DEV-MAC-0149A5,3.35
2026-10-07T21:42:23,fraud-detection,/payment,us-west-2,150,87,100,10,0,ERR-309,Low,Failure,18,40,1,CUST-123456,DEV-WIN-84725,2.3152
2026-10-07T21:42:33,ledger-service,/balance_check,us-east-1,28,18,47,5,0,ERR-703,Low,Failure,12,35,1,CUST-112349,DEV-LIN-11235,3.3167
2026-10-07T21:42:33,auth-service,/login,eu-west-1,50,20,50,5,0,ERR-207,Medium,Failure,10,67,1,CUST-109482,DEV-WIN-84725,2.65
2026-10-07T21:42:43,ledger-service,/balance_check,eu-west-1,30,18,50,4,0,ERR-309,Low,Failure,16,23,1,CUST-100483,DEV-WIN-99325,3.2333
2026-10-07T21:42:43,auth-service,/login,us-west-2,47,20,50,4,0,ERR-103,Low,Failure,1,35,1,CUST-134098,DEV-MAC-0149A5,2.4125
2026-10-07T21:42:53,ledger-service,/balance_check,eu-west-1,27,18,48,5,0,ERR-303,Low,Failure,18,27,1,CUST-112349,DEV-WIN-84725,3.3
2026-10-07T21:43:03,fraud-detection,/payment,us-east-1,171,100,100,12,0,ERR-902,High,Failure,11,88,1,CUST-100483,DEV-MAC-0149A5,2.6877
2026-10-07T21:43:03,ledger-service,/balance_check,eu-west-1,21,1,18,1,0,ERR-000,Healthy,Success,19,3,0,CUST-100483,DEV-MAC-75825,1.2333
2026-10-07T21:43:13,ledger-service,/balance_check,us-west-2,28,20,45,4,0,ERR-301,Low,Failure,11,34,1,CUST-134098,DEV-LIN-11235,3.15
2026-10-07T21:43:13,fraud-detection,/payment,eu-west-1,141,83,93,10,0,ERR-904,Low,Failure,12,25,1,CUST-134098,DEV-LIN-11235,2.2383
2026-10-07T21:43:23,auth-service,/login,us-west-2,9,6,24,2,0,ERR-000,Healthy,Success,17,5,0,CUST-100483,DEV-WIN-84725,0.9325
2026-10-07T21:43:23,ledger-service,/balance_check,ap-southeast-1,30,19,50,4,0,ERR-305,Low,Failure,10,35,1,CUST-109482,DEV-MAC-0149A5,3.2667
2026-10-07T21:43:23,fraud-detection,/payment,us-west-2,162,100,100,11,0,ERR-209,High,Failure,10,81,1,CUST-123456,DEV-MAC-75825,2.5277
2026-10-07T21:43:33,fraud-detection,/payment,us-east-1,30,38,34,2,0,ERR-000,Healthy,Success,13,3,0,CUST-100483,DEV-LIN-11235,0.5282
2026-10-07T21:43:33,ledger-service,/balance_check,ap-southeast-1,27,19,50,4,0,ERR-106,Low,Failure,8,20,1,CUST-134098,DEV-WIN-99325,3.1667
2026-10-07T21:43:43,payment-api,/transfer,eu-west-1,160,74,59,15,8726.47,ERR-109,Low,Failure,9,31,1,CUST-123456,DEV-LIN-11235,2.5517
2026-10-07T21:43:43,ledger-service,/balance_check,ap-southeast-1,28,18,42,4,0,ERR-204,Low,Failure,5,24,1,CUST-100483,DEV-MAC-75825,3.0333
2026-10-07T21:43:53,fraud-detection,/payment,us-east-1,140,83,97,10,0,ERR-303,Low,Failure,12,20,1,CUST-109482,DEV-WIN-84725,2.2356
2026-10-07T21:43:53,ledger-service,/balance_check,ap-southeast-1,27,18,47,5,0,ERR-102,Low,Failure,5,20,1,CUST-134098,DEV-WIN-99325,3.2833
2026-10-07T21:44:03,trading-engine,/trade,ap-southeast-1,148,75,58,2,3967.51,ERR-310,Low,Failure,19,38,1,CUST-123456,DEV-WIN-84725,11.2299
2026-10-07T21:44:03,ledger-service,/balance_check,us-west-2,20,5,16,2,0,ERR-000,Healthy,Success,5,1,0,CUST-134098,DEV-WIN-99325,1.5
2026-10-07T21:44:13,trading-engine,/trade,us-east-1,150,75,56,2,1480.48,ERR-104,Low,Failure,3,22,1,CUST-100483,DEV-MAC-75825,11.3594
2026-10-07T21:44:13,ledger-service,/balance_check,ap-southeast-1,27,19,45,4,0,ERR-208,Low,Failure,11,33,1,CUST-134098,DEV-LIN-11235,3.0833
2026-10-07T21:44:23,ledger-service,/balance_check,us-west-2,28,18,48,5,0,ERR-302,Low,Failure,19,26,1,CUST-112349,DEV-LIN-11235,3.3333
2026-10-07T21:44:23,auth-service,/login,eu-west-1,51,20,52,5,0,ERR-209,Medium,Failure,11,67,1,CUST-123456,DEV-MAC-0149A5,2.6875
2026-10-07T21:44:33,ledger-service,/balance_check,us-west-2,29,18,41,4,0,ERR-203,Low,Failure,11,38,1,CUST-123456,DEV-MAC-0149A5,3.05
2026-10-07T21:44:33,payment-api,/withdrawal,us-west-2,146,76,56,13,9850.69,ERR-702,Low,Failure,9,40,1,CUST-109482,DEV-WIN-84725,2.364
2026-10-07T21:44:53,ledger-service,/balance_check,us-west-2,30,20,49,4,0,ERR-302,Low,Failure,3,31,1,CUST-134098,DEV-MAC-0149A5,3.2833
2026-10-07T21:45:03,ledger-service,/balance_check,us-east-1,27,18,50,4,0,ERR-905,Low,Failure,15,38,1,CUST-112349,DEV-MAC-0149A5,3.1333
2026-10-07T21:45:03,auth-service,/login,us-west-2,9,7,17,2,0,ERR-000,Healthy,Success,17,1,0,CUST-112349,DEV-MAC-0149A5,0.865
2026-10-07T21:45:13,investment-engine,/portfolio,us-east-1,196,87,89,30,6439.62,ERR-703,Low,Failure,5,36,1,CUST-112349,DEV-WIN-84725,2.2622
2026-10-07T21:45:13,payment-api,/withdrawal,eu-west-1,159,73,57,15,803.61,ERR-308,Low,Failure,1,20,1,CUST-123456,DEV-LIN-11235,2.5293
2026-10-07T21:45:13,ledger-service,/balance_check,us-east-1,29,18,46,5,0,ERR-106,Low,Failure,9,22,1,CUST-134098,DEV-WIN-99325,3.3333
2026-10-07T21:45:23,trading-engine,/trade,us-east-1,136,73,58,1,4706.93,ERR-106,Low,Failure,20,40,1,CUST-100483,DEV-MAC-0149A5,9.9233
2026-10-07T21:45:23,ledger-service,/balance_check,ap-southeast-1,30,19,46,4,0,ERR-301,Low,Failure,3,33,1,CUST-109482,DEV-WIN-99325,3.2
2026-10-07T21:45:33,ledger-service,/balance_check,ap-southeast-1,34,20,59,6,0,ERR-110,High,Failure,12,82,1,CUST-109482,DEV-MAC-75825,3.9833
2026-10-07T21:45:43,auth-service,/login,us-west-2,49,18,46,4,0,ERR-106,Low,Failure,17,35,1,CUST-109482,DEV-MAC-75825,2.3475
2026-10-07T21:45:43,ledger-service,/balance_check,us-east-1,29,19,50,5,0,ERR-305,Low,Failure,5,38,1,CUST-109482,DEV-MAC-75825,3.4333
2026-10-07T21:45:43,fraud-detection,/payment,eu-west-1,141,83,99,10,0,ERR-209,Low,Failure,4,33,1,CUST-123456,DEV-WIN-99325,2.2442
2026-10-07T21:45:53,ledger-service,/balance_check,ap-southeast-1,32,23,60,6,0,ERR-903,High,Failure,20,80,1,CUST-100483,DEV-MAC-0149A5,4.0333
2026-10-07T21:45:53,payment-api,/transfer,eu-west-1,32,19,6,7,6048.12,ERR-000,Healthy,Success,19,3,0,CUST-134098,DEV-MAC-75825,0.783
2026-10-07T21:46:03,trading-engine,/trade,us-west-2,198,100,83,2,6300.55,ERR-901,Critical,Failure,8,93,1,CUST-112349,DEV-WIN-84725,14.6954
2026-10-07T21:46:03,payment-api,/transfer,eu-west-1,35,15,28,9,6351.97,ERR-000,Healthy,Success,7,1,0,CUST-134098,DEV-LIN-11235,1.005
2026-10-07T21:46:03,ledger-service,/balance_check,eu-west-1,29,18,45,5,0,ERR-902,Low,Failure,11,32,1,CUST-109482,DEV-WIN-99325,3.3167
2026-10-07T21:46:13,ledger-service,/balance_check,eu-west-1,29,19,47,5,0,ERR-305,Low,Failure,7,35,1,CUST-134098,DEV-MAC-0149A5,3.3833
2026-10-07T21:46:13,trading-engine,/trade,us-west-2,145,80,58,1,2010.82,ERR-704,Low,Failure,12,29,1,CUST-100483,DEV-WIN-99325,10.5466
2026-10-07T21:46:13,fraud-detection,/payment,us-west-2,148,89,94,9,0,ERR-205,Low,Failure,9,30,1,CUST-112349,DEV-WIN-84725,2.201
2026-10-07T21:46:23,payment-api,/withdrawal,us-east-1,152,74,60,13,6881.95,ERR-103,Low,Failure,7,25,1,CUST-112349,DEV-LIN-11235,2.3913
2026-10-07T21:46:33,payment-api,/transfer,eu-west-1,146,73,57,14,7445.9,ERR-705,Low,Failure,5,32,1,CUST-109482,DEV-MAC-75825,2.4107
2026-10-07T21:46:43,fraud-detection,/payment,us-west-2,151,100,100,12,0,ERR-209,High,Failure,20,87,1,CUST-100483,DEV-MAC-75825,2.5543
2026-10-07T21:46:43,trading-engine,/trade,ap-southeast-1,123,76,60,2,4227.89,ERR-306,Low,Failure,4,40,1,CUST-123456,DEV-LIN-11235,9.5705
2026-10-07T21:46:43,payment-api,/transfer,us-west-2,153,78,54,13,5704.82,ERR-106,Low,Failure,12,35,1,CUST-123456,DEV-WIN-99325,2.3987
2026-10-07T21:46:43,investment-engine,/portfolio,us-west-2,91,12,36,18,14725.49,ERR-000,Healthy,Success,13,0,0,CUST-112349,DEV-WIN-84725,1.0336
2026-10-07T21:46:53,fraud-detection,/payment,us-west-2,31,56,30,7,0,ERR-000,Healthy,Success,16,3,0,CUST-134098,DEV-LIN-11235,1.076
2026-10-07T21:46:53,ledger-service,/balance_check,eu-west-1,29,18,49,4,0,ERR-103,Low,Failure,11,28,1,CUST-123456,DEV-WIN-99325,3.1833
2026-10-07T21:47:03,investment-engine,/portfolio,ap-southeast-1,188,82,82,24,12904.23,ERR-302,Low,Failure,2,31,1,CUST-134098,DEV-WIN-99325,1.9968
2026-10-07T21:47:03,ledger-service,/balance_check,us-west-2,30,20,41,4,0,ERR-201,Low,Failure,11,24,1,CUST-123456,DEV-LIN-11235,3.15
2026-10-07T21:47:13,ledger-service,/balance_check,eu-west-1,29,20,48,5,0,ERR-904,Low,Failure,10,22,1,CUST-123456,DEV-MAC-0149A5,3.4333
2026-10-07T21:47:23,payment-api,/withdrawal,us-west-2,160,78,60,13,721.07,ERR-301,Low,Failure,7,26,1,CUST-134098,DEV-WIN-84725,2.4567
2026-10-07T21:47:33,fraud-detection,/payment,us-east-1,152,100,100,11,0,ERR-703,High,Failure,9,80,1,CUST-123456,DEV-MAC-0149A5,2.461
2026-10-07T21:47:43,trading-engine,/trade,eu-west-1,162,80,66,2,9174.1,ERR-203,High,Failure,4,80,1,CUST-134098,DEV-MAC-0149A5,12.1956
2026-10-07T21:47:43,ledger-service,/balance_check,us-west-2,9,1,8,3,0,ERR-000,Healthy,Success,15,5,0,CUST-123456,DEV-MAC-0149A5,1.0667
2026-10-07T21:47:53,auth-service,/login,eu-west-1,49,19,50,4,0,ERR-208,Low,Failure,12,32,1,CUST-109482,DEV-LIN-11235,2.4175
2026-10-07T21:47:53,fraud-detection,/payment,us-west-2,161,96,100,12,0,ERR-208,High,Failure,13,85,1,CUST-109482,DEV-WIN-99325,2.611
2026-10-07T21:47:53,ledger-service,/balance_check,eu-west-1,24,16,49,4,0,ERR-309,Low,Failure,11,27,1,CUST-134098,DEV-MAC-75825,2.95
2026-10-07T21:48:03,payment-api,/withdrawal,ap-southeast-1,150,75,60,13,8147.21,ERR-102,Low,Failure,6,27,1,CUST-123456,DEV-WIN-99325,2.3917
2026-10-07T21:48:03,ledger-service,/balance_check,ap-southeast-1,32,22,50,6,0,ERR-206,High,Failure,9,90,1,CUST-123456,DEV-LIN-11235,3.8333
2026-10-07T21:48:23,investment-engine,/portfolio,eu-west-1,172,75,86,27,8954.77,ERR-305,Low,Failure,13,26,1,CUST-100483,DEV-MAC-0149A5,2.0163
2026-10-07T21:48:23,ledger-service,/balance_check,ap-southeast-1,28,20,48,5,0,ERR-301,Low,Failure,1,36,1,CUST-123456,DEV-LIN-11235,3.4
2026-10-07T21:48:33,ledger-service,/balance_check,us-east-1,13,14,11,3,0,ERR-000,Healthy,Success,19,2,0,CUST-134098,DEV-WIN-99325,1.6833
2026-10-07T21:48:43,ledger-service,/balance_check,ap-southeast-1,28,20,45,5,0,ERR-902,Low,Failure,10,31,1,CUST-109482,DEV-MAC-75825,3.35
2026-10-07T21:48:43,fraud-detection,/payment,eu-west-1,125,81,97,9,0,ERR-701,Low,Failure,10,23,1,CUST-112349,DEV-WIN-84725,2.0306
2026-10-07T21:48:43,payment-api,/transfer,us-east-1,179,84,72,18,537.18,ERR-903,High,Failure,17,90,1,CUST-112349,DEV-WIN-84725,2.976
2026-10-07T21:48:53,ledger-service,/balance_check,ap-southeast-1,31,24,58,6,0,ERR-903,High,Failure,8,85,1,CUST-109482,DEV-WIN-84725,4
2026-10-07T21:48:53,payment-api,/withdrawal,us-east-1,1,5,31,6,4134.6,ERR-000,Healthy,Success,5,3,0,CUST-112349,DEV-LIN-11235,0.6007
2026-10-07T21:48:53,trading-engine,/trade,eu-west-1,236,100,84,2,3640.64,ERR-901,Critical,Failure,16,97,1,CUST-109482,DEV-MAC-75825,17.2307
2026-10-07T21:49:03,fraud-detection,/payment,us-west-2,130,84,84,8,0,ERR-901,Low,Failure,3,22,1,CUST-109482,DEV-WIN-84725,1.9587
2026-10-07T21:49:13,ledger-service,/balance_check,us-west-2,29,19,48,4,0,ERR-901,Low,Failure,11,32,1,CUST-109482,DEV-LIN-11235,3.2
2026-10-07T21:49:23,ledger-service,/balance_check,us-west-2,29,20,50,4,0,ERR-704,Low,Failure,20,35,1,CUST-112349,DEV-WIN-99325,3.2667
2026-10-07T21:49:23,payment-api,/withdrawal,eu-west-1,167,90,70,15,4136.92,ERR-903,High,Failure,13,81,1,CUST-109482,DEV-LIN-11235,2.768
2026-10-07T21:49:33,ledger-service,/balance_check,eu-west-1,28,16,48,5,0,ERR-703,Low,Failure,7,34,1,CUST-134098,DEV-LIN-11235,3.2667
2026-10-07T21:49:43,ledger-service,/balance_check,ap-southeast-1,29,20,47,5,0,ERR-705,Low,Failure,7,33,1,CUST-109482,DEV-MAC-0149A5,3.4167
2026-10-07T21:49:53,ledger-service,/balance_check,us-west-2,30,18,45,5,0,ERR-101,Low,Failure,13,25,1,CUST-134098,DEV-MAC-75825,3.35
2026-10-07T21:50:03,ledger-service,/balance_check,us-east-1,29,18,46,4,0,ERR-705,Low,Failure,20,37,1,CUST-109482,DEV-WIN-84725,3.1333
2026-10-07T21:50:03,trading-engine,/trade,eu-west-1,133,71,50,2,8616.28,ERR-104,Low,Failure,1,29,1,CUST-109482,DEV-WIN-84725,10.201
2026-10-07T21:50:23,payment-api,/transfer,eu-west-1,172,86,65,17,3444.95,ERR-903,High,Failure,15,80,1,CUST-109482,DEV-LIN-11235,2.863
2026-10-07T21:50:23,ledger-service,/balance_check,us-west-2,31,21,56,5,0,ERR-903,High,Failure,3,90,1,CUST-109482,DEV-MAC-75825,3.6667
2026-10-07T21:50:43,ledger-service,/balance_check,us-west-2,33,21,55,6,0,ERR-903,High,Failure,17,85,1,CUST-123456,DEV-MAC-75825,3.9167
2026-10-07T21:50:43,fraud-detection,/payment,us-west-2,206,100,100,14,0,ERR-904,Critical,Failure,14,90,1,CUST-100483,DEV-MAC-75825,3.121
2026-10-07T21:50:53,investment-engine,/portfolio,us-east-1,195,87,84,30,12068.24,ERR-307,Low,Failure,18,31,1,CUST-123456,DEV-MAC-75825,2.2491
2026-10-07T21:50:53,auth-service,/login,eu-west-1,45,20,45,4,0,ERR-701,Low,Failure,9,30,1,CUST-100483,DEV-WIN-99325,2.325
2026-10-07T21:50:53,ledger-service,/balance_check,us-west-2,15,10,22,2,0,ERR-000,Healthy,Success,18,1,0,CUST-134098,DEV-MAC-75825,1.6
2026-10-07T21:51:03,payment-api,/transfer,us-west-2,219,100,84,21,1554.26,ERR-901,Critical,Failure,10,92,1,CUST-134098,DEV-WIN-99325,3.5293
2026-10-07T21:51:03,fraud-detection,/payment,eu-west-1,143,90,91,9,0,ERR-306,Low,Failure,14,28,1,CUST-100483,DEV-MAC-75825,2.1672
2026-10-07T21:51:03,auth-service,/login,us-west-2,50,20,50,4,0,ERR-704,Low,Failure,6,24,1,CUST-134098,DEV-MAC-75825,2.45
2026-10-07T21:51:13,fraud-detection,/payment,us-east-1,147,83,98,9,0,ERR-305,Low,Failure,13,34,1,CUST-109482,DEV-MAC-0149A5,2.1832
2026-10-07T21:51:13,ledger-service,/balance_check,eu-west-1,29,18,47,4,0,ERR-307,Low,Failure,9,31,1,CUST-112349,DEV-WIN-84725,3.15
2026-10-07T21:51:13,investment-engine,/portfolio,ap-southeast-1,197,87,82,30,12876.57,ERR-207,Low,Failure,2,39,1,CUST-112349,DEV-WIN-84725,2.2518
2026-10-07T21:51:23,ledger-service,/balance_check,ap-southeast-1,29,18,46,4,0,ERR-207,Low,Failure,13,27,1,CUST-123456,DEV-WIN-99325,3.1333
2026-10-07T21:51:33,auth-service,/login,us-west-2,29,10,21,1,0,ERR-000,Healthy,Success,8,2,0,CUST-100483,DEV-LIN-11235,1.025
2026-10-07T21:51:43,investment-engine,/portfolio,us-west-2,217,94,100,35,11734.15,ERR-903,High,Failure,9,80,1,CUST-134098,DEV-LIN-11235,2.5553
2026-10-07T21:51:43,ledger-service,/balance_check,us-east-1,21,14,23,3,0,ERR-000,Healthy,Success,11,1,0,CUST-134098,DEV-WIN-99325,2.15
2026-10-07T21:51:53,ledger-service,/balance_check,ap-southeast-1,30,22,59,6,0,ERR-903,High,Failure,18,80,1,CUST-109482,DEV-MAC-75825,3.9167
2026-10-07T21:52:03,auth-service,/login,ap-southeast-1,50,21,50,5,0,ERR-104,Medium,Failure,9,75,1,CUST-100483,DEV-MAC-75825,2.67
2026-10-07T21:52:03,trading-engine,/trade,ap-southeast-1,142,76,56,1,2092.65,ERR-308,Low,Failure,7,26,1,CUST-109482,DEV-WIN-99325,10.3294
2026-10-07T21:52:13,fraud-detection,/payment,us-west-2,68,23,17,2,0,ERR-000,Healthy,Success,6,0,0,CUST-109482,DEV-MAC-75825,0.7274
2026-10-07T21:52:13,ledger-service,/balance_check,us-west-2,13,10,25,3,0,ERR-000,Healthy,Success,8,0,0,CUST-100483,DEV-LIN-11235,1.7833
2026-10-07T21:52:23,auth-service,/login,ap-southeast-1,51,20,51,5,0,ERR-904,Medium,Failure,20,64,1,CUST-112349,DEV-MAC-75825,2.675
2026-10-07T21:52:23,ledger-service,/balance_check,ap-southeast-1,27,18,48,5,0,ERR-104,Low,Failure,16,28,1,CUST-112349,DEV-MAC-0149A5,3.3
2026-10-07T21:52:33,payment-api,/withdrawal,us-west-2,154,76,58,14,675.34,ERR-701,Low,Failure,12,25,1,CUST-100483,DEV-LIN-11235,2.4727
2026-10-07T21:52:33,auth-service,/login,ap-southeast-1,47,19,49,4,0,ERR-204,Low,Failure,16,34,1,CUST-134098,DEV-WIN-99325,2.38
2026-10-07T21:52:43,ledger-service,/balance_check,eu-west-1,25,16,41,5,0,ERR-210,Low,Failure,7,25,1,CUST-100483,DEV-LIN-11235,3.05
2026-10-07T21:52:43,investment-engine,/portfolio,us-west-2,247,100,100,36,10044.34,ERR-903,Critical,Failure,10,96,1,CUST-123456,DEV-LIN-11235,2.7186
2026-10-07T21:52:53,payment-api,/withdrawal,eu-west-1,158,73,60,15,9676.77,ERR-306,Low,Failure,6,22,1,CUST-109482,DEV-WIN-99325,2.5403
2026-10-07T21:52:53,ledger-service,/balance_check,us-west-2,29,19,48,5,0,ERR-705,Low,Failure,6,27,1,CUST-134098,DEV-WIN-84725,3.4
2026-10-07T21:53:03,investment-engine,/portfolio,us-west-2,211,94,92,35,12910.37,ERR-903,High,Failure,5,90,1,CUST-134098,DEV-MAC-0149A5,2.5197
2026-10-07T21:53:03,ledger-service,/balance_check,us-west-2,28,19,42,5,0,ERR-110,Low,Failure,7,20,1,CUST-134098,DEV-LIN-11235,3.2667
2026-10-07T21:53:13,ledger-service,/balance_check,ap-southeast-1,17,11,6,3,0,ERR-000,Healthy,Success,2,0,0,CUST-134098,DEV-WIN-99325,1.6333
2026-10-07T21:53:23,ledger-service,/balance_check,eu-west-1,28,20,46,5,0,ERR-203,Low,Failure,10,27,1,CUST-100483,DEV-MAC-0149A5,3.3667
2026-10-07T21:53:23,trading-engine,/trade,us-west-2,193,100,78,2,7095.99,ERR-901,Critical,Failure,18,96,1,CUST-112349,DEV-WIN-99325,14.3523
2026-10-07T21:53:33,ledger-service,/balance_check,ap-southeast-1,30,20,50,4,0,ERR-106,Low,Failure,6,31,1,CUST-109482,DEV-WIN-84725,3.3
2026-10-07T21:53:43,ledger-service,/balance_check,ap-southeast-1,26,16,43,5,0,ERR-704,Low,Failure,2,22,1,CUST-123456,DEV-WIN-99325,3.1167
2026-10-07T21:53:43,fraud-detection,/payment,ap-southeast-1,135,84,97,10,0,ERR-904,Low,Failure,2,24,1,CUST-123456,DEV-WIN-99325,2.2047
2026-10-07T21:54:03,fraud-detection,/payment,ap-southeast-1,120,81,94,10,0,ERR-903,Low,Failure,6,31,1,CUST-112349,DEV-MAC-0149A5,2.0943
2026-10-07T21:54:13,ledger-service,/balance_check,ap-southeast-1,30,20,46,4,0,ERR-207,Low,Failure,16,23,1,CUST-134098,DEV-LIN-11235,3.2333
2026-10-07T21:54:23,ledger-service,/balance_check,us-west-2,31,20,55,6,0,ERR-704,High,Failure,8,86,1,CUST-109482,DEV-LIN-11235,3.8167
2026-10-07T21:54:33,ledger-service,/balance_check,us-west-2,21,10,17,3,0,ERR-000,Healthy,Success,19,1,0,CUST-112349,DEV-LIN-11235,1.9167
2026-10-07T21:54:43,auth-service,/login,ap-southeast-1,48,16,44,4,0,ERR-303,Low,Failure,6,22,1,CUST-123456,DEV-MAC-75825,2.27
2026-10-07T21:54:53,investment-engine,/portfolio,eu-west-1,102,30,10,1,12787.12,ERR-000,Healthy,Success,3,4,0,CUST-100483,DEV-WIN-84725,0.5429
2026-10-07T21:54:53,auth-service,/login,us-east-1,47,20,46,5,0,ERR-204,Low,Failure,2,23,1,CUST-100483,DEV-WIN-99325,2.5625
2026-10-07T21:54:53,ledger-service,/balance_check,ap-southeast-1,27,16,40,4,0,ERR-110,Low,Failure,3,32,1,CUST-100483,DEV-MAC-75825,2.9
2026-10-07T21:55:13,ledger-service,/balance_check,eu-west-1,25,18,43,4,0,ERR-209,Low,Failure,17,38,1,CUST-123456,DEV-LIN-11235,2.95
2026-10-07T21:55:33,ledger-service,/balance_check,us-east-1,26,16,45,5,0,ERR-204,Low,Failure,12,23,1,CUST-134098,DEV-WIN-99325,3.15
2026-10-07T21:55:43,trading-engine,/trade,ap-southeast-1,138,78,55,2,1374.53,ERR-202,Low,Failure,14,34,1,CUST-109482,DEV-WIN-84725,10.5674
2026-10-07T21:55:43,payment-api,/withdrawal,eu-west-1,185,86,66,17,6175.22,ERR-903,High,Failure,18,86,1,CUST-100483,DEV-LIN-11235,2.92
2026-10-07T21:55:53,ledger-service,/balance_check,eu-west-1,32,20,55,5,0,ERR-307,High,Failure,10,86,1,CUST-100483,DEV-WIN-84725,3.65
2026-10-07T21:56:03,ledger-service,/balance_check,us-west-2,32,21,50,5,0,ERR-305,High,Failure,10,90,1,CUST-100483,DEV-WIN-84725,3.6
2026-10-07T21:56:03,payment-api,/withdrawal,ap-southeast-1,162,95,72,15,8785.62,ERR-903,High,Failure,3,88,1,CUST-112349,DEV-MAC-75825,2.7997
2026-10-07T21:56:03,fraud-detection,/payment,us-west-2,206,100,100,12,0,ERR-904,Critical,Failure,12,93,1,CUST-112349,DEV-WIN-84725,2.921
2026-10-07T21:56:13,ledger-service,/balance_check,ap-southeast-1,28,20,49,5,0,ERR-102,Low,Failure,9,28,1,CUST-109482,DEV-WIN-84725,3.4167
2026-10-07T21:56:23,payment-api,/withdrawal,us-west-2,196,100,74,18,437.65,ERR-901,Critical,Failure,2,90,1,CUST-123456,DEV-LIN-11235,3.1873
2026-10-07T21:56:33,fraud-detection,/payment,ap-southeast-1,105,45,64,4,0,ERR-000,Healthy,Success,3,2,0,CUST-112349,DEV-MAC-0149A5,1.275
2026-10-07T21:56:33,trading-engine,/trade,eu-west-1,4,23,3,1,299.3,ERR-000,Healthy,Success,10,1,0,CUST-100483,DEV-MAC-0149A5,0.8492
2026-10-07T21:56:53,ledger-service,/balance_check,ap-southeast-1,14,6,5,3,0,ERR-000,Healthy,Success,10,2,0,CUST-134098,DEV-LIN-11235,1.35
2026-10-07T21:56:53,investment-engine,/portfolio,eu-west-1,194,73,74,27,9509.88,ERR-303,Low,Failure,19,23,1,CUST-109482,DEV-LIN-11235,2.0562
2026-10-07T21:57:03,auth-service,/login,us-west-2,45,20,41,5,0,ERR-102,Low,Failure,17,21,1,CUST-134098,DEV-WIN-84725,2.475
2026-10-07T21:57:03,ledger-service,/balance_check,ap-southeast-1,29,19,45,4,0,ERR-106,Low,Failure,15,32,1,CUST-123456,DEV-WIN-84725,3.15
2026-10-07T21:57:13,payment-api,/withdrawal,us-east-1,148,65,60,13,6639.91,ERR-307,Low,Failure,4,22,1,CUST-100483,DEV-WIN-99325,2.3003
2026-10-07T21:57:13,ledger-service,/balance_check,ap-southeast-1,29,19,50,4,0,ERR-202,Low,Failure,7,27,1,CUST-112349,DEV-WIN-84725,3.2333
2026-10-07T21:57:23,trading-engine,/trade,ap-southeast-1,150,76,55,1,5878.37,ERR-705,Low,Failure,13,28,1,CUST-112349,DEV-MAC-0149A5,10.8608
2026-10-07T21:57:33,payment-api,/withdrawal,eu-west-1,160,73,57,15,2057.69,ERR-703,Low,Failure,17,21,1,CUST-123456,DEV-WIN-99325,2.5333
2026-10-07T21:57:43,ledger-service,/balance_check,us-east-1,28,18,48,4,0,ERR-104,Low,Failure,3,29,1,CUST-123456,DEV-LIN-11235,3.1333
2026-10-07T21:57:53,fraud-detection,/payment,eu-west-1,141,74,96,8,0,ERR-208,Low,Failure,4,21,1,CUST-123456,DEV-LIN-11235,2.0188
2026-10-07T21:57:53,ledger-service,/balance_check,ap-southeast-1,25,18,46,4,0,ERR-208,Low,Failure,8,28,1,CUST-134098,DEV-LIN-11235,3
2026-10-07T21:58:03,ledger-service,/balance_check,eu-west-1,6,13,19,2,0,ERR-000,Healthy,Success,7,5,0,CUST-123456,DEV-WIN-84725,1.35
2026-10-07T21:58:03,investment-engine,/portfolio,us-east-1,200,81,90,27,14023.66,ERR-306,Low,Failure,3,40,1,CUST-109482,DEV-MAC-75825,2.1474
2026-10-07T21:58:03,payment-api,/withdrawal,ap-southeast-1,82,53,31,7,764.89,ERR-000,Healthy,Success,13,0,0,CUST-112349,DEV-WIN-99325,1.3913
2026-10-07T21:58:03,fraud-detection,/payment,eu-west-1,4,25,67,7,0,ERR-000,Healthy,Success,3,1,0,CUST-109482,DEV-MAC-0149A5,0.8546
2026-10-07T21:58:13,ledger-service,/balance_check,ap-southeast-1,29,18,48,5,0,ERR-107,Low,Failure,10,40,1,CUST-134098,DEV-MAC-75825,3.3667
2026-10-07T21:58:13,payment-api,/transfer,us-west-2,154,74,55,14,6540.18,ERR-208,Low,Failure,19,21,1,CUST-123456,DEV-LIN-11235,2.441
2026-10-07T21:58:33,ledger-service,/balance_check,us-west-2,27,19,45,5,0,ERR-306,Low,Failure,9,22,1,CUST-123456,DEV-WIN-84725,3.2833
2026-10-07T21:58:43,investment-engine,/portfolio,eu-west-1,259,100,100,36,9420.23,ERR-903,Critical,Failure,11,93,1,CUST-123456,DEV-MAC-75825,2.7586
2026-10-07T21:58:43,ledger-service,/balance_check,ap-southeast-1,30,20,50,4,0,ERR-904,Low,Failure,19,36,1,CUST-123456,DEV-MAC-0149A5,3.3
2026-10-07T21:58:53,ledger-service,/balance_check,us-west-2,34,21,51,5,0,ERR-903,High,Failure,13,80,1,CUST-112349,DEV-MAC-0149A5,3.6833
2026-10-07T21:59:03,payment-api,/withdrawal,us-west-2,158,76,55,15,6954.43,ERR-305,Low,Failure,9,34,1,CUST-109482,DEV-MAC-0149A5,2.5403
2026-10-07T21:59:13,ledger-service,/balance_check,ap-southeast-1,35,21,57,5,0,ERR-903,High,Failure,10,90,1,CUST-134098,DEV-WIN-84725,3.8167
2026-10-07T21:59:13,investment-engine,/portfolio,eu-west-1,186,90,83,27,11357.5,ERR-201,Low,Failure,10,21,1,CUST-100483,DEV-MAC-0149A5,2.1321
2026-10-07T21:59:23,trading-engine,/trade,eu-west-1,204,98,78,2,8639.38,ERR-901,Critical,Failure,20,98,1,CUST-134098,DEV-WIN-99325,15.079
2026-10-07T21:59:23,payment-api,/withdrawal,us-west-2,188,94,69,18,4225.79,ERR-903,High,Failure,4,82,1,CUST-134098,DEV-MAC-0149A5,3.0803
2026-10-07T21:59:43,fraud-detection,/payment,ap-southeast-1,128,75,95,10,0,ERR-102,Low,Failure,1,22,1,CUST-100483,DEV-LIN-11235,2.1336
2026-10-07T21:59:43,ledger-service,/balance_check,us-west-2,25,18,43,5,0,ERR-303,Low,Failure,20,37,1,CUST-123456,DEV-MAC-0149A5,3.15
2026-10-07T21:59:53,investment-engine,/portfolio,ap-southeast-1,21,23,39,6,7306.99,ERR-000,Healthy,Success,4,4,0,CUST-134098,DEV-MAC-75825,0.4612
2026-10-07T21:59:53,ledger-service,/balance_check,us-east-1,33,20,59,6,0,ERR-903,High,Failure,15,80,1,CUST-123456,DEV-WIN-99325,3.95
2026-10-07T21:59:53,auth-service,/login,eu-west-1,50,21,51,5,0,ERR-903,Medium,Failure,20,65,1,CUST-100483,DEV-WIN-84725,2.6825
2026-10-07T22:00:03,ledger-service,/balance_check,us-east-1,27,17,49,5,0,ERR-202,Low,Failure,16,32,1,CUST-134098,DEV-WIN-84725,3.2833
2026-10-07T22:00:03,fraud-detection,/payment,ap-southeast-1,150,96,100,10,0,ERR-108,High,Failure,10,87,1,CUST-109482,DEV-LIN-11235,2.3377
2026-10-07T22:00:13,ledger-service,/balance_check,us-east-1,24,18,45,5,0,ERR-307,Low,Failure,14,21,1,CUST-112349,DEV-MAC-75825,3.15
2026-10-07T22:00:23,payment-api,/withdrawal,us-west-2,87,19,12,4,2773.11,ERR-000,Healthy,Success,13,2,0,CUST-134098,DEV-WIN-84725,0.833
2026-10-07T22:00:23,ledger-service,/balance_check,eu-west-1,27,19,49,5,0,ERR-101,Low,Failure,11,29,1,CUST-134098,DEV-LIN-11235,3.35
2026-10-07T22:00:33,ledger-service,/balance_check,us-west-2,28,19,47,5,0,ERR-901,Low,Failure,11,24,1,CUST-109482,DEV-WIN-99325,3.35
2026-10-07T22:00:33,payment-api,/withdrawal,ap-southeast-1,166,85,65,15,7729.85,ERR-903,High,Failure,3,90,1,CUST-123456,DEV-LIN-11235,2.6973
2026-10-07T22:00:43,payment-api,/withdrawal,us-west-2,154,80,55,13,6032.45,ERR-703,Low,Failure,19,20,1,CUST-123456,DEV-MAC-0149A5,2.4243
2026-10-07T22:00:43,investment-engine,/portfolio,eu-west-1,261,100,100,38,6685.28,ERR-903,Critical,Failure,3,97,1,CUST-134098,DEV-WIN-84725,2.832
2026-10-07T22:00:53,investment-engine,/portfolio,ap-southeast-1,186,81,81,29,7592.95,ERR-304,Low,Failure,10,36,1,CUST-134098,DEV-LIN-11235,2.1499
2026-10-07T22:01:03,trading-engine,/trade,us-west-2,158,94,64,2,4020.75,ERR-903,High,Failure,12,83,1,CUST-123456,DEV-MAC-75825,11.9717
2026-10-07T22:01:03,auth-service,/login,ap-southeast-1,50,20,50,5,0,ERR-201,Medium,Failure,16,80,1,CUST-112349,DEV-WIN-99325,2.65
2026-10-07T22:01:03,ledger-service,/balance_check,us-east-1,28,20,45,4,0,ERR-903,Low,Failure,6,34,1,CUST-100483,DEV-LIN-11235,3.15
2026-10-07T22:01:23,ledger-service,/balance_check,eu-west-1,27,18,48,4,0,ERR-904,Low,Failure,11,34,1,CUST-100483,DEV-LIN-11235,3.1
2026-10-07T22:01:23,trading-engine,/trade,ap-southeast-1,170,90,72,2,5134.39,ERR-903,High,Failure,12,80,1,CUST-109482,DEV-MAC-0149A5,12.774
2026-10-07T22:01:33,investment-engine,/portfolio,us-west-2,229,92,100,34,11488.46,ERR-903,High,Failure,2,88,1,CUST-109482,DEV-MAC-0149A5,2.552
2026-10-07T22:01:33,ledger-service,/balance_check,us-east-1,28,19,49,5,0,ERR-202,Low,Failure,3,31,1,CUST-123456,DEV-WIN-99325,3.3833
2026-10-07T22:01:43,trading-engine,/trade,eu-west-1,177,86,71,2,9036.03,ERR-903,High,Failure,7,81,1,CUST-112349,DEV-LIN-11235,13.2253
2026-10-07T22:01:43,ledger-service,/balance_check,us-east-1,29,18,44,4,0,ERR-102,Low,Failure,4,23,1,CUST-100483,DEV-WIN-99325,3.1
2026-10-07T22:01:53,trading-engine,/trade,us-west-2,163,94,64,2,1636.1,ERR-903,High,Failure,1,90,1,CUST-112349,DEV-WIN-84725,12.305
2026-10-07T22:02:03,auth-service,/login,ap-southeast-1,20,9,12,2,0,ERR-000,Healthy,Success,16,4,0,CUST-100483,DEV-MAC-75825,0.98
2026-10-07T22:02:03,payment-api,/transfer,ap-southeast-1,160,79,59,15,8226.6,ERR-905,Low,Failure,8,26,1,CUST-123456,DEV-MAC-0149A5,2.5933
2026-10-07T22:02:03,trading-engine,/trade,us-east-1,144,77,59,2,5402.06,ERR-304,Low,Failure,8,38,1,CUST-134098,DEV-WIN-99325,10.9719
2026-10-07T22:02:03,ledger-service,/balance_check,us-east-1,27,18,50,4,0,ERR-309,Low,Failure,17,21,1,CUST-100483,DEV-MAC-0149A5,3.1333
2026-10-07T22:02:13,trading-engine,/trade,eu-west-1,121,64,51,1,2228.54,ERR-000,Normal,Success,8,9,0,CUST-112349,DEV-MAC-0149A5,8.8796
2026-10-07T22:02:13,payment-api,/withdrawal,ap-southeast-1,144,76,57,13,3762.66,ERR-704,Low,Failure,19,39,1,CUST-109482,DEV-MAC-75825,2.361
2026-10-07T22:02:23,fraud-detection,/payment,eu-west-1,226,100,100,15,0,ERR-904,Critical,Failure,2,97,1,CUST-100483,DEV-MAC-75825,3.3543
2026-10-07T22:02:33,trading-engine,/trade,ap-southeast-1,147,79,58,1,7373.11,ERR-705,Low,Failure,2,20,1,CUST-112349,DEV-WIN-84725,10.6766
2026-10-07T22:02:33,auth-service,/login,ap-southeast-1,6,5,33,2,0,ERR-000,Healthy,Success,9,3,0,CUST-100483,DEV-LIN-11235,0.9875
2026-10-07T22:02:43,fraud-detection,/payment,us-east-1,149,81,90,10,0,ERR-210,Low,Failure,17,38,1,CUST-134098,DEV-WIN-84725,2.2837
2026-10-07T22:02:53,fraud-detection,/payment,ap-southeast-1,168,95,100,12,0,ERR-209,High,Failure,19,89,1,CUST-100483,DEV-WIN-99325,2.6552
2026-10-07T22:02:53,auth-service,/login,us-west-2,45,18,48,5,0,ERR-105,Low,Failure,3,25,1,CUST-123456,DEV-LIN-11235,2.5225
2026-10-07T22:03:03,ledger-service,/balance_check,ap-southeast-1,30,18,48,5,0,ERR-106,Low,Failure,14,25,1,CUST-123456,DEV-WIN-84725,3.4
2026-10-07T22:03:03,auth-service,/login,eu-west-1,8,11,14,2,0,ERR-000,Healthy,Success,10,3,0,CUST-123456,DEV-WIN-99325,0.895
2026-10-07T22:03:13,trading-engine,/trade,eu-west-1,238,100,100,3,4623.4,ERR-901,Critical,Failure,13,100,1,CUST-100483,DEV-WIN-84725,17.8953
2026-10-07T22:03:13,fraud-detection,/payment,us-east-1,128,80,99,9,0,ERR-904,Low,Failure,2,38,1,CUST-109482,DEV-MAC-0149A5,2.05
2026-10-07T22:03:23,ledger-service,/balance_check,ap-southeast-1,27,20,48,4,0,ERR-308,Low,Failure,3,20,1,CUST-112349,DEV-MAC-0149A5,3.1667
2026-10-07T22:03:23,trading-engine,/trade,eu-west-1,188,100,82,2,6027.8,ERR-901,Critical,Failure,1,96,1,CUST-112349,DEV-WIN-84725,14.0268
2026-10-07T22:03:33,ledger-service,/balance_check,us-east-1,30,16,41,5,0,ERR-903,Low,Failure,4,32,1,CUST-134098,DEV-WIN-99325,3.2167
2026-10-07T22:03:43,ledger-service,/balance_check,ap-southeast-1,27,18,48,5,0,ERR-901,Low,Failure,4,33,1,CUST-109482,DEV-MAC-0149A5,3.3
2026-10-07T22:03:43,fraud-detection,/payment,us-east-1,145,90,99,10,0,ERR-110,Low,Failure,17,35,1,CUST-112349,DEV-LIN-11235,2.2883
2026-10-07T22:03:43,auth-service,/login,us-east-1,45,20,45,5,0,ERR-309,Low,Failure,5,27,1,CUST-112349,DEV-MAC-0149A5,2.525
2026-10-07T22:03:53,investment-engine,/portfolio,ap-southeast-1,185,84,87,28,8060.43,ERR-304,Low,Failure,7,34,1,CUST-112349,DEV-WIN-84725,2.1399
2026-10-07T22:04:03,ledger-service,/balance_check,us-east-1,36,24,58,5,0,ERR-903,High,Failure,3,90,1,CUST-109482,DEV-MAC-0149A5,3.9667
2026-10-07T22:04:03,fraud-detection,/payment,ap-southeast-1,132,84,89,10,0,ERR-207,Low,Failure,16,27,1,CUST-123456,DEV-LIN-11235,2.1769
2026-10-07T22:04:03,trading-engine,/trade,us-west-2,179,85,71,2,4132.03,ERR-903,High,Failure,3,82,1,CUST-134098,DEV-WIN-84725,13.3553
2026-10-07T22:04:13,auth-service,/login,us-east-1,46,18,47,4,0,ERR-905,Low,Failure,6,36,1,CUST-112349,DEV-LIN-11235,2.3225
2026-10-07T22:04:23,ledger-service,/balance_check,us-east-1,32,24,58,5,0,ERR-903,High,Failure,19,86,1,CUST-123456,DEV-LIN-11235,3.8333
2026-10-07T22:04:33,ledger-service,/balance_check,us-west-2,14,5,17,2,0,ERR-000,Healthy,Success,1,5,0,CUST-134098,DEV-MAC-0149A5,1.3167
2026-10-07T22:04:33,payment-api,/transfer,us-west-2,155,73,56,13,5628.07,ERR-303,Low,Failure,9,33,1,CUST-109482,DEV-WIN-84725,2.375
2026-10-07T22:04:33,trading-engine,/trade,ap-southeast-1,156,85,64,2,3959.82,ERR-903,High,Failure,1,88,1,CUST-134098,DEV-WIN-84725,11.8083
2026-10-07T22:04:43,ledger-service,/balance_check,us-west-2,31,24,51,5,0,ERR-903,High,Failure,9,82,1,CUST-123456,DEV-LIN-11235,3.6833
2026-10-07T22:04:43,payment-api,/transfer,us-east-1,183,88,72,15,1438.01,ERR-903,High,Failure,19,81,1,CUST-109482,DEV-LIN-11235,2.8253
2026-10-07T22:04:53,ledger-service,/balance_check,eu-west-1,30,20,48,4,0,ERR-102,Low,Failure,17,22,1,CUST-112349,DEV-MAC-75825,3.2667
2026-10-07T22:05:03,trading-engine,/trade,ap-southeast-1,140,73,59,2,5276.56,ERR-207,Low,Failure,20,35,1,CUST-123456,DEV-MAC-0149A5,10.6919
2026-10-07T22:05:03,payment-api,/withdrawal,eu-west-1,34,42,21,1,4834.48,ERR-000,Healthy,Success,1,3,0,CUST-123456,DEV-MAC-0149A5,0.6577
2026-10-07T22:05:13,ledger-service,/balance_check,eu-west-1,29,18,47,5,0,ERR-206,Low,Failure,17,37,1,CUST-100483,DEV-WIN-84725,3.35
2026-10-07T22:05:23,ledger-service,/balance_check,us-west-2,36,23,59,5,0,ERR-903,High,Failure,11,85,1,CUST-123456,DEV-WIN-99325,3.95
2026-10-07T22:05:33,auth-service,/login,ap-southeast-1,45,20,47,5,0,ERR-102,Low,Failure,11,30,1,CUST-112349,DEV-LIN-11235,2.55
2026-10-07T22:05:43,payment-api,/withdrawal,eu-west-1,204,100,72,20,8392.71,ERR-902,Critical,Failure,10,90,1,CUST-112349,DEV-MAC-0149A5,3.3427
2026-10-07T22:05:43,ledger-service,/balance_check,us-west-2,31,22,55,5,0,ERR-903,High,Failure,15,82,1,CUST-109482,DEV-LIN-11235,3.6833
2026-10-07T22:05:53,ledger-service,/balance_check,ap-southeast-1,27,19,48,4,0,ERR-106,Low,Failure,3,27,1,CUST-112349,DEV-MAC-0149A5,3.1333
2026-10-07T22:06:03,payment-api,/withdrawal,eu-west-1,44,44,31,5,1974.14,ERR-000,Healthy,Success,2,5,0,CUST-100483,DEV-MAC-75825,1.031
2026-10-07T22:06:03,fraud-detection,/payment,us-east-1,146,90,94,10,0,ERR-201,Low,Failure,17,37,1,CUST-134098,DEV-WIN-99325,2.2901
2026-10-07T22:06:03,auth-service,/login,us-east-1,49,18,50,4,0,ERR-107,Low,Failure,8,20,1,CUST-134098,DEV-WIN-84725,2.3975
2026-10-07T22:06:13,ledger-service,/balance_check,us-east-1,32,24,56,6,0,ERR-903,High,Failure,14,86,1,CUST-112349,DEV-LIN-11235,4
2026-10-07T22:06:33,ledger-service,/balance_check,ap-southeast-1,35,23,54,6,0,ERR-903,High,Failure,4,89,1,CUST-112349,DEV-WIN-84725,4.0333
2026-10-07T22:06:33,investment-engine,/portfolio,us-east-1,203,97,98,35,12533.42,ERR-903,High,Failure,12,89,1,CUST-134098,DEV-WIN-99325,2.5197
2026-10-07T22:06:43,ledger-service,/balance_check,us-west-2,27,19,50,5,0,ERR-109,Low,Failure,12,33,1,CUST-112349,DEV-LIN-11235,3.3667
2026-10-07T22:06:53,payment-api,/withdrawal,ap-southeast-1,43,1,7,10,2459.95,ERR-000,Healthy,Success,2,1,0,CUST-123456,DEV-MAC-75825,0.882
2026-10-07T22:07:03,trading-engine,/trade,us-west-2,187,100,84,2,3942.89,ERR-901,Critical,Failure,11,93,1,CUST-123456,DEV-MAC-75825,13.9641
2026-10-07T22:07:03,ledger-service,/balance_check,eu-west-1,36,22,53,6,0,ERR-903,High,Failure,5,90,1,CUST-109482,DEV-MAC-0149A5,4.0167
2026-10-07T22:07:13,auth-service,/login,eu-west-1,45,18,46,4,0,ERR-302,Low,Failure,9,23,1,CUST-112349,DEV-LIN-11235,2.2975
2026-10-07T22:07:23,auth-service,/login,eu-west-1,32,13,10,3,0,ERR-000,Healthy,Success,19,1,0,CUST-134098,DEV-WIN-84725,1.385
2026-10-07T22:07:43,fraud-detection,/payment,us-east-1,176,99,100,10,0,ERR-204,High,Failure,11,90,1,CUST-109482,DEV-WIN-84725,2.5185
2026-10-07T22:07:53,trading-engine,/trade,us-west-2,141,74,54,1,3176.96,ERR-103,Low,Failure,13,23,1,CUST-100483,DEV-WIN-99325,10.2521
2026-10-07T22:07:53,auth-service,/login,ap-southeast-1,47,18,46,5,0,ERR-305,Low,Failure,8,22,1,CUST-134098,DEV-WIN-84725,2.5225
2026-10-07T22:08:03,fraud-detection,/payment,us-west-2,138,87,96,10,0,ERR-206,Low,Failure,15,22,1,CUST-123456,DEV-MAC-75825,2.2312
2026-10-07T22:08:03,investment-engine,/portfolio,eu-west-1,195,75,89,30,10786.57,ERR-103,Low,Failure,6,26,1,CUST-109482,DEV-MAC-75825,2.1988
2026-10-07T22:08:13,ledger-service,/balance_check,us-west-2,24,18,44,5,0,ERR-905,Low,Failure,16,26,1,CUST-112349,DEV-MAC-0149A5,3.1333
2026-10-07T22:08:13,trading-engine,/trade,eu-west-1,147,68,59,2,3947.94,ERR-702,Low,Failure,11,35,1,CUST-134098,DEV-LIN-11235,11.1419
2026-10-07T22:08:13,fraud-detection,/payment,ap-southeast-1,173,92,100,11,0,ERR-104,High,Failure,3,86,1,CUST-134098,DEV-WIN-84725,2.581
2026-10-07T22:08:23,ledger-service,/balance_check,ap-southeast-1,31,23,55,6,0,ERR-903,High,Failure,7,82,1,CUST-100483,DEV-LIN-11235,3.9167
2026-10-07T22:08:23,fraud-detection,/payment,us-east-1,172,100,100,12,0,ERR-201,High,Failure,15,85,1,CUST-112349,DEV-MAC-0149A5,2.6943
2026-10-07T22:08:33,auth-service,/login,us-east-1,47,19,48,4,0,ERR-106,Low,Failure,9,33,1,CUST-134098,DEV-MAC-0149A5,2.3675
2026-10-07T22:08:33,ledger-service,/balance_check,us-west-2,17,7,1,2,0,ERR-000,Healthy,Success,7,3,0,CUST-123456,DEV-MAC-0149A5,1.2167
2026-10-07T22:08:43,payment-api,/withdrawal,us-west-2,154,78,58,15,9155.53,ERR-204,Low,Failure,18,37,1,CUST-123456,DEV-WIN-99325,2.556
2026-10-07T22:08:43,ledger-service,/balance_check,us-east-1,29,19,49,5,0,ERR-101,Low,Failure,11,33,1,CUST-123456,DEV-LIN-11235,3.4167
2026-10-07T22:08:43,trading-engine,/trade,ap-southeast-1,141,74,48,1,8812.8,ERR-901,Low,Failure,12,37,1,CUST-109482,DEV-LIN-11235,10.2404
2026-10-07T22:08:53,investment-engine,/portfolio,us-east-1,197,79,76,25,11495.1,ERR-308,Low,Failure,12,38,1,CUST-112349,DEV-MAC-0149A5,2.0334
2026-10-07T22:08:53,trading-engine,/trade,ap-southeast-1,140,66,52,1,4831.96,ERR-203,Low,Failure,4,26,1,CUST-134098,DEV-WIN-99325,10.1549
2026-10-07T22:09:03,trading-engine,/trade,us-west-2,149,80,58,1,6060.26,ERR-304,Low,Failure,12,23,1,CUST-100483,DEV-LIN-11235,10.8133
2026-10-07T22:09:03,payment-api,/transfer,us-west-2,154,74,54,14,4256.71,ERR-704,Low,Failure,18,22,1,CUST-134098,DEV-MAC-0149A5,2.436
2026-10-07T22:09:03,ledger-service,/balance_check,us-west-2,35,22,52,6,0,ERR-903,High,Failure,7,87,1,CUST-123456,DEV-LIN-11235,3.9667
2026-10-07T22:09:13,auth-service,/login,ap-southeast-1,47,18,50,4,0,ERR-204,Low,Failure,5,25,1,CUST-100483,DEV-LIN-11235,2.3725
2026-10-07T22:09:13,trading-engine,/trade,us-east-1,143,77,55,2,3821.17,ERR-103,Low,Failure,10,25,1,CUST-112349,DEV-MAC-75825,10.8974
2026-10-07T22:09:23,payment-api,/withdrawal,ap-southeast-1,129,73,60,14,9879.04,ERR-208,Low,Failure,5,39,1,CUST-123456,DEV-MAC-75825,2.3577
2026-10-07T22:09:33,ledger-service,/balance_check,us-east-1,28,20,46,4,0,ERR-201,Low,Failure,4,37,1,CUST-109482,DEV-MAC-0149A5,3.1667
2026-10-07T22:09:33,trading-engine,/trade,us-east-1,138,72,52,1,1693.17,ERR-308,Low,Failure,19,23,1,CUST-112349,DEV-LIN-11235,10.0416
2026-10-07T22:09:33,payment-api,/withdrawal,us-west-2,131,67,48,14,4285.24,ERR-905,Low,Failure,18,24,1,CUST-109482,DEV-MAC-0149A5,2.2557
2026-10-07T22:09:43,ledger-service,/balance_check,us-east-1,24,17,41,4,0,ERR-000,Normal,Success,6,13,0,CUST-123456,DEV-WIN-84725,2.85
2026-10-07T22:09:53,trading-engine,/trade,us-east-1,147,77,57,2,3200.32,ERR-303,Low,Failure,16,26,1,CUST-134098,DEV-WIN-84725,11.168
2026-10-07T22:09:53,payment-api,/withdrawal,ap-southeast-1,159,75,50,13,7987.24,ERR-106,Low,Failure,13,29,1,CUST-134098,DEV-MAC-75825,2.3777
2026-10-07T22:10:03,ledger-service,/balance_check,ap-southeast-1,28,18,48,5,0,ERR-904,Low,Failure,16,32,1,CUST-100483,DEV-WIN-99325,3.3333
2026-10-07T22:10:13,trading-engine,/trade,ap-southeast-1,158,90,70,2,8574.77,ERR-903,High,Failure,15,84,1,CUST-123456,DEV-MAC-75825,11.9701
2026-10-07T22:10:13,ledger-service,/balance_check,eu-west-1,9,3,18,1,0,ERR-000,Healthy,Success,8,0,0,CUST-109482,DEV-MAC-75825,0.9
2026-10-07T22:10:23,auth-service,/login,ap-southeast-1,49,20,43,4,0,ERR-207,Low,Failure,2,32,1,CUST-100483,DEV-LIN-11235,2.35
2026-10-07T22:10:23,ledger-service,/balance_check,us-east-1,27,18,47,5,0,ERR-303,Low,Failure,8,40,1,CUST-123456,DEV-MAC-75825,3.2833
2026-10-07T22:10:23,trading-engine,/trade,ap-southeast-1,141,73,60,2,139.11,ERR-204,Low,Failure,4,23,1,CUST-100483,DEV-WIN-84725,10.7605
2026-10-07T22:10:43,ledger-service,/balance_check,us-east-1,28,19,49,4,0,ERR-903,Low,Failure,2,22,1,CUST-123456,DEV-WIN-99325,3.1833
2026-10-07T22:10:53,trading-engine,/trade,us-east-1,56,39,4,1,5028.57,ERR-000,Healthy,Success,4,5,0,CUST-134098,DEV-LIN-11235,4.3711
2026-10-07T22:10:53,auth-service,/login,us-west-2,51,21,51,5,0,ERR-903,Medium,Failure,16,77,1,CUST-134098,DEV-WIN-99325,2.695
2026-10-07T22:11:13,ledger-service,/balance_check,ap-southeast-1,30,18,47,4,0,ERR-107,Low,Failure,10,30,1,CUST-109482,DEV-MAC-75825,3.1833
2026-10-07T22:11:23,payment-api,/withdrawal,ap-southeast-1,159,72,57,13,2569.96,ERR-203,Low,Failure,2,32,1,CUST-100483,DEV-MAC-75825,2.3877
2026-10-07T22:11:23,ledger-service,/balance_check,us-east-1,32,23,57,6,0,ERR-903,High,Failure,2,85,1,CUST-112349,DEV-LIN-11235,3.9833
2026-10-07T22:11:33,trading-engine,/trade,us-west-2,169,91,62,2,9158.61,ERR-903,High,Failure,12,87,1,CUST-112349,DEV-WIN-99325,12.6911
2026-10-07T22:11:33,payment-api,/transfer,ap-southeast-1,153,78,52,14,2538,ERR-306,Low,Failure,7,29,1,CUST-109482,DEV-WIN-84725,2.4553
2026-10-07T22:11:33,ledger-service,/balance_check,eu-west-1,28,20,50,5,0,ERR-705,Low,Failure,7,32,1,CUST-100483,DEV-MAC-0149A5,3.4333
2026-10-07T22:11:43,fraud-detection,/payment,eu-west-1,148,81,91,10,0,ERR-102,Low,Failure,17,32,1,CUST-123456,DEV-WIN-84725,2.278
2026-10-07T22:11:43,payment-api,/transfer,us-west-2,145,76,54,14,5307.88,ERR-702,Low,Failure,6,24,1,CUST-134098,DEV-LIN-11235,2.4167
2026-10-07T22:11:43,ledger-service,/balance_check,ap-southeast-1,13,3,16,2,0,ERR-000,Healthy,Success,14,5,0,CUST-123456,DEV-MAC-0149A5,1.2
2026-10-07T22:11:43,auth-service,/login,us-east-1,5,4,14,1,0,ERR-000,Healthy,Success,5,0,0,CUST-123456,DEV-MAC-75825,0.5175
2026-10-07T22:11:53,payment-api,/transfer,ap-southeast-1,145,73,57,15,7828.97,ERR-101,Low,Failure,11,31,1,CUST-112349,DEV-MAC-0149A5,2.4733
2026-10-07T22:12:03,ledger-service,/balance_check,us-east-1,36,23,50,6,0,ERR-302,High,Failure,16,88,1,CUST-134098,DEV-MAC-0149A5,4
2026-10-07T22:12:03,payment-api,/withdrawal,us-west-2,186,81,69,18,8904.31,ERR-903,High,Failure,14,90,1,CUST-123456,DEV-MAC-75825,2.964
2026-10-07T22:12:03,investment-engine,/portfolio,ap-southeast-1,186,88,77,26,6760.66,ERR-207,Low,Failure,4,33,1,CUST-123456,DEV-LIN-11235,2.0771
2026-10-07T22:12:13,trading-engine,/trade,us-east-1,143,72,56,1,3640.9,ERR-202,Low,Failure,8,39,1,CUST-112349,DEV-MAC-0149A5,10.3827
2026-10-07T22:12:13,ledger-service,/balance_check,eu-west-1,30,17,45,4,0,ERR-308,Low,Failure,16,36,1,CUST-134098,DEV-WIN-99325,3.1167
2026-10-07T22:12:23,ledger-service,/balance_check,ap-southeast-1,24,19,43,5,0,ERR-108,Low,Failure,1,29,1,CUST-112349,DEV-WIN-84725,3.15
2026-10-07T22:12:23,auth-service,/login,ap-southeast-1,50,18,45,5,0,ERR-107,Low,Failure,11,36,1,CUST-112349,DEV-WIN-84725,2.5475
2026-10-07T22:12:33,payment-api,/transfer,eu-west-1,77,6,9,6,1994.18,ERR-000,Healthy,Success,19,3,0,CUST-134098,DEV-MAC-75825,0.803
2026-10-07T22:12:43,ledger-service,/balance_check,us-west-2,35,20,58,5,0,ERR-303,High,Failure,4,82,1,CUST-100483,DEV-MAC-0149A5,3.8
2026-10-07T22:12:53,payment-api,/transfer,us-east-1,148,72,60,15,239.54,ERR-306,Low,Failure,20,34,1,CUST-134098,DEV-WIN-84725,2.492
2026-10-07T22:12:53,ledger-service,/balance_check,us-east-1,25,20,45,4,0,ERR-102,Low,Failure,7,28,1,CUST-109482,DEV-WIN-99325,3.05
2026-10-07T22:12:53,investment-engine,/portfolio,us-east-1,175,86,83,26,8148.49,ERR-702,Low,Failure,2,32,1,CUST-134098,DEV-WIN-99325,2.0421
2026-10-07T22:13:03,auth-service,/login,eu-west-1,34,12,34,3,0,ERR-000,Healthy,Success,14,2,0,CUST-134098,DEV-MAC-0149A5,1.69
2026-10-07T22:13:03,payment-api,/withdrawal,ap-southeast-1,159,77,60,14,7046.69,ERR-106,Low,Failure,4,20,1,CUST-109482,DEV-LIN-11235,2.511
2026-10-07T22:13:03,ledger-service,/balance_check,ap-southeast-1,30,22,60,6,0,ERR-903,High,Failure,4,88,1,CUST-112349,DEV-WIN-99325,3.9333
2026-10-07T22:13:13,trading-engine,/trade,eu-west-1,142,79,55,2,9176.45,ERR-308,Low,Failure,9,34,1,CUST-134098,DEV-WIN-84725,10.8374
2026-10-07T22:13:13,payment-api,/withdrawal,ap-southeast-1,144,78,55,13,999.08,ERR-301,Low,Failure,12,23,1,CUST-134098,DEV-LIN-11235,2.3677
2026-10-07T22:13:13,ledger-service,/balance_check,ap-southeast-1,29,18,49,4,0,ERR-101,Low,Failure,10,20,1,CUST-100483,DEV-WIN-84725,3.1833
2026-10-07T22:13:23,trading-engine,/trade,eu-west-1,148,76,54,2,5024.55,ERR-104,Low,Failure,6,24,1,CUST-134098,DEV-WIN-84725,11.2255
2026-10-07T22:13:23,payment-api,/withdrawal,us-west-2,160,80,54,15,923.26,ERR-103,Low,Failure,4,28,1,CUST-100483,DEV-MAC-75825,2.5767
2026-10-07T22:13:33,payment-api,/transfer,us-west-2,160,75,58,13,4751.32,ERR-703,Low,Failure,19,23,1,CUST-123456,DEV-MAC-75825,2.4217
2026-10-07T22:13:33,ledger-service,/balance_check,eu-west-1,36,24,55,6,0,ERR-903,High,Failure,4,80,1,CUST-112349,DEV-WIN-99325,4.1167
2026-10-07T22:13:43,investment-engine,/portfolio,ap-southeast-1,224,100,90,32,13934.39,ERR-310,High,Failure,18,89,1,CUST-134098,DEV-LIN-11235,2.4891
2026-10-07T22:13:43,auth-service,/login,ap-southeast-1,46,18,46,5,0,ERR-903,Low,Failure,6,39,1,CUST-134098,DEV-LIN-11235,2.51
2026-10-07T22:13:43,payment-api,/transfer,ap-southeast-1,179,84,68,18,5456.69,ERR-903,High,Failure,17,90,1,CUST-112349,DEV-WIN-84725,2.956
2026-10-07T22:13:53,trading-engine,/trade,ap-southeast-1,143,69,53,1,5923.61,ERR-304,Low,Failure,7,27,1,CUST-112349,DEV-WIN-99325,10.3668
2026-10-07T22:13:53,fraud-detection,/payment,eu-west-1,163,100,100,12,0,ERR-205,High,Failure,9,85,1,CUST-112349,DEV-MAC-0149A5,2.6343
2026-10-07T22:14:03,auth-service,/login,us-east-1,51,20,50,5,0,ERR-209,Medium,Failure,6,78,1,CUST-123456,DEV-LIN-11235,2.6625
2026-10-07T22:14:13,ledger-service,/balance_check,us-east-1,27,18,49,4,0,ERR-705,Low,Failure,2,23,1,CUST-112349,DEV-WIN-84725,3.1167
2026-10-07T22:14:23,ledger-service,/balance_check,ap-southeast-1,27,18,46,5,0,ERR-310,Low,Failure,19,20,1,CUST-112349,DEV-MAC-0149A5,3.2667
2026-10-07T22:14:33,ledger-service,/balance_check,us-east-1,27,20,46,4,0,ERR-204,Low,Failure,20,27,1,CUST-112349,DEV-MAC-0149A5,3.1333
2026-10-07T22:14:33,fraud-detection,/payment,us-west-2,268,100,100,17,0,ERR-904,Critical,Failure,14,90,1,CUST-100483,DEV-WIN-84725,3.8343
2026-10-07T22:14:43,fraud-detection,/payment,ap-southeast-1,139,81,94,10,0,ERR-905,Low,Failure,15,20,1,CUST-112349,DEV-WIN-84725,2.221
2026-10-07T22:14:43,ledger-service,/balance_check,us-east-1,34,20,52,5,0,ERR-306,High,Failure,7,90,1,CUST-123456,DEV-MAC-0149A5,3.6667
2026-10-07T22:14:43,payment-api,/transfer,ap-southeast-1,141,68,55,15,8415.6,ERR-702,Low,Failure,10,33,1,CUST-123456,DEV-WIN-99325,2.4057
2026-10-07T22:14:53,ledger-service,/balance_check,eu-west-1,29,19,45,5,0,ERR-705,Low,Failure,12,39,1,CUST-109482,DEV-MAC-0149A5,3.35
2026-10-07T22:14:53,investment-engine,/portfolio,ap-southeast-1,201,100,96,36,7065.9,ERR-903,High,Failure,18,83,1,CUST-100483,DEV-LIN-11235,2.5575
2026-10-07T22:15:03,payment-api,/transfer,eu-west-1,158,80,55,13,7311.25,ERR-306,Low,Failure,12,30,1,CUST-134098,DEV-MAC-0149A5,2.4403
2026-10-07T22:15:03,fraud-detection,/payment,us-west-2,86,16,55,7,0,ERR-000,Healthy,Success,9,4,0,CUST-134098,DEV-WIN-99325,1.367
2026-10-07T22:15:03,trading-engine,/trade,us-west-2,139,72,57,1,1903.71,ERR-205,Low,Failure,1,37,1,CUST-123456,DEV-MAC-0149A5,10.118
2026-10-07T22:15:13,auth-service,/login,us-west-2,34,11,27,2,0,ERR-000,Healthy,Success,20,1,0,CUST-109482,DEV-MAC-75825,1.3825
2026-10-07T22:15:23,auth-service,/login,us-east-1,52,20,51,5,0,ERR-105,Medium,Failure,20,73,1,CUST-134098,DEV-LIN-11235,2.6875
2026-10-07T22:15:23,payment-api,/withdrawal,eu-west-1,199,100,82,20,7667.83,ERR-901,Critical,Failure,15,94,1,CUST-112349,DEV-LIN-11235,3.3727
2026-10-07T22:15:43,auth-service,/login,us-east-1,50,19,45,4,0,ERR-102,Low,Failure,15,36,1,CUST-109482,DEV-MAC-0149A5,2.3675
2026-10-07T22:15:53,payment-api,/withdrawal,eu-west-1,265,100,87,26,9723.51,ERR-901,Critical,Failure,6,91,1,CUST-109482,DEV-MAC-0149A5,4.0617
2026-10-07T22:15:53,ledger-service,/balance_check,ap-southeast-1,13,2,19,1,0,ERR-000,Healthy,Success,7,4,0,CUST-134098,DEV-MAC-0149A5,1.0167
2026-10-07T22:16:03,ledger-service,/balance_check,eu-west-1,28,19,45,4,0,ERR-102,Low,Failure,4,38,1,CUST-109482,DEV-WIN-99325,3.1167
2026-10-07T22:16:03,payment-api,/transfer,ap-southeast-1,173,90,63,18,1447.39,ERR-903,High,Failure,16,90,1,CUST-112349,DEV-LIN-11235,2.957
2026-10-07T22:16:13,auth-service,/login,us-west-2,51,21,52,5,0,ERR-903,Medium,Failure,15,64,1,CUST-100483,DEV-WIN-99325,2.7075
2026-10-07T22:16:13,ledger-service,/balance_check,eu-west-1,34,22,55,6,0,ERR-903,High,Failure,20,80,1,CUST-123456,DEV-MAC-0149A5,3.9833
2026-10-07T22:16:13,investment-engine,/portfolio,us-east-1,196,81,82,30,9130.82,ERR-209,Low,Failure,17,27,1,CUST-123456,DEV-MAC-0149A5,2.2185
2026-10-07T22:16:13,fraud-detection,/payment,ap-southeast-1,48,19,47,6,0,ERR-000,Healthy,Success,18,3,0,CUST-112349,DEV-WIN-84725,1.0134
2026-10-07T22:16:23,investment-engine,/portfolio,ap-southeast-1,198,86,87,29,5871.96,ERR-108,Low,Failure,6,21,1,CUST-100483,DEV-WIN-84725,2.2266
2026-10-07T22:16:33,investment-engine,/portfolio,eu-west-1,192,85,83,28,12624.5,ERR-310,Low,Failure,10,28,1,CUST-134098,DEV-MAC-75825,2.1604
2026-10-07T22:16:33,ledger-service,/balance_check,eu-west-1,33,23,60,6,0,ERR-903,High,Failure,15,84,1,CUST-109482,DEV-WIN-84725,4.0667
2026-10-07T22:16:33,auth-service,/login,eu-west-1,48,19,47,4,0,ERR-305,Low,Failure,5,23,1,CUST-109482,DEV-MAC-0149A5,2.3675
2026-10-07T22:16:43,payment-api,/transfer,ap-southeast-1,132,66,60,12,4889.74,ERR-207,Low,Failure,14,29,1,CUST-112349,DEV-MAC-75825,2.178
2026-10-07T22:16:53,ledger-service,/balance_check,us-east-1,30,16,49,4,0,ERR-310,Low,Failure,1,20,1,CUST-100483,DEV-MAC-75825,3.15
2026-10-07T22:17:03,trading-engine,/trade,us-east-1,83,35,4,1,8228.5,ERR-000,Healthy,Success,3,2,0,CUST-100483,DEV-MAC-75825,6.1578
2026-10-07T22:17:13,payment-api,/withdrawal,us-west-2,150,77,56,13,7030.26,ERR-309,Low,Failure,12,25,1,CUST-134098,DEV-MAC-75825,2.3883
2026-10-07T22:17:13,investment-engine,/portfolio,us-west-2,328,100,100,45,7072.23,ERR-903,Critical,Failure,4,99,1,CUST-112349,DEV-LIN-11235,3.2886
2026-10-07T22:17:13,fraud-detection,/payment,us-west-2,169,92,100,12,0,ERR-306,High,Failure,18,87,1,CUST-100483,DEV-MAC-75825,2.6543
2026-10-07T22:17:23,ledger-service,/balance_check,us-west-2,30,19,50,5,0,ERR-310,Low,Failure,17,40,1,CUST-123456,DEV-WIN-99325,3.4667
2026-10-07T22:17:23,trading-engine,/trade,ap-southeast-1,147,74,58,2,4057.63,ERR-101,Low,Failure,9,33,1,CUST-109482,DEV-MAC-75825,11.1599
2026-10-07T22:17:23,payment-api,/transfer,us-east-1,148,74,59,13,4098.76,ERR-207,Low,Failure,2,40,1,CUST-112349,DEV-MAC-0149A5,2.3703
2026-10-07T22:17:43,ledger-service,/balance_check,us-east-1,34,22,53,5,0,ERR-903,High,Failure,17,81,1,CUST-134098,DEV-WIN-99325,3.75
2026-10-07T22:17:53,auth-service,/login,ap-southeast-1,42,18,48,5,0,ERR-108,Low,Failure,5,33,1,CUST-123456,DEV-WIN-84725,2.485
2026-10-07T22:17:53,trading-engine,/trade,us-west-2,95,39,36,1,783.54,ERR-000,Healthy,Success,12,0,0,CUST-112349,DEV-WIN-99325,7.0336
2026-10-07T22:17:53,ledger-service,/balance_check,eu-west-1,7,4,21,1,0,ERR-000,Healthy,Success,1,1,0,CUST-100483,DEV-WIN-84725,0.9167
2026-10-07T22:18:13,ledger-service,/balance_check,eu-west-1,29,19,48,4,0,ERR-101,Low,Failure,7,31,1,CUST-109482,DEV-WIN-99325,3.2
2026-10-07T22:18:13,auth-service,/login,us-east-1,50,20,51,5,0,ERR-905,Medium,Failure,18,76,1,CUST-134098,DEV-MAC-0149A5,2.6625
2026-10-07T22:18:23,fraud-detection,/payment,us-west-2,122,78,85,10,0,ERR-901,Low,Failure,18,37,1,CUST-109482,DEV-LIN-11235,2.0913
2026-10-07T22:18:23,ledger-service,/balance_check,us-west-2,29,20,50,5,0,ERR-107,Low,Failure,15,40,1,CUST-123456,DEV-MAC-0149A5,3.4667
2026-10-07T22:18:33,ledger-service,/balance_check,us-west-2,10,7,28,2,0,ERR-000,Healthy,Success,1,3,0,CUST-123456,DEV-WIN-84725,1.4333
2026-10-07T22:18:43,auth-service,/login,us-west-2,1,7,10,2,0,ERR-000,Healthy,Success,10,0,0,CUST-112349,DEV-MAC-75825,0.6775
2026-10-07T22:18:43,ledger-service,/balance_check,us-east-1,35,24,57,5,0,ERR-903,High,Failure,10,82,1,CUST-112349,DEV-MAC-0149A5,3.9167
2026-10-07T22:18:53,ledger-service,/balance_check,ap-southeast-1,16,2,5,2,0,ERR-000,Healthy,Success,7,1,0,CUST-123456,DEV-LIN-11235,1.0833
2026-10-07T22:19:03,trading-engine,/trade,us-west-2,186,100,72,2,7744.18,ERR-902,Critical,Failure,16,94,1,CUST-109482,DEV-MAC-75825,13.874
2026-10-07T22:19:03,fraud-detection,/payment,eu-west-1,139,80,81,8,0,ERR-109,Low,Failure,12,24,1,CUST-109482,DEV-WIN-84725,2.0058
2026-10-07T22:19:03,investment-engine,/portfolio,ap-southeast-1,192,87,84,28,13732.03,ERR-110,Low,Failure,16,34,1,CUST-112349,DEV-LIN-11235,2.1724
2026-10-07T22:19:13,ledger-service,/balance_check,us-west-2,28,18,45,4,0,ERR-304,Low,Failure,12,36,1,CUST-134098,DEV-LIN-11235,3.0833
2026-10-07T22:19:13,auth-service,/login,us-east-1,48,19,48,5,0,ERR-705,Low,Failure,14,24,1,CUST-134098,DEV-LIN-11235,2.58
2026-10-07T22:19:23,ledger-service,/balance_check,eu-west-1,34,23,53,5,0,ERR-903,High,Failure,2,90,1,CUST-109482,DEV-WIN-99325,3.7833
2026-10-07T22:19:33,fraud-detection,/payment,us-east-1,74,17,61,2,0,ERR-000,Healthy,Success,16,0,0,CUST-134098,DEV-MAC-0149A5,0.7954
2026-10-07T22:19:33,auth-service,/login,eu-west-1,45,20,43,5,0,ERR-202,Low,Failure,19,34,1,CUST-134098,DEV-MAC-75825,2.5
2026-10-07T22:19:33,payment-api,/withdrawal,us-east-1,81,9,23,1,504.33,ERR-000,Healthy,Success,5,3,0,CUST-109482,DEV-MAC-75825,0.5807
2026-10-07T22:19:33,ledger-service,/balance_check,us-east-1,28,19,45,5,0,ERR-110,Low,Failure,7,28,1,CUST-134098,DEV-WIN-99325,3.3167
2026-10-07T22:19:43,ledger-service,/balance_check,us-west-2,36,23,58,6,0,ERR-903,High,Failure,1,87,1,CUST-123456,DEV-LIN-11235,4.1333
2026-10-07T22:19:43,auth-service,/login,us-east-1,50,19,50,4,0,ERR-309,Low,Failure,7,24,1,CUST-112349,DEV-LIN-11235,2.43
2026-10-07T22:19:53,investment-engine,/portfolio,ap-southeast-1,214,100,100,31,6954.51,ERR-903,High,Failure,4,89,1,CUST-109482,DEV-LIN-11235,2.442
2026-10-07T22:19:53,auth-service,/login,ap-southeast-1,49,19,50,5,0,ERR-904,Low,Failure,12,40,1,CUST-109482,DEV-WIN-84725,2.6175
2026-10-07T22:20:03,ledger-service,/balance_check,ap-southeast-1,26,20,43,4,0,ERR-209,Low,Failure,3,33,1,CUST-123456,DEV-MAC-0149A5,3.05
2026-10-07T22:20:03,payment-api,/withdrawal,eu-west-1,34,33,38,1,8576.78,ERR-000,Healthy,Success,6,3,0,CUST-134098,DEV-MAC-0149A5,0.6677
2026-10-07T22:20:23,ledger-service,/balance_check,us-west-2,30,18,49,5,0,ERR-903,Low,Failure,19,37,1,CUST-100483,DEV-MAC-75825,3.4167
2026-10-07T22:20:23,investment-engine,/portfolio,us-east-1,117,54,37,8,14515.06,ERR-000,Healthy,Success,10,1,0,CUST-100483,DEV-MAC-75825,0.9989
2026-10-07T22:20:33,investment-engine,/portfolio,ap-southeast-1,180,87,86,30,8005.53,ERR-109,Low,Failure,3,31,1,CUST-112349,DEV-WIN-99325,2.203
2026-10-07T22:20:33,payment-api,/withdrawal,us-west-2,146,73,58,13,1902.31,ERR-901,Low,Failure,12,22,1,CUST-123456,DEV-MAC-75825,2.349
2026-10-07T22:20:43,ledger-service,/balance_check,eu-west-1,4,3,25,1,0,ERR-000,Healthy,Success,19,1,0,CUST-109482,DEV-WIN-84725,0.85
2026-10-07T22:20:53,investment-engine,/portfolio,us-west-2,258,100,100,39,10532.18,ERR-903,Critical,Failure,17,96,1,CUST-112349,DEV-WIN-84725,2.8553
2026-10-07T22:21:03,auth-service,/login,us-west-2,26,12,8,2,0,ERR-000,Healthy,Success,6,1,0,CUST-112349,DEV-WIN-84725,1.065
2026-10-07T22:21:03,ledger-service,/balance_check,us-east-1,28,18,46,5,0,ERR-210,Low,Failure,12,37,1,CUST-100483,DEV-LIN-11235,3.3
2026-10-07T22:21:13,investment-engine,/portfolio,us-east-1,166,80,88,24,10225.34,ERR-101,Low,Failure,16,32,1,CUST-112349,DEV-WIN-84725,1.9252
2026-10-07T22:21:13,trading-engine,/trade,us-east-1,173,86,72,2,1523.74,ERR-903,High,Failure,13,80,1,CUST-100483,DEV-MAC-75825,12.9606
2026-10-07T22:21:13,payment-api,/transfer,ap-southeast-1,168,92,69,17,1879.81,ERR-903,High,Failure,10,90,1,CUST-100483,DEV-MAC-75825,2.917
2026-10-07T22:21:23,ledger-service,/balance_check,ap-southeast-1,18,2,24,2,0,ERR-000,Healthy,Success,6,2,0,CUST-112349,DEV-MAC-0149A5,1.4667
2026-10-07T22:21:23,trading-engine,/trade,eu-west-1,215,100,97,2,7658.46,ERR-901,Critical,Failure,13,91,1,CUST-123456,DEV-WIN-84725,15.8561
2026-10-07T22:21:33,payment-api,/withdrawal,us-east-1,146,77,54,13,4908,ERR-304,Low,Failure,6,23,1,CUST-100483,DEV-MAC-75825,2.3623
2026-10-07T22:21:43,fraud-detection,/payment,us-west-2,143,81,93,9,0,ERR-903,Low,Failure,17,26,1,CUST-109482,DEV-WIN-84725,2.1467
2026-10-07T22:21:53,ledger-service,/balance_check,us-east-1,31,21,50,6,0,ERR-702,High,Failure,18,90,1,CUST-112349,DEV-WIN-99325,3.7667
2026-10-07T22:22:03,ledger-service,/balance_check,us-east-1,29,17,43,4,0,ERR-210,Low,Failure,9,28,1,CUST-100483,DEV-LIN-11235,3.05
2026-10-07T22:22:03,payment-api,/withdrawal,ap-southeast-1,157,74,56,15,9813.96,ERR-304,Low,Failure,13,30,1,CUST-100483,DEV-MAC-0149A5,2.5247
2026-10-07T22:22:13,ledger-service,/balance_check,us-west-2,35,22,60,5,0,ERR-903,High,Failure,14,88,1,CUST-134098,DEV-WIN-84725,3.9
2026-10-07T22:22:13,payment-api,/withdrawal,ap-southeast-1,146,74,55,15,7552.82,ERR-107,Low,Failure,14,32,1,CUST-100483,DEV-MAC-75825,2.4757
2026-10-07T22:22:13,auth-service,/login,eu-west-1,49,19,49,4,0,ERR-306,Low,Failure,5,23,1,CUST-109482,DEV-MAC-0149A5,2.405
2026-10-07T22:22:23,auth-service,/login,us-west-2,51,20,52,5,0,ERR-905,Medium,Failure,10,68,1,CUST-100483,DEV-MAC-75825,2.6875
2026-10-07T22:22:23,trading-engine,/trade,us-west-2,202,100,81,2,8918.52,ERR-901,Critical,Failure,1,96,1,CUST-123456,DEV-MAC-0149A5,14.9582
2026-10-07T22:22:23,payment-api,/transfer,eu-west-1,192,88,61,15,7409.89,ERR-903,High,Failure,20,84,1,CUST-100483,DEV-MAC-0149A5,2.8063
2026-10-07T22:22:33,payment-api,/transfer,us-west-2,154,72,57,15,6015.31,ERR-310,Low,Failure,18,39,1,CUST-100483,DEV-WIN-99325,2.501
2026-10-07T22:22:33,ledger-service,/balance_check,us-east-1,29,18,50,5,0,ERR-106,Low,Failure,6,20,1,CUST-109482,DEV-WIN-84725,3.4
2026-10-07T22:22:43,ledger-service,/balance_check,ap-southeast-1,7,8,1,1,0,ERR-000,Healthy,Success,4,0,0,CUST-109482,DEV-WIN-99325,0.7167
2026-10-07T22:22:53,ledger-service,/balance_check,us-east-1,19,8,20,1,0,ERR-000,Healthy,Success,11,2,0,CUST-109482,DEV-WIN-99325,1.4333
2026-10-07T22:22:53,payment-api,/transfer,us-west-2,163,84,62,18,9547.3,ERR-903,High,Failure,13,81,1,CUST-112349,DEV-WIN-84725,2.862
2026-10-07T22:23:03,payment-api,/transfer,eu-west-1,153,79,60,14,3142.59,ERR-207,Low,Failure,20,28,1,CUST-112349,DEV-WIN-99325,2.5037
2026-10-07T22:23:03,trading-engine,/trade,ap-southeast-1,172,81,72,2,8227.29,ERR-903,High,Failure,18,89,1,CUST-134098,DEV-LIN-11235,12.8773
2026-10-07T22:23:13,auth-service,/login,ap-southeast-1,47,17,48,4,0,ERR-202,Low,Failure,2,25,1,CUST-109482,DEV-LIN-11235,2.3275
2026-10-07T22:23:13,payment-api,/transfer,ap-southeast-1,147,75,60,15,4671.62,ERR-310,Low,Failure,1,25,1,CUST-112349,DEV-WIN-84725,2.513
2026-10-07T22:23:23,ledger-service,/balance_check,ap-southeast-1,28,18,45,5,0,ERR-102,Low,Failure,17,35,1,CUST-134098,DEV-MAC-0149A5,3.2833
2026-10-07T22:23:23,trading-engine,/trade,us-west-2,124,80,56,2,3014.08,ERR-207,Low,Failure,7,37,1,CUST-112349,DEV-MAC-75825,9.6427
2026-10-07T22:23:23,fraud-detection,/payment,eu-west-1,139,90,99,9,0,ERR-901,Low,Failure,11,33,1,CUST-109482,DEV-LIN-11235,2.1483
2026-10-07T22:23:33,auth-service,/login,us-west-2,50,20,49,4,0,ERR-105,Low,Failure,4,35,1,CUST-100483,DEV-MAC-0149A5,2.4375
2026-10-07T22:23:43,ledger-service,/balance_check,us-east-1,32,24,59,5,0,ERR-903,High,Failure,8,86,1,CUST-100483,DEV-MAC-75825,3.85
2026-10-07T22:23:43,trading-engine,/trade,ap-southeast-1,149,77,59,1,3346.75,ERR-304,Low,Failure,19,37,1,CUST-100483,DEV-LIN-11235,10.8052
2026-10-07T22:23:43,fraud-detection,/payment,eu-west-1,150,81,100,9,0,ERR-310,Low,Failure,7,23,1,CUST-112349,DEV-LIN-11235,2.2002
2026-10-07T22:24:03,payment-api,/transfer,us-west-2,208,100,82,19,2367.57,ERR-901,Critical,Failure,15,93,1,CUST-109482,DEV-MAC-0149A5,3.342
2026-10-07T22:24:03,fraud-detection,/payment,eu-west-1,150,73,98,9,0,ERR-109,Low,Failure,9,31,1,CUST-112349,DEV-MAC-0149A5,2.1782
2026-10-07T22:24:03,ledger-service,/balance_check,us-west-2,26,17,50,4,0,ERR-106,Low,Failure,20,27,1,CUST-123456,DEV-LIN-11235,3.0667
2026-10-07T22:24:13,trading-engine,/trade,ap-southeast-1,163,87,65,2,8777.64,ERR-903,High,Failure,18,88,1,CUST-112349,DEV-WIN-99325,12.2836
2026-10-07T22:24:13,ledger-service,/balance_check,eu-west-1,31,21,51,5,0,ERR-903,High,Failure,9,88,1,CUST-100483,DEV-WIN-99325,3.5833
2026-10-07T22:24:23,ledger-service,/balance_check,us-east-1,30,18,48,5,0,ERR-901,Low,Failure,16,31,1,CUST-112349,DEV-MAC-75825,3.4
2026-10-07T22:24:33,fraud-detection,/payment,ap-southeast-1,147,84,93,10,0,ERR-304,Low,Failure,5,35,1,CUST-112349,DEV-WIN-99325,2.2808
2026-10-07T22:24:33,trading-engine,/trade,ap-southeast-1,63,52,15,1,7290.65,ERR-000,Healthy,Success,17,0,0,CUST-109482,DEV-MAC-75825,4.9026
2026-10-07T22:24:43,auth-service,/login,us-east-1,51,21,51,5,0,ERR-903,Medium,Failure,8,79,1,CUST-109482,DEV-MAC-75825,2.695
2026-10-07T22:24:43,investment-engine,/portfolio,ap-southeast-1,226,100,100,35,9404.21,ERR-903,High,Failure,14,90,1,CUST-123456,DEV-WIN-84725,2.6153
2026-10-07T22:24:43,payment-api,/withdrawal,ap-southeast-1,141,71,52,15,7109.61,ERR-302,Low,Failure,18,25,1,CUST-109482,DEV-WIN-99325,2.4157
2026-10-07T22:24:53,ledger-service,/balance_check,eu-west-1,25,18,45,5,0,ERR-109,Low,Failure,2,38,1,CUST-112349,DEV-WIN-99325,3.1833
2026-10-07T22:24:53,payment-api,/withdrawal,us-east-1,153,79,55,15,1664.16,ERR-201,Low,Failure,17,34,1,CUST-109482,DEV-MAC-75825,2.5453
2026-10-07T22:25:03,ledger-service,/balance_check,eu-west-1,28,17,44,4,0,ERR-104,Low,Failure,15,24,1,CUST-100483,DEV-MAC-75825,3.0333
2026-10-07T22:25:03,trading-engine,/trade,ap-southeast-1,85,20,4,1,2441.77,ERR-000,Healthy,Success,2,3,0,CUST-109482,DEV-MAC-0149A5,6.2411
2026-10-07T22:25:13,payment-api,/transfer,eu-west-1,128,69,51,13,1011.74,ERR-000,Normal,Success,20,7,0,CUST-112349,DEV-MAC-75825,2.2087
2026-10-07T22:25:13,ledger-service,/balance_check,ap-southeast-1,29,18,50,5,0,ERR-202,Low,Failure,17,28,1,CUST-134098,DEV-WIN-84725,3.4
2026-10-07T22:25:23,ledger-service,/balance_check,eu-west-1,29,19,50,5,0,ERR-102,Low,Failure,12,24,1,CUST-134098,DEV-WIN-99325,3.4333
2026-10-07T22:25:23,fraud-detection,/payment,us-west-2,172,91,100,10,0,ERR-704,High,Failure,8,80,1,CUST-134098,DEV-WIN-99325,2.4718
2026-10-07T22:25:33,payment-api,/transfer,us-west-2,200,100,79,21,5197.41,ERR-901,Critical,Failure,1,94,1,CUST-112349,DEV-LIN-11235,3.4283
2026-10-07T22:25:33,ledger-service,/balance_check,us-east-1,33,21,52,6,0,ERR-903,High,Failure,9,84,1,CUST-123456,DEV-LIN-11235,3.8667
2026-10-07T22:25:43,fraud-detection,/payment,eu-west-1,195,100,100,12,0,ERR-904,Critical,Failure,9,97,1,CUST-134098,DEV-MAC-75825,2.8477
2026-10-07T22:25:43,ledger-service,/balance_check,ap-southeast-1,30,18,46,5,0,ERR-105,Low,Failure,20,38,1,CUST-109482,DEV-WIN-84725,3.3667
2026-10-07T22:25:43,payment-api,/withdrawal,us-west-2,154,77,59,13,3600.14,ERR-902,Low,Failure,10,31,1,CUST-112349,DEV-LIN-11235,2.4193
2026-10-07T22:25:53,auth-service,/login,us-west-2,46,18,45,4,0,ERR-302,Low,Failure,5,32,1,CUST-134098,DEV-MAC-0149A5,2.2975
2026-10-07T22:25:53,ledger-service,/balance_check,ap-southeast-1,30,18,46,4,0,ERR-904,Low,Failure,20,37,1,CUST-112349,DEV-WIN-84725,3.1667
2026-10-07T22:25:53,payment-api,/transfer,us-east-1,145,72,59,14,8286.81,ERR-201,Low,Failure,6,28,1,CUST-100483,DEV-WIN-99325,2.4083
2026-10-07T22:26:03,trading-engine,/trade,ap-southeast-1,145,70,59,1,6488.36,ERR-106,Low,Failure,1,38,1,CUST-109482,DEV-MAC-0149A5,10.5152
2026-10-07T22:26:03,investment-engine,/portfolio,us-west-2,224,100,91,30,10522.75,ERR-903,High,Failure,13,88,1,CUST-134098,DEV-WIN-99325,2.4244
2026-10-07T22:26:13,trading-engine,/trade,eu-west-1,153,86,70,2,8109.28,ERR-903,High,Failure,18,90,1,CUST-134098,DEV-WIN-99325,11.6234
2026-10-07T22:26:13,fraud-detection,/payment,us-west-2,150,92,100,10,0,ERR-101,High,Failure,16,81,1,CUST-112349,DEV-WIN-99325,2.3277
2026-10-07T22:26:13,investment-engine,/portfolio,us-east-1,83,50,10,17,12857.95,ERR-000,Healthy,Success,14,2,0,CUST-109482,DEV-WIN-84725,1.1129
2026-10-07T22:26:23,ledger-service,/balance_check,us-west-2,18,12,6,3,0,ERR-000,Healthy,Success,19,3,0,CUST-112349,DEV-MAC-75825,1.7
2026-10-07T22:26:23,fraud-detection,/payment,ap-southeast-1,144,87,93,10,0,ERR-310,Low,Failure,15,28,1,CUST-109482,DEV-MAC-0149A5,2.2683
2026-10-07T22:26:23,auth-service,/login,us-west-2,15,9,2,1,0,ERR-000,Healthy,Success,12,4,0,CUST-112349,DEV-LIN-11235,0.5925
2026-10-07T22:26:33,payment-api,/transfer,us-east-1,188,96,65,16,3830.81,ERR-903,High,Failure,10,86,1,CUST-112349,DEV-WIN-84725,2.9437
2026-10-07T22:26:43,ledger-service,/balance_check,us-east-1,29,19,50,5,0,ERR-301,Low,Failure,15,20,1,CUST-134098,DEV-WIN-99325,3.4333
2026-10-07T22:26:53,ledger-service,/balance_check,us-west-2,5,9,17,2,0,ERR-000,Healthy,Success,3,4,0,CUST-109482,DEV-WIN-84725,1.15
2026-10-07T22:27:03,auth-service,/login,us-west-2,46,16,50,4,0,ERR-302,Low,Failure,4,28,1,CUST-112349,DEV-WIN-99325,2.32
2026-10-07T22:27:03,fraud-detection,/payment,eu-west-1,187,100,100,12,0,ERR-904,Critical,Failure,2,91,1,CUST-112349,DEV-WIN-84725,2.7943
2026-10-07T22:27:13,payment-api,/withdrawal,ap-southeast-1,190,88,67,17,4762.94,ERR-903,High,Failure,10,83,1,CUST-134098,DEV-LIN-11235,2.9617
2026-10-07T22:27:23,investment-engine,/portfolio,us-east-1,163,73,81,28,8910.51,ERR-302,Low,Failure,1,27,1,CUST-100483,DEV-MAC-75825,1.9999
2026-10-07T22:27:33,ledger-service,/balance_check,us-west-2,24,16,46,5,0,ERR-206,Low,Failure,14,27,1,CUST-134098,DEV-WIN-84725,3.1
2026-10-07T22:27:33,payment-api,/withdrawal,eu-west-1,170,94,72,16,8570.1,ERR-903,High,Failure,16,81,1,CUST-112349,DEV-LIN-11235,2.89
2026-10-07T22:27:43,auth-service,/login,eu-west-1,30,7,10,1,0,ERR-000,Healthy,Success,14,1,0,CUST-134098,DEV-WIN-84725,0.84
2026-10-07T22:27:43,ledger-service,/balance_check,us-east-1,27,18,49,4,0,ERR-902,Low,Failure,15,25,1,CUST-134098,DEV-LIN-11235,3.1167
2026-10-07T22:27:53,ledger-service,/balance_check,eu-west-1,34,23,57,6,0,ERR-903,High,Failure,9,89,1,CUST-109482,DEV-WIN-99325,4.05
2026-10-07T22:28:03,payment-api,/transfer,eu-west-1,154,77,58,13,2510.46,ERR-208,Low,Failure,9,30,1,CUST-134098,DEV-MAC-75825,2.4143
2026-10-07T22:28:03,ledger-service,/balance_check,eu-west-1,33,20,54,6,0,ERR-303,High,Failure,6,84,1,CUST-123456,DEV-MAC-0149A5,3.8667
2026-10-07T22:28:13,trading-engine,/trade,ap-southeast-1,143,72,57,1,7732.21,ERR-704,Low,Failure,12,24,1,CUST-134098,DEV-LIN-11235,10.3847
2026-10-07T22:28:13,ledger-service,/balance_check,eu-west-1,15,5,3,2,0,ERR-000,Healthy,Success,15,2,0,CUST-123456,DEV-LIN-11235,1.1167
2026-10-07T22:28:13,payment-api,/transfer,ap-southeast-1,150,68,52,12,8693.02,ERR-702,Low,Failure,18,35,1,CUST-109482,DEV-WIN-99325,2.2267
2026-10-07T22:28:23,trading-engine,/trade,eu-west-1,150,76,57,2,8857.01,ERR-204,Low,Failure,12,21,1,CUST-112349,DEV-MAC-0149A5,11.3647
2026-10-07T22:28:23,fraud-detection,/payment,us-east-1,167,100,100,12,0,ERR-206,High,Failure,2,82,1,CUST-112349,DEV-LIN-11235,2.661
2026-10-07T22:28:23,investment-engine,/portfolio,ap-southeast-1,191,89,87,29,11458.68,ERR-303,Low,Failure,19,22,1,CUST-134098,DEV-WIN-84725,2.2183
2026-10-07T22:28:43,ledger-service,/balance_check,eu-west-1,34,20,52,5,0,ERR-701,High,Failure,9,82,1,CUST-112349,DEV-MAC-0149A5,3.6667
2026-10-07T22:28:43,fraud-detection,/payment,ap-southeast-1,135,86,94,10,0,ERR-701,Low,Failure,15,30,1,CUST-100483,DEV-MAC-0149A5,2.2068
2026-10-07T22:28:53,ledger-service,/balance_check,us-west-2,36,22,51,5,0,ERR-903,High,Failure,2,88,1,CUST-112349,DEV-WIN-99325,3.7833
2026-10-07T22:29:03,ledger-service,/balance_check,eu-west-1,34,21,52,5,0,ERR-903,High,Failure,6,87,1,CUST-109482,DEV-LIN-11235,3.7
2026-10-07T22:29:03,auth-service,/login,eu-west-1,47,18,41,4,0,ERR-701,Low,Failure,14,29,1,CUST-112349,DEV-LIN-11235,2.26
2026-10-07T22:29:13,trading-engine,/trade,ap-southeast-1,173,84,64,2,7717.95,ERR-903,High,Failure,6,83,1,CUST-123456,DEV-WIN-84725,12.9383
2026-10-07T22:29:13,ledger-service,/balance_check,us-east-1,32,23,54,5,0,ERR-903,High,Failure,11,87,1,CUST-112349,DEV-LIN-11235,3.7333
2026-10-07T22:29:33,ledger-service,/balance_check,us-west-2,27,18,49,4,0,ERR-207,Low,Failure,6,25,1,CUST-123456,DEV-LIN-11235,3.1167
2026-10-07T22:29:33,payment-api,/transfer,us-west-2,8,35,5,1,2078.06,ERR-000,Healthy,Success,12,1,0,CUST-100483,DEV-MAC-0149A5,0.4153
2026-10-07T22:29:43,trading-engine,/trade,us-west-2,64,44,26,1,2993.99,ERR-000,Healthy,Success,10,0,0,CUST-100483,DEV-LIN-11235,4.9641
2026-10-07T22:29:53,ledger-service,/balance_check,eu-west-1,27,18,45,4,0,ERR-201,Low,Failure,14,36,1,CUST-109482,DEV-MAC-75825,3.05
2026-10-07T22:30:03,ledger-service,/balance_check,us-east-1,36,23,51,5,0,ERR-903,High,Failure,1,82,1,CUST-100483,DEV-WIN-84725,3.8167
2026-10-07T22:30:13,trading-engine,/trade,us-east-1,141,80,57,1,9596.1,ERR-105,Low,Failure,8,37,1,CUST-123456,DEV-MAC-0149A5,10.278
2026-10-07T22:30:13,ledger-service,/balance_check,us-west-2,28,20,49,5,0,ERR-306,Low,Failure,8,22,1,CUST-112349,DEV-WIN-84725,3.4167
2026-10-07T22:30:23,ledger-service,/balance_check,us-west-2,7,1,20,1,0,ERR-000,Healthy,Success,1,0,0,CUST-109482,DEV-MAC-75825,0.8
2026-10-07T22:30:33,auth-service,/login,eu-west-1,46,18,50,4,0,ERR-905,Low,Failure,1,32,1,CUST-100483,DEV-WIN-84725,2.36
2026-10-07T22:30:43,ledger-service,/balance_check,eu-west-1,30,18,46,4,0,ERR-701,Low,Failure,16,29,1,CUST-109482,DEV-WIN-84725,3.1667
2026-10-07T22:30:43,investment-engine,/portfolio,ap-southeast-1,58,55,15,3,11903.73,ERR-000,Healthy,Success,17,3,0,CUST-100483,DEV-WIN-84725,0.5976
2026-10-07T22:30:53,trading-engine,/trade,us-west-2,159,84,61,2,2092.33,ERR-903,High,Failure,4,80,1,CUST-123456,DEV-WIN-84725,11.9991
2026-10-07T22:30:53,ledger-service,/balance_check,us-east-1,26,19,50,4,0,ERR-301,Low,Failure,7,37,1,CUST-112349,DEV-MAC-75825,3.1333
2026-10-07T22:31:03,ledger-service,/balance_check,us-east-1,29,18,48,4,0,ERR-103,Low,Failure,3,34,1,CUST-109482,DEV-MAC-75825,3.1667
2026-10-07T22:31:03,payment-api,/transfer,us-east-1,140,78,48,14,9853.72,ERR-206,Low,Failure,17,20,1,CUST-100483,DEV-WIN-84725,2.3833
2026-10-07T22:31:03,trading-engine,/trade,eu-west-1,141,80,58,2,130.4,ERR-305,Low,Failure,18,30,1,CUST-123456,DEV-MAC-0149A5,10.7799
2026-10-07T22:31:13,ledger-service,/balance_check,eu-west-1,30,18,49,5,0,ERR-302,Low,Failure,20,30,1,CUST-112349,DEV-MAC-0149A5,3.4167
2026-10-07T22:31:13,payment-api,/withdrawal,us-west-2,144,80,57,14,7412.69,ERR-704,Low,Failure,19,33,1,CUST-134098,DEV-LIN-11235,2.461
2026-10-07T22:31:23,ledger-service,/balance_check,us-east-1,24,18,42,5,0,ERR-905,Low,Failure,5,28,1,CUST-123456,DEV-LIN-11235,3.1
2026-10-07T22:31:23,payment-api,/withdrawal,us-east-1,151,75,55,15,592.6,ERR-310,Low,Failure,15,28,1,CUST-100483,DEV-MAC-0149A5,2.504
2026-10-07T22:31:33,payment-api,/withdrawal,ap-southeast-1,162,95,61,16,1663.74,ERR-903,High,Failure,11,82,1,CUST-123456,DEV-LIN-11235,2.8113
2026-10-07T22:31:33,trading-engine,/trade,us-east-1,148,72,58,1,2349.53,ERR-109,Low,Failure,1,26,1,CUST-134098,DEV-MAC-0149A5,10.7199
2026-10-07T22:31:43,ledger-service,/balance_check,us-east-1,30,18,49,5,0,ERR-105,Low,Failure,4,30,1,CUST-109482,DEV-WIN-99325,3.4167
2026-10-07T22:31:43,trading-engine,/trade,us-west-2,175,84,62,2,5653.37,ERR-903,High,Failure,9,87,1,CUST-109482,DEV-MAC-0149A5,13.0678
2026-10-07T22:31:43,fraud-detection,/payment,ap-southeast-1,147,81,98,10,0,ERR-201,Low,Failure,12,20,1,CUST-112349,DEV-WIN-84725,2.2782
2026-10-07T22:31:53,ledger-service,/balance_check,us-west-2,27,20,46,5,0,ERR-305,Low,Failure,7,34,1,CUST-112349,DEV-MAC-75825,3.3333
2026-10-07T22:31:53,investment-engine,/portfolio,us-east-1,188,86,82,28,14035.13,ERR-306,Low,Failure,19,38,1,CUST-123456,DEV-LIN-11235,2.1502
2026-10-07T22:32:03,ledger-service,/balance_check,us-east-1,29,19,44,5,0,ERR-103,Low,Failure,3,28,1,CUST-100483,DEV-MAC-0149A5,3.3333
2026-10-07T22:32:23,ledger-service,/balance_check,eu-west-1,28,18,45,4,0,ERR-205,Low,Failure,6,22,1,CUST-123456,DEV-MAC-75825,3.0833
2026-10-07T22:32:23,trading-engine,/trade,us-west-2,136,78,55,2,5520.91,ERR-205,Low,Failure,2,22,1,CUST-112349,DEV-WIN-84725,10.4341
2026-10-07T22:32:23,auth-service,/login,eu-west-1,4,4,17,1,0,ERR-000,Healthy,Success,18,2,0,CUST-100483,DEV-MAC-0149A5,0.5425
2026-10-07T22:32:33,ledger-service,/balance_check,us-east-1,36,20,58,6,0,ERR-201,High,Failure,9,90,1,CUST-109482,DEV-WIN-99325,4.0333
2026-10-07T22:32:33,trading-engine,/trade,us-east-1,12,10,27,1,8013.73,ERR-000,Healthy,Success,20,5,0,CUST-100483,DEV-MAC-75825,1.3861
2026-10-07T22:32:43,ledger-service,/balance_check,us-west-2,35,22,54,5,0,ERR-903,High,Failure,6,81,1,CUST-123456,DEV-MAC-0149A5,3.8
2026-10-07T22:32:43,fraud-detection,/payment,ap-southeast-1,146,86,98,9,0,ERR-107,Low,Failure,11,38,1,CUST-134098,DEV-WIN-84725,2.184
2026-10-07T22:32:53,ledger-service,/balance_check,ap-southeast-1,32,21,56,6,0,ERR-903,High,Failure,7,90,1,CUST-112349,DEV-MAC-0149A5,3.9
2026-10-07T22:32:53,payment-api,/withdrawal,us-east-1,109,19,31,4,2965.85,ERR-000,Healthy,Success,3,1,0,CUST-134098,DEV-MAC-0149A5,1.016
2026-10-07T22:33:03,auth-service,/login,ap-southeast-1,49,18,44,5,0,ERR-210,Low,Failure,2,27,1,CUST-100483,DEV-WIN-99325,2.5225
2026-10-07T22:33:03,ledger-service,/balance_check,us-east-1,29,18,45,4,0,ERR-301,Low,Failure,17,39,1,CUST-112349,DEV-WIN-84725,3.1167
2026-10-07T22:33:13,payment-api,/withdrawal,us-west-2,156,80,60,14,8733.69,ERR-905,Low,Failure,10,30,1,CUST-123456,DEV-WIN-84725,2.524
2026-10-07T22:33:13,ledger-service,/balance_check,ap-southeast-1,27,18,48,5,0,ERR-104,Low,Failure,20,35,1,CUST-112349,DEV-MAC-75825,3.3
2026-10-07T22:33:23,ledger-service,/balance_check,us-east-1,36,21,55,6,0,ERR-903,High,Failure,20,82,1,CUST-100483,DEV-MAC-75825,4.0167
2026-10-07T22:33:23,investment-engine,/portfolio,us-east-1,191,90,82,27,10318.52,ERR-204,Low,Failure,8,29,1,CUST-112349,DEV-MAC-75825,2.1468
2026-10-07T22:33:33,ledger-service,/balance_check,us-east-1,27,19,46,4,0,ERR-109,Low,Failure,7,26,1,CUST-112349,DEV-WIN-84725,3.1
2026-10-07T22:33:33,payment-api,/transfer,eu-west-1,271,100,93,26,3468.77,ERR-901,Critical,Failure,19,91,1,CUST-112349,DEV-MAC-75825,4.1157
2026-10-07T22:33:43,payment-api,/withdrawal,ap-southeast-1,109,36,28,10,729.31,ERR-000,Healthy,Success,6,1,0,CUST-123456,DEV-MAC-75825,1.5427
2026-10-07T22:33:43,auth-service,/login,ap-southeast-1,48,18,48,4,0,ERR-701,Low,Failure,5,22,1,CUST-123456,DEV-WIN-99325,2.36
2026-10-07T22:33:53,trading-engine,/trade,us-east-1,152,82,72,2,2043.76,ERR-903,High,Failure,19,90,1,CUST-100483,DEV-MAC-0149A5,11.5473
2026-10-07T22:33:53,ledger-service,/balance_check,ap-southeast-1,29,18,47,4,0,ERR-205,Low,Failure,13,22,1,CUST-123456,DEV-LIN-11235,3.15
2026-10-07T22:34:03,auth-service,/login,eu-west-1,51,21,51,5,0,ERR-903,Medium,Failure,16,72,1,CUST-109482,DEV-WIN-84725,2.695
2026-10-07T22:34:03,trading-engine,/trade,us-east-1,155,92,72,2,3279.33,ERR-903,High,Failure,13,84,1,CUST-123456,DEV-LIN-11235,11.7806
2026-10-07T22:34:03,ledger-service,/balance_check,us-west-2,15,11,29,1,0,ERR-000,Healthy,Success,15,5,0,CUST-109482,DEV-LIN-11235,1.55
2026-10-07T22:34:13,payment-api,/withdrawal,ap-southeast-1,177,93,62,15,421.36,ERR-903,High,Failure,18,80,1,CUST-123456,DEV-MAC-75825,2.793
2026-10-07T22:34:13,ledger-service,/balance_check,us-west-2,27,20,50,4,0,ERR-304,Low,Failure,2,28,1,CUST-100483,DEV-LIN-11235,3.2
2026-10-07T22:34:23,ledger-service,/balance_check,us-west-2,25,19,40,5,0,ERR-303,Low,Failure,10,32,1,CUST-123456,DEV-LIN-11235,3.1333
2026-10-07T22:34:53,auth-service,/login,ap-southeast-1,30,5,25,1,0,ERR-000,Healthy,Success,9,3,0,CUST-109482,DEV-WIN-84725,0.9875
2026-10-07T22:34:53,investment-engine,/portfolio,us-east-1,192,89,86,27,10670.89,ERR-302,Low,Failure,3,30,1,CUST-123456,DEV-LIN-11235,2.153
2026-10-07T22:35:03,investment-engine,/portfolio,us-west-2,209,100,90,32,10654.65,ERR-202,High,Failure,13,82,1,CUST-112349,DEV-MAC-75825,2.4391
2026-10-07T22:35:13,payment-api,/withdrawal,eu-west-1,161,93,67,15,7172.1,ERR-903,High,Failure,19,90,1,CUST-123456,DEV-MAC-0149A5,2.754
2026-10-07T22:35:13,fraud-detection,/payment,us-west-2,149,86,90,9,0,ERR-704,Low,Failure,3,38,1,CUST-112349,DEV-WIN-84725,2.1962
2026-10-07T22:35:13,investment-engine,/portfolio,ap-southeast-1,177,85,90,25,12110.72,ERR-101,Low,Failure,5,22,1,CUST-123456,DEV-WIN-99325,2.0241
2026-10-07T22:35:33,ledger-service,/balance_check,eu-west-1,27,18,48,5,0,ERR-302,Low,Failure,1,33,1,CUST-112349,DEV-LIN-11235,3.3
2026-10-07T22:35:43,payment-api,/transfer,eu-west-1,160,96,60,17,3534.91,ERR-901,High,Failure,11,86,1,CUST-109482,DEV-MAC-75825,2.8733
2026-10-07T22:35:43,ledger-service,/balance_check,us-west-2,27,19,47,5,0,ERR-701,Low,Failure,7,39,1,CUST-134098,DEV-WIN-99325,3.3167
2026-10-07T22:35:53,ledger-service,/balance_check,ap-southeast-1,29,18,48,5,0,ERR-206,Low,Failure,13,40,1,CUST-123456,DEV-LIN-11235,3.3667
2026-10-07T22:36:03,payment-api,/transfer,ap-southeast-1,146,79,55,14,3425.38,ERR-103,Low,Failure,17,20,1,CUST-109482,DEV-MAC-75825,2.4507
2026-10-07T22:36:03,fraud-detection,/payment,eu-west-1,141,81,95,9,0,ERR-108,Low,Failure,1,36,1,CUST-123456,DEV-MAC-75825,2.1353
2026-10-07T22:36:03,ledger-service,/balance_check,eu-west-1,34,20,57,5,0,ERR-310,High,Failure,18,89,1,CUST-123456,DEV-WIN-84725,3.75
2026-10-07T22:36:13,ledger-service,/balance_check,eu-west-1,30,20,50,5,0,ERR-303,Low,Failure,14,27,1,CUST-109482,DEV-WIN-99325,3.5
2026-10-07T22:36:23,trading-engine,/trade,us-west-2,121,68,55,2,5349.24,ERR-105,Low,Failure,1,39,1,CUST-100483,DEV-LIN-11235,9.4008
2026-10-07T22:36:23,payment-api,/withdrawal,ap-southeast-1,158,76,60,13,9679.46,ERR-206,Low,Failure,17,40,1,CUST-134098,DEV-LIN-11235,2.432
2026-10-07T22:36:33,ledger-service,/balance_check,ap-southeast-1,30,20,45,5,0,ERR-106,Low,Failure,14,30,1,CUST-109482,DEV-MAC-75825,3.4167
2026-10-07T22:36:43,ledger-service,/balance_check,eu-west-1,36,22,53,5,0,ERR-903,High,Failure,15,80,1,CUST-123456,DEV-WIN-99325,3.8167
2026-10-07T22:36:53,trading-engine,/trade,us-west-2,146,78,60,2,1162.23,ERR-306,Low,Failure,8,34,1,CUST-134098,DEV-MAC-0149A5,11.1105
2026-10-07T22:37:03,trading-engine,/trade,us-west-2,136,73,60,2,7094.49,ERR-308,Low,Failure,15,22,1,CUST-112349,DEV-LIN-11235,10.4272
2026-10-07T22:37:03,payment-api,/withdrawal,eu-west-1,147,79,59,15,9801.59,ERR-302,Low,Failure,13,26,1,CUST-109482,DEV-MAC-0149A5,2.5413
2026-10-07T22:37:13,ledger-service,/balance_check,ap-southeast-1,19,12,5,2,0,ERR-000,Healthy,Success,6,2,0,CUST-100483,DEV-WIN-84725,1.5167
2026-10-07T22:37:23,payment-api,/transfer,us-east-1,131,78,54,12,9236.61,ERR-104,Low,Failure,20,22,1,CUST-109482,DEV-LIN-11235,2.244
2026-10-07T22:37:23,ledger-service,/balance_check,us-east-1,35,21,52,6,0,ERR-903,High,Failure,14,84,1,CUST-134098,DEV-MAC-0149A5,3.9333
2026-10-07T22:37:23,fraud-detection,/payment,ap-southeast-1,62,38,23,6,0,ERR-000,Healthy,Success,9,5,0,CUST-100483,DEV-LIN-11235,1.1308
2026-10-07T22:37:33,payment-api,/withdrawal,eu-west-1,147,80,60,13,7042.26,ERR-102,Low,Failure,20,35,1,CUST-134098,DEV-MAC-0149A5,2.4213
2026-10-07T22:37:33,fraud-detection,/payment,eu-west-1,147,81,100,10,0,ERR-310,Low,Failure,14,33,1,CUST-109482,DEV-MAC-0149A5,2.2802
2026-10-07T22:37:43,payment-api,/withdrawal,eu-west-1,147,79,59,14,2243.25,ERR-101,Low,Failure,18,31,1,CUST-100483,DEV-WIN-99325,2.4747
2026-10-07T22:37:53,auth-service,/login,us-west-2,50,19,49,4,0,ERR-106,Low,Failure,2,22,1,CUST-134098,DEV-MAC-75825,2.4175
2026-10-07T22:37:53,ledger-service,/balance_check,us-west-2,27,18,49,4,0,ERR-202,Low,Failure,19,26,1,CUST-134098,DEV-MAC-0149A5,3.1167
2026-10-07T22:38:03,ledger-service,/balance_check,us-east-1,32,23,51,6,0,ERR-903,High,Failure,2,86,1,CUST-134098,DEV-MAC-75825,3.8833
2026-10-07T22:38:03,investment-engine,/portfolio,us-east-1,170,80,79,25,13042.5,ERR-000,Normal,Success,5,11,0,CUST-134098,DEV-MAC-75825,1.9543
2026-10-07T22:38:13,investment-engine,/portfolio,ap-southeast-1,201,96,93,31,5407.78,ERR-903,High,Failure,18,85,1,CUST-134098,DEV-LIN-11235,2.365
2026-10-07T22:38:13,auth-service,/login,eu-west-1,51,21,51,5,0,ERR-903,Medium,Failure,19,72,1,CUST-134098,DEV-WIN-84725,2.695
2026-10-07T22:38:23,payment-api,/withdrawal,us-east-1,172,84,67,17,3202.31,ERR-903,High,Failure,4,85,1,CUST-100483,DEV-MAC-0149A5,2.8563
2026-10-07T22:38:33,auth-service,/login,ap-southeast-1,51,20,50,5,0,ERR-306,Medium,Failure,4,79,1,CUST-109482,DEV-WIN-84725,2.6625
2026-10-07T22:38:33,fraud-detection,/payment,eu-west-1,140,89,100,9,0,ERR-901,Low,Failure,9,28,1,CUST-109482,DEV-MAC-75825,2.1535
2026-10-07T22:38:33,payment-api,/transfer,us-west-2,220,97,84,18,498.74,ERR-901,Critical,Failure,6,100,1,CUST-123456,DEV-MAC-75825,3.3083
2026-10-07T22:38:43,investment-engine,/portfolio,ap-southeast-1,199,84,81,27,9865.31,ERR-704,Low,Failure,6,32,1,CUST-112349,DEV-MAC-0149A5,2.1415
2026-10-07T22:38:53,fraud-detection,/payment,eu-west-1,177,100,100,11,0,ERR-105,High,Failure,16,88,1,CUST-123456,DEV-MAC-75825,2.6277
2026-10-07T22:39:03,trading-engine,/trade,us-west-2,58,15,33,1,6581.76,ERR-000,Healthy,Success,20,0,0,CUST-100483,DEV-LIN-11235,4.4811
2026-10-07T22:39:13,ledger-service,/balance_check,eu-west-1,20,10,3,3,0,ERR-000,Healthy,Success,3,1,0,CUST-109482,DEV-WIN-99325,1.65
2026-10-07T22:39:13,payment-api,/transfer,us-west-2,252,100,100,27,4442.67,ERR-901,Critical,Failure,16,91,1,CUST-112349,DEV-MAC-75825,4.1413
2026-10-07T22:39:13,trading-engine,/trade,us-west-2,219,100,100,3,4329.53,ERR-901,Critical,Failure,18,99,1,CUST-123456,DEV-MAC-75825,16.6286
2026-10-07T22:39:23,auth-service,/login,us-east-1,46,20,46,5,0,ERR-201,Low,Failure,6,24,1,CUST-123456,DEV-WIN-84725,2.55
2026-10-07T22:39:23,trading-engine,/trade,us-west-2,179,90,71,2,993.49,ERR-903,High,Failure,12,89,1,CUST-100483,DEV-MAC-0149A5,13.372
2026-10-07T22:39:23,ledger-service,/balance_check,us-west-2,28,19,46,5,0,ERR-309,Low,Failure,19,22,1,CUST-134098,DEV-MAC-75825,3.3333
2026-10-07T22:39:33,trading-engine,/trade,us-east-1,136,79,56,1,2234.38,ERR-902,Low,Failure,12,30,1,CUST-100483,DEV-MAC-0149A5,9.9394
2026-10-07T22:39:33,fraud-detection,/payment,ap-southeast-1,137,80,92,10,0,ERR-107,Low,Failure,20,37,1,CUST-109482,DEV-MAC-75825,2.2032
2026-10-07T22:39:43,trading-engine,/trade,us-west-2,153,90,65,2,1473.55,ERR-903,High,Failure,4,86,1,CUST-134098,DEV-MAC-75825,11.627
2026-10-07T22:39:43,payment-api,/withdrawal,eu-west-1,146,66,57,14,9061.72,ERR-208,Low,Failure,6,30,1,CUST-109482,DEV-MAC-75825,2.3523
2026-10-07T22:39:43,auth-service,/login,ap-southeast-1,40,17,40,4,0,ERR-000,Normal,Success,6,7,0,CUST-100483,DEV-WIN-99325,2.14
2026-10-07T22:39:53,trading-engine,/trade,us-east-1,148,79,54,2,4378.89,ERR-303,Low,Failure,6,40,1,CUST-112349,DEV-WIN-84725,11.2355
2026-10-07T22:39:53,fraud-detection,/payment,us-west-2,144,89,93,10,0,ERR-301,Low,Failure,9,31,1,CUST-112349,DEV-LIN-11235,2.2733
2026-10-07T22:40:23,fraud-detection,/payment,us-east-1,100,5,3,2,0,ERR-000,Healthy,Success,6,4,0,CUST-100483,DEV-LIN-11235,0.8821
2026-10-07T22:40:23,ledger-service,/balance_check,ap-southeast-1,30,18,46,5,0,ERR-105,Low,Failure,1,32,1,CUST-112349,DEV-LIN-11235,3.3667
2026-10-07T22:40:33,payment-api,/transfer,ap-southeast-1,160,72,60,13,9249.26,ERR-305,Low,Failure,10,40,1,CUST-123456,DEV-LIN-11235,2.4067
2026-10-07T22:40:53,ledger-service,/balance_check,us-east-1,34,21,59,5,0,ERR-903,High,Failure,9,85,1,CUST-109482,DEV-WIN-84725,3.8167
2026-10-07T22:41:03,ledger-service,/balance_check,us-east-1,28,18,48,4,0,ERR-302,Low,Failure,11,21,1,CUST-134098,DEV-MAC-75825,3.1333
2026-10-07T22:41:13,investment-engine,/portfolio,ap-southeast-1,177,76,76,29,13686.34,ERR-901,Low,Failure,6,25,1,CUST-123456,DEV-LIN-11235,2.0851
2026-10-07T22:41:23,auth-service,/login,us-east-1,46,20,49,4,0,ERR-102,Low,Failure,12,40,1,CUST-100483,DEV-MAC-75825,2.3875
2026-10-07T22:41:33,ledger-service,/balance_check,us-east-1,27,18,47,4,0,ERR-105,Low,Failure,4,23,1,CUST-112349,DEV-MAC-75825,3.0833
2026-10-07T22:41:33,investment-engine,/portfolio,ap-southeast-1,193,82,88,27,6457.63,ERR-109,Low,Failure,11,40,1,CUST-112349,DEV-MAC-0149A5,2.1252
2026-10-07T22:41:53,ledger-service,/balance_check,us-west-2,29,18,50,5,0,ERR-207,Low,Failure,19,32,1,CUST-123456,DEV-WIN-99325,3.4
2026-10-07T22:42:03,payment-api,/transfer,us-east-1,179,95,72,17,3974.99,ERR-903,High,Failure,18,86,1,CUST-109482,DEV-WIN-99325,3.001
2026-10-07T22:42:03,auth-service,/login,eu-west-1,52,21,50,5,0,ERR-102,Medium,Failure,2,62,1,CUST-109482,DEV-WIN-99325,2.695
2026-10-07T22:42:13,trading-engine,/trade,us-east-1,98,21,4,1,6576.27,ERR-000,Healthy,Success,11,4,0,CUST-112349,DEV-MAC-75825,7.1111
2026-10-07T22:42:13,ledger-service,/balance_check,eu-west-1,32,23,54,5,0,ERR-903,High,Failure,20,90,1,CUST-134098,DEV-LIN-11235,3.7333
2026-10-07T22:42:23,ledger-service,/balance_check,eu-west-1,30,20,41,5,0,ERR-203,Low,Failure,8,33,1,CUST-109482,DEV-MAC-75825,3.35
2026-10-07T22:42:33,ledger-service,/balance_check,ap-southeast-1,5,12,24,1,0,ERR-000,Healthy,Success,4,5,0,CUST-112349,DEV-LIN-11235,1.1667
2026-10-07T22:42:33,auth-service,/login,ap-southeast-1,46,17,45,4,0,ERR-305,Low,Failure,2,39,1,CUST-109482,DEV-MAC-75825,2.2775
2026-10-07T22:42:43,payment-api,/withdrawal,us-west-2,170,86,70,17,7573.71,ERR-903,High,Failure,7,83,1,CUST-134098,DEV-LIN-11235,2.88
2026-10-07T22:42:53,trading-engine,/trade,us-west-2,224,100,85,2,8839.4,ERR-901,Critical,Failure,6,99,1,CUST-123456,DEV-WIN-99325,16.4327
2026-10-07T22:42:53,ledger-service,/balance_check,eu-west-1,29,20,49,5,0,ERR-205,Low,Failure,3,30,1,CUST-100483,DEV-WIN-84725,3.45
2026-10-07T22:43:03,auth-service,/login,ap-southeast-1,29,11,29,2,0,ERR-000,Healthy,Success,16,2,0,CUST-100483,DEV-MAC-75825,1.345
2026-10-07T22:43:13,ledger-service,/balance_check,ap-southeast-1,32,22,54,5,0,ERR-903,High,Failure,9,85,1,CUST-123456,DEV-MAC-0149A5,3.7
2026-10-07T22:43:23,investment-engine,/portfolio,us-east-1,10,25,59,18,9469.07,ERR-000,Healthy,Success,7,0,0,CUST-100483,DEV-WIN-99325,0.8736
2026-10-07T22:43:23,fraud-detection,/payment,us-west-2,177,100,100,11,0,ERR-702,High,Failure,12,90,1,CUST-109482,DEV-LIN-11235,2.6277
2026-10-07T22:43:43,fraud-detection,/payment,us-west-2,189,100,100,13,0,ERR-904,Critical,Failure,8,91,1,CUST-134098,DEV-WIN-84725,2.9077
2026-10-07T22:43:43,payment-api,/withdrawal,ap-southeast-1,146,74,59,13,8166.33,ERR-207,Low,Failure,19,31,1,CUST-112349,DEV-LIN-11235,2.3623
2026-10-07T22:43:53,ledger-service,/balance_check,ap-southeast-1,30,19,47,4,0,ERR-302,Low,Failure,2,28,1,CUST-100483,DEV-MAC-75825,3.2167
2026-10-07T22:43:53,fraud-detection,/payment,eu-west-1,141,89,90,9,0,ERR-209,Low,Failure,7,35,1,CUST-123456,DEV-LIN-11235,2.1504
2026-10-07T22:43:53,investment-engine,/portfolio,ap-southeast-1,182,83,78,30,13471.03,ERR-702,Low,Failure,6,33,1,CUST-134098,DEV-WIN-99325,2.174
2026-10-07T22:44:03,ledger-service,/balance_check,us-west-2,17,14,27,2,0,ERR-000,Healthy,Success,15,5,0,CUST-100483,DEV-MAC-75825,1.8833
2026-10-07T22:44:13,payment-api,/transfer,us-west-2,154,79,56,13,4595.81,ERR-901,Low,Failure,2,20,1,CUST-134098,DEV-MAC-75825,2.421
2026-10-07T22:44:13,ledger-service,/balance_check,us-east-1,30,24,50,6,0,ERR-309,High,Failure,5,81,1,CUST-100483,DEV-WIN-84725,3.8333
2026-10-07T22:44:23,ledger-service,/balance_check,eu-west-1,29,20,47,4,0,ERR-105,Low,Failure,13,39,1,CUST-100483,DEV-MAC-75825,3.2167
2026-10-07T22:44:23,investment-engine,/portfolio,ap-southeast-1,167,74,74,24,7569.8,ERR-000,Normal,Success,17,14,0,CUST-123456,DEV-MAC-0149A5,1.8712
2026-10-07T22:44:23,fraud-detection,/payment,ap-southeast-1,141,72,96,8,0,ERR-202,Low,Failure,12,32,1,CUST-123456,DEV-MAC-75825,2.0138
2026-10-07T22:44:33,ledger-service,/balance_check,eu-west-1,33,24,58,5,0,ERR-903,High,Failure,12,89,1,CUST-100483,DEV-MAC-75825,3.8667
2026-10-07T22:44:33,payment-api,/withdrawal,us-east-1,158,76,54,15,1994.3,ERR-208,Low,Failure,12,26,1,CUST-100483,DEV-MAC-75825,2.5353
2026-10-07T22:44:43,payment-api,/transfer,ap-southeast-1,146,73,60,15,6908.45,ERR-905,Low,Failure,6,40,1,CUST-134098,DEV-MAC-0149A5,2.4923
2026-10-07T22:44:43,investment-engine,/portfolio,eu-west-1,59,21,22,16,6239.43,ERR-000,Healthy,Success,13,2,0,CUST-134098,DEV-MAC-0149A5,0.878
2026-10-07T22:44:43,fraud-detection,/payment,us-west-2,146,81,94,10,0,ERR-210,Low,Failure,19,22,1,CUST-109482,DEV-WIN-99325,2.2676
2026-10-07T22:44:43,trading-engine,/trade,us-west-2,157,90,71,2,2541.02,ERR-903,High,Failure,13,90,1,CUST-109482,DEV-MAC-75825,11.9053
2026-10-07T22:44:53,trading-engine,/trade,ap-southeast-1,135,79,56,2,7301.34,ERR-101,Low,Failure,3,25,1,CUST-112349,DEV-MAC-0149A5,10.3727
2026-10-07T22:44:53,auth-service,/login,us-east-1,46,19,48,4,0,ERR-305,Low,Failure,18,25,1,CUST-123456,DEV-MAC-75825,2.355
2026-10-07T22:44:53,ledger-service,/balance_check,eu-west-1,21,6,4,3,0,ERR-000,Healthy,Success,2,4,0,CUST-112349,DEV-MAC-0149A5,1.5667
2026-10-07T22:44:53,fraud-detection,/payment,ap-southeast-1,171,100,100,11,0,ERR-106,High,Failure,9,81,1,CUST-100483,DEV-WIN-99325,2.5877
2026-10-07T22:45:03,trading-engine,/trade,us-west-2,172,90,63,2,5216.16,ERR-903,High,Failure,16,86,1,CUST-109482,DEV-LIN-11235,12.8897
2026-10-07T22:45:03,investment-engine,/portfolio,ap-southeast-1,184,81,85,29,10004.22,ERR-207,Low,Failure,20,26,1,CUST-109482,DEV-MAC-75825,2.151
2026-10-07T22:45:03,ledger-service,/balance_check,us-east-1,3,13,5,2,0,ERR-000,Healthy,Success,15,1,0,CUST-134098,DEV-WIN-99325,1.0167
2026-10-07T22:45:13,auth-service,/login,ap-southeast-1,46,18,50,5,0,ERR-904,Low,Failure,17,35,1,CUST-100483,DEV-WIN-84725,2.56
2026-10-07T22:45:23,payment-api,/withdrawal,us-east-1,178,92,69,16,8032.98,ERR-903,High,Failure,15,90,1,CUST-112349,DEV-WIN-84725,2.8903
2026-10-07T22:45:23,ledger-service,/balance_check,ap-southeast-1,28,19,45,5,0,ERR-102,Low,Failure,3,21,1,CUST-134098,DEV-MAC-0149A5,3.3167
2026-10-07T22:45:33,fraud-detection,/payment,us-east-1,146,81,96,10,0,ERR-106,Low,Failure,20,25,1,CUST-134098,DEV-LIN-11235,2.2696
2026-10-07T22:45:33,auth-service,/login,ap-southeast-1,46,19,49,5,0,ERR-206,Low,Failure,19,33,1,CUST-134098,DEV-WIN-99325,2.5675
2026-10-07T22:45:33,ledger-service,/balance_check,us-east-1,27,17,40,4,0,ERR-307,Low,Failure,12,26,1,CUST-123456,DEV-WIN-84725,2.9333
2026-10-07T22:45:43,ledger-service,/balance_check,eu-west-1,28,18,45,5,0,ERR-903,Low,Failure,1,23,1,CUST-123456,DEV-MAC-75825,3.2833
2026-10-07T22:45:53,payment-api,/withdrawal,eu-west-1,132,71,60,13,9354.81,ERR-306,Low,Failure,8,38,1,CUST-100483,DEV-LIN-11235,2.2863
2026-10-07T22:45:53,fraud-detection,/payment,ap-southeast-1,81,9,15,1,0,ERR-000,Healthy,Success,14,0,0,CUST-134098,DEV-LIN-11235,0.6771
2026-10-07T22:46:03,ledger-service,/balance_check,us-west-2,24,19,44,4,0,ERR-304,Low,Failure,6,20,1,CUST-109482,DEV-WIN-84725,2.9667
2026-10-07T22:46:13,ledger-service,/balance_check,eu-west-1,19,1,15,1,0,ERR-000,Healthy,Success,7,4,0,CUST-100483,DEV-LIN-11235,1.1167
2026-10-07T22:46:23,auth-service,/login,us-east-1,25,6,27,1,0,ERR-000,Healthy,Success,3,4,0,CUST-134098,DEV-LIN-11235,0.97
2026-10-07T22:46:23,trading-engine,/trade,eu-west-1,149,77,58,2,3049.43,ERR-304,Low,Failure,10,31,1,CUST-109482,DEV-MAC-0149A5,11.3033
2026-10-07T22:46:23,ledger-service,/balance_check,us-west-2,29,18,48,5,0,ERR-905,Low,Failure,16,29,1,CUST-112349,DEV-MAC-75825,3.3667
2026-10-07T22:46:33,payment-api,/withdrawal,ap-southeast-1,177,85,61,15,1643.58,ERR-903,High,Failure,7,89,1,CUST-134098,DEV-WIN-99325,2.7213
2026-10-07T22:46:33,ledger-service,/balance_check,eu-west-1,29,20,46,5,0,ERR-310,Low,Failure,2,40,1,CUST-112349,DEV-LIN-11235,3.4
2026-10-07T22:46:43,payment-api,/transfer,ap-southeast-1,163,90,62,15,4170.03,ERR-903,High,Failure,17,90,1,CUST-134098,DEV-WIN-99325,2.712
2026-10-07T22:46:43,ledger-service,/balance_check,eu-west-1,30,19,45,5,0,ERR-109,Low,Failure,11,28,1,CUST-123456,DEV-LIN-11235,3.3833
2026-10-07T22:46:53,ledger-service,/balance_check,ap-southeast-1,35,22,51,6,0,ERR-903,High,Failure,11,86,1,CUST-112349,DEV-WIN-84725,3.95
2026-10-07T22:47:03,ledger-service,/balance_check,us-west-2,30,20,48,5,0,ERR-703,Low,Failure,6,24,1,CUST-112349,DEV-MAC-0149A5,3.4667
2026-10-07T22:47:03,fraud-detection,/payment,us-west-2,145,74,88,9,0,ERR-307,Low,Failure,10,29,1,CUST-100483,DEV-WIN-84725,2.1376
2026-10-07T22:47:13,ledger-service,/balance_check,eu-west-1,24,19,43,5,0,ERR-110,Low,Failure,2,26,1,CUST-109482,DEV-MAC-75825,3.15
2026-10-07T22:47:13,payment-api,/withdrawal,ap-southeast-1,170,91,67,17,7168.73,ERR-903,High,Failure,3,90,1,CUST-109482,DEV-MAC-0149A5,2.9067
2026-10-07T22:47:23,auth-service,/login,eu-west-1,47,18,48,4,0,ERR-705,Low,Failure,17,39,1,CUST-123456,DEV-LIN-11235,2.3475
2026-10-07T22:47:23,trading-engine,/trade,eu-west-1,41,37,27,1,7751.92,ERR-000,Healthy,Success,3,4,0,CUST-112349,DEV-WIN-84725,3.4094
2026-10-07T22:47:33,payment-api,/withdrawal,us-west-2,160,93,71,18,9659.06,ERR-903,High,Failure,5,81,1,CUST-123456,DEV-MAC-75825,2.97
2026-10-07T22:47:33,ledger-service,/balance_check,eu-west-1,27,20,49,4,0,ERR-305,Low,Failure,13,29,1,CUST-112349,DEV-WIN-84725,3.1833
2026-10-07T22:47:43,ledger-service,/balance_check,ap-southeast-1,24,18,44,4,0,ERR-903,Low,Failure,5,35,1,CUST-109482,DEV-LIN-11235,2.9333
2026-10-07T22:47:43,fraud-detection,/payment,us-east-1,165,100,100,10,0,ERR-105,High,Failure,4,83,1,CUST-109482,DEV-LIN-11235,2.4477
2026-10-07T22:47:53,investment-engine,/portfolio,eu-west-1,183,82,84,30,5502.1,ERR-301,Low,Failure,2,36,1,CUST-112349,DEV-MAC-0149A5,2.1841
2026-10-07T22:47:53,auth-service,/login,ap-southeast-1,46,20,46,5,0,ERR-904,Low,Failure,8,32,1,CUST-123456,DEV-WIN-99325,2.55
2026-10-07T22:48:03,auth-service,/login,ap-southeast-1,47,18,49,4,0,ERR-104,Low,Failure,18,23,1,CUST-112349,DEV-WIN-99325,2.36
2026-10-07T22:48:03,fraud-detection,/payment,eu-west-1,149,85,94,9,0,ERR-108,Low,Failure,3,39,1,CUST-112349,DEV-WIN-99325,2.1976
2026-10-07T22:48:03,ledger-service,/balance_check,us-east-1,19,3,4,1,0,ERR-000,Healthy,Success,20,1,0,CUST-134098,DEV-MAC-0149A5,1
2026-10-07T22:48:13,ledger-service,/balance_check,eu-west-1,27,20,45,5,0,ERR-701,Low,Failure,14,37,1,CUST-123456,DEV-WIN-84725,3.3167
2026-10-07T22:48:23,trading-engine,/trade,us-east-1,149,78,60,2,4258.33,ERR-302,Low,Failure,5,25,1,CUST-100483,DEV-WIN-99325,11.3105
2026-10-07T22:48:23,fraud-detection,/payment,ap-southeast-1,143,86,87,8,0,ERR-107,Low,Failure,1,37,1,CUST-134098,DEV-WIN-99325,2.0533
2026-10-07T22:48:23,ledger-service,/balance_check,eu-west-1,30,20,50,4,0,ERR-302,Low,Failure,16,28,1,CUST-123456,DEV-WIN-84725,3.3
2026-10-07T22:48:23,payment-api,/transfer,us-west-2,160,85,65,17,9552.9,ERR-903,High,Failure,18,89,1,CUST-134098,DEV-WIN-84725,2.8067
2026-10-07T22:48:33,ledger-service,/balance_check,ap-southeast-1,24,17,45,4,0,ERR-305,Low,Failure,18,36,1,CUST-134098,DEV-MAC-75825,2.9167
2026-10-07T22:48:33,payment-api,/withdrawal,us-west-2,174,96,65,18,5845.31,ERR-903,High,Failure,17,89,1,CUST-109482,DEV-MAC-75825,3.021
2026-10-07T22:48:53,ledger-service,/balance_check,eu-west-1,30,19,50,4,0,ERR-210,Low,Failure,17,24,1,CUST-134098,DEV-MAC-0149A5,3.2667
2026-10-07T22:48:53,payment-api,/withdrawal,us-east-1,149,73,55,13,8520.32,ERR-107,Low,Failure,4,24,1,CUST-112349,DEV-LIN-11235,2.346
2026-10-07T22:48:53,fraud-detection,/payment,eu-west-1,181,100,100,12,0,ERR-904,Critical,Failure,2,93,1,CUST-134098,DEV-WIN-84725,2.7543
2026-10-07T22:49:03,fraud-detection,/payment,us-east-1,148,84,98,10,0,ERR-106,Low,Failure,6,38,1,CUST-112349,DEV-WIN-99325,2.2924
2026-10-07T22:49:03,auth-service,/login,us-east-1,49,20,45,5,0,ERR-705,Low,Failure,12,36,1,CUST-100483,DEV-LIN-11235,2.575
2026-10-07T22:49:03,payment-api,/withdrawal,ap-southeast-1,9,46,14,5,9796.35,ERR-000,Healthy,Success,4,2,0,CUST-100483,DEV-WIN-84725,0.8227
2026-10-07T22:49:13,ledger-service,/balance_check,eu-west-1,2,10,7,1,0,ERR-000,Healthy,Success,7,2,0,CUST-134098,DEV-LIN-11235,0.7167
2026-10-07T22:49:23,payment-api,/transfer,ap-southeast-1,146,72,56,14,9449.96,ERR-309,Low,Failure,6,31,1,CUST-100483,DEV-LIN-11235,2.3973
2026-10-07T22:49:23,ledger-service,/balance_check,eu-west-1,31,24,51,6,0,ERR-903,High,Failure,11,81,1,CUST-100483,DEV-MAC-75825,3.8833
2026-10-07T22:49:33,ledger-service,/balance_check,ap-southeast-1,29,18,45,5,0,ERR-110,Low,Failure,1,39,1,CUST-100483,DEV-LIN-11235,3.3167
2026-10-07T22:49:33,payment-api,/transfer,ap-southeast-1,160,88,67,18,7341.75,ERR-903,High,Failure,19,86,1,CUST-109482,DEV-MAC-75825,2.9083
2026-10-07T22:49:33,fraud-detection,/payment,eu-west-1,165,100,100,11,0,ERR-904,High,Failure,13,85,1,CUST-134098,DEV-MAC-0149A5,2.5477
2026-10-07T22:49:43,fraud-detection,/payment,us-east-1,2,56,30,4,0,ERR-000,Healthy,Success,17,5,0,CUST-100483,DEV-WIN-84725,0.5826
2026-10-07T22:49:43,trading-engine,/trade,us-east-1,8,18,41,1,4445.26,ERR-000,Healthy,Success,11,1,0,CUST-134098,DEV-LIN-11235,1.1734
2026-10-07T22:49:53,ledger-service,/balance_check,ap-southeast-1,28,20,46,5,0,ERR-902,Low,Failure,15,22,1,CUST-123456,DEV-MAC-0149A5,3.3667
2026-10-07T22:50:03,auth-service,/login,eu-west-1,44,16,43,4,0,ERR-000,Normal,Success,19,15,0,CUST-134098,DEV-LIN-11235,2.2075
2026-10-07T22:50:03,payment-api,/transfer,us-east-1,177,89,71,15,1986.64,ERR-903,High,Failure,4,84,1,CUST-100483,DEV-WIN-99325,2.8047
2026-10-07T22:50:13,investment-engine,/portfolio,us-east-1,192,87,89,29,13591.82,ERR-705,Low,Failure,17,25,1,CUST-112349,DEV-LIN-11235,2.2155
2026-10-07T22:50:13,fraud-detection,/payment,ap-southeast-1,68,36,60,5,0,ERR-000,Healthy,Success,10,2,0,CUST-123456,DEV-WIN-99325,1.1019
2026-10-07T22:50:23,trading-engine,/trade,us-west-2,137,78,59,1,5036.17,ERR-209,Low,Failure,2,37,1,CUST-109482,DEV-WIN-99325,10.0086
2026-10-07T22:50:33,fraud-detection,/payment,ap-southeast-1,139,85,89,8,0,ERR-304,Low,Failure,3,23,1,CUST-123456,DEV-WIN-84725,2.0261
2026-10-07T22:50:43,payment-api,/withdrawal,ap-southeast-1,43,35,36,5,3774.35,ERR-000,Healthy,Success,2,5,0,CUST-112349,DEV-WIN-99325,0.977
2026-10-07T22:50:43,ledger-service,/balance_check,us-east-1,30,20,50,4,0,ERR-107,Low,Failure,10,28,1,CUST-123456,DEV-WIN-99325,3.3
2026-10-07T22:50:43,investment-engine,/portfolio,us-west-2,236,99,100,36,9491.32,ERR-903,High,Failure,17,86,1,CUST-134098,DEV-MAC-75825,2.677
2026-10-07T22:50:43,trading-engine,/trade,us-east-1,139,75,56,2,4876.7,ERR-206,Low,Failure,19,36,1,CUST-109482,DEV-MAC-75825,10.626
2026-10-07T22:50:43,auth-service,/login,ap-southeast-1,48,19,48,4,0,ERR-704,Low,Failure,17,25,1,CUST-123456,DEV-MAC-75825,2.38
2026-10-07T22:50:53,ledger-service,/balance_check,ap-southeast-1,30,23,57,6,0,ERR-903,High,Failure,9,90,1,CUST-123456,DEV-LIN-11235,3.9167
2026-10-07T22:51:03,fraud-detection,/payment,us-west-2,140,86,98,9,0,ERR-310,Low,Failure,11,20,1,CUST-134098,DEV-WIN-99325,2.144
2026-10-07T22:51:03,payment-api,/withdrawal,ap-southeast-1,164,85,63,15,4793.85,ERR-903,High,Failure,3,83,1,CUST-100483,DEV-LIN-11235,2.6793
2026-10-07T22:51:23,ledger-service,/balance_check,eu-west-1,16,14,21,1,0,ERR-000,Healthy,Success,14,4,0,CUST-112349,DEV-MAC-75825,1.55
2026-10-07T22:51:33,payment-api,/withdrawal,eu-west-1,101,19,33,9,2982.3,ERR-000,Healthy,Success,6,2,0,CUST-112349,DEV-WIN-99325,1.3273
2026-10-07T22:51:33,auth-service,/login,us-east-1,44,18,47,4,0,ERR-201,Low,Failure,15,27,1,CUST-100483,DEV-WIN-99325,2.2975
2026-10-07T22:51:43,trading-engine,/trade,ap-southeast-1,94,14,36,1,813.03,ERR-000,Healthy,Success,18,5,0,CUST-134098,DEV-WIN-99325,6.8836
2026-10-07T22:51:53,payment-api,/transfer,us-west-2,147,75,60,14,1811.59,ERR-905,Low,Failure,20,34,1,CUST-112349,DEV-WIN-84725,2.4463
2026-10-07T22:51:53,ledger-service,/balance_check,eu-west-1,30,19,48,5,0,ERR-307,Low,Failure,9,36,1,CUST-109482,DEV-MAC-0149A5,3.4333
2026-10-07T22:52:03,ledger-service,/balance_check,ap-southeast-1,30,20,58,6,0,ERR-310,High,Failure,17,80,1,CUST-134098,DEV-MAC-75825,3.8333
2026-10-07T22:52:13,payment-api,/withdrawal,ap-southeast-1,157,79,55,13,9215.74,ERR-108,Low,Failure,15,32,1,CUST-134098,DEV-MAC-75825,2.428
2026-10-07T22:52:23,trading-engine,/trade,ap-southeast-1,135,75,56,2,5713.78,ERR-302,Low,Failure,5,22,1,CUST-112349,DEV-WIN-84725,10.3594
2026-10-07T22:52:23,fraud-detection,/payment,us-west-2,121,79,89,10,0,ERR-103,Low,Failure,6,29,1,CUST-112349,DEV-MAC-75825,2.0911
2026-10-07T22:52:23,auth-service,/login,us-east-1,50,19,50,5,0,ERR-703,Low,Failure,3,20,1,CUST-112349,DEV-LIN-11235,2.63
2026-10-07T22:52:33,payment-api,/transfer,eu-west-1,164,82,62,18,6476.14,ERR-903,High,Failure,11,85,1,CUST-109482,DEV-WIN-99325,2.8493
2026-10-07T22:52:33,trading-engine,/trade,us-east-1,159,92,65,2,1168.49,ERR-903,High,Failure,19,84,1,CUST-109482,DEV-WIN-99325,12.0336
2026-10-07T22:52:33,fraud-detection,/payment,us-east-1,136,89,95,10,0,ERR-209,Low,Failure,4,40,1,CUST-109482,DEV-WIN-84725,2.2219
2026-10-07T22:52:33,ledger-service,/balance_check,eu-west-1,28,19,47,4,0,ERR-306,Low,Failure,20,31,1,CUST-112349,DEV-MAC-0149A5,3.15
2026-10-07T22:52:43,investment-engine,/portfolio,eu-west-1,236,97,100,34,8837.15,ERR-903,High,Failure,6,89,1,CUST-134098,DEV-WIN-99325,2.6003
2026-10-07T22:52:43,ledger-service,/balance_check,us-east-1,18,10,9,1,0,ERR-000,Healthy,Success,11,5,0,CUST-134098,DEV-WIN-84725,1.2833
2026-10-07T22:52:53,ledger-service,/balance_check,eu-west-1,27,18,50,5,0,ERR-210,Low,Failure,19,37,1,CUST-123456,DEV-WIN-84725,3.3333
2026-10-07T22:53:03,payment-api,/transfer,us-west-2,209,100,75,18,1017.65,ERR-901,Critical,Failure,11,92,1,CUST-123456,DEV-MAC-0149A5,3.2443
2026-10-07T22:53:03,ledger-service,/balance_check,us-west-2,32,23,50,6,0,ERR-705,High,Failure,6,82,1,CUST-109482,DEV-WIN-99325,3.8667
2026-10-07T22:53:13,payment-api,/withdrawal,eu-west-1,90,19,30,5,8262.24,ERR-000,Healthy,Success,19,3,0,CUST-123456,DEV-LIN-11235,1.0017
2026-10-07T22:53:13,ledger-service,/balance_check,us-east-1,34,23,52,5,0,ERR-903,High,Failure,3,86,1,CUST-112349,DEV-LIN-11235,3.7667
2026-10-07T22:53:23,auth-service,/login,us-west-2,49,19,46,4,0,ERR-904,Low,Failure,9,39,1,CUST-123456,DEV-WIN-84725,2.3675
2026-10-07T22:53:33,ledger-service,/balance_check,ap-southeast-1,33,20,58,5,0,ERR-306,High,Failure,11,89,1,CUST-123456,DEV-WIN-99325,3.7333
2026-10-07T22:53:43,payment-api,/withdrawal,us-east-1,188,94,61,18,9317.38,ERR-903,High,Failure,6,89,1,CUST-112349,DEV-LIN-11235,3.0403
2026-10-07T22:53:43,ledger-service,/balance_check,eu-west-1,31,21,55,5,0,ERR-903,High,Failure,19,82,1,CUST-112349,DEV-WIN-99325,3.65
2026-10-07T22:53:53,auth-service,/login,us-east-1,50,21,52,5,0,ERR-903,Medium,Failure,20,73,1,CUST-100483,DEV-MAC-0149A5,2.695
2026-10-07T22:54:03,auth-service,/login,ap-southeast-1,41,17,42,5,0,ERR-902,Low,Failure,3,29,1,CUST-112349,DEV-WIN-84725,2.3775
2026-10-07T22:54:03,ledger-service,/balance_check,ap-southeast-1,29,19,47,5,0,ERR-202,Low,Failure,12,22,1,CUST-134098,DEV-MAC-0149A5,3.3833
2026-10-07T22:54:03,fraud-detection,/payment,us-west-2,165,99,100,10,0,ERR-107,High,Failure,4,86,1,CUST-134098,DEV-MAC-0149A5,2.4452
2026-10-07T22:54:23,ledger-service,/balance_check,eu-west-1,30,19,45,4,0,ERR-109,Low,Failure,5,20,1,CUST-112349,DEV-MAC-0149A5,3.1833
2026-10-07T22:54:23,payment-api,/withdrawal,us-west-2,181,96,65,17,2455.69,ERR-903,High,Failure,8,87,1,CUST-100483,DEV-WIN-99325,2.9823
2026-10-07T22:54:33,ledger-service,/balance_check,ap-southeast-1,30,23,56,6,0,ERR-903,High,Failure,6,86,1,CUST-109482,DEV-WIN-84725,3.9
2026-10-07T22:54:43,investment-engine,/portfolio,us-east-1,181,81,88,30,6265.95,ERR-304,Low,Failure,17,30,1,CUST-109482,DEV-MAC-75825,2.1802
2026-10-07T22:54:53,ledger-service,/balance_check,eu-west-1,28,20,45,4,0,ERR-107,Low,Failure,14,24,1,CUST-100483,DEV-LIN-11235,3.15
2026-10-07T22:54:53,trading-engine,/trade,eu-west-1,127,66,51,1,4902.47,ERR-000,Normal,Success,11,8,0,CUST-123456,DEV-MAC-75825,9.2863
2026-10-07T22:54:53,investment-engine,/portfolio,ap-southeast-1,195,77,85,25,9058.37,ERR-304,Low,Failure,13,20,1,CUST-109482,DEV-LIN-11235,2.0343
2026-10-07T22:55:03,investment-engine,/portfolio,us-east-1,198,89,83,28,12651.67,ERR-102,Low,Failure,3,23,1,CUST-134098,DEV-MAC-75825,2.2004
2026-10-07T22:55:13,trading-engine,/trade,ap-southeast-1,145,74,58,2,4829.81,ERR-206,Low,Failure,7,24,1,CUST-109482,DEV-WIN-99325,11.0266
2026-10-07T22:55:13,ledger-service,/balance_check,us-west-2,27,16,44,5,0,ERR-307,Low,Failure,14,27,1,CUST-112349,DEV-MAC-75825,3.1667
2026-10-07T22:55:13,payment-api,/withdrawal,eu-west-1,218,100,73,21,1034.27,ERR-901,Critical,Failure,17,98,1,CUST-112349,DEV-WIN-99325,3.4703
2026-10-07T22:55:23,payment-api,/transfer,eu-west-1,153,75,56,13,1955.51,ERR-308,Low,Failure,15,23,1,CUST-109482,DEV-WIN-99325,2.3837
2026-10-07T22:55:33,payment-api,/withdrawal,ap-southeast-1,136,73,60,12,4111.82,ERR-202,Low,Failure,7,29,1,CUST-134098,DEV-MAC-0149A5,2.2523
2026-10-07T22:55:43,ledger-service,/balance_check,us-west-2,29,19,45,4,0,ERR-309,Low,Failure,16,32,1,CUST-109482,DEV-MAC-75825,3.15
2026-10-07T22:55:43,payment-api,/withdrawal,ap-southeast-1,162,84,66,16,9767.2,ERR-903,High,Failure,7,81,1,CUST-109482,DEV-LIN-11235,2.7447
2026-10-07T22:56:03,fraud-detection,/payment,ap-southeast-1,173,100,100,11,0,ERR-309,High,Failure,6,90,1,CUST-109482,DEV-WIN-99325,2.601
2026-10-07T22:56:03,investment-engine,/portfolio,us-west-2,181,89,85,30,8794.03,ERR-102,Low,Failure,13,27,1,CUST-123456,DEV-WIN-84725,2.2143
2026-10-07T22:56:03,payment-api,/transfer,us-west-2,230,100,91,22,4098.34,ERR-901,Critical,Failure,7,93,1,CUST-100483,DEV-LIN-11235,3.675
2026-10-07T22:56:13,ledger-service,/balance_check,eu-west-1,27,18,48,4,0,ERR-206,Low,Failure,5,35,1,CUST-112349,DEV-WIN-84725,3.1
2026-10-07T22:56:23,payment-api,/transfer,us-east-1,147,79,60,13,5063.66,ERR-307,Low,Failure,12,21,1,CUST-123456,DEV-WIN-99325,2.413
2026-10-07T22:56:23,fraud-detection,/payment,us-west-2,166,95,100,12,0,ERR-109,High,Failure,14,82,1,CUST-100483,DEV-LIN-11235,2.6418
2026-10-07T22:56:33,payment-api,/transfer,us-west-2,139,64,58,14,3714.53,ERR-105,Low,Failure,16,23,1,CUST-109482,DEV-LIN-11235,2.3127
2026-10-07T22:56:33,fraud-detection,/payment,eu-west-1,173,100,100,10,0,ERR-307,High,Failure,18,85,1,CUST-123456,DEV-WIN-99325,2.501
2026-10-07T22:56:33,trading-engine,/trade,ap-southeast-1,99,53,34,1,1258.8,ERR-000,Healthy,Success,3,3,0,CUST-123456,DEV-WIN-84725,7.3431
2026-10-07T22:56:43,payment-api,/withdrawal,eu-west-1,192,89,64,15,4449.07,ERR-903,High,Failure,14,89,1,CUST-134098,DEV-MAC-0149A5,2.8297
2026-10-07T22:56:43,ledger-service,/balance_check,ap-southeast-1,26,19,48,4,0,ERR-701,Low,Failure,19,28,1,CUST-134098,DEV-WIN-99325,3.1
2026-10-07T22:56:53,payment-api,/transfer,eu-west-1,159,77,59,13,3597.88,ERR-302,Low,Failure,2,27,1,CUST-134098,DEV-MAC-0149A5,2.4393
2026-10-07T22:57:03,auth-service,/login,us-east-1,46,19,46,4,0,ERR-201,Low,Failure,9,26,1,CUST-100483,DEV-WIN-84725,2.33
2026-10-07T22:57:03,fraud-detection,/payment,us-west-2,159,90,100,10,0,ERR-103,High,Failure,9,82,1,CUST-109482,DEV-MAC-75825,2.3827
2026-10-07T22:57:13,auth-service,/login,us-west-2,51,20,50,5,0,ERR-101,Medium,Failure,11,79,1,CUST-123456,DEV-WIN-84725,2.6625
2026-10-07T22:57:23,fraud-detection,/payment,eu-west-1,194,100,100,12,0,ERR-904,Critical,Failure,14,91,1,CUST-134098,DEV-WIN-84725,2.841
2026-10-07T22:57:33,ledger-service,/balance_check,us-east-1,27,20,49,5,0,ERR-705,Low,Failure,3,29,1,CUST-109482,DEV-MAC-75825,3.3833
2026-10-07T22:57:43,ledger-service,/balance_check,eu-west-1,29,19,47,5,0,ERR-301,Low,Failure,5,28,1,CUST-109482,DEV-MAC-0149A5,3.3833
2026-10-07T22:57:43,fraud-detection,/payment,us-east-1,26,31,10,5,0,ERR-000,Healthy,Success,6,0,0,CUST-123456,DEV-LIN-11235,0.7606
2026-10-07T22:57:53,investment-engine,/portfolio,eu-west-1,226,92,100,33,12911.02,ERR-903,High,Failure,20,85,1,CUST-123456,DEV-WIN-84725,2.5086
2026-10-07T22:58:03,ledger-service,/balance_check,eu-west-1,28,20,50,5,0,ERR-704,Low,Failure,16,23,1,CUST-109482,DEV-WIN-99325,3.4333
2026-10-07T22:58:03,auth-service,/login,us-east-1,46,18,47,5,0,ERR-301,Low,Failure,4,34,1,CUST-112349,DEV-LIN-11235,2.5225
2026-10-07T22:58:13,ledger-service,/balance_check,eu-west-1,27,18,49,5,0,ERR-307,Low,Failure,10,27,1,CUST-100483,DEV-MAC-0149A5,3.3167
2026-10-07T22:58:33,ledger-service,/balance_check,us-west-2,3,6,2,1,0,ERR-000,Healthy,Success,18,0,0,CUST-100483,DEV-WIN-99325,0.5333
2026-10-07T22:58:43,investment-engine,/portfolio,us-east-1,216,93,93,30,10286.23,ERR-903,High,Failure,9,85,1,CUST-112349,DEV-MAC-0149A5,2.3666
2026-10-07T22:58:43,auth-service,/login,us-east-1,47,20,48,5,0,ERR-901,Low,Failure,7,21,1,CUST-123456,DEV-LIN-11235,2.5875
2026-10-07T22:58:53,fraud-detection,/payment,eu-west-1,146,89,92,9,0,ERR-103,Low,Failure,2,30,1,CUST-109482,DEV-WIN-84725,2.1857
2026-10-07T22:58:53,ledger-service,/balance_check,ap-southeast-1,30,20,57,6,0,ERR-310,High,Failure,1,86,1,CUST-109482,DEV-MAC-75825,3.8167
2026-10-07T22:59:03,payment-api,/transfer,us-east-1,170,94,65,18,3230.38,ERR-903,High,Failure,12,81,1,CUST-100483,DEV-WIN-99325,2.9883
2026-10-07T22:59:03,ledger-service,/balance_check,us-east-1,4,4,33,2,0,ERR-000,Healthy,Success,17,4,0,CUST-100483,DEV-LIN-11235,1.2167
2026-10-07T22:59:13,ledger-service,/balance_check,us-west-2,32,22,56,5,0,ERR-903,High,Failure,3,84,1,CUST-109482,DEV-MAC-0149A5,3.7333
2026-10-07T22:59:13,payment-api,/transfer,us-east-1,171,86,68,18,6054.15,ERR-903,High,Failure,12,89,1,CUST-134098,DEV-WIN-99325,2.9407
2026-10-07T22:59:13,auth-service,/login,eu-west-1,49,18,47,4,0,ERR-210,Low,Failure,3,22,1,CUST-109482,DEV-WIN-99325,2.36
2026-10-07T22:59:23,auth-service,/login,eu-west-1,45,20,48,5,0,ERR-202,Low,Failure,4,27,1,CUST-100483,DEV-MAC-75825,2.5625
2026-10-07T22:59:23,ledger-service,/balance_check,us-east-1,11,10,21,2,0,ERR-000,Healthy,Success,17,3,0,CUST-123456,DEV-WIN-99325,1.45
2026-10-07T22:59:23,payment-api,/withdrawal,eu-west-1,176,84,64,16,2751.77,ERR-903,High,Failure,4,83,1,CUST-112349,DEV-MAC-75825,2.7907
2026-10-07T22:59:33,investment-engine,/portfolio,eu-west-1,178,80,81,28,5257.53,ERR-307,Low,Failure,17,27,1,CUST-109482,DEV-MAC-75825,2.0849
2026-10-07T22:59:33,fraud-detection,/payment,eu-west-1,141,76,96,9,0,ERR-901,Low,Failure,12,34,1,CUST-100483,DEV-MAC-0149A5,2.1237
2026-10-07T22:59:33,payment-api,/transfer,us-east-1,159,74,56,13,3044.6,ERR-705,Low,Failure,2,21,1,CUST-109482,DEV-MAC-75825,2.3993
2026-10-07T22:59:43,fraud-detection,/payment,us-west-2,264,100,100,16,0,ERR-904,Critical,Failure,9,92,1,CUST-112349,DEV-LIN-11235,3.7077
2026-10-07T22:59:43,ledger-service,/balance_check,ap-southeast-1,29,20,45,4,0,ERR-204,Low,Failure,6,34,1,CUST-123456,DEV-WIN-84725,3.1833
2026-10-07T22:59:43,payment-api,/withdrawal,ap-southeast-1,157,76,58,13,3569.41,ERR-905,Low,Failure,13,31,1,CUST-100483,DEV-MAC-0149A5,2.418
2026-10-07T22:59:53,ledger-service,/balance_check,us-west-2,30,20,48,5,0,ERR-704,Low,Failure,13,36,1,CUST-123456,DEV-MAC-0149A5,3.4667
2026-10-07T23:00:03,payment-api,/withdrawal,us-east-1,156,78,56,15,703.4,ERR-704,Low,Failure,3,34,1,CUST-109482,DEV-LIN-11235,2.554
2026-10-07T23:00:13,ledger-service,/balance_check,us-west-2,27,20,48,4,0,ERR-301,Low,Failure,1,21,1,CUST-100483,DEV-WIN-99325,3.1667
2026-10-07T23:00:13,payment-api,/withdrawal,us-west-2,184,91,65,16,4841.37,ERR-903,High,Failure,12,88,1,CUST-109482,DEV-LIN-11235,2.886
2026-10-07T23:00:23,ledger-service,/balance_check,us-east-1,6,1,7,2,0,ERR-000,Healthy,Success,6,5,0,CUST-134098,DEV-MAC-0149A5,0.75
2026-10-07T23:00:33,investment-engine,/portfolio,eu-west-1,31,25,55,11,13126.82,ERR-000,Healthy,Success,14,5,0,CUST-100483,DEV-MAC-0149A5,0.7024
2026-10-07T23:00:33,ledger-service,/balance_check,ap-southeast-1,25,17,49,5,0,ERR-904,Low,Failure,3,28,1,CUST-109482,DEV-WIN-99325,3.2167
2026-10-07T23:00:43,trading-engine,/trade,ap-southeast-1,167,84,67,2,1668.75,ERR-903,High,Failure,9,84,1,CUST-109482,DEV-WIN-99325,12.5442
2026-10-07T23:00:43,auth-service,/login,eu-west-1,46,20,50,4,0,ERR-702,Low,Failure,7,26,1,CUST-109482,DEV-WIN-84725,2.4
2026-10-07T23:00:43,ledger-service,/balance_check,us-west-2,29,18,46,4,0,ERR-702,Low,Failure,13,21,1,CUST-112349,DEV-WIN-99325,3.1333
2026-10-07T23:00:53,ledger-service,/balance_check,eu-west-1,30,19,40,4,0,ERR-705,Low,Failure,12,30,1,CUST-112349,DEV-MAC-75825,3.1
2026-10-07T23:00:53,payment-api,/transfer,eu-west-1,146,80,55,13,2713.49,ERR-301,Low,Failure,18,22,1,CUST-100483,DEV-LIN-11235,2.3923
2026-10-07T23:01:03,payment-api,/transfer,eu-west-1,152,76,56,14,9896.59,ERR-203,Low,Failure,13,26,1,CUST-123456,DEV-WIN-84725,2.4547
2026-10-07T23:01:03,ledger-service,/balance_check,eu-west-1,29,19,49,5,0,ERR-304,Low,Failure,16,35,1,CUST-100483,DEV-MAC-0149A5,3.4167
2026-10-07T23:01:13,ledger-service,/balance_check,ap-southeast-1,13,4,12,1,0,ERR-000,Healthy,Success,3,2,0,CUST-112349,DEV-WIN-84725,0.9667
2026-10-07T23:01:23,payment-api,/withdrawal,us-west-2,159,72,57,15,5550.63,ERR-304,Low,Failure,14,31,1,CUST-112349,DEV-LIN-11235,2.521
2026-10-07T23:01:23,fraud-detection,/payment,us-east-1,157,100,100,10,0,ERR-102,High,Failure,12,86,1,CUST-134098,DEV-MAC-75825,2.3943
2026-10-07T23:01:23,auth-service,/login,us-east-1,45,18,48,4,0,ERR-310,Low,Failure,20,31,1,CUST-109482,DEV-MAC-75825,2.3225
2026-10-07T23:01:33,ledger-service,/balance_check,us-west-2,31,23,59,5,0,ERR-903,High,Failure,7,85,1,CUST-112349,DEV-WIN-84725,3.7833
2026-10-07T23:01:43,ledger-service,/balance_check,eu-west-1,29,18,50,5,0,ERR-309,Low,Failure,12,32,1,CUST-123456,DEV-LIN-11235,3.4
2026-10-07T23:01:53,payment-api,/withdrawal,us-east-1,191,96,61,16,3103.58,ERR-903,High,Failure,5,85,1,CUST-134098,DEV-WIN-99325,2.9357
2026-10-07T23:01:53,fraud-detection,/payment,ap-southeast-1,163,97,100,12,0,ERR-904,High,Failure,17,82,1,CUST-109482,DEV-MAC-75825,2.6268
2026-10-07T23:02:03,ledger-service,/balance_check,eu-west-1,27,20,48,4,0,ERR-109,Low,Failure,16,32,1,CUST-112349,DEV-WIN-99325,3.1667
2026-10-07T23:02:03,payment-api,/transfer,us-west-2,178,83,66,15,8565.65,ERR-903,High,Failure,12,87,1,CUST-112349,DEV-WIN-84725,2.7337
2026-10-07T23:02:13,fraud-detection,/payment,eu-west-1,137,90,96,10,0,ERR-108,Low,Failure,3,35,1,CUST-100483,DEV-MAC-75825,2.2321
2026-10-07T23:02:23,ledger-service,/balance_check,us-east-1,30,20,50,5,0,ERR-302,Medium,Failure,4,61,1,CUST-100483,DEV-WIN-84725,3.5
2026-10-07T23:02:23,trading-engine,/trade,eu-west-1,89,47,27,1,8605.07,ERR-000,Healthy,Success,1,3,0,CUST-134098,DEV-WIN-99325,6.6427
2026-10-07T23:02:33,ledger-service,/balance_check,ap-southeast-1,32,22,57,5,0,ERR-903,High,Failure,14,81,1,CUST-112349,DEV-WIN-99325,3.75
2026-10-07T23:02:33,payment-api,/transfer,eu-west-1,210,100,73,21,7120.7,ERR-901,Critical,Failure,15,96,1,CUST-100483,DEV-MAC-75825,3.4383
2026-10-07T23:02:43,auth-service,/login,eu-west-1,18,8,12,2,0,ERR-000,Healthy,Success,18,1,0,CUST-109482,DEV-WIN-84725,0.935
2026-10-07T23:02:43,ledger-service,/balance_check,ap-southeast-1,28,18,50,5,0,ERR-308,Low,Failure,16,29,1,CUST-100483,DEV-LIN-11235,3.3667
2026-10-07T23:02:53,ledger-service,/balance_check,eu-west-1,32,21,58,6,0,ERR-903,High,Failure,8,86,1,CUST-123456,DEV-LIN-11235,3.9333
2026-10-07T23:03:03,payment-api,/transfer,eu-west-1,182,87,64,16,8682.76,ERR-903,High,Failure,10,90,1,CUST-109482,DEV-WIN-99325,2.8397
2026-10-07T23:03:03,ledger-service,/balance_check,eu-west-1,28,18,50,4,0,ERR-704,Low,Failure,7,32,1,CUST-109482,DEV-WIN-84725,3.1667
2026-10-07T23:03:13,investment-engine,/portfolio,us-west-2,232,100,100,35,13589.05,ERR-903,High,Failure,19,80,1,CUST-123456,DEV-WIN-84725,2.6353
2026-10-07T23:03:13,ledger-service,/balance_check,ap-southeast-1,30,19,50,5,0,ERR-302,Low,Failure,12,30,1,CUST-100483,DEV-WIN-84725,3.4667
2026-10-07T23:03:13,auth-service,/login,eu-west-1,48,16,40,4,0,ERR-107,Low,Failure,2,26,1,CUST-123456,DEV-WIN-99325,2.22
2026-10-07T23:03:23,payment-api,/transfer,us-west-2,236,100,100,22,7821.22,ERR-901,Critical,Failure,11,100,1,CUST-134098,DEV-MAC-75825,3.744
2026-10-07T23:03:23,ledger-service,/balance_check,ap-southeast-1,30,20,49,4,0,ERR-310,Low,Failure,18,35,1,CUST-123456,DEV-LIN-11235,3.2833
2026-10-07T23:03:33,payment-api,/withdrawal,us-east-1,140,71,53,12,5957.12,ERR-000,Normal,Success,10,5,0,CUST-123456,DEV-WIN-84725,2.2167
2026-10-07T23:03:33,ledger-service,/balance_check,eu-west-1,27,20,46,4,0,ERR-104,Low,Failure,4,29,1,CUST-123456,DEV-WIN-99325,3.1333
2026-10-07T23:03:43,ledger-service,/balance_check,ap-southeast-1,18,8,31,1,0,ERR-000,Healthy,Success,16,4,0,CUST-123456,DEV-LIN-11235,1.5833
2026-10-07T23:03:53,ledger-service,/balance_check,us-west-2,27,16,42,5,0,ERR-306,Low,Failure,7,30,1,CUST-134098,DEV-WIN-84725,3.1333
2026-10-07T23:03:53,trading-engine,/trade,ap-southeast-1,20,17,30,1,3865.82,ERR-000,Healthy,Success,18,0,0,CUST-134098,DEV-MAC-0149A5,1.9486
2026-10-07T23:03:53,auth-service,/login,us-east-1,29,10,9,3,0,ERR-000,Healthy,Success,10,2,0,CUST-109482,DEV-WIN-99325,1.275
2026-10-07T23:04:03,payment-api,/withdrawal,us-west-2,156,78,55,14,2169.11,ERR-208,Low,Failure,1,25,1,CUST-134098,DEV-WIN-99325,2.4823
2026-10-07T23:04:03,ledger-service,/balance_check,us-west-2,30,20,43,4,0,ERR-703,Low,Failure,8,37,1,CUST-109482,DEV-MAC-0149A5,3.1833
2026-10-07T23:04:13,ledger-service,/balance_check,eu-west-1,25,19,44,4,0,ERR-701,Low,Failure,17,39,1,CUST-123456,DEV-WIN-99325,3
2026-10-07T23:04:23,ledger-service,/balance_check,us-east-1,27,19,48,5,0,ERR-206,Low,Failure,7,38,1,CUST-134098,DEV-WIN-84725,3.3333
2026-10-07T23:04:43,fraud-detection,/payment,us-east-1,104,6,9,6,0,ERR-000,Healthy,Success,8,1,0,CUST-134098,DEV-MAC-0149A5,1.3171
2026-10-07T23:04:53,auth-service,/login,eu-west-1,50,21,51,5,0,ERR-903,Medium,Failure,3,75,1,CUST-123456,DEV-MAC-0149A5,2.6825
2026-10-07T23:04:53,trading-engine,/trade,us-west-2,74,38,42,1,5154.99,ERR-000,Healthy,Success,3,1,0,CUST-100483,DEV-WIN-84725,5.642
2026-10-07T23:04:53,ledger-service,/balance_check,ap-southeast-1,30,19,50,5,0,ERR-102,Low,Failure,13,31,1,CUST-112349,DEV-MAC-0149A5,3.4667
2026-10-07T23:05:03,ledger-service,/balance_check,ap-southeast-1,27,19,45,5,0,ERR-109,Low,Failure,10,35,1,CUST-100483,DEV-MAC-75825,3.2833
2026-10-07T23:05:03,payment-api,/transfer,us-east-1,146,78,56,14,5022.97,ERR-203,Low,Failure,4,33,1,CUST-109482,DEV-MAC-0149A5,2.4473
2026-10-07T23:05:03,investment-engine,/portfolio,us-west-2,196,81,81,29,9527.05,ERR-201,Low,Failure,6,24,1,CUST-123456,DEV-LIN-11235,2.1832
2026-10-07T23:05:13,auth-service,/login,ap-southeast-1,45,16,47,4,0,ERR-103,Low,Failure,16,21,1,CUST-123456,DEV-WIN-84725,2.27
2026-10-07T23:05:23,ledger-service,/balance_check,us-east-1,27,20,46,4,0,ERR-103,Low,Failure,1,21,1,CUST-109482,DEV-LIN-11235,3.1333
2026-10-07T23:05:23,trading-engine,/trade,us-east-1,139,75,60,2,5689.16,ERR-310,Low,Failure,15,22,1,CUST-100483,DEV-LIN-11235,10.6339
2026-10-07T23:05:23,investment-engine,/portfolio,us-west-2,198,83,85,27,5259.09,ERR-306,Low,Failure,12,34,1,CUST-123456,DEV-WIN-99325,2.141
2026-10-07T23:05:33,auth-service,/login,ap-southeast-1,49,18,45,5,0,ERR-307,Low,Failure,1,30,1,CUST-134098,DEV-MAC-0149A5,2.535
2026-10-07T23:05:33,fraud-detection,/payment,ap-southeast-1,135,81,91,10,0,ERR-901,Low,Failure,2,38,1,CUST-112349,DEV-WIN-84725,2.1914
2026-10-07T23:05:43,ledger-service,/balance_check,us-west-2,27,16,45,4,0,ERR-210,Low,Failure,18,22,1,CUST-134098,DEV-WIN-99325,2.9833
2026-10-07T23:05:53,auth-service,/login,eu-west-1,52,21,50,5,0,ERR-102,Medium,Failure,7,67,1,CUST-134098,DEV-WIN-84725,2.695
2026-10-07T23:05:53,ledger-service,/balance_check,us-east-1,20,14,17,3,0,ERR-000,Healthy,Success,3,2,0,CUST-134098,DEV-MAC-75825,2.0167
2026-10-07T23:06:03,payment-api,/transfer,us-east-1,156,78,55,13,3631.16,ERR-105,Low,Failure,10,40,1,CUST-123456,DEV-LIN-11235,2.4157
2026-10-07T23:06:03,fraud-detection,/payment,ap-southeast-1,158,92,100,12,0,ERR-208,High,Failure,4,82,1,CUST-109482,DEV-MAC-75825,2.581
2026-10-07T23:06:03,ledger-service,/balance_check,ap-southeast-1,29,20,49,4,0,ERR-301,Low,Failure,1,20,1,CUST-112349,DEV-WIN-99325,3.25
2026-10-07T23:06:03,trading-engine,/trade,us-west-2,192,100,76,2,9831.63,ERR-901,Critical,Failure,11,100,1,CUST-100483,DEV-WIN-84725,14.2818
2026-10-07T23:06:13,ledger-service,/balance_check,us-west-2,32,24,52,6,0,ERR-903,High,Failure,8,86,1,CUST-109482,DEV-WIN-84725,3.9333
2026-10-07T23:06:23,investment-engine,/portfolio,ap-southeast-1,187,86,87,28,6581.79,ERR-101,Low,Failure,11,22,1,CUST-134098,DEV-WIN-99325,2.1566
2026-10-07T23:06:23,payment-api,/transfer,us-east-1,154,67,55,15,2060.9,ERR-702,Low,Failure,6,35,1,CUST-123456,DEV-MAC-0149A5,2.4493
2026-10-07T23:06:23,fraud-detection,/payment,us-east-1,137,83,94,8,0,ERR-902,Low,Failure,16,25,1,CUST-112349,DEV-WIN-99325,2.0126
2026-10-07T23:06:33,ledger-service,/balance_check,ap-southeast-1,36,23,57,5,0,ERR-903,High,Failure,12,80,1,CUST-112349,DEV-WIN-99325,3.9167
2026-10-07T23:06:33,payment-api,/withdrawal,eu-west-1,158,80,57,13,8378.82,ERR-109,Low,Failure,5,29,1,CUST-112349,DEV-MAC-75825,2.4503
2026-10-07T23:06:43,payment-api,/withdrawal,us-west-2,159,75,56,14,1008.35,ERR-207,Low,Failure,7,36,1,CUST-123456,DEV-MAC-0149A5,2.4743
2026-10-07T23:06:53,ledger-service,/balance_check,us-east-1,4,11,9,1,0,ERR-000,Healthy,Success,11,3,0,CUST-112349,DEV-WIN-84725,0.85
2026-10-07T23:06:53,investment-engine,/portfolio,ap-southeast-1,196,84,83,28,6248.07,ERR-203,Low,Failure,20,33,1,CUST-112349,DEV-WIN-99325,2.1688
2026-10-07T23:07:03,investment-engine,/portfolio,us-west-2,198,86,87,30,14240.74,ERR-103,Low,Failure,3,28,1,CUST-123456,DEV-MAC-0149A5,2.2599
2026-10-07T23:07:03,payment-api,/transfer,us-west-2,156,70,58,14,6467.31,ERR-305,Low,Failure,13,23,1,CUST-112349,DEV-LIN-11235,2.4307
2026-10-07T23:07:03,fraud-detection,/payment,ap-southeast-1,135,84,94,10,0,ERR-905,Low,Failure,1,38,1,CUST-112349,DEV-MAC-0149A5,2.2018
2026-10-07T23:07:33,fraud-detection,/payment,eu-west-1,180,98,100,12,0,ERR-704,High,Failure,17,85,1,CUST-112349,DEV-LIN-11235,2.7427
2026-10-07T23:07:33,payment-api,/transfer,eu-west-1,223,96,72,19,9685.69,ERR-903,Critical,Failure,17,90,1,CUST-134098,DEV-LIN-11235,3.3187
2026-10-07T23:07:43,ledger-service,/balance_check,us-west-2,31,23,60,6,0,ERR-903,High,Failure,16,88,1,CUST-112349,DEV-WIN-84725,4
2026-10-07T23:07:53,ledger-service,/balance_check,ap-southeast-1,28,20,45,5,0,ERR-110,Low,Failure,9,28,1,CUST-109482,DEV-MAC-0149A5,3.35
2026-10-07T23:08:03,ledger-service,/balance_check,ap-southeast-1,30,18,48,5,0,ERR-310,Low,Failure,20,28,1,CUST-100483,DEV-WIN-84725,3.4
2026-10-07T23:08:13,payment-api,/transfer,us-west-2,177,82,64,17,2580.98,ERR-903,High,Failure,6,90,1,CUST-134098,DEV-MAC-75825,2.8447
2026-10-07T23:08:13,investment-engine,/portfolio,us-east-1,176,75,82,25,14819.35,ERR-105,Low,Failure,4,36,1,CUST-112349,DEV-MAC-0149A5,1.9552
2026-10-07T23:08:13,fraud-detection,/payment,ap-southeast-1,122,86,94,9,0,ERR-703,Low,Failure,1,21,1,CUST-134098,DEV-MAC-0149A5,2.0201
2026-10-07T23:08:13,ledger-service,/balance_check,ap-southeast-1,27,20,47,4,0,ERR-205,Low,Failure,10,32,1,CUST-100483,DEV-MAC-75825,3.15
2026-10-07T23:08:23,ledger-service,/balance_check,us-west-2,27,16,46,4,0,ERR-102,Low,Failure,20,25,1,CUST-123456,DEV-WIN-84725,3
2026-10-07T23:08:33,ledger-service,/balance_check,us-west-2,29,20,50,5,0,ERR-903,Low,Failure,10,29,1,CUST-123456,DEV-MAC-0149A5,3.4667
2026-10-07T23:08:33,auth-service,/login,ap-southeast-1,48,19,48,4,0,ERR-204,Low,Failure,7,26,1,CUST-134098,DEV-LIN-11235,2.38
2026-10-07T23:08:43,ledger-service,/balance_check,eu-west-1,5,12,31,2,0,ERR-000,Healthy,Success,1,0,0,CUST-134098,DEV-LIN-11235,1.4833
2026-10-07T23:08:53,payment-api,/transfer,us-west-2,157,77,49,14,6229.52,ERR-203,Low,Failure,2,32,1,CUST-100483,DEV-LIN-11235,2.448
2026-10-07T23:08:53,auth-service,/login,eu-west-1,44,18,45,4,0,ERR-309,Low,Failure,7,30,1,CUST-109482,DEV-WIN-99325,2.2725
2026-10-07T23:08:53,ledger-service,/balance_check,us-west-2,30,20,42,5,0,ERR-703,Low,Failure,14,36,1,CUST-134098,DEV-MAC-75825,3.3667
2026-10-07T23:09:03,fraud-detection,/payment,eu-west-1,149,82,95,10,0,ERR-903,Low,Failure,8,39,1,CUST-123456,DEV-MAC-75825,2.2911
2026-10-07T23:09:13,payment-api,/withdrawal,us-west-2,210,100,74,18,4078.63,ERR-901,Critical,Failure,19,99,1,CUST-134098,DEV-WIN-99325,3.2433
2026-10-07T23:09:13,fraud-detection,/payment,us-east-1,150,90,97,9,0,ERR-202,Low,Failure,5,33,1,CUST-100483,DEV-MAC-75825,2.2197
2026-10-07T23:09:23,ledger-service,/balance_check,eu-west-1,27,19,45,4,0,ERR-106,Low,Failure,9,32,1,CUST-134098,DEV-LIN-11235,3.0833
2026-10-07T23:09:23,investment-engine,/portfolio,eu-west-1,191,86,89,28,10739.58,ERR-104,Low,Failure,4,37,1,CUST-123456,DEV-MAC-75825,2.1738
2026-10-07T23:09:23,fraud-detection,/payment,us-east-1,163,96,100,10,0,ERR-904,High,Failure,2,90,1,CUST-123456,DEV-WIN-84725,2.4243
2026-10-07T23:09:23,trading-engine,/trade,eu-west-1,148,75,60,1,8840.65,ERR-208,Low,Failure,8,23,1,CUST-123456,DEV-LIN-11235,10.7339
2026-10-07T23:09:33,investment-engine,/portfolio,eu-west-1,194,84,81,29,5837.29,ERR-904,Low,Failure,14,20,1,CUST-109482,DEV-WIN-99325,2.1915
2026-10-07T23:09:33,ledger-service,/balance_check,eu-west-1,30,17,47,5,0,ERR-701,Low,Failure,18,40,1,CUST-100483,DEV-WIN-99325,3.35
2026-10-07T23:09:33,auth-service,/login,us-west-2,49,20,49,5,0,ERR-904,Low,Failure,14,27,1,CUST-109482,DEV-MAC-0149A5,2.625
2026-10-07T23:09:43,payment-api,/withdrawal,us-west-2,158,72,57,15,8878.59,ERR-902,Low,Failure,11,36,1,CUST-123456,DEV-LIN-11235,2.517
2026-10-07T23:09:43,auth-service,/login,us-west-2,48,20,46,5,0,ERR-101,Low,Failure,15,21,1,CUST-134098,DEV-WIN-99325,2.575
2026-10-07T23:09:53,payment-api,/withdrawal,us-east-1,160,92,61,18,3326.15,ERR-903,High,Failure,6,83,1,CUST-100483,DEV-LIN-11235,2.9117
2026-10-07T23:09:53,investment-engine,/portfolio,eu-west-1,229,100,98,30,12146,ERR-903,High,Failure,8,85,1,CUST-100483,DEV-WIN-84725,2.4547
2026-10-07T23:09:53,ledger-service,/balance_check,eu-west-1,27,18,46,4,0,ERR-108,Low,Failure,16,21,1,CUST-134098,DEV-MAC-75825,3.0667
2026-10-07T23:10:03,payment-api,/transfer,eu-west-1,144,75,51,12,2290.61,ERR-203,Low,Failure,1,23,1,CUST-112349,DEV-WIN-84725,2.256
2026-10-07T23:10:03,ledger-service,/balance_check,eu-west-1,14,8,10,1,0,ERR-000,Healthy,Success,4,0,0,CUST-134098,DEV-MAC-75825,1.1
2026-10-07T23:10:13,investment-engine,/portfolio,ap-southeast-1,226,94,96,32,9043.34,ERR-903,High,Failure,11,85,1,CUST-123456,DEV-MAC-0149A5,2.4775
2026-10-07T23:10:13,ledger-service,/balance_check,ap-southeast-1,30,20,52,5,0,ERR-109,High,Failure,20,90,1,CUST-134098,DEV-WIN-99325,3.5333
2026-10-07T23:10:13,auth-service,/login,us-east-1,47,20,49,4,0,ERR-209,Low,Failure,4,39,1,CUST-100483,DEV-WIN-99325,2.4
2026-10-07T23:10:23,ledger-service,/balance_check,eu-west-1,24,20,48,4,0,ERR-210,Low,Failure,1,39,1,CUST-109482,DEV-WIN-84725,3.0667
2026-10-07T23:10:23,fraud-detection,/payment,eu-west-1,147,90,94,9,0,ERR-901,Low,Failure,7,24,1,CUST-109482,DEV-MAC-75825,2.1968
2026-10-07T23:10:23,payment-api,/transfer,ap-southeast-1,191,80,61,18,8298.79,ERR-903,High,Failure,4,81,1,CUST-134098,DEV-MAC-0149A5,2.9357
2026-10-07T23:10:33,ledger-service,/balance_check,eu-west-1,2,1,7,1,0,ERR-000,Healthy,Success,1,4,0,CUST-112349,DEV-WIN-99325,0.4167
2026-10-07T23:10:43,ledger-service,/balance_check,us-east-1,11,7,25,2,0,ERR-000,Healthy,Success,1,0,0,CUST-100483,DEV-MAC-0149A5,1.4167
2026-10-07T23:10:43,payment-api,/transfer,us-west-2,130,78,51,12,2570.3,ERR-301,Low,Failure,9,40,1,CUST-123456,DEV-LIN-11235,2.225
2026-10-07T23:11:03,ledger-service,/balance_check,us-east-1,30,20,51,5,0,ERR-201,High,Failure,18,89,1,CUST-100483,DEV-WIN-99325,3.5167
2026-10-07T23:11:03,trading-engine,/trade,ap-southeast-1,143,72,59,1,562.31,ERR-306,Low,Failure,2,20,1,CUST-112349,DEV-LIN-11235,10.3886
2026-10-07T23:11:03,payment-api,/withdrawal,ap-southeast-1,145,72,56,14,4686.61,ERR-105,Low,Failure,1,40,1,CUST-134098,DEV-LIN-11235,2.3933
2026-10-07T23:11:13,ledger-service,/balance_check,ap-southeast-1,30,23,50,6,0,ERR-902,High,Failure,9,85,1,CUST-123456,DEV-MAC-0149A5,3.8
2026-10-07T23:11:13,investment-engine,/portfolio,eu-west-1,96,30,49,6,7995.17,ERR-000,Healthy,Success,4,5,0,CUST-123456,DEV-MAC-0149A5,0.7657
2026-10-07T23:11:23,ledger-service,/balance_check,eu-west-1,27,20,45,5,0,ERR-207,Low,Failure,10,20,1,CUST-109482,DEV-MAC-75825,3.3167
2026-10-07T23:11:23,trading-engine,/trade,us-east-1,150,78,56,1,1113.1,ERR-301,Low,Failure,19,36,1,CUST-123456,DEV-LIN-11235,10.8694
2026-10-07T23:11:33,ledger-service,/balance_check,us-west-2,31,24,58,5,0,ERR-903,High,Failure,8,89,1,CUST-109482,DEV-MAC-75825,3.8
2026-10-07T23:11:33,auth-service,/login,us-east-1,40,18,44,5,0,ERR-705,Low,Failure,8,25,1,CUST-109482,DEV-MAC-75825,2.41
2026-10-07T23:11:33,trading-engine,/trade,us-west-2,140,80,55,1,6095.07,ERR-703,Low,Failure,4,21,1,CUST-100483,DEV-MAC-75825,10.2074
2026-10-07T23:11:43,ledger-service,/balance_check,us-east-1,30,20,45,4,0,ERR-108,Low,Failure,6,24,1,CUST-100483,DEV-MAC-0149A5,3.2167
2026-10-07T23:11:43,auth-service,/login,eu-west-1,46,18,45,4,0,ERR-304,Low,Failure,5,39,1,CUST-112349,DEV-MAC-75825,2.2975
2026-10-07T23:11:53,auth-service,/login,eu-west-1,45,20,47,4,0,ERR-902,Low,Failure,4,24,1,CUST-112349,DEV-WIN-99325,2.35
2026-10-07T23:12:03,trading-engine,/trade,ap-southeast-1,135,75,55,1,9878.85,ERR-106,Low,Failure,6,25,1,CUST-112349,DEV-MAC-0149A5,9.8574
2026-10-07T23:12:03,investment-engine,/portfolio,us-east-1,193,89,84,27,12110.17,ERR-303,Low,Failure,6,33,1,CUST-100483,DEV-WIN-99325,2.1524
2026-10-07T23:12:13,ledger-service,/balance_check,us-west-2,33,20,55,5,0,ERR-307,High,Failure,2,80,1,CUST-100483,DEV-WIN-84725,3.6833
2026-10-07T23:12:13,trading-engine,/trade,ap-southeast-1,179,81,63,2,4149.63,ERR-903,High,Failure,12,84,1,CUST-109482,DEV-MAC-75825,13.3264
2026-10-07T23:12:23,ledger-service,/balance_check,us-west-2,29,19,48,4,0,ERR-306,Low,Failure,14,28,1,CUST-109482,DEV-LIN-11235,3.2
2026-10-07T23:12:33,investment-engine,/portfolio,eu-west-1,198,90,87,29,5805.82,ERR-201,Low,Failure,9,28,1,CUST-100483,DEV-MAC-75825,2.2466
2026-10-07T23:12:33,auth-service,/login,eu-west-1,49,18,47,4,0,ERR-202,Low,Failure,19,26,1,CUST-112349,DEV-WIN-99325,2.36
2026-10-07T23:12:33,fraud-detection,/payment,us-west-2,22,51,2,6,0,ERR-000,Healthy,Success,16,5,0,CUST-112349,DEV-WIN-99325,0.8761
2026-10-07T23:12:33,payment-api,/transfer,us-west-2,145,80,60,15,3732.88,ERR-105,Low,Failure,1,34,1,CUST-100483,DEV-WIN-99325,2.5467
2026-10-07T23:12:33,ledger-service,/balance_check,us-west-2,30,19,49,5,0,ERR-201,Low,Failure,7,24,1,CUST-109482,DEV-MAC-0149A5,3.45
2026-10-07T23:12:43,auth-service,/login,eu-west-1,47,18,49,5,0,ERR-207,Low,Failure,16,29,1,CUST-109482,DEV-MAC-0149A5,2.56
2026-10-07T23:12:53,ledger-service,/balance_check,eu-west-1,30,18,46,4,0,ERR-108,Low,Failure,12,32,1,CUST-123456,DEV-WIN-84725,3.1667
2026-10-07T23:13:03,ledger-service,/balance_check,eu-west-1,27,19,47,5,0,ERR-108,Low,Failure,15,34,1,CUST-100483,DEV-MAC-75825,3.3167
2026-10-07T23:13:03,fraud-detection,/payment,ap-southeast-1,94,7,66,3,0,ERR-000,Healthy,Success,1,5,0,CUST-112349,DEV-MAC-0149A5,1.0086
2026-10-07T23:13:03,investment-engine,/portfolio,ap-southeast-1,197,81,81,29,12972.38,ERR-205,Low,Failure,18,30,1,CUST-100483,DEV-WIN-84725,2.1865
2026-10-07T23:13:03,payment-api,/transfer,us-west-2,206,100,83,21,453.92,ERR-901,Critical,Failure,1,98,1,CUST-100483,DEV-MAC-0149A5,3.4723
2026-10-07T23:13:13,ledger-service,/balance_check,us-west-2,29,16,50,5,0,ERR-307,Low,Failure,15,34,1,CUST-100483,DEV-WIN-84725,3.3333
2026-10-07T23:13:23,ledger-service,/balance_check,us-east-1,27,19,46,5,0,ERR-201,Low,Failure,10,24,1,CUST-123456,DEV-LIN-11235,3.3
2026-10-07T23:13:33,payment-api,/withdrawal,ap-southeast-1,137,69,55,13,2881.91,ERR-703,Low,Failure,6,24,1,CUST-112349,DEV-MAC-75825,2.2647
2026-10-07T23:13:33,ledger-service,/balance_check,us-east-1,29,18,50,4,0,ERR-901,Low,Failure,6,32,1,CUST-112349,DEV-LIN-11235,3.2
2026-10-07T23:13:43,fraud-detection,/payment,ap-southeast-1,175,100,100,12,0,ERR-302,High,Failure,15,87,1,CUST-109482,DEV-WIN-99325,2.7143
2026-10-07T23:13:43,trading-engine,/trade,eu-west-1,183,100,73,2,4220.13,ERR-901,Critical,Failure,20,95,1,CUST-100483,DEV-MAC-0149A5,13.6759
2026-10-07T23:13:43,ledger-service,/balance_check,us-west-2,24,18,45,4,0,ERR-301,Low,Failure,18,30,1,CUST-109482,DEV-WIN-84725,2.95
2026-10-07T23:13:53,investment-engine,/portfolio,eu-west-1,11,42,42,14,11551.39,ERR-000,Healthy,Success,16,2,0,CUST-109482,DEV-LIN-11235,0.7954
2026-10-07T23:13:53,trading-engine,/trade,us-west-2,25,18,42,1,8322.85,ERR-000,Healthy,Success,3,0,0,CUST-112349,DEV-MAC-75825,2.3087
2026-10-07T23:14:03,trading-engine,/trade,eu-west-1,135,76,55,1,7264,ERR-306,Low,Failure,15,35,1,CUST-100483,DEV-MAC-0149A5,9.8608
2026-10-07T23:14:03,payment-api,/withdrawal,ap-southeast-1,160,92,60,17,3361.93,ERR-306,High,Failure,9,86,1,CUST-109482,DEV-MAC-75825,2.84
2026-10-07T23:14:03,fraud-detection,/payment,us-west-2,149,81,80,8,0,ERR-705,Low,Failure,5,29,1,CUST-112349,DEV-WIN-84725,2.074
2026-10-07T23:14:13,ledger-service,/balance_check,ap-southeast-1,36,21,56,5,0,ERR-903,High,Failure,11,83,1,CUST-123456,DEV-LIN-11235,3.8333
2026-10-07T23:14:13,trading-engine,/trade,us-east-1,171,82,72,2,4121.13,ERR-903,High,Failure,7,87,1,CUST-112349,DEV-LIN-11235,12.814
2026-10-07T23:14:23,auth-service,/login,us-east-1,47,19,46,4,0,ERR-301,Low,Failure,14,36,1,CUST-112349,DEV-LIN-11235,2.3425
2026-10-07T23:14:23,ledger-service,/balance_check,us-east-1,31,21,58,5,0,ERR-903,High,Failure,5,80,1,CUST-112349,DEV-LIN-11235,3.7
2026-10-07T23:14:33,payment-api,/withdrawal,eu-west-1,170,90,65,18,8853.13,ERR-903,High,Failure,10,81,1,CUST-134098,DEV-LIN-11235,2.955
2026-10-07T23:14:43,investment-engine,/portfolio,ap-southeast-1,195,84,83,29,9296.12,ERR-103,Low,Failure,15,38,1,CUST-109482,DEV-MAC-0149A5,2.1988
2026-10-07T23:14:43,auth-service,/login,us-east-1,51,21,52,5,0,ERR-903,Medium,Failure,20,62,1,CUST-109482,DEV-WIN-84725,2.7075
2026-10-07T23:14:43,ledger-service,/balance_check,eu-west-1,7,7,22,2,0,ERR-000,Healthy,Success,16,3,0,CUST-123456,DEV-MAC-0149A5,1.2333
2026-10-07T23:14:53,ledger-service,/balance_check,eu-west-1,30,18,45,4,0,ERR-103,Low,Failure,18,24,1,CUST-123456,DEV-MAC-75825,3.15
2026-10-07T23:15:03,investment-engine,/portfolio,us-east-1,197,85,88,30,14574.26,ERR-308,Low,Failure,13,22,1,CUST-109482,DEV-LIN-11235,2.2535
2026-10-07T23:15:03,ledger-service,/balance_check,ap-southeast-1,5,4,7,2,0,ERR-000,Healthy,Success,1,5,0,CUST-112349,DEV-WIN-99325,0.8167
2026-10-07T23:15:13,fraud-detection,/payment,ap-southeast-1,170,95,100,10,0,ERR-701,High,Failure,5,82,1,CUST-112349,DEV-WIN-84725,2.4685
2026-10-07T23:15:33,trading-engine,/trade,eu-west-1,149,78,55,1,9800.38,ERR-110,Low,Failure,20,38,1,CUST-123456,DEV-WIN-84725,10.8008
2026-10-07T23:15:33,auth-service,/login,eu-west-1,50,20,50,5,0,ERR-203,Medium,Failure,18,75,1,CUST-123456,DEV-WIN-99325,2.65
2026-10-07T23:15:33,payment-api,/withdrawal,ap-southeast-1,147,72,58,15,4026.51,ERR-104,Low,Failure,17,22,1,CUST-109482,DEV-WIN-84725,2.478
2026-10-07T23:15:43,ledger-service,/balance_check,eu-west-1,27,19,50,5,0,ERR-903,Low,Failure,2,39,1,CUST-123456,DEV-LIN-11235,3.3667
2026-10-07T23:15:43,fraud-detection,/payment,eu-west-1,138,81,90,9,0,ERR-201,Low,Failure,18,34,1,CUST-109482,DEV-WIN-84725,2.1104
2026-10-07T23:15:53,trading-engine,/trade,us-west-2,149,75,55,1,3478.37,ERR-703,Low,Failure,18,33,1,CUST-123456,DEV-MAC-0149A5,10.7908
2026-10-07T23:15:53,investment-engine,/portfolio,us-east-1,12,9,30,21,6057.95,ERR-000,Healthy,Success,4,1,0,CUST-134098,DEV-MAC-0149A5,0.8436
2026-10-07T23:15:53,ledger-service,/balance_check,us-east-1,28,19,46,4,0,ERR-206,Low,Failure,19,28,1,CUST-112349,DEV-LIN-11235,3.1333
2026-10-07T23:16:03,fraud-detection,/payment,us-east-1,150,85,92,9,0,ERR-705,Low,Failure,16,32,1,CUST-109482,DEV-MAC-0149A5,2.2023
2026-10-07T23:16:13,ledger-service,/balance_check,ap-southeast-1,30,20,46,4,0,ERR-110,Low,Failure,12,33,1,CUST-123456,DEV-MAC-0149A5,3.2333
2026-10-07T23:16:23,ledger-service,/balance_check,eu-west-1,14,3,32,2,0,ERR-000,Healthy,Success,11,1,0,CUST-123456,DEV-WIN-99325,1.5
2026-10-07T23:16:23,fraud-detection,/payment,us-west-2,140,82,100,10,0,ERR-703,Low,Failure,1,26,1,CUST-109482,DEV-WIN-99325,2.236
2026-10-07T23:16:23,auth-service,/login,eu-west-1,44,16,47,4,0,ERR-308,Low,Failure,13,25,1,CUST-100483,DEV-WIN-84725,2.2575
2026-10-07T23:16:33,trading-engine,/trade,eu-west-1,148,76,58,1,7717.28,ERR-105,Low,Failure,18,29,1,CUST-109482,DEV-LIN-11235,10.7333
2026-10-07T23:16:43,ledger-service,/balance_check,eu-west-1,28,19,49,4,0,ERR-901,Low,Failure,17,24,1,CUST-134098,DEV-LIN-11235,3.1833
2026-10-07T23:16:43,investment-engine,/portfolio,us-east-1,195,86,85,27,5870.5,ERR-105,Low,Failure,16,31,1,CUST-123456,DEV-WIN-84725,2.146
2026-10-07T23:16:53,ledger-service,/balance_check,us-east-1,27,20,50,5,0,ERR-101,Low,Failure,1,33,1,CUST-123456,DEV-LIN-11235,3.4
2026-10-07T23:17:03,ledger-service,/balance_check,ap-southeast-1,28,20,45,4,0,ERR-102,Low,Failure,18,32,1,CUST-100483,DEV-LIN-11235,3.15
2026-10-07T23:17:03,auth-service,/login,eu-west-1,49,20,45,5,0,ERR-303,Low,Failure,19,37,1,CUST-112349,DEV-MAC-0149A5,2.575
2026-10-07T23:17:03,investment-engine,/portfolio,us-east-1,181,81,84,27,9432.04,ERR-205,Low,Failure,16,32,1,CUST-100483,DEV-MAC-0149A5,2.0724
2026-10-07T23:17:13,investment-engine,/portfolio,us-west-2,230,93,90,33,10583.43,ERR-109,High,Failure,8,89,1,CUST-112349,DEV-WIN-84725,2.5074
2026-10-07T23:17:13,ledger-service,/balance_check,us-west-2,30,18,46,5,0,ERR-202,Low,Failure,5,37,1,CUST-109482,DEV-LIN-11235,3.3667
2026-10-07T23:17:23,investment-engine,/portfolio,us-west-2,125,36,16,15,5109.05,ERR-000,Healthy,Success,7,1,0,CUST-123456,DEV-LIN-11235,1.1279
2026-10-07T23:17:33,fraud-detection,/payment,eu-west-1,155,90,100,12,0,ERR-204,High,Failure,11,84,1,CUST-123456,DEV-WIN-99325,2.556
2026-10-07T23:17:33,auth-service,/login,eu-west-1,46,18,47,5,0,ERR-302,Low,Failure,20,32,1,CUST-134098,DEV-MAC-75825,2.5225
2026-10-07T23:17:43,ledger-service,/balance_check,ap-southeast-1,27,19,50,4,0,ERR-701,Low,Failure,4,34,1,CUST-123456,DEV-WIN-99325,3.1667
2026-10-07T23:17:43,auth-service,/login,eu-west-1,47,18,50,4,0,ERR-701,Low,Failure,4,37,1,CUST-112349,DEV-WIN-84725,2.3725
2026-10-07T23:17:53,fraud-detection,/payment,us-east-1,178,99,100,11,0,ERR-302,High,Failure,10,89,1,CUST-134098,DEV-MAC-0149A5,2.6318
2026-10-07T23:17:53,payment-api,/transfer,eu-west-1,182,86,68,16,8187.11,ERR-903,High,Failure,18,88,1,CUST-123456,DEV-WIN-99325,2.8513
2026-10-07T23:18:03,payment-api,/transfer,us-west-2,146,72,59,15,8922.93,ERR-303,Low,Failure,1,25,1,CUST-112349,DEV-WIN-99325,2.479
2026-10-07T23:18:03,fraud-detection,/payment,eu-west-1,149,81,94,9,0,ERR-301,Low,Failure,4,22,1,CUST-109482,DEV-MAC-0149A5,2.1876
2026-10-07T23:18:13,auth-service,/login,ap-southeast-1,45,19,49,5,0,ERR-705,Low,Failure,8,38,1,CUST-112349,DEV-LIN-11235,2.555
2026-10-07T23:18:13,ledger-service,/balance_check,eu-west-1,27,20,47,4,0,ERR-110,Low,Failure,15,34,1,CUST-134098,DEV-WIN-84725,3.15
2026-10-07T23:18:23,trading-engine,/trade,ap-southeast-1,121,66,59,2,9018.61,ERR-904,Low,Failure,12,22,1,CUST-134098,DEV-MAC-0149A5,9.4019
2026-10-07T23:18:23,auth-service,/login,us-west-2,48,19,45,4,0,ERR-705,Low,Failure,10,20,1,CUST-112349,DEV-WIN-84725,2.3425
2026-10-07T23:18:23,ledger-service,/balance_check,ap-southeast-1,28,18,47,5,0,ERR-203,Low,Failure,7,39,1,CUST-112349,DEV-MAC-0149A5,3.3167
2026-10-07T23:18:33,ledger-service,/balance_check,ap-southeast-1,36,22,60,5,0,ERR-903,High,Failure,2,80,1,CUST-112349,DEV-LIN-11235,3.9333
2026-10-07T23:18:33,fraud-detection,/payment,ap-southeast-1,144,84,96,10,0,ERR-702,Low,Failure,16,22,1,CUST-123456,DEV-WIN-99325,2.2638
2026-10-07T23:18:33,trading-engine,/trade,ap-southeast-1,147,75,59,2,8995.74,ERR-705,Low,Failure,20,24,1,CUST-100483,DEV-WIN-99325,11.1652
2026-10-07T23:18:33,auth-service,/login,ap-southeast-1,7,7,13,3,0,ERR-000,Healthy,Success,9,5,0,CUST-100483,DEV-WIN-84725,0.99
2026-10-07T23:18:43,payment-api,/transfer,ap-southeast-1,148,74,60,15,2657.76,ERR-109,Low,Failure,20,39,1,CUST-112349,DEV-MAC-75825,2.5087
2026-10-07T23:18:53,fraud-detection,/payment,ap-southeast-1,87,23,47,1,0,ERR-000,Healthy,Success,4,4,0,CUST-112349,DEV-WIN-99325,0.7834
2026-10-07T23:18:53,trading-engine,/trade,us-east-1,146,80,55,1,7311.84,ERR-209,Low,Failure,18,37,1,CUST-112349,DEV-WIN-99325,10.6074
2026-10-07T23:19:03,ledger-service,/balance_check,us-west-2,30,19,48,4,0,ERR-205,Low,Failure,20,32,1,CUST-112349,DEV-MAC-0149A5,3.2333
2026-10-07T23:19:13,auth-service,/login,ap-southeast-1,45,18,50,4,0,ERR-107,Low,Failure,6,25,1,CUST-123456,DEV-WIN-84725,2.3475
2026-10-07T23:19:13,payment-api,/withdrawal,eu-west-1,147,77,54,15,9980.48,ERR-309,Low,Failure,7,36,1,CUST-112349,DEV-WIN-84725,2.4997
2026-10-07T23:19:23,ledger-service,/balance_check,eu-west-1,34,20,59,6,0,ERR-704,High,Failure,5,87,1,CUST-123456,DEV-LIN-11235,3.9833
2026-10-07T23:19:23,payment-api,/withdrawal,ap-southeast-1,23,50,3,3,5141.28,ERR-000,Healthy,Success,10,5,0,CUST-109482,DEV-WIN-99325,0.7237
2026-10-07T23:19:33,payment-api,/withdrawal,ap-southeast-1,158,78,58,13,1205.57,ERR-308,Low,Failure,19,40,1,CUST-134098,DEV-MAC-0149A5,2.4387
2026-10-07T23:19:33,fraud-detection,/payment,us-east-1,139,87,95,9,0,ERR-704,Low,Failure,7,37,1,CUST-112349,DEV-LIN-11235,2.1369
2026-10-07T23:19:33,trading-engine,/trade,us-west-2,143,73,57,2,1401.37,ERR-902,Low,Failure,1,20,1,CUST-109482,DEV-LIN-11235,10.888
2026-10-07T23:19:43,payment-api,/transfer,eu-west-1,214,100,73,20,5428.5,ERR-901,Critical,Failure,15,100,1,CUST-123456,DEV-LIN-11235,3.3877
2026-10-07T23:19:43,ledger-service,/balance_check,us-west-2,30,18,45,4,0,ERR-205,Low,Failure,5,31,1,CUST-123456,DEV-LIN-11235,3.15
2026-10-07T23:19:53,ledger-service,/balance_check,eu-west-1,29,19,46,5,0,ERR-301,Low,Failure,20,22,1,CUST-100483,DEV-WIN-84725,3.3667
2026-10-07T23:19:53,payment-api,/withdrawal,us-east-1,149,77,58,14,1535.72,ERR-905,Low,Failure,4,32,1,CUST-134098,DEV-LIN-11235,2.461
2026-10-07T23:20:03,fraud-detection,/payment,us-east-1,11,34,46,6,0,ERR-000,Healthy,Success,13,0,0,CUST-134098,DEV-MAC-75825,0.8033
2026-10-07T23:20:13,trading-engine,/trade,eu-west-1,73,38,6,1,790.86,ERR-000,Healthy,Success,15,0,0,CUST-134098,DEV-MAC-75825,5.5051
2026-10-07T23:20:23,ledger-service,/balance_check,eu-west-1,29,18,47,4,0,ERR-310,Low,Failure,14,36,1,CUST-109482,DEV-WIN-99325,3.15
2026-10-07T23:20:23,payment-api,/transfer,us-west-2,142,75,51,15,1786.15,ERR-308,Low,Failure,13,30,1,CUST-100483,DEV-MAC-0149A5,2.448
2026-10-07T23:20:23,investment-engine,/portfolio,us-east-1,204,94,100,32,6290.31,ERR-903,High,Failure,18,82,1,CUST-100483,DEV-LIN-11235,2.412
2026-10-07T23:20:33,ledger-service,/balance_check,us-west-2,33,22,52,6,0,ERR-903,High,Failure,4,89,1,CUST-109482,DEV-WIN-99325,3.9
2026-10-07T23:20:43,trading-engine,/trade,us-west-2,170,90,71,2,839.71,ERR-903,High,Failure,17,85,1,CUST-134098,DEV-MAC-0149A5,12.772
2026-10-07T23:20:53,ledger-service,/balance_check,us-west-2,24,19,46,5,0,ERR-104,Low,Failure,18,27,1,CUST-109482,DEV-WIN-84725,3.2
2026-10-07T23:21:03,ledger-service,/balance_check,ap-southeast-1,33,21,60,6,0,ERR-903,High,Failure,6,87,1,CUST-112349,DEV-LIN-11235,4
2026-10-07T23:21:03,auth-service,/login,us-west-2,46,16,44,4,0,ERR-110,Low,Failure,2,25,1,CUST-134098,DEV-MAC-0149A5,2.245
2026-10-07T23:21:13,ledger-service,/balance_check,ap-southeast-1,33,22,52,6,0,ERR-903,High,Failure,11,80,1,CUST-123456,DEV-WIN-99325,3.9
2026-10-07T23:21:13,fraud-detection,/payment,ap-southeast-1,146,75,91,9,0,ERR-309,Low,Failure,13,30,1,CUST-100483,DEV-MAC-75825,2.1497
2026-10-07T23:21:23,ledger-service,/balance_check,us-east-1,29,20,50,5,0,ERR-108,Low,Failure,4,25,1,CUST-134098,DEV-LIN-11235,3.4667
2026-10-07T23:21:23,fraud-detection,/payment,ap-southeast-1,177,100,100,12,0,ERR-304,High,Failure,6,87,1,CUST-112349,DEV-WIN-84725,2.7277
2026-10-07T23:21:33,payment-api,/transfer,us-west-2,175,94,66,18,7628.69,ERR-903,High,Failure,9,90,1,CUST-100483,DEV-LIN-11235,3.0133
2026-10-07T23:21:33,ledger-service,/balance_check,us-east-1,26,18,48,4,0,ERR-208,Low,Failure,14,32,1,CUST-109482,DEV-MAC-0149A5,3.0667
2026-10-07T23:21:43,auth-service,/login,ap-southeast-1,46,18,50,5,0,ERR-905,Low,Failure,18,29,1,CUST-109482,DEV-MAC-75825,2.56
2026-10-07T23:21:43,trading-engine,/trade,eu-west-1,148,77,60,2,292.36,ERR-301,Low,Failure,14,37,1,CUST-134098,DEV-LIN-11235,11.2405
2026-10-07T23:21:43,ledger-service,/balance_check,eu-west-1,13,4,4,2,0,ERR-000,Healthy,Success,17,3,0,CUST-100483,DEV-WIN-84725,1.0333
2026-10-07T23:21:53,ledger-service,/balance_check,ap-southeast-1,29,19,47,4,0,ERR-701,Low,Failure,11,28,1,CUST-112349,DEV-WIN-84725,3.1833
2026-10-07T23:22:03,ledger-service,/balance_check,eu-west-1,14,13,34,1,0,ERR-000,Healthy,Success,19,1,0,CUST-100483,DEV-LIN-11235,1.6667
2026-10-07T23:22:13,payment-api,/withdrawal,ap-southeast-1,139,78,54,14,1168.44,ERR-209,Low,Failure,9,35,1,CUST-134098,DEV-MAC-0149A5,2.4093
2026-10-07T23:22:13,auth-service,/login,us-west-2,42,18,47,5,0,ERR-109,Low,Failure,17,36,1,CUST-100483,DEV-WIN-99325,2.4725
2026-10-07T23:22:13,ledger-service,/balance_check,ap-southeast-1,34,24,50,6,0,ERR-309,High,Failure,8,83,1,CUST-100483,DEV-MAC-0149A5,3.9667
2026-10-07T23:22:23,trading-engine,/trade,us-east-1,147,75,55,1,9382.54,ERR-902,Low,Failure,17,28,1,CUST-112349,DEV-WIN-99325,10.6574
2026-10-07T23:22:23,ledger-service,/balance_check,ap-southeast-1,6,8,34,2,0,ERR-000,Healthy,Success,8,3,0,CUST-134098,DEV-WIN-99325,1.4333
2026-10-07T23:22:33,fraud-detection,/payment,us-east-1,139,82,91,10,0,ERR-103,Low,Failure,8,37,1,CUST-123456,DEV-MAC-75825,2.2205
2026-10-07T23:22:33,auth-service,/login,eu-west-1,48,19,47,4,0,ERR-307,Low,Failure,9,21,1,CUST-109482,DEV-WIN-84725,2.3675
2026-10-07T23:22:33,payment-api,/transfer,ap-southeast-1,166,94,64,17,7199.54,ERR-903,High,Failure,17,83,1,CUST-100483,DEV-MAC-0149A5,2.9007
2026-10-07T23:22:53,payment-api,/transfer,eu-west-1,168,85,61,18,217.74,ERR-903,High,Failure,14,81,1,CUST-112349,DEV-LIN-11235,2.8853
2026-10-07T23:22:53,ledger-service,/balance_check,eu-west-1,20,12,14,3,0,ERR-000,Healthy,Success,17,4,0,CUST-112349,DEV-MAC-0149A5,1.9
2026-10-07T23:22:53,fraud-detection,/payment,eu-west-1,135,85,94,9,0,ERR-107,Low,Failure,5,22,1,CUST-134098,DEV-WIN-84725,2.1043
2026-10-07T23:22:53,auth-service,/login,ap-southeast-1,52,21,50,5,0,ERR-902,Medium,Failure,6,60,1,CUST-112349,DEV-LIN-11235,2.695
2026-10-07T23:23:03,payment-api,/transfer,ap-southeast-1,152,67,52,12,6939.46,ERR-304,Low,Failure,19,29,1,CUST-109482,DEV-WIN-84725,2.2263
2026-10-07T23:23:03,auth-service,/login,us-east-1,13,13,25,2,0,ERR-000,Healthy,Success,8,2,0,CUST-100483,DEV-WIN-99325,1.135
2026-10-07T23:23:13,payment-api,/withdrawal,us-west-2,143,67,49,12,6793.65,ERR-000,Normal,Success,20,14,0,CUST-123456,DEV-MAC-75825,2.1753
2026-10-07T23:23:23,auth-service,/login,ap-southeast-1,26,1,12,3,0,ERR-000,Healthy,Success,3,3,0,CUST-109482,DEV-WIN-99325,1.095
2026-10-07T23:23:23,trading-engine,/trade,eu-west-1,140,77,55,1,9422.38,ERR-205,Low,Failure,17,25,1,CUST-100483,DEV-LIN-11235,10.1974
2026-10-07T23:23:23,fraud-detection,/payment,us-west-2,58,9,28,4,0,ERR-000,Healthy,Success,20,3,0,CUST-112349,DEV-LIN-11235,0.8365
2026-10-07T23:23:43,ledger-service,/balance_check,us-east-1,28,18,47,4,0,ERR-110,Low,Failure,14,40,1,CUST-112349,DEV-MAC-75825,3.1167
2026-10-07T23:23:43,trading-engine,/trade,eu-west-1,146,76,59,2,2701.49,ERR-308,Low,Failure,19,20,1,CUST-134098,DEV-MAC-75825,11.1019
2026-10-07T23:23:53,fraud-detection,/payment,eu-west-1,197,100,100,14,0,ERR-904,Critical,Failure,5,94,1,CUST-123456,DEV-WIN-99325,3.061
2026-10-07T23:23:53,payment-api,/transfer,ap-southeast-1,152,74,56,13,8704.62,ERR-209,Low,Failure,4,33,1,CUST-112349,DEV-WIN-84725,2.3713
2026-10-07T23:23:53,ledger-service,/balance_check,us-east-1,19,8,7,3,0,ERR-000,Healthy,Success,20,4,0,CUST-134098,DEV-MAC-0149A5,1.6167
2026-10-07T23:24:03,fraud-detection,/payment,us-west-2,135,80,94,8,0,ERR-903,Low,Failure,15,40,1,CUST-134098,DEV-LIN-11235,1.9918
2026-10-07T23:24:13,investment-engine,/portfolio,eu-west-1,232,95,100,30,6749.51,ERR-903,High,Failure,13,86,1,CUST-109482,DEV-MAC-75825,2.4436
2026-10-07T23:24:13,ledger-service,/balance_check,us-east-1,35,21,56,6,0,ERR-903,High,Failure,11,85,1,CUST-134098,DEV-WIN-99325,4
2026-10-07T23:24:13,fraud-detection,/payment,us-east-1,159,93,100,12,0,ERR-206,High,Failure,5,84,1,CUST-112349,DEV-WIN-84725,2.5902
2026-10-07T23:24:23,ledger-service,/balance_check,us-east-1,34,24,54,5,0,ERR-903,High,Failure,18,88,1,CUST-100483,DEV-WIN-99325,3.8333
2026-10-07T23:24:33,ledger-service,/balance_check,us-east-1,30,21,60,6,0,ERR-903,High,Failure,8,81,1,CUST-109482,DEV-LIN-11235,3.9
2026-10-07T23:24:33,investment-engine,/portfolio,us-west-2,185,81,85,30,13254.46,ERR-701,Low,Failure,16,25,1,CUST-123456,DEV-WIN-99325,2.1877
2026-10-07T23:24:43,ledger-service,/balance_check,us-west-2,33,23,58,6,0,ERR-903,High,Failure,20,81,1,CUST-134098,DEV-MAC-75825,4.0333
2026-10-07T23:24:53,ledger-service,/balance_check,eu-west-1,29,17,48,4,0,ERR-308,Low,Failure,9,22,1,CUST-109482,DEV-LIN-11235,3.1333
2026-10-07T23:25:03,trading-engine,/trade,us-west-2,148,68,52,1,3060.06,ERR-203,Low,Failure,19,28,1,CUST-134098,DEV-MAC-0149A5,10.6949
2026-10-07T23:25:03,ledger-service,/balance_check,ap-southeast-1,27,20,48,5,0,ERR-705,Low,Failure,13,28,1,CUST-134098,DEV-WIN-99325,3.3667
2026-10-07T23:25:13,ledger-service,/balance_check,ap-southeast-1,30,19,48,5,0,ERR-310,Low,Failure,1,37,1,CUST-123456,DEV-MAC-0149A5,3.4333
2026-10-07T23:25:23,ledger-service,/balance_check,ap-southeast-1,24,19,48,5,0,ERR-905,Low,Failure,1,20,1,CUST-112349,DEV-MAC-0149A5,3.2333
2026-10-07T23:25:33,trading-engine,/trade,us-west-2,152,95,71,2,2510.49,ERR-903,High,Failure,19,82,1,CUST-100483,DEV-MAC-0149A5,11.5887
2026-10-07T23:25:33,payment-api,/transfer,eu-west-1,188,91,62,17,4591.29,ERR-903,High,Failure,7,90,1,CUST-134098,DEV-WIN-99325,2.9537
2026-10-07T23:25:33,auth-service,/login,us-east-1,49,19,45,4,0,ERR-205,Low,Failure,2,39,1,CUST-123456,DEV-WIN-99325,2.355
2026-10-07T23:25:43,ledger-service,/balance_check,us-west-2,29,18,50,4,0,ERR-301,Low,Failure,15,33,1,CUST-134098,DEV-MAC-0149A5,3.2
2026-10-07T23:25:43,payment-api,/transfer,ap-southeast-1,147,80,60,14,4606.32,ERR-705,Low,Failure,14,32,1,CUST-123456,DEV-MAC-75825,2.488
2026-10-07T23:25:53,ledger-service,/balance_check,eu-west-1,30,19,48,4,0,ERR-703,Low,Failure,6,20,1,CUST-123456,DEV-MAC-0149A5,3.2333
2026-10-07T23:26:13,ledger-service,/balance_check,us-west-2,30,18,49,5,0,ERR-205,Low,Failure,10,23,1,CUST-134098,DEV-MAC-75825,3.4167
2026-10-07T23:26:23,ledger-service,/balance_check,eu-west-1,35,23,56,5,0,ERR-903,High,Failure,4,83,1,CUST-123456,DEV-LIN-11235,3.8667
2026-10-07T23:26:23,auth-service,/login,ap-southeast-1,45,20,46,5,0,ERR-107,Low,Failure,13,31,1,CUST-100483,DEV-WIN-84725,2.5375
2026-10-07T23:26:33,payment-api,/withdrawal,eu-west-1,139,74,51,12,1926.71,ERR-306,Low,Failure,1,29,1,CUST-109482,DEV-MAC-75825,2.2277
2026-10-07T23:26:33,trading-engine,/trade,us-west-2,153,88,69,2,2616.32,ERR-903,High,Failure,19,86,1,CUST-109482,DEV-LIN-11235,11.6281
2026-10-07T23:26:33,ledger-service,/balance_check,eu-west-1,32,24,55,5,0,ERR-903,High,Failure,6,86,1,CUST-134098,DEV-WIN-84725,3.7833
2026-10-07T23:26:33,fraud-detection,/payment,us-west-2,41,7,50,2,0,ERR-000,Healthy,Success,8,0,0,CUST-112349,DEV-LIN-11235,0.5397
2026-10-07T23:26:53,auth-service,/login,us-east-1,51,21,50,5,0,ERR-208,Medium,Failure,18,61,1,CUST-100483,DEV-WIN-99325,2.6825
2026-10-07T23:27:03,auth-service,/login,ap-southeast-1,45,18,49,5,0,ERR-209,Low,Failure,14,26,1,CUST-134098,DEV-MAC-0149A5,2.535
2026-10-07T23:27:03,ledger-service,/balance_check,us-west-2,29,18,49,5,0,ERR-905,Low,Failure,20,36,1,CUST-109482,DEV-MAC-75825,3.3833
2026-10-07T23:27:03,fraud-detection,/payment,ap-southeast-1,141,86,90,10,0,ERR-101,Low,Failure,5,31,1,CUST-112349,DEV-MAC-0149A5,2.2429
2026-10-07T23:27:13,ledger-service,/balance_check,us-east-1,26,18,40,5,0,ERR-702,Low,Failure,13,36,1,CUST-123456,DEV-MAC-75825,3.1333
2026-10-07T23:27:13,trading-engine,/trade,eu-west-1,150,78,55,1,2808.01,ERR-208,Low,Failure,4,37,1,CUST-123456,DEV-MAC-0149A5,10.8674
2026-10-07T23:27:13,payment-api,/transfer,us-east-1,153,79,60,15,2654.36,ERR-303,Low,Failure,10,39,1,CUST-112349,DEV-WIN-84725,2.5703
2026-10-07T23:27:23,trading-engine,/trade,us-east-1,147,75,58,2,3955.54,ERR-208,Low,Failure,7,26,1,CUST-109482,DEV-WIN-99325,11.1633
2026-10-07T23:27:23,auth-service,/login,ap-southeast-1,47,18,46,4,0,ERR-703,Low,Failure,7,26,1,CUST-112349,DEV-WIN-99325,2.3225
2026-10-07T23:27:23,ledger-service,/balance_check,ap-southeast-1,29,19,49,4,0,ERR-305,Low,Failure,18,20,1,CUST-100483,DEV-LIN-11235,3.2167
2026-10-07T23:27:33,trading-engine,/trade,ap-southeast-1,147,72,57,2,7337.29,ERR-903,Low,Failure,6,38,1,CUST-112349,DEV-MAC-75825,11.1513
2026-10-07T23:27:43,ledger-service,/balance_check,eu-west-1,27,19,48,4,0,ERR-108,Low,Failure,1,35,1,CUST-100483,DEV-WIN-99325,3.1333
2026-10-07T23:27:53,auth-service,/login,eu-west-1,50,18,45,4,0,ERR-202,Low,Failure,17,23,1,CUST-109482,DEV-WIN-99325,2.3475
2026-10-07T23:27:53,fraud-detection,/payment,us-west-2,151,98,100,12,0,ERR-304,High,Failure,8,89,1,CUST-112349,DEV-MAC-0149A5,2.5493
2026-10-07T23:27:53,ledger-service,/balance_check,us-west-2,36,23,52,5,0,ERR-903,High,Failure,7,80,1,CUST-100483,DEV-MAC-75825,3.8333
2026-10-07T23:28:03,auth-service,/login,eu-west-1,50,20,48,4,0,ERR-304,Low,Failure,11,38,1,CUST-109482,DEV-WIN-84725,2.425
2026-10-07T23:28:03,ledger-service,/balance_check,us-east-1,28,18,47,4,0,ERR-101,Low,Failure,11,28,1,CUST-112349,DEV-MAC-75825,3.1167
2026-10-07T23:28:13,payment-api,/withdrawal,us-west-2,146,72,54,15,4662.64,ERR-204,Low,Failure,1,21,1,CUST-134098,DEV-WIN-84725,2.454
2026-10-07T23:28:23,trading-engine,/trade,eu-west-1,206,100,81,2,7640.76,ERR-901,Critical,Failure,13,98,1,CUST-134098,DEV-LIN-11235,15.2249
2026-10-07T23:28:33,ledger-service,/balance_check,ap-southeast-1,29,18,46,5,0,ERR-901,Low,Failure,3,20,1,CUST-100483,DEV-MAC-75825,3.3333
2026-10-07T23:28:33,investment-engine,/portfolio,us-west-2,196,82,83,29,6842.84,ERR-307,Low,Failure,20,28,1,CUST-100483,DEV-WIN-99325,2.1921
2026-10-07T23:28:43,payment-api,/transfer,eu-west-1,149,76,55,14,2746.49,ERR-704,Low,Failure,16,25,1,CUST-112349,DEV-MAC-0149A5,2.4377
2026-10-07T23:28:43,ledger-service,/balance_check,us-west-2,32,21,57,5,0,ERR-903,High,Failure,12,88,1,CUST-100483,DEV-LIN-11235,3.7167
2026-10-07T23:28:53,ledger-service,/balance_check,ap-southeast-1,30,19,46,5,0,ERR-703,Low,Failure,14,36,1,CUST-123456,DEV-MAC-75825,3.4
2026-10-07T23:29:03,ledger-service,/balance_check,ap-southeast-1,36,23,53,6,0,ERR-903,High,Failure,12,81,1,CUST-100483,DEV-WIN-84725,4.05
2026-10-07T23:29:03,auth-service,/login,us-east-1,49,19,48,4,0,ERR-703,Low,Failure,18,36,1,CUST-123456,DEV-LIN-11235,2.3925
2026-10-07T23:29:03,trading-engine,/trade,us-west-2,141,72,59,2,270.75,ERR-704,Low,Failure,11,29,1,CUST-109482,DEV-MAC-75825,10.7552
2026-10-07T23:29:13,ledger-service,/balance_check,us-west-2,31,21,60,5,0,ERR-903,High,Failure,11,85,1,CUST-123456,DEV-MAC-75825,3.7333
2026-10-07T23:29:13,fraud-detection,/payment,us-west-2,167,100,100,12,0,ERR-105,High,Failure,14,90,1,CUST-100483,DEV-MAC-0149A5,2.661
2026-10-07T23:29:13,payment-api,/transfer,us-east-1,157,72,59,14,8198.31,ERR-901,Low,Failure,7,34,1,CUST-112349,DEV-MAC-0149A5,2.4563
2026-10-07T23:29:23,trading-engine,/trade,us-west-2,150,72,60,2,7863.9,ERR-109,Low,Failure,12,31,1,CUST-134098,DEV-MAC-75825,11.3572
2026-10-07T23:29:23,auth-service,/login,us-west-2,49,16,44,4,0,ERR-305,Low,Failure,3,22,1,CUST-109482,DEV-WIN-99325,2.2825
2026-10-07T23:29:33,payment-api,/withdrawal,us-west-2,175,89,72,17,9480.05,ERR-903,High,Failure,8,83,1,CUST-112349,DEV-LIN-11235,2.935
2026-10-07T23:29:43,payment-api,/withdrawal,us-west-2,175,81,67,18,7457.19,ERR-903,High,Failure,12,82,1,CUST-123456,DEV-WIN-99325,2.91
2026-10-07T23:30:03,payment-api,/transfer,eu-west-1,156,75,54,15,7480.45,ERR-204,Low,Failure,6,28,1,CUST-100483,DEV-MAC-0149A5,2.519
2026-10-07T23:30:03,ledger-service,/balance_check,us-east-1,31,24,54,5,0,ERR-903,High,Failure,15,82,1,CUST-109482,DEV-WIN-84725,3.7333
2026-10-07T23:30:13,ledger-service,/balance_check,ap-southeast-1,29,20,46,4,0,ERR-304,Low,Failure,19,27,1,CUST-100483,DEV-MAC-75825,3.2
2026-10-07T23:30:23,trading-engine,/trade,ap-southeast-1,135,76,57,1,4234.3,ERR-305,Low,Failure,12,22,1,CUST-123456,DEV-MAC-0149A5,9.8647
2026-10-07T23:30:23,ledger-service,/balance_check,eu-west-1,28,18,45,4,0,ERR-303,Low,Failure,7,30,1,CUST-134098,DEV-WIN-99325,3.0833
2026-10-07T23:30:33,ledger-service,/balance_check,ap-southeast-1,30,20,60,6,0,ERR-704,High,Failure,2,85,1,CUST-123456,DEV-MAC-0149A5,3.8667
2026-10-07T23:30:33,auth-service,/login,us-east-1,48,18,48,5,0,ERR-106,Low,Failure,13,22,1,CUST-109482,DEV-MAC-0149A5,2.56
2026-10-07T23:30:43,ledger-service,/balance_check,eu-west-1,30,20,49,4,0,ERR-306,Low,Failure,9,21,1,CUST-109482,DEV-MAC-0149A5,3.2833
2026-10-07T23:30:43,payment-api,/withdrawal,eu-west-1,282,100,85,22,7918.75,ERR-901,Critical,Failure,3,91,1,CUST-100483,DEV-MAC-75825,3.853
2026-10-07T23:30:43,fraud-detection,/payment,eu-west-1,144,83,92,9,0,ERR-703,Low,Failure,12,34,1,CUST-109482,DEV-LIN-11235,2.1573
2026-10-07T23:30:43,trading-engine,/trade,us-west-2,136,79,56,1,6930.03,ERR-110,Low,Failure,15,33,1,CUST-134098,DEV-MAC-0149A5,9.9394
2026-10-07T23:30:53,auth-service,/login,ap-southeast-1,48,20,50,4,0,ERR-207,Low,Failure,11,36,1,CUST-112349,DEV-MAC-75825,2.425
2026-10-07T23:31:13,auth-service,/login,us-east-1,48,19,50,4,0,ERR-210,Low,Failure,1,31,1,CUST-100483,DEV-MAC-0149A5,2.405
2026-10-07T23:31:13,trading-engine,/trade,eu-west-1,143,76,60,2,958.86,ERR-302,Low,Failure,20,28,1,CUST-109482,DEV-WIN-99325,10.9039
2026-10-07T23:31:13,ledger-service,/balance_check,us-east-1,30,20,48,4,0,ERR-207,Low,Failure,11,24,1,CUST-134098,DEV-MAC-75825,3.2667
2026-10-07T23:31:33,ledger-service,/balance_check,us-east-1,26,20,45,5,0,ERR-105,Low,Failure,19,34,1,CUST-134098,DEV-MAC-75825,3.2833
2026-10-07T23:32:03,ledger-service,/balance_check,us-east-1,30,19,50,5,0,ERR-104,Low,Failure,15,38,1,CUST-109482,DEV-WIN-84725,3.4667
2026-10-07T23:32:13,ledger-service,/balance_check,ap-southeast-1,29,19,45,4,0,ERR-902,Low,Failure,6,20,1,CUST-112349,DEV-MAC-75825,3.15
2026-10-07T23:32:13,auth-service,/login,us-west-2,45,19,49,4,0,ERR-203,Low,Failure,13,34,1,CUST-112349,DEV-MAC-0149A5,2.355
2026-10-07T23:32:23,ledger-service,/balance_check,ap-southeast-1,29,20,46,4,0,ERR-105,Low,Failure,11,38,1,CUST-123456,DEV-MAC-0149A5,3.2
2026-10-07T23:32:23,payment-api,/withdrawal,us-east-1,149,79,59,14,2363.57,ERR-903,Low,Failure,8,39,1,CUST-100483,DEV-MAC-0149A5,2.4827
2026-10-07T23:32:33,ledger-service,/balance_check,eu-west-1,27,20,46,4,0,ERR-303,Low,Failure,11,21,1,CUST-123456,DEV-WIN-84725,3.1333
2026-10-07T23:32:43,payment-api,/withdrawal,us-east-1,6,44,30,3,9520.71,ERR-000,Healthy,Success,7,2,0,CUST-112349,DEV-LIN-11235,0.7407
2026-10-07T23:33:03,ledger-service,/balance_check,eu-west-1,30,18,48,5,0,ERR-309,Low,Failure,3,39,1,CUST-134098,DEV-LIN-11235,3.4
2026-10-07T23:33:13,fraud-detection,/payment,eu-west-1,177,100,100,11,0,ERR-104,High,Failure,10,83,1,CUST-123456,DEV-MAC-0149A5,2.6277
2026-10-07T23:33:13,auth-service,/login,eu-west-1,44,18,42,4,0,ERR-109,Low,Failure,20,20,1,CUST-134098,DEV-WIN-84725,2.235
2026-10-07T23:33:13,investment-engine,/portfolio,eu-west-1,187,81,88,29,6817.62,ERR-903,Low,Failure,5,34,1,CUST-134098,DEV-MAC-75825,2.1669
2026-10-07T23:33:13,ledger-service,/balance_check,us-east-1,29,19,49,5,0,ERR-308,Low,Failure,14,25,1,CUST-109482,DEV-LIN-11235,3.4167
2026-10-07T23:33:23,ledger-service,/balance_check,us-west-2,28,19,48,5,0,ERR-107,Low,Failure,5,32,1,CUST-100483,DEV-WIN-99325,3.3667
2026-10-07T23:33:23,payment-api,/withdrawal,eu-west-1,158,78,60,15,3234.53,ERR-208,Low,Failure,7,39,1,CUST-134098,DEV-MAC-0149A5,2.582
2026-10-07T23:33:33,payment-api,/withdrawal,us-west-2,129,74,50,14,7057.52,ERR-106,Low,Failure,12,38,1,CUST-109482,DEV-MAC-75825,2.316
2026-10-07T23:33:33,investment-engine,/portfolio,us-west-2,232,98,98,35,9890.92,ERR-903,High,Failure,17,85,1,CUST-100483,DEV-MAC-75825,2.6214
2026-10-07T23:33:33,fraud-detection,/payment,ap-southeast-1,138,88,98,10,0,ERR-903,Low,Failure,7,28,1,CUST-123456,DEV-WIN-99325,2.2357
2026-10-07T23:33:43,ledger-service,/balance_check,eu-west-1,32,23,50,6,0,ERR-306,High,Failure,13,85,1,CUST-123456,DEV-WIN-84725,3.8667
2026-10-07T23:33:53,ledger-service,/balance_check,us-east-1,27,19,45,5,0,ERR-305,Low,Failure,14,30,1,CUST-109482,DEV-MAC-75825,3.2833
2026-10-07T23:34:03,payment-api,/transfer,eu-west-1,170,93,62,18,8689.19,ERR-903,High,Failure,8,84,1,CUST-109482,DEV-WIN-84725,2.965
2026-10-07T23:34:03,ledger-service,/balance_check,ap-southeast-1,13,13,2,1,0,ERR-000,Healthy,Success,18,5,0,CUST-100483,DEV-WIN-99325,1.1
2026-10-07T23:34:03,auth-service,/login,us-east-1,52,21,52,5,0,ERR-903,Medium,Failure,4,65,1,CUST-123456,DEV-WIN-99325,2.72
2026-10-07T23:34:13,ledger-service,/balance_check,us-east-1,29,19,47,4,0,ERR-303,Low,Failure,8,33,1,CUST-134098,DEV-MAC-0149A5,3.1833
2026-10-07T23:34:13,payment-api,/withdrawal,us-west-2,212,100,82,19,9855.24,ERR-901,Critical,Failure,6,95,1,CUST-100483,DEV-WIN-84725,3.358
2026-10-07T23:34:23,fraud-detection,/payment,us-east-1,129,85,100,9,0,ERR-205,Low,Failure,2,28,1,CUST-100483,DEV-MAC-75825,2.0702
2026-10-07T23:34:33,payment-api,/withdrawal,us-west-2,160,73,54,15,3679.27,ERR-103,Low,Failure,18,35,1,CUST-112349,DEV-LIN-11235,2.5183
2026-10-07T23:34:33,ledger-service,/balance_check,eu-west-1,30,20,50,4,0,ERR-103,Low,Failure,1,34,1,CUST-109482,DEV-WIN-99325,3.3
2026-10-07T23:34:43,investment-engine,/portfolio,eu-west-1,304,100,100,51,11991.35,ERR-903,Critical,Failure,17,95,1,CUST-109482,DEV-WIN-84725,3.4086
2026-10-07T23:34:53,ledger-service,/balance_check,us-east-1,25,20,44,4,0,ERR-106,Low,Failure,6,39,1,CUST-134098,DEV-MAC-0149A5,3.0333
2026-10-07T23:34:53,trading-engine,/trade,us-east-1,139,76,57,1,3322.76,ERR-302,Low,Failure,9,35,1,CUST-123456,DEV-WIN-84725,10.1313
2026-10-07T23:35:03,payment-api,/withdrawal,eu-west-1,140,66,49,12,5551.7,ERR-000,Normal,Success,10,11,0,CUST-109482,DEV-LIN-11235,2.155
2026-10-07T23:35:13,payment-api,/transfer,us-west-2,147,77,54,14,2785.71,ERR-703,Low,Failure,19,31,1,CUST-112349,DEV-WIN-84725,2.433
2026-10-07T23:35:13,ledger-service,/balance_check,ap-southeast-1,29,19,42,4,0,ERR-205,Low,Failure,19,33,1,CUST-134098,DEV-WIN-84725,3.1
2026-10-07T23:35:13,fraud-detection,/payment,eu-west-1,122,79,94,8,0,ERR-207,Low,Failure,1,35,1,CUST-100483,DEV-WIN-99325,1.9026
2026-10-07T23:35:23,ledger-service,/balance_check,us-west-2,28,19,49,5,0,ERR-303,Low,Failure,4,20,1,CUST-112349,DEV-MAC-0149A5,3.3833
2026-10-07T23:35:23,fraud-detection,/payment,ap-southeast-1,138,86,93,10,0,ERR-310,Low,Failure,15,26,1,CUST-112349,DEV-MAC-0149A5,2.2258
2026-10-07T23:35:33,auth-service,/login,ap-southeast-1,45,18,50,4,0,ERR-107,Low,Failure,2,31,1,CUST-100483,DEV-LIN-11235,2.3475
2026-10-07T23:35:33,trading-engine,/trade,eu-west-1,150,78,59,2,7951.02,ERR-206,Low,Failure,15,21,1,CUST-134098,DEV-MAC-0149A5,11.3752
2026-10-07T23:35:43,auth-service,/login,us-west-2,47,18,47,4,0,ERR-901,Low,Failure,7,26,1,CUST-134098,DEV-WIN-99325,2.335
2026-10-07T23:35:43,ledger-service,/balance_check,ap-southeast-1,31,20,52,5,0,ERR-305,High,Failure,5,90,1,CUST-109482,DEV-WIN-84725,3.5667
2026-10-07T23:35:53,fraud-detection,/payment,eu-west-1,139,86,95,10,0,ERR-303,Low,Failure,6,25,1,CUST-134098,DEV-WIN-99325,2.2344
2026-10-07T23:35:53,auth-service,/login,ap-southeast-1,20,6,9,1,0,ERR-000,Healthy,Success,1,5,0,CUST-123456,DEV-MAC-75825,0.6825
2026-10-07T23:36:03,ledger-service,/balance_check,us-west-2,29,19,48,4,0,ERR-902,Low,Failure,6,25,1,CUST-100483,DEV-LIN-11235,3.2
2026-10-07T23:36:13,ledger-service,/balance_check,us-east-1,28,19,45,4,0,ERR-306,Low,Failure,19,24,1,CUST-100483,DEV-MAC-75825,3.1167
2026-10-07T23:36:23,payment-api,/withdrawal,us-east-1,150,80,56,13,2470.59,ERR-210,Low,Failure,10,22,1,CUST-109482,DEV-WIN-84725,2.4133
2026-10-07T23:36:23,ledger-service,/balance_check,us-west-2,27,19,47,4,0,ERR-310,Low,Failure,10,25,1,CUST-112349,DEV-MAC-75825,3.1167
2026-10-07T23:36:33,ledger-service,/balance_check,ap-southeast-1,29,20,48,4,0,ERR-309,Low,Failure,8,36,1,CUST-123456,DEV-WIN-99325,3.2333
2026-10-07T23:36:33,payment-api,/withdrawal,eu-west-1,172,80,70,15,2922.4,ERR-210,High,Failure,9,84,1,CUST-112349,DEV-WIN-84725,2.7047
2026-10-07T23:36:53,trading-engine,/trade,us-east-1,160,80,66,2,7993.47,ERR-210,High,Failure,4,88,1,CUST-100483,DEV-MAC-75825,12.0622
2026-10-07T23:36:53,ledger-service,/balance_check,eu-west-1,28,18,48,5,0,ERR-703,Low,Failure,17,38,1,CUST-112349,DEV-MAC-0149A5,3.3333
2026-10-07T23:36:53,auth-service,/login,ap-southeast-1,41,16,49,4,0,ERR-306,Low,Failure,5,34,1,CUST-112349,DEV-LIN-11235,2.245
2026-10-07T23:37:03,payment-api,/withdrawal,eu-west-1,148,79,58,14,1673.69,ERR-303,Low,Failure,8,40,1,CUST-112349,DEV-WIN-84725,2.4737
2026-10-07T23:37:03,ledger-service,/balance_check,eu-west-1,33,22,58,5,0,ERR-903,High,Failure,8,84,1,CUST-123456,DEV-LIN-11235,3.8
2026-10-07T23:37:13,ledger-service,/balance_check,us-west-2,27,18,49,4,0,ERR-108,Low,Failure,7,29,1,CUST-109482,DEV-LIN-11235,3.1167
2026-10-07T23:37:23,ledger-service,/balance_check,us-east-1,13,9,30,3,0,ERR-000,Healthy,Success,13,1,0,CUST-134098,DEV-WIN-99325,1.8333
2026-10-07T23:37:33,payment-api,/withdrawal,us-west-2,148,66,57,13,380.61,ERR-703,Low,Failure,5,26,1,CUST-100483,DEV-WIN-84725,2.2937
2026-10-07T23:37:43,ledger-service,/balance_check,us-west-2,27,19,48,5,0,ERR-110,Low,Failure,9,23,1,CUST-112349,DEV-MAC-75825,3.3333
2026-10-07T23:37:43,auth-service,/login,ap-southeast-1,50,21,51,5,0,ERR-903,Medium,Failure,13,74,1,CUST-112349,DEV-MAC-0149A5,2.6825
2026-10-07T23:37:43,payment-api,/transfer,eu-west-1,160,72,60,15,9587.81,ERR-308,Low,Failure,17,31,1,CUST-112349,DEV-MAC-0149A5,2.54
2026-10-07T23:37:53,ledger-service,/balance_check,us-east-1,26,17,42,5,0,ERR-309,Low,Failure,2,36,1,CUST-134098,DEV-LIN-11235,3.1333
2026-10-07T23:37:53,fraud-detection,/payment,us-east-1,41,26,14,4,0,ERR-000,Healthy,Success,5,4,0,CUST-123456,DEV-MAC-75825,0.752
2026-10-07T23:38:03,payment-api,/transfer,us-east-1,68,42,27,6,3216.53,ERR-000,Healthy,Success,13,3,0,CUST-123456,DEV-WIN-99325,1.157
2026-10-07T23:38:13,fraud-detection,/payment,eu-west-1,149,90,90,10,0,ERR-206,Low,Failure,14,37,1,CUST-123456,DEV-WIN-99325,2.3062
2026-10-07T23:38:13,investment-engine,/portfolio,us-west-2,332,100,100,43,12383.31,ERR-903,Critical,Failure,14,94,1,CUST-109482,DEV-MAC-0149A5,3.2353
2026-10-07T23:38:23,ledger-service,/balance_check,ap-southeast-1,28,18,47,5,0,ERR-903,Low,Failure,6,20,1,CUST-109482,DEV-MAC-75825,3.3167
2026-10-07T23:38:23,fraud-detection,/payment,us-west-2,209,100,100,14,0,ERR-904,Critical,Failure,18,97,1,CUST-100483,DEV-WIN-84725,3.141
2026-10-07T23:38:33,trading-engine,/trade,us-west-2,135,75,57,1,8501.24,ERR-904,Low,Failure,13,27,1,CUST-134098,DEV-MAC-75825,9.8613
2026-10-07T23:38:33,investment-engine,/portfolio,ap-southeast-1,160,79,76,30,10389.93,ERR-901,Low,Failure,13,23,1,CUST-112349,DEV-MAC-75825,2.0768
2026-10-07T23:38:43,payment-api,/withdrawal,ap-southeast-1,13,19,21,10,3891.2,ERR-000,Healthy,Success,7,0,0,CUST-112349,DEV-MAC-0149A5,0.982
2026-10-07T23:38:43,ledger-service,/balance_check,eu-west-1,29,20,43,5,0,ERR-210,Low,Failure,6,40,1,CUST-112349,DEV-MAC-0149A5,3.35
2026-10-07T23:38:53,fraud-detection,/payment,us-west-2,138,88,97,9,0,ERR-302,Low,Failure,11,22,1,CUST-112349,DEV-MAC-75825,2.1347
2026-10-07T23:38:53,ledger-service,/balance_check,ap-southeast-1,33,20,53,6,0,ERR-102,High,Failure,3,86,1,CUST-100483,DEV-LIN-11235,3.85
2026-10-07T23:39:03,trading-engine,/trade,ap-southeast-1,69,6,36,1,7154.11,ERR-000,Healthy,Success,4,3,0,CUST-134098,DEV-LIN-11235,5.1903
2026-10-07T23:39:13,ledger-service,/balance_check,ap-southeast-1,29,16,43,4,0,ERR-103,Low,Failure,13,24,1,CUST-109482,DEV-MAC-0149A5,3.0167
2026-10-07T23:39:13,trading-engine,/trade,ap-southeast-1,44,19,9,1,4824.76,ERR-000,Healthy,Success,9,4,0,CUST-123456,DEV-MAC-75825,3.5142
2026-10-07T23:39:23,ledger-service,/balance_check,us-west-2,27,19,50,5,0,ERR-201,Low,Failure,7,37,1,CUST-123456,DEV-MAC-0149A5,3.3667
2026-10-07T23:39:43,payment-api,/transfer,us-west-2,151,80,60,13,9898.26,ERR-302,Low,Failure,5,22,1,CUST-100483,DEV-WIN-84725,2.4373
2026-10-07T23:39:53,payment-api,/withdrawal,ap-southeast-1,146,80,55,13,6304.38,ERR-310,Low,Failure,9,27,1,CUST-123456,DEV-WIN-99325,2.3923
2026-10-07T23:39:53,ledger-service,/balance_check,eu-west-1,32,21,56,6,0,ERR-903,High,Failure,13,89,1,CUST-112349,DEV-MAC-0149A5,3.9
2026-10-07T23:40:13,auth-service,/login,us-east-1,50,20,49,5,0,ERR-110,Low,Failure,15,33,1,CUST-100483,DEV-WIN-84725,2.6375
2026-10-07T23:40:13,ledger-service,/balance_check,ap-southeast-1,30,18,48,4,0,ERR-110,Low,Failure,8,21,1,CUST-112349,DEV-MAC-75825,3.2
2026-10-07T23:40:23,ledger-service,/balance_check,us-east-1,30,18,46,5,0,ERR-104,Low,Failure,20,31,1,CUST-100483,DEV-WIN-99325,3.3667
2026-10-07T23:40:23,trading-engine,/trade,eu-west-1,105,15,9,1,2491.54,ERR-000,Healthy,Success,3,3,0,CUST-100483,DEV-MAC-0149A5,7.5676
2026-10-07T23:40:33,auth-service,/login,eu-west-1,46,20,43,4,0,ERR-210,Low,Failure,8,34,1,CUST-100483,DEV-LIN-11235,2.3125
2026-10-07T23:40:33,ledger-service,/balance_check,ap-southeast-1,33,22,50,6,0,ERR-206,High,Failure,9,90,1,CUST-100483,DEV-LIN-11235,3.8667
2026-10-07T23:40:43,payment-api,/transfer,us-west-2,227,100,85,22,3690.72,ERR-901,Critical,Failure,8,100,1,CUST-112349,DEV-WIN-84725,3.633
2026-10-07T23:40:43,ledger-service,/balance_check,ap-southeast-1,30,19,45,5,0,ERR-309,Low,Failure,14,39,1,CUST-134098,DEV-MAC-75825,3.3833
2026-10-07T23:40:53,trading-engine,/trade,eu-west-1,205,100,82,2,4857.32,ERR-901,Critical,Failure,20,91,1,CUST-134098,DEV-WIN-84725,15.1602
2026-10-07T23:40:53,auth-service,/login,ap-southeast-1,45,17,47,5,0,ERR-902,Low,Failure,10,38,1,CUST-112349,DEV-LIN-11235,2.49
2026-10-07T23:40:53,ledger-service,/balance_check,us-west-2,28,19,45,4,0,ERR-106,Low,Failure,12,28,1,CUST-100483,DEV-LIN-11235,3.1167
2026-10-07T23:41:03,payment-api,/transfer,eu-west-1,191,90,64,18,1829.83,ERR-903,High,Failure,19,85,1,CUST-109482,DEV-LIN-11235,3.034
2026-10-07T23:41:13,auth-service,/login,eu-west-1,40,18,45,5,0,ERR-207,Low,Failure,15,37,1,CUST-100483,DEV-WIN-84725,2.4225
2026-10-07T23:41:33,auth-service,/login,us-west-2,45,18,45,4,0,ERR-902,Low,Failure,14,36,1,CUST-109482,DEV-MAC-75825,2.285
2026-10-07T23:41:43,fraud-detection,/payment,us-east-1,97,33,33,6,0,ERR-000,Healthy,Success,7,4,0,CUST-123456,DEV-LIN-11235,1.3614
2026-10-07T23:41:43,investment-engine,/portfolio,us-east-1,195,86,86,29,11195.58,ERR-703,Low,Failure,2,20,1,CUST-134098,DEV-MAC-0149A5,2.2146
2026-10-07T23:41:53,fraud-detection,/payment,ap-southeast-1,147,83,94,8,0,ERR-203,Low,Failure,2,37,1,CUST-112349,DEV-MAC-0149A5,2.0793
2026-10-07T23:41:53,payment-api,/withdrawal,us-east-1,146,74,60,12,8506.19,ERR-303,Low,Failure,16,21,1,CUST-100483,DEV-WIN-84725,2.3007
2026-10-07T23:41:53,ledger-service,/balance_check,eu-west-1,30,20,46,5,0,ERR-207,Low,Failure,4,21,1,CUST-112349,DEV-LIN-11235,3.4333
2026-10-07T23:41:53,trading-engine,/trade,us-east-1,133,75,59,1,7069.89,ERR-705,Low,Failure,11,35,1,CUST-109482,DEV-MAC-0149A5,9.7319
2026-10-07T23:42:03,payment-api,/withdrawal,eu-west-1,148,78,57,15,9679.14,ERR-302,Low,Failure,20,28,1,CUST-134098,DEV-LIN-11235,2.527
2026-10-07T23:42:03,ledger-service,/balance_check,us-west-2,35,24,58,5,0,ERR-903,High,Failure,20,89,1,CUST-100483,DEV-WIN-84725,3.9333
2026-10-07T23:42:13,ledger-service,/balance_check,ap-southeast-1,33,24,58,5,0,ERR-903,High,Failure,5,89,1,CUST-134098,DEV-WIN-84725,3.8667
2026-10-07T23:42:13,payment-api,/transfer,us-west-2,215,99,82,20,8297.12,ERR-901,Critical,Failure,15,100,1,CUST-100483,DEV-LIN-11235,3.4283
2026-10-07T23:42:23,fraud-detection,/payment,us-west-2,234,100,100,16,0,ERR-904,Critical,Failure,4,91,1,CUST-123456,DEV-MAC-0149A5,3.5077
2026-10-07T23:42:23,ledger-service,/balance_check,us-west-2,6,12,15,2,0,ERR-000,Healthy,Success,17,0,0,CUST-134098,DEV-WIN-99325,1.25
2026-10-07T23:42:33,ledger-service,/balance_check,us-west-2,28,19,46,5,0,ERR-701,Low,Failure,6,28,1,CUST-123456,DEV-MAC-75825,3.3333
2026-10-07T23:42:43,trading-engine,/trade,eu-west-1,150,72,56,1,4267.46,ERR-108,Low,Failure,18,20,1,CUST-134098,DEV-LIN-11235,10.8494
2026-10-07T23:42:43,ledger-service,/balance_check,eu-west-1,29,20,47,5,0,ERR-904,Low,Failure,2,34,1,CUST-134098,DEV-MAC-0149A5,3.4167
2026-10-07T23:42:43,investment-engine,/portfolio,us-west-2,196,83,89,28,14542.73,ERR-206,Low,Failure,5,33,1,CUST-100483,DEV-MAC-0149A5,2.1755
2026-10-07T23:42:53,auth-service,/login,us-west-2,42,17,43,5,0,ERR-207,Low,Failure,9,28,1,CUST-123456,DEV-LIN-11235,2.4025
2026-10-07T23:42:53,ledger-service,/balance_check,us-east-1,25,17,50,5,0,ERR-109,Low,Failure,1,40,1,CUST-112349,DEV-MAC-0149A5,3.2333
2026-10-07T23:43:03,ledger-service,/balance_check,ap-southeast-1,32,22,55,6,0,ERR-903,High,Failure,17,82,1,CUST-109482,DEV-WIN-84725,3.9167
2026-10-07T23:43:13,fraud-detection,/payment,eu-west-1,141,84,100,10,0,ERR-109,Low,Failure,12,34,1,CUST-134098,DEV-MAC-75825,2.2477
2026-10-07T23:43:13,investment-engine,/portfolio,us-west-2,102,49,21,19,6357.5,ERR-000,Healthy,Success,11,4,0,CUST-123456,DEV-LIN-11235,1.2593
2026-10-07T23:43:13,auth-service,/login,us-west-2,50,21,52,5,0,ERR-903,Medium,Failure,9,72,1,CUST-112349,DEV-WIN-99325,2.695
2026-10-07T23:43:13,trading-engine,/trade,us-east-1,138,80,58,1,5014.74,ERR-203,Low,Failure,14,32,1,CUST-112349,DEV-MAC-0149A5,10.0799
2026-10-07T23:43:23,payment-api,/transfer,us-west-2,213,99,79,18,9536.57,ERR-901,Critical,Failure,17,97,1,CUST-112349,DEV-WIN-84725,3.272
2026-10-07T23:43:23,ledger-service,/balance_check,us-west-2,28,18,48,4,0,ERR-301,Low,Failure,14,35,1,CUST-100483,DEV-MAC-0149A5,3.1333
2026-10-07T23:43:23,investment-engine,/portfolio,ap-southeast-1,194,83,84,30,9854.13,ERR-302,Low,Failure,3,40,1,CUST-134098,DEV-WIN-99325,2.2257
2026-10-07T23:43:23,fraud-detection,/payment,eu-west-1,225,100,100,18,0,ERR-904,Critical,Failure,17,95,1,CUST-123456,DEV-MAC-0149A5,3.6477
2026-10-07T23:43:33,payment-api,/transfer,eu-west-1,177,92,60,18,4341.7,ERR-303,High,Failure,15,85,1,CUST-109482,DEV-MAC-75825,2.9747
2026-10-07T23:43:43,investment-engine,/portfolio,us-west-2,203,100,100,33,12637.71,ERR-903,High,Failure,2,82,1,CUST-100483,DEV-MAC-0149A5,2.472
2026-10-07T23:43:43,auth-service,/login,eu-west-1,51,20,52,5,0,ERR-207,Medium,Failure,7,76,1,CUST-112349,DEV-MAC-0149A5,2.6875
2026-10-07T23:43:53,fraud-detection,/payment,us-west-2,41,51,40,1,0,ERR-000,Healthy,Success,10,4,0,CUST-100483,DEV-LIN-11235,0.5399
2026-10-07T23:43:53,ledger-service,/balance_check,us-west-2,27,18,46,4,0,ERR-201,Low,Failure,11,33,1,CUST-109482,DEV-WIN-84725,3.0667
2026-10-07T23:44:03,ledger-service,/balance_check,ap-southeast-1,35,21,50,6,0,ERR-303,High,Failure,14,89,1,CUST-134098,DEV-WIN-84725,3.9
2026-10-07T23:44:03,auth-service,/login,us-east-1,19,1,9,3,0,ERR-000,Healthy,Success,6,3,0,CUST-109482,DEV-MAC-75825,0.97
2026-10-07T23:44:03,investment-engine,/portfolio,us-west-2,192,88,84,29,7472.56,ERR-705,Low,Failure,1,34,1,CUST-134098,DEV-MAC-75825,2.2107
2026-10-07T23:44:13,ledger-service,/balance_check,eu-west-1,25,17,46,4,0,ERR-701,Low,Failure,13,36,1,CUST-112349,DEV-WIN-84725,2.9667
2026-10-07T23:44:23,ledger-service,/balance_check,us-east-1,28,18,47,5,0,ERR-201,Low,Failure,16,35,1,CUST-123456,DEV-LIN-11235,3.3167
2026-10-07T23:44:33,investment-engine,/portfolio,ap-southeast-1,126,28,39,5,10277.24,ERR-000,Healthy,Success,3,5,0,CUST-100483,DEV-WIN-99325,0.8028
2026-10-07T23:44:33,ledger-service,/balance_check,ap-southeast-1,26,16,40,5,0,ERR-901,Low,Failure,18,40,1,CUST-123456,DEV-MAC-0149A5,3.0667
2026-10-07T23:44:43,auth-service,/login,us-west-2,46,18,49,5,0,ERR-205,Low,Failure,1,28,1,CUST-123456,DEV-MAC-0149A5,2.5475
2026-10-07T23:44:43,payment-api,/transfer,us-east-1,108,34,35,8,4929.62,ERR-000,Healthy,Success,13,0,0,CUST-100483,DEV-MAC-75825,1.4237
2026-10-07T23:44:43,ledger-service,/balance_check,us-west-2,4,2,20,2,0,ERR-000,Healthy,Success,18,3,0,CUST-134098,DEV-WIN-99325,0.9333
2026-10-07T23:44:53,auth-service,/login,us-west-2,8,2,30,1,0,ERR-000,Healthy,Success,14,4,0,CUST-109482,DEV-WIN-99325,0.715
2026-10-07T23:44:53,payment-api,/transfer,us-east-1,13,28,39,4,648.02,ERR-000,Healthy,Success,11,5,0,CUST-123456,DEV-WIN-99325,0.747
2026-10-07T23:45:03,ledger-service,/balance_check,us-west-2,34,22,57,6,0,ERR-903,High,Failure,11,86,1,CUST-112349,DEV-WIN-84725,4.0167
2026-10-07T23:45:03,trading-engine,/trade,us-west-2,136,80,55,1,1781.36,ERR-207,Low,Failure,3,21,1,CUST-112349,DEV-WIN-84725,9.9408
2026-10-07T23:45:13,payment-api,/transfer,us-east-1,156,77,59,15,1668.97,ERR-203,Low,Failure,12,26,1,CUST-109482,DEV-WIN-84725,2.5607
2026-10-07T23:45:13,trading-engine,/trade,us-west-2,156,91,61,2,8757.1,ERR-903,High,Failure,4,88,1,CUST-100483,DEV-MAC-0149A5,11.8225
2026-10-07T23:45:43,trading-engine,/trade,ap-southeast-1,148,79,59,2,5099.93,ERR-207,Low,Failure,5,24,1,CUST-109482,DEV-WIN-84725,11.2452
2026-10-07T23:45:43,ledger-service,/balance_check,us-east-1,28,18,48,4,0,ERR-207,Low,Failure,19,35,1,CUST-100483,DEV-WIN-99325,3.1333
2026-10-07T23:45:43,payment-api,/withdrawal,us-west-2,145,77,57,13,8597.94,ERR-108,Low,Failure,14,36,1,CUST-112349,DEV-WIN-84725,2.3733
2026-10-07T23:45:53,ledger-service,/balance_check,us-west-2,30,20,47,5,0,ERR-703,Low,Failure,10,22,1,CUST-112349,DEV-WIN-99325,3.45
2026-10-07T23:45:53,fraud-detection,/payment,eu-west-1,67,49,64,6,0,ERR-000,Healthy,Success,17,3,0,CUST-123456,DEV-WIN-84725,1.2317
2026-10-07T23:46:03,trading-engine,/trade,us-west-2,161,80,65,2,119.18,ERR-110,High,Failure,3,88,1,CUST-112349,DEV-MAC-0149A5,12.127
2026-10-07T23:46:03,auth-service,/login,us-east-1,50,18,46,5,0,ERR-104,Low,Failure,7,38,1,CUST-134098,DEV-WIN-84725,2.56
2026-10-07T23:46:13,investment-engine,/portfolio,ap-southeast-1,195,85,85,27,10679.86,ERR-305,Low,Failure,14,35,1,CUST-109482,DEV-WIN-99325,2.141
2026-10-07T23:46:13,payment-api,/transfer,eu-west-1,88,30,22,9,5547.37,ERR-000,Healthy,Success,7,2,0,CUST-123456,DEV-WIN-84725,1.312
2026-10-07T23:46:23,trading-engine,/trade,us-west-2,120,73,48,1,9899.63,ERR-105,Low,Failure,11,27,1,CUST-109482,DEV-MAC-75825,8.8371
2026-10-07T23:46:33,ledger-service,/balance_check,eu-west-1,29,18,48,4,0,ERR-203,Low,Failure,2,26,1,CUST-100483,DEV-WIN-99325,3.1667
2026-10-07T23:46:33,payment-api,/transfer,eu-west-1,147,76,56,14,9784.52,ERR-309,Low,Failure,4,25,1,CUST-109482,DEV-LIN-11235,2.4347
2026-10-07T23:46:33,trading-engine,/trade,us-west-2,168,87,61,2,9686.79,ERR-903,High,Failure,13,86,1,CUST-100483,DEV-WIN-84725,12.6091
2026-10-07T23:46:53,fraud-detection,/payment,ap-southeast-1,137,85,95,9,0,ERR-703,Low,Failure,10,40,1,CUST-123456,DEV-WIN-84725,2.1186
2026-10-07T23:47:03,fraud-detection,/payment,ap-southeast-1,143,82,92,10,0,ERR-310,Low,Failure,15,31,1,CUST-109482,DEV-MAC-0149A5,2.2482
2026-10-07T23:47:03,auth-service,/login,eu-west-1,14,2,22,1,0,ERR-000,Healthy,Success,17,1,0,CUST-123456,DEV-LIN-11235,0.69
2026-10-07T23:47:03,ledger-service,/balance_check,us-west-2,29,19,48,5,0,ERR-107,Low,Failure,18,33,1,CUST-100483,DEV-WIN-84725,3.4
2026-10-07T23:47:03,investment-engine,/portfolio,ap-southeast-1,169,79,75,30,10021.38,ERR-306,Low,Failure,9,39,1,CUST-100483,DEV-LIN-11235,2.1048
2026-10-07T23:47:13,trading-engine,/trade,eu-west-1,269,100,86,2,8918.99,ERR-901,Critical,Failure,20,97,1,CUST-123456,DEV-WIN-84725,19.4346
2026-10-07T23:47:13,payment-api,/transfer,eu-west-1,153,79,57,13,7971.5,ERR-207,Low,Failure,6,24,1,CUST-134098,DEV-WIN-99325,2.422
2026-10-07T23:47:23,investment-engine,/portfolio,us-west-2,195,90,83,27,7916.34,ERR-305,Low,Failure,13,22,1,CUST-134098,DEV-WIN-84725,2.1621
2026-10-07T23:47:23,ledger-service,/balance_check,us-west-2,4,9,18,3,0,ERR-000,Healthy,Success,18,3,0,CUST-100483,DEV-MAC-0149A5,1.3333
2026-10-07T23:47:23,trading-engine,/trade,us-west-2,136,73,53,2,5547.66,ERR-702,Low,Failure,10,31,1,CUST-123456,DEV-WIN-99325,10.4135
2026-10-07T23:47:33,payment-api,/transfer,eu-west-1,150,73,54,15,5174.48,ERR-202,Low,Failure,14,35,1,CUST-123456,DEV-LIN-11235,2.4783
2026-10-07T23:47:33,ledger-service,/balance_check,ap-southeast-1,28,18,48,5,0,ERR-705,Low,Failure,11,20,1,CUST-134098,DEV-WIN-84725,3.3333
2026-10-07T23:47:43,auth-service,/login,us-east-1,49,18,49,5,0,ERR-702,Low,Failure,8,40,1,CUST-109482,DEV-LIN-11235,2.585
2026-10-07T23:47:43,ledger-service,/balance_check,us-west-2,30,23,54,6,0,ERR-903,High,Failure,15,90,1,CUST-100483,DEV-WIN-84725,3.8667
2026-10-07T23:47:43,fraud-detection,/payment,eu-west-1,196,100,100,14,0,ERR-904,Critical,Failure,6,97,1,CUST-100483,DEV-MAC-0149A5,3.0543
2026-10-07T23:47:53,trading-engine,/trade,us-east-1,141,73,58,1,4437.13,ERR-701,Low,Failure,11,28,1,CUST-134098,DEV-WIN-84725,10.2566
2026-10-07T23:47:53,ledger-service,/balance_check,eu-west-1,29,20,49,4,0,ERR-105,Low,Failure,8,32,1,CUST-134098,DEV-MAC-0149A5,3.25
2026-10-07T23:48:03,payment-api,/withdrawal,us-west-2,185,86,66,15,3921.83,ERR-903,High,Failure,18,87,1,CUST-134098,DEV-MAC-75825,2.7867
2026-10-07T23:48:03,trading-engine,/trade,us-east-1,87,26,15,1,2138.79,ERR-000,Healthy,Success,1,1,0,CUST-100483,DEV-MAC-0149A5,6.416
2026-10-07T23:48:03,investment-engine,/portfolio,us-east-1,223,100,94,34,14112.84,ERR-903,High,Failure,13,82,1,CUST-123456,DEV-LIN-11235,2.5603
2026-10-07T23:48:13,ledger-service,/balance_check,ap-southeast-1,31,24,55,5,0,ERR-903,High,Failure,2,86,1,CUST-123456,DEV-MAC-75825,3.75
2026-10-07T23:48:23,auth-service,/login,us-east-1,45,18,48,4,0,ERR-309,Low,Failure,7,38,1,CUST-112349,DEV-WIN-99325,2.3225
2026-10-07T23:48:33,ledger-service,/balance_check,ap-southeast-1,24,20,50,5,0,ERR-205,Low,Failure,15,25,1,CUST-123456,DEV-LIN-11235,3.3
2026-10-07T23:48:43,ledger-service,/balance_check,us-east-1,29,19,50,5,0,ERR-305,Low,Failure,20,35,1,CUST-112349,DEV-WIN-84725,3.4333
2026-10-07T23:48:53,ledger-service,/balance_check,ap-southeast-1,28,18,46,4,0,ERR-109,Low,Failure,16,39,1,CUST-112349,DEV-MAC-75825,3.1
2026-10-07T23:48:53,fraud-detection,/payment,us-west-2,145,85,95,10,0,ERR-205,Low,Failure,13,30,1,CUST-112349,DEV-MAC-75825,2.2719
2026-10-07T23:49:03,fraud-detection,/payment,ap-southeast-1,168,94,100,10,0,ERR-208,High,Failure,3,89,1,CUST-134098,DEV-WIN-99325,2.4527
2026-10-07T23:49:13,ledger-service,/balance_check,ap-southeast-1,32,23,54,6,0,ERR-903,High,Failure,1,88,1,CUST-109482,DEV-WIN-84725,3.9333
2026-10-07T23:49:23,ledger-service,/balance_check,us-east-1,19,6,32,1,0,ERR-000,Healthy,Success,7,5,0,CUST-134098,DEV-WIN-99325,1.5667
2026-10-07T23:49:33,auth-service,/login,us-west-2,31,3,22,2,0,ERR-000,Healthy,Success,1,0,0,CUST-134098,DEV-WIN-84725,1.1225
2026-10-07T23:49:33,ledger-service,/balance_check,us-west-2,27,18,48,5,0,ERR-210,Low,Failure,7,27,1,CUST-109482,DEV-MAC-0149A5,3.3
2026-10-07T23:49:43,ledger-service,/balance_check,us-east-1,29,19,45,4,0,ERR-306,Low,Failure,15,23,1,CUST-112349,DEV-MAC-0149A5,3.15
2026-10-07T23:49:43,auth-service,/login,eu-west-1,49,18,49,5,0,ERR-903,Low,Failure,15,27,1,CUST-109482,DEV-LIN-11235,2.585
2026-10-07T23:49:53,auth-service,/login,us-west-2,42,17,47,4,0,ERR-303,Low,Failure,19,34,1,CUST-134098,DEV-MAC-75825,2.2525
2026-10-07T23:49:53,ledger-service,/balance_check,us-west-2,27,20,41,5,0,ERR-308,Low,Failure,8,33,1,CUST-134098,DEV-LIN-11235,3.25
2026-10-07T23:50:03,ledger-service,/balance_check,us-west-2,20,2,23,3,0,ERR-000,Healthy,Success,1,3,0,CUST-109482,DEV-MAC-0149A5,1.7167
2026-10-07T23:50:03,trading-engine,/trade,us-west-2,139,79,52,2,5686.3,ERR-109,Low,Failure,7,39,1,CUST-134098,DEV-WIN-84725,10.6316
2026-10-07T23:50:13,ledger-service,/balance_check,ap-southeast-1,29,20,47,4,0,ERR-303,Low,Failure,6,29,1,CUST-134098,DEV-MAC-75825,3.2167
2026-10-07T23:50:23,payment-api,/withdrawal,eu-west-1,139,80,49,15,5530.65,ERR-108,Low,Failure,8,27,1,CUST-100483,DEV-WIN-99325,2.4677
2026-10-07T23:50:23,trading-engine,/trade,eu-west-1,149,78,59,1,5932.07,ERR-901,Low,Failure,12,22,1,CUST-109482,DEV-MAC-0149A5,10.8086
2026-10-07T23:50:33,ledger-service,/balance_check,us-west-2,35,22,53,5,0,ERR-903,High,Failure,15,88,1,CUST-134098,DEV-WIN-99325,3.7833
2026-10-07T23:50:43,ledger-service,/balance_check,eu-west-1,27,18,46,4,0,ERR-302,Low,Failure,11,28,1,CUST-134098,DEV-MAC-75825,3.0667
2026-10-07T23:50:53,fraud-detection,/payment,eu-west-1,168,91,100,12,0,ERR-201,High,Failure,4,85,1,CUST-123456,DEV-WIN-99325,2.6452
2026-10-07T23:50:53,trading-engine,/trade,ap-southeast-1,145,78,59,2,4602.98,ERR-104,Low,Failure,12,36,1,CUST-123456,DEV-WIN-99325,11.0419
2026-10-07T23:50:53,auth-service,/login,us-west-2,20,2,34,3,0,ERR-000,Healthy,Success,4,5,0,CUST-109482,DEV-MAC-0149A5,1.315
2026-10-07T23:51:03,trading-engine,/trade,us-east-1,133,66,53,2,1202.48,ERR-203,Low,Failure,8,35,1,CUST-134098,DEV-LIN-11235,10.1902
2026-10-07T23:51:03,payment-api,/withdrawal,eu-west-1,169,95,67,17,9662.16,ERR-903,High,Failure,17,86,1,CUST-112349,DEV-MAC-0149A5,2.936
2026-10-07T23:51:13,ledger-service,/balance_check,us-east-1,30,21,51,6,0,ERR-903,High,Failure,19,90,1,CUST-109482,DEV-MAC-75825,3.75
2026-10-07T23:51:13,fraud-detection,/payment,us-west-2,145,90,93,10,0,ERR-307,Low,Failure,8,25,1,CUST-100483,DEV-WIN-84725,2.2825
2026-10-07T23:51:23,investment-engine,/portfolio,us-east-1,160,81,89,28,5173.55,ERR-103,Low,Failure,4,24,1,CUST-100483,DEV-WIN-99325,2.0455
2026-10-07T23:51:23,ledger-service,/balance_check,ap-southeast-1,31,21,52,6,0,ERR-903,High,Failure,5,82,1,CUST-134098,DEV-MAC-0149A5,3.8
2026-10-07T23:51:33,fraud-detection,/payment,us-east-1,159,94,100,10,0,ERR-302,High,Failure,6,86,1,CUST-109482,DEV-LIN-11235,2.3927
2026-10-07T23:51:33,ledger-service,/balance_check,ap-southeast-1,27,20,42,5,0,ERR-110,Low,Failure,2,25,1,CUST-109482,DEV-WIN-84725,3.2667
2026-10-07T23:51:43,ledger-service,/balance_check,ap-southeast-1,36,21,55,6,0,ERR-903,High,Failure,4,83,1,CUST-100483,DEV-WIN-99325,4.0167
2026-10-07T23:51:53,auth-service,/login,eu-west-1,50,20,51,5,0,ERR-210,Medium,Failure,7,66,1,CUST-109482,DEV-LIN-11235,2.6625
2026-10-07T23:51:53,payment-api,/transfer,eu-west-1,178,96,60,16,2283.91,ERR-701,High,Failure,12,83,1,CUST-100483,DEV-LIN-11235,2.8787
2026-10-07T23:51:53,ledger-service,/balance_check,us-east-1,35,20,58,5,0,ERR-103,High,Failure,3,83,1,CUST-123456,DEV-LIN-11235,3.8
2026-10-07T23:52:03,payment-api,/transfer,eu-west-1,153,76,60,15,4202.39,ERR-101,Low,Failure,7,34,1,CUST-109482,DEV-LIN-11235,2.5453
2026-10-07T23:52:03,ledger-service,/balance_check,ap-southeast-1,30,19,50,4,0,ERR-310,Low,Failure,20,27,1,CUST-109482,DEV-MAC-0149A5,3.2667
2026-10-07T23:52:13,ledger-service,/balance_check,us-east-1,27,20,48,5,0,ERR-301,Low,Failure,5,25,1,CUST-109482,DEV-MAC-0149A5,3.3667
2026-10-07T23:52:23,auth-service,/login,us-east-1,42,19,48,5,0,ERR-303,Low,Failure,6,21,1,CUST-100483,DEV-WIN-84725,2.505
2026-10-07T23:52:23,ledger-service,/balance_check,us-west-2,30,18,49,5,0,ERR-310,Low,Failure,19,29,1,CUST-112349,DEV-MAC-0149A5,3.4167
2026-10-07T23:52:23,payment-api,/transfer,us-east-1,154,75,57,14,6408.35,ERR-205,Low,Failure,20,31,1,CUST-123456,DEV-WIN-84725,2.4593
2026-10-07T23:52:33,trading-engine,/trade,us-east-1,138,76,56,2,799.9,ERR-306,Low,Failure,4,36,1,CUST-123456,DEV-MAC-75825,10.5627
2026-10-07T23:52:53,investment-engine,/portfolio,us-west-2,198,90,83,29,7762.83,ERR-105,Low,Failure,3,36,1,CUST-112349,DEV-WIN-84725,2.2388
2026-10-07T23:52:53,fraud-detection,/payment,eu-west-1,162,96,100,10,0,ERR-901,High,Failure,4,88,1,CUST-100483,DEV-WIN-99325,2.4177
2026-10-07T23:52:53,ledger-service,/balance_check,eu-west-1,14,3,18,2,0,ERR-000,Healthy,Success,18,5,0,CUST-112349,DEV-WIN-84725,1.2667
2026-10-07T23:53:03,auth-service,/login,ap-southeast-1,50,17,43,4,0,ERR-302,Low,Failure,9,26,1,CUST-134098,DEV-MAC-75825,2.3025
2026-10-07T23:53:03,ledger-service,/balance_check,eu-west-1,28,17,48,5,0,ERR-702,Low,Failure,2,26,1,CUST-100483,DEV-MAC-0149A5,3.3
2026-10-07T23:53:13,ledger-service,/balance_check,eu-west-1,24,17,41,4,0,ERR-000,Normal,Success,4,15,0,CUST-112349,DEV-MAC-0149A5,2.85
2026-10-07T23:53:13,payment-api,/transfer,us-east-1,146,78,57,13,1674.23,ERR-905,Low,Failure,13,24,1,CUST-134098,DEV-WIN-84725,2.3857
2026-10-07T23:53:13,fraud-detection,/payment,ap-southeast-1,135,88,91,9,0,ERR-301,Low,Failure,2,30,1,CUST-134098,DEV-MAC-0149A5,2.1089
2026-10-07T23:53:23,ledger-service,/balance_check,eu-west-1,27,19,48,5,0,ERR-703,Low,Failure,10,35,1,CUST-109482,DEV-MAC-0149A5,3.3333
2026-10-07T23:53:23,fraud-detection,/payment,us-west-2,137,89,91,8,0,ERR-102,Low,Failure,1,39,1,CUST-134098,DEV-MAC-75825,2.0247
2026-10-07T23:53:23,auth-service,/login,us-west-2,47,19,48,4,0,ERR-208,Low,Failure,5,24,1,CUST-134098,DEV-MAC-75825,2.3675
2026-10-07T23:53:43,ledger-service,/balance_check,us-east-1,30,18,50,4,0,ERR-106,Low,Failure,1,20,1,CUST-109482,DEV-WIN-99325,3.2333
2026-10-07T23:53:53,fraud-detection,/payment,us-east-1,164,90,100,11,0,ERR-904,High,Failure,19,88,1,CUST-109482,DEV-MAC-0149A5,2.516
2026-10-07T23:53:53,payment-api,/transfer,us-west-2,153,80,57,14,1391.42,ERR-704,Low,Failure,5,40,1,CUST-123456,DEV-LIN-11235,2.497
2026-10-07T23:53:53,trading-engine,/trade,ap-southeast-1,139,77,56,1,4864.13,ERR-310,Low,Failure,11,37,1,CUST-100483,DEV-LIN-11235,10.1327
2026-10-07T23:54:03,trading-engine,/trade,us-east-1,3,53,30,1,3781.13,ERR-000,Healthy,Success,3,2,0,CUST-109482,DEV-MAC-0149A5,0.9353
2026-10-07T23:54:03,ledger-service,/balance_check,us-west-2,35,24,54,6,0,ERR-903,High,Failure,18,90,1,CUST-109482,DEV-WIN-99325,4.0667
2026-10-07T23:54:13,payment-api,/transfer,ap-southeast-1,179,87,71,17,1167.56,ERR-903,High,Failure,8,88,1,CUST-100483,DEV-MAC-75825,2.9293
2026-10-07T23:54:23,trading-engine,/trade,ap-southeast-1,156,86,67,2,4232.9,ERR-903,High,Failure,8,89,1,CUST-109482,DEV-MAC-75825,11.8175
2026-10-07T23:54:23,payment-api,/transfer,ap-southeast-1,145,73,48,15,2935.53,ERR-102,Low,Failure,17,26,1,CUST-134098,DEV-MAC-75825,2.4283
2026-10-07T23:54:23,ledger-service,/balance_check,us-east-1,33,23,54,6,0,ERR-903,High,Failure,1,89,1,CUST-109482,DEV-MAC-75825,3.9667
2026-10-07T23:54:33,ledger-service,/balance_check,us-east-1,29,20,47,5,0,ERR-105,Low,Failure,4,40,1,CUST-134098,DEV-WIN-99325,3.4167
2026-10-07T23:54:43,payment-api,/withdrawal,ap-southeast-1,134,66,56,14,1449.6,ERR-201,Low,Failure,4,26,1,CUST-109482,DEV-WIN-84725,2.2993
2026-10-07T23:54:43,ledger-service,/balance_check,ap-southeast-1,29,20,49,4,0,ERR-303,Low,Failure,5,28,1,CUST-100483,DEV-LIN-11235,3.25
2026-10-07T23:54:53,ledger-service,/balance_check,us-west-2,7,10,1,2,0,ERR-000,Healthy,Success,4,2,0,CUST-123456,DEV-MAC-0149A5,0.9833
2026-10-07T23:55:03,ledger-service,/balance_check,ap-southeast-1,28,19,45,5,0,ERR-903,Low,Failure,10,22,1,CUST-123456,DEV-WIN-84725,3.3167
2026-10-07T23:55:13,ledger-service,/balance_check,ap-southeast-1,29,16,43,5,0,ERR-108,Low,Failure,2,26,1,CUST-112349,DEV-WIN-99325,3.2167
2026-10-07T23:55:23,payment-api,/withdrawal,us-west-2,155,77,59,15,4752.92,ERR-701,Low,Failure,2,28,1,CUST-109482,DEV-WIN-99325,2.5567
2026-10-07T23:55:23,fraud-detection,/payment,us-east-1,120,90,88,8,0,ERR-905,Low,Failure,6,37,1,CUST-134098,DEV-MAC-75825,1.9109
2026-10-07T23:55:23,investment-engine,/portfolio,ap-southeast-1,197,88,90,27,10097.67,ERR-306,Low,Failure,6,22,1,CUST-100483,DEV-MAC-75825,2.1724
2026-10-07T23:55:23,ledger-service,/balance_check,eu-west-1,21,1,31,2,0,ERR-000,Healthy,Success,1,1,0,CUST-112349,DEV-WIN-84725,1.65
2026-10-07T23:55:33,ledger-service,/balance_check,us-west-2,30,20,49,4,0,ERR-703,Low,Failure,9,22,1,CUST-100483,DEV-MAC-75825,3.2833
2026-10-07T23:55:33,payment-api,/transfer,ap-southeast-1,159,75,51,15,2277.09,ERR-101,Low,Failure,15,34,1,CUST-123456,DEV-LIN-11235,2.516
2026-10-07T23:55:33,trading-engine,/trade,eu-west-1,225,100,94,3,2363.92,ERR-901,Critical,Failure,3,98,1,CUST-123456,DEV-MAC-0149A5,17.0169
2026-10-07T23:55:43,auth-service,/login,us-east-1,50,20,50,5,0,ERR-705,Medium,Failure,5,77,1,CUST-100483,DEV-WIN-99325,2.65
2026-10-07T23:55:53,payment-api,/transfer,us-east-1,158,75,55,14,9612.06,ERR-304,Low,Failure,5,31,1,CUST-109482,DEV-LIN-11235,2.4653
2026-10-07T23:56:03,fraud-detection,/payment,ap-southeast-1,150,89,98,9,0,ERR-701,Low,Failure,19,23,1,CUST-100483,DEV-MAC-0149A5,2.2182
2026-10-07T23:56:03,ledger-service,/balance_check,us-east-1,27,19,45,4,0,ERR-203,Low,Failure,15,30,1,CUST-134098,DEV-LIN-11235,3.0833
2026-10-07T23:56:03,payment-api,/withdrawal,ap-southeast-1,153,80,59,13,9197.77,ERR-210,Low,Failure,4,40,1,CUST-100483,DEV-MAC-75825,2.4403
2026-10-07T23:56:13,payment-api,/transfer,ap-southeast-1,144,72,57,15,2899.28,ERR-202,Low,Failure,12,24,1,CUST-134098,DEV-WIN-99325,2.461
2026-10-07T23:56:13,fraud-detection,/payment,ap-southeast-1,142,89,93,10,0,ERR-204,Low,Failure,17,22,1,CUST-100483,DEV-MAC-75825,2.26
2026-10-07T23:56:13,auth-service,/login,eu-west-1,48,20,46,4,0,ERR-108,Low,Failure,15,37,1,CUST-100483,DEV-LIN-11235,2.375
2026-10-07T23:56:23,trading-engine,/trade,eu-west-1,139,72,56,1,9280.76,ERR-701,Low,Failure,5,37,1,CUST-123456,DEV-WIN-99325,10.116
2026-10-07T23:56:23,payment-api,/transfer,ap-southeast-1,190,86,66,16,6943.68,ERR-903,High,Failure,15,90,1,CUST-109482,DEV-WIN-99325,2.8733
2026-10-07T23:56:23,ledger-service,/balance_check,us-west-2,28,20,47,4,0,ERR-103,Low,Failure,6,21,1,CUST-100483,DEV-LIN-11235,3.1833
2026-10-07T23:56:33,ledger-service,/balance_check,eu-west-1,30,19,46,5,0,ERR-901,Low,Failure,19,27,1,CUST-100483,DEV-LIN-11235,3.4
2026-10-07T23:56:43,fraud-detection,/payment,us-west-2,165,93,100,10,0,ERR-202,High,Failure,3,82,1,CUST-112349,DEV-WIN-99325,2.4302
2026-10-07T23:56:43,ledger-service,/balance_check,us-west-2,29,19,47,4,0,ERR-704,Low,Failure,8,27,1,CUST-123456,DEV-MAC-75825,3.1833
2026-10-07T23:56:53,ledger-service,/balance_check,ap-southeast-1,28,19,50,5,0,ERR-901,Low,Failure,13,20,1,CUST-123456,DEV-LIN-11235,3.4
2026-10-07T23:57:03,ledger-service,/balance_check,ap-southeast-1,14,9,22,3,0,ERR-000,Healthy,Success,5,0,0,CUST-109482,DEV-MAC-75825,1.7333
2026-10-07T23:57:03,investment-engine,/portfolio,ap-southeast-1,35,5,35,10,14685.78,ERR-000,Healthy,Success,18,0,0,CUST-109482,DEV-MAC-0149A5,0.5434
2026-10-07T23:57:13,ledger-service,/balance_check,eu-west-1,18,4,28,1,0,ERR-000,Healthy,Success,6,1,0,CUST-100483,DEV-WIN-99325,1.4
2026-10-07T23:57:23,payment-api,/withdrawal,us-east-1,158,78,56,13,6357.42,ERR-210,Low,Failure,8,28,1,CUST-112349,DEV-MAC-0149A5,2.4287
2026-10-07T23:57:23,trading-engine,/trade,us-west-2,146,79,55,2,4533.06,ERR-301,Low,Failure,8,25,1,CUST-109482,DEV-WIN-99325,11.1041
2026-10-07T23:57:23,auth-service,/login,us-east-1,22,8,7,2,0,ERR-000,Healthy,Success,19,5,0,CUST-109482,DEV-MAC-0149A5,0.9225
2026-10-07T23:57:33,ledger-service,/balance_check,us-east-1,27,20,45,4,0,ERR-109,Low,Failure,11,20,1,CUST-100483,DEV-LIN-11235,3.1167
2026-10-07T23:57:43,payment-api,/transfer,ap-southeast-1,154,79,59,14,3947.33,ERR-301,Low,Failure,17,23,1,CUST-109482,DEV-WIN-84725,2.5027
2026-10-07T23:57:53,ledger-service,/balance_check,eu-west-1,27,19,48,5,0,ERR-705,Low,Failure,2,30,1,CUST-100483,DEV-LIN-11235,3.3333
2026-10-07T23:58:03,fraud-detection,/payment,us-east-1,123,76,97,8,0,ERR-703,Low,Failure,15,23,1,CUST-123456,DEV-WIN-84725,1.9047
2026-10-07T23:58:03,ledger-service,/balance_check,us-west-2,34,23,54,5,0,ERR-903,High,Failure,20,84,1,CUST-134098,DEV-MAC-0149A5,3.8
2026-10-07T23:58:13,ledger-service,/balance_check,ap-southeast-1,31,23,56,6,0,ERR-903,High,Failure,4,85,1,CUST-100483,DEV-WIN-84725,3.9333
2026-10-07T23:58:23,fraud-detection,/payment,us-east-1,135,81,94,9,0,ERR-905,Low,Failure,9,24,1,CUST-109482,DEV-MAC-0149A5,2.0943
2026-10-07T23:58:23,ledger-service,/balance_check,eu-west-1,28,19,47,4,0,ERR-202,Low,Failure,12,40,1,CUST-109482,DEV-WIN-84725,3.15
2026-10-07T23:58:23,investment-engine,/portfolio,eu-west-1,194,80,86,28,8142.31,ERR-302,Low,Failure,6,39,1,CUST-109482,DEV-MAC-75825,2.148
2026-10-07T23:58:43,trading-engine,/trade,us-east-1,141,78,54,1,8398.03,ERR-902,Low,Failure,8,31,1,CUST-123456,DEV-WIN-99325,10.2655
2026-10-07T23:58:43,ledger-service,/balance_check,us-west-2,17,14,35,3,0,ERR-000,Healthy,Success,20,4,0,CUST-100483,DEV-LIN-11235,2.2167
2026-10-07T23:58:53,ledger-service,/balance_check,ap-southeast-1,27,17,47,5,0,ERR-902,Low,Failure,17,25,1,CUST-112349,DEV-MAC-75825,3.25
2026-10-07T23:58:53,trading-engine,/trade,us-east-1,140,76,57,1,5359.66,ERR-207,Low,Failure,11,35,1,CUST-109482,DEV-WIN-84725,10.198
2026-10-07T23:59:03,investment-engine,/portfolio,ap-southeast-1,195,87,82,27,11051.27,ERR-305,Low,Failure,16,38,1,CUST-100483,DEV-MAC-0149A5,2.1452
2026-10-07T23:59:03,fraud-detection,/payment,ap-southeast-1,136,82,94,9,0,ERR-305,Low,Failure,5,37,1,CUST-100483,DEV-MAC-75825,2.1035
2026-10-07T23:59:03,ledger-service,/balance_check,us-west-2,30,18,46,4,0,ERR-101,Low,Failure,7,40,1,CUST-100483,DEV-MAC-0149A5,3.1667
2026-10-07T23:59:03,trading-engine,/trade,us-east-1,139,77,54,2,9008.16,ERR-704,Low,Failure,11,26,1,CUST-134098,DEV-WIN-84725,10.6288
2026-10-07T23:59:13,auth-service,/login,eu-west-1,47,18,47,4,0,ERR-302,Low,Failure,7,32,1,CUST-112349,DEV-WIN-84725,2.335
2026-10-07T23:59:13,ledger-service,/balance_check,ap-southeast-1,27,19,48,4,0,ERR-109,Low,Failure,13,20,1,CUST-100483,DEV-WIN-99325,3.1333
2026-10-07T23:59:13,investment-engine,/portfolio,ap-southeast-1,181,78,90,26,14751.78,ERR-903,Low,Failure,11,37,1,CUST-109482,DEV-MAC-75825,2.0358
2026-10-07T23:59:23,ledger-service,/balance_check,ap-southeast-1,30,19,46,4,0,ERR-201,Low,Failure,17,29,1,CUST-134098,DEV-LIN-11235,3.2
2026-10-07T23:59:23,trading-engine,/trade,us-east-1,139,78,50,2,8063.4,ERR-110,Low,Failure,10,39,1,CUST-134098,DEV-LIN-11235,10.6243
2026-10-07T23:59:33,ledger-service,/balance_check,ap-southeast-1,28,20,45,5,0,ERR-102,Low,Failure,16,30,1,CUST-100483,DEV-WIN-99325,3.35
2026-10-07T23:59:33,auth-service,/login,eu-west-1,47,19,49,5,0,ERR-210,Low,Failure,4,28,1,CUST-134098,DEV-MAC-75825,2.58
2026-10-07T23:59:43,trading-engine,/trade,us-west-2,171,81,63,2,8821.08,ERR-903,High,Failure,9,85,1,CUST-109482,DEV-WIN-84725,12.793
2026-10-07T23:59:43,ledger-service,/balance_check,us-east-1,8,2,4,3,0,ERR-000,Healthy,Success,9,5,0,CUST-123456,DEV-WIN-99325,1
2026-10-07T23:59:53,investment-engine,/portfolio,us-west-2,197,84,87,28,11886.72,ERR-309,Low,Failure,3,39,1,CUST-112349,DEV-MAC-0149A5,2.1799
2026-10-07T23:59:53,trading-engine,/trade,ap-southeast-1,180,86,60,2,6282.46,ERR-201,High,Failure,8,89,1,CUST-100483,DEV-LIN-11235,13.4039
2026-10-07T23:59:53,ledger-service,/balance_check,ap-southeast-1,26,17,45,5,0,ERR-304,Low,Failure,10,37,1,CUST-109482,DEV-WIN-99325,3.1833
2026-07-11T00:00:03,ledger-service,/balance_check,eu-west-1,15,2,34,2,0,ERR-000,Healthy,Success,18,4,0,CUST-112349,DEV-MAC-75825,1.5333
2026-07-11T00:00:23,ledger-service,/balance_check,us-west-2,28,19,45,4,0,ERR-301,Low,Failure,13,23,1,CUST-112349,DEV-WIN-84725,3.1167
2026-07-11T00:00:23,payment-api,/withdrawal,us-west-2,145,74,56,15,3795.6,ERR-208,Low,Failure,20,39,1,CUST-109482,DEV-LIN-11235,2.4767
2026-07-11T00:00:33,investment-engine,/portfolio,ap-southeast-1,199,81,90,29,6975.26,ERR-102,Low,Failure,6,27,1,CUST-112349,DEV-WIN-99325,2.2108
2026-07-11T00:00:33,ledger-service,/balance_check,us-east-1,11,14,34,2,0,ERR-000,Healthy,Success,6,5,0,CUST-134098,DEV-WIN-99325,1.8
2026-07-11T00:00:33,payment-api,/withdrawal,us-east-1,147,79,60,13,2534.06,ERR-109,Low,Failure,20,24,1,CUST-123456,DEV-MAC-75825,2.413
2026-07-11T00:00:43,ledger-service,/balance_check,ap-southeast-1,30,18,45,5,0,ERR-903,Low,Failure,1,37,1,CUST-100483,DEV-WIN-84725,3.35
2026-07-11T00:00:43,fraud-detection,/payment,eu-west-1,144,90,100,10,0,ERR-202,Low,Failure,9,30,1,CUST-134098,DEV-LIN-11235,2.2827
2026-07-11T00:00:43,trading-engine,/trade,us-west-2,248,100,86,3,2851.72,ERR-901,Critical,Failure,15,98,1,CUST-100483,DEV-MAC-0149A5,18.5346
2026-07-11T00:00:53,ledger-service,/balance_check,ap-southeast-1,30,18,50,5,0,ERR-105,Low,Failure,18,30,1,CUST-109482,DEV-WIN-84725,3.4333
2026-07-11T00:01:03,payment-api,/transfer,ap-southeast-1,86,49,1,9,5338.44,ERR-000,Healthy,Success,18,4,0,CUST-134098,DEV-MAC-0149A5,1.3573
2026-07-11T00:01:13,ledger-service,/balance_check,us-east-1,10,13,6,1,0,ERR-000,Healthy,Success,10,4,0,CUST-123456,DEV-WIN-99325,1.0667
2026-07-11T00:01:13,payment-api,/withdrawal,ap-southeast-1,172,88,72,17,4448.84,ERR-903,High,Failure,10,88,1,CUST-100483,DEV-WIN-84725,2.9147
2026-07-11T00:01:23,investment-engine,/portfolio,us-east-1,199,81,83,30,9384.85,ERR-104,Low,Failure,18,39,1,CUST-134098,DEV-MAC-75825,2.2304
2026-07-11T00:01:23,payment-api,/transfer,us-east-1,156,64,56,15,3138.32,ERR-307,Low,Failure,1,24,1,CUST-109482,DEV-WIN-84725,2.4373
2026-07-11T00:01:33,auth-service,/login,us-east-1,42,20,41,5,0,ERR-310,Low,Failure,14,34,1,CUST-109482,DEV-MAC-75825,2.4375
2026-07-11T00:01:33,ledger-service,/balance_check,us-west-2,28,19,47,4,0,ERR-703,Low,Failure,13,28,1,CUST-100483,DEV-WIN-99325,3.15
2026-07-11T00:01:43,ledger-service,/balance_check,ap-southeast-1,12,2,23,3,0,ERR-000,Healthy,Success,8,3,0,CUST-123456,DEV-WIN-84725,1.45
2026-07-11T00:01:43,fraud-detection,/payment,us-east-1,142,81,93,9,0,ERR-103,Low,Failure,7,36,1,CUST-109482,DEV-WIN-99325,2.14
2026-07-11T00:01:53,ledger-service,/balance_check,eu-west-1,18,11,28,1,0,ERR-000,Healthy,Success,18,4,0,CUST-134098,DEV-WIN-99325,1.6333
2026-07-11T00:01:53,auth-service,/login,us-east-1,49,19,45,4,0,ERR-705,Low,Failure,8,34,1,CUST-123456,DEV-MAC-0149A5,2.355
2026-07-11T00:01:53,payment-api,/transfer,eu-west-1,156,73,60,14,1363.61,ERR-301,Low,Failure,20,22,1,CUST-134098,DEV-MAC-0149A5,2.4657
2026-07-11T00:02:03,ledger-service,/balance_check,us-west-2,30,18,45,5,0,ERR-204,Low,Failure,7,27,1,CUST-134098,DEV-MAC-0149A5,3.35
2026-07-11T00:02:03,auth-service,/login,ap-southeast-1,47,19,48,4,0,ERR-205,Low,Failure,5,40,1,CUST-134098,DEV-MAC-75825,2.3675
2026-07-11T00:02:13,trading-engine,/trade,us-west-2,178,84,64,2,4254.87,ERR-903,High,Failure,11,86,1,CUST-100483,DEV-WIN-84725,13.2717
2026-07-11T00:02:13,auth-service,/login,ap-southeast-1,48,18,40,4,0,ERR-305,Low,Failure,2,40,1,CUST-123456,DEV-WIN-84725,2.26
2026-07-11T00:02:13,investment-engine,/portfolio,us-east-1,184,87,87,29,11888.33,ERR-301,Low,Failure,18,40,1,CUST-100483,DEV-MAC-0149A5,2.1849
2026-07-11T00:02:13,payment-api,/withdrawal,eu-west-1,179,88,69,15,5917.64,ERR-903,High,Failure,11,89,1,CUST-112349,DEV-LIN-11235,2.7943
2026-07-11T00:02:23,auth-service,/login,eu-west-1,51,21,52,5,0,ERR-903,Medium,Failure,10,62,1,CUST-134098,DEV-WIN-99325,2.7075
2026-07-11T00:02:23,trading-engine,/trade,us-west-2,72,54,30,1,3877.31,ERR-000,Healthy,Success,20,0,0,CUST-134098,DEV-WIN-84725,5.5386
2026-07-11T00:02:33,auth-service,/login,eu-west-1,47,20,49,4,0,ERR-701,Low,Failure,11,20,1,CUST-123456,DEV-MAC-75825,2.4
2026-07-11T00:02:33,investment-engine,/portfolio,ap-southeast-1,196,82,82,28,6913.41,ERR-705,Low,Failure,12,30,1,CUST-112349,DEV-MAC-0149A5,2.1568
2026-07-11T00:02:33,ledger-service,/balance_check,us-west-2,24,18,42,4,0,ERR-205,Low,Failure,13,40,1,CUST-134098,DEV-WIN-84725,2.9
2026-07-11T00:02:43,fraud-detection,/payment,ap-southeast-1,157,100,100,12,0,ERR-303,High,Failure,2,81,1,CUST-123456,DEV-WIN-84725,2.5943
2026-07-11T00:02:43,investment-engine,/portfolio,ap-southeast-1,205,100,94,33,8970.54,ERR-903,High,Failure,9,87,1,CUST-112349,DEV-MAC-75825,2.4669
2026-07-11T00:02:53,fraud-detection,/payment,us-west-2,145,83,92,10,0,ERR-207,Low,Failure,7,24,1,CUST-123456,DEV-LIN-11235,2.264
2026-07-11T00:03:03,ledger-service,/balance_check,eu-west-1,32,23,57,6,0,ERR-903,High,Failure,13,83,1,CUST-134098,DEV-MAC-75825,3.9833
2026-07-11T00:03:13,ledger-service,/balance_check,us-west-2,14,6,17,1,0,ERR-000,Healthy,Success,6,2,0,CUST-123456,DEV-LIN-11235,1.15
2026-07-11T00:03:23,trading-engine,/trade,us-west-2,122,72,57,1,5322.5,ERR-901,Low,Failure,19,24,1,CUST-134098,DEV-LIN-11235,8.9847
2026-07-11T00:03:23,ledger-service,/balance_check,eu-west-1,24,18,46,5,0,ERR-104,Low,Failure,19,27,1,CUST-109482,DEV-WIN-99325,3.1667
2026-07-11T00:03:33,investment-engine,/portfolio,ap-southeast-1,224,99,96,36,12210.97,ERR-903,High,Failure,1,87,1,CUST-123456,DEV-LIN-11235,2.6292
2026-07-11T00:03:33,payment-api,/transfer,eu-west-1,178,84,72,18,6353.57,ERR-903,High,Failure,4,90,1,CUST-109482,DEV-WIN-84725,2.972
2026-07-11T00:03:53,trading-engine,/trade,us-west-2,38,39,9,1,7209.89,ERR-000,Healthy,Success,9,3,0,CUST-109482,DEV-MAC-0149A5,3.1809
2026-07-11T00:03:53,fraud-detection,/payment,us-east-1,161,91,100,12,0,ERR-904,High,Failure,10,87,1,CUST-134098,DEV-WIN-99325,2.5985
2026-07-11T00:03:53,ledger-service,/balance_check,eu-west-1,3,10,30,1,0,ERR-000,Healthy,Success,6,0,0,CUST-100483,DEV-LIN-11235,1.1333
2026-07-11T00:04:03,ledger-service,/balance_check,us-west-2,30,19,48,4,0,ERR-109,Low,Failure,12,22,1,CUST-100483,DEV-MAC-0149A5,3.2333
2026-07-11T00:04:03,payment-api,/withdrawal,ap-southeast-1,151,78,56,13,3913.71,ERR-304,Low,Failure,14,32,1,CUST-123456,DEV-MAC-0149A5,2.4007
2026-07-11T00:04:03,fraud-detection,/payment,us-west-2,152,90,100,11,0,ERR-703,High,Failure,9,87,1,CUST-134098,DEV-WIN-84725,2.436
2026-07-11T00:04:13,ledger-service,/balance_check,us-west-2,27,19,45,5,0,ERR-304,Low,Failure,10,30,1,CUST-134098,DEV-LIN-11235,3.2833
2026-07-11T00:04:13,payment-api,/withdrawal,eu-west-1,151,74,57,14,9703.75,ERR-205,Low,Failure,19,27,1,CUST-100483,DEV-MAC-75825,2.439
2026-07-11T00:04:23,auth-service,/login,eu-west-1,52,21,50,5,0,ERR-209,Medium,Failure,8,62,1,CUST-100483,DEV-MAC-0149A5,2.695
2026-07-11T00:04:33,trading-engine,/trade,us-east-1,154,95,66,2,2984.2,ERR-903,High,Failure,19,86,1,CUST-112349,DEV-WIN-99325,11.7122
2026-07-11T00:04:33,payment-api,/transfer,ap-southeast-1,179,91,69,18,6338.18,ERR-903,High,Failure,13,87,1,CUST-100483,DEV-MAC-0149A5,3.0193
2026-07-11T00:04:43,investment-engine,/portfolio,us-east-1,194,87,89,28,12606.84,ERR-104,Low,Failure,10,32,1,CUST-123456,DEV-MAC-75825,2.1888
2026-07-11T00:04:43,ledger-service,/balance_check,ap-southeast-1,6,4,31,3,0,ERR-000,Healthy,Success,10,1,0,CUST-123456,DEV-MAC-75825,1.45
2026-07-11T00:04:43,fraud-detection,/payment,us-west-2,151,100,100,11,0,ERR-104,High,Failure,3,88,1,CUST-112349,DEV-WIN-99325,2.4543
2026-07-11T00:04:53,payment-api,/withdrawal,ap-southeast-1,153,73,57,13,7348.9,ERR-104,Low,Failure,19,29,1,CUST-123456,DEV-LIN-11235,2.372
2026-07-11T00:04:53,ledger-service,/balance_check,ap-southeast-1,30,19,48,4,0,ERR-904,Low,Failure,6,25,1,CUST-109482,DEV-WIN-99325,3.2333
2026-07-11T00:04:53,auth-service,/login,us-east-1,43,16,45,5,0,ERR-305,Low,Failure,2,35,1,CUST-112349,DEV-WIN-84725,2.42
2026-07-11T00:05:03,ledger-service,/balance_check,eu-west-1,30,20,48,4,0,ERR-701,Low,Failure,17,22,1,CUST-134098,DEV-LIN-11235,3.2667
2026-07-11T00:05:13,fraud-detection,/payment,ap-southeast-1,44,2,9,7,0,ERR-000,Healthy,Success,13,5,0,CUST-112349,DEV-MAC-75825,1.0071
2026-07-11T00:05:13,ledger-service,/balance_check,us-west-2,30,18,46,4,0,ERR-307,Low,Failure,6,29,1,CUST-134098,DEV-MAC-75825,3.1667
2026-07-11T00:05:23,ledger-service,/balance_check,us-east-1,28,18,45,5,0,ERR-705,Low,Failure,2,26,1,CUST-100483,DEV-WIN-84725,3.2833
2026-07-11T00:05:23,trading-engine,/trade,eu-west-1,137,80,53,1,6112.85,ERR-208,Low,Failure,14,39,1,CUST-134098,DEV-LIN-11235,10.0035
2026-07-11T00:05:33,ledger-service,/balance_check,us-west-2,27,19,48,5,0,ERR-207,Low,Failure,12,27,1,CUST-109482,DEV-WIN-99325,3.3333
2026-07-11T00:05:43,trading-engine,/trade,eu-west-1,135,64,48,1,1483.06,ERR-106,Low,Failure,14,35,1,CUST-134098,DEV-WIN-84725,9.8071
2026-07-11T00:05:43,auth-service,/login,us-east-1,17,8,25,1,0,ERR-000,Healthy,Success,6,3,0,CUST-109482,DEV-MAC-0149A5,0.885
2026-07-11T00:05:53,ledger-service,/balance_check,eu-west-1,36,24,53,5,0,ERR-903,High,Failure,13,83,1,CUST-123456,DEV-LIN-11235,3.8833
2026-07-11T00:06:03,payment-api,/transfer,ap-southeast-1,151,74,55,14,5179.11,ERR-902,Low,Failure,12,38,1,CUST-134098,DEV-LIN-11235,2.429
2026-07-11T00:06:13,ledger-service,/balance_check,eu-west-1,36,22,55,5,0,ERR-903,High,Failure,7,82,1,CUST-134098,DEV-MAC-75825,3.85
2026-07-11T00:06:13,trading-engine,/trade,us-west-2,154,92,71,2,2878.86,ERR-903,High,Failure,8,85,1,CUST-123456,DEV-MAC-75825,11.712
2026-07-11T00:06:23,ledger-service,/balance_check,us-east-1,29,19,45,4,0,ERR-302,Low,Failure,19,33,1,CUST-109482,DEV-WIN-84725,3.15
2026-07-11T00:06:33,payment-api,/transfer,eu-west-1,146,79,60,14,7210.99,ERR-904,Low,Failure,2,27,1,CUST-123456,DEV-WIN-84725,2.4757
2026-07-11T00:06:43,ledger-service,/balance_check,eu-west-1,14,12,11,1,0,ERR-000,Healthy,Success,1,3,0,CUST-109482,DEV-LIN-11235,1.25
2026-07-11T00:06:53,ledger-service,/balance_check,us-east-1,28,20,47,4,0,ERR-106,Low,Failure,7,24,1,CUST-100483,DEV-MAC-75825,3.1833
2026-07-11T00:06:53,trading-engine,/trade,us-west-2,224,100,100,2,6607.65,ERR-901,Critical,Failure,8,98,1,CUST-134098,DEV-MAC-75825,16.462
2026-07-11T00:07:03,ledger-service,/balance_check,ap-southeast-1,27,19,50,5,0,ERR-904,Low,Failure,12,29,1,CUST-109482,DEV-WIN-84725,3.3667
2026-07-11T00:07:13,ledger-service,/balance_check,ap-southeast-1,34,21,54,6,0,ERR-903,High,Failure,6,87,1,CUST-109482,DEV-WIN-99325,3.9333
2026-07-11T00:07:13,fraud-detection,/payment,us-west-2,150,83,91,10,0,ERR-108,Low,Failure,14,28,1,CUST-123456,DEV-MAC-0149A5,2.2964
2026-07-11T00:07:23,auth-service,/login,us-west-2,25,9,21,1,0,ERR-000,Healthy,Success,8,3,0,CUST-123456,DEV-MAC-75825,0.955
2026-07-11T00:07:23,payment-api,/transfer,us-west-2,200,100,74,19,4383.16,ERR-901,Critical,Failure,11,93,1,CUST-123456,DEV-MAC-0149A5,3.27
2026-07-11T00:07:33,auth-service,/login,us-west-2,17,1,32,1,0,ERR-000,Healthy,Success,6,2,0,CUST-109482,DEV-LIN-11235,0.8325
2026-07-11T00:07:33,payment-api,/withdrawal,us-west-2,157,77,60,14,4161.81,ERR-109,Low,Failure,3,38,1,CUST-112349,DEV-MAC-75825,2.503
2026-07-11T00:07:33,ledger-service,/balance_check,ap-southeast-1,30,19,47,4,0,ERR-102,Low,Failure,15,38,1,CUST-100483,DEV-LIN-11235,3.2167
2026-07-11T00:07:43,trading-engine,/trade,ap-southeast-1,128,73,56,1,176.24,ERR-903,Low,Failure,11,21,1,CUST-100483,DEV-MAC-0149A5,9.386
2026-07-11T00:07:43,fraud-detection,/payment,us-east-1,135,75,82,8,0,ERR-705,Low,Failure,1,36,1,CUST-123456,DEV-MAC-0149A5,1.9676
2026-07-11T00:07:53,ledger-service,/balance_check,eu-west-1,30,22,60,6,0,ERR-903,High,Failure,6,90,1,CUST-112349,DEV-WIN-99325,3.9333
2026-07-11T00:07:53,investment-engine,/portfolio,eu-west-1,185,87,84,29,8206.56,ERR-108,Low,Failure,3,31,1,CUST-123456,DEV-WIN-99325,2.1824
2026-07-11T00:08:03,ledger-service,/balance_check,us-east-1,27,16,48,4,0,ERR-902,Low,Failure,18,40,1,CUST-134098,DEV-WIN-99325,3.0333
2026-07-11T00:08:03,payment-api,/transfer,us-west-2,158,78,56,14,4814.07,ERR-905,Low,Failure,1,40,1,CUST-112349,DEV-WIN-84725,2.4953
2026-07-11T00:08:03,trading-engine,/trade,ap-southeast-1,137,80,57,2,360.8,ERR-102,Low,Failure,20,23,1,CUST-109482,DEV-MAC-0149A5,10.5113
2026-07-11T00:08:13,ledger-service,/balance_check,us-east-1,11,4,3,2,0,ERR-000,Healthy,Success,14,4,0,CUST-100483,DEV-WIN-99325,0.95
2026-07-11T00:08:13,payment-api,/withdrawal,eu-west-1,149,66,51,12,8770.85,ERR-905,Low,Failure,11,25,1,CUST-109482,DEV-WIN-99325,2.201
2026-07-11T00:08:23,ledger-service,/balance_check,us-east-1,27,17,48,4,0,ERR-901,Low,Failure,8,40,1,CUST-100483,DEV-MAC-0149A5,3.0667
2026-07-11T00:08:33,trading-engine,/trade,us-east-1,169,93,71,2,6206.07,ERR-903,High,Failure,1,84,1,CUST-100483,DEV-MAC-75825,12.7153
2026-07-11T00:08:33,fraud-detection,/payment,ap-southeast-1,160,100,100,12,0,ERR-209,High,Failure,19,80,1,CUST-123456,DEV-WIN-84725,2.6143
2026-07-11T00:08:33,ledger-service,/balance_check,ap-southeast-1,28,18,49,5,0,ERR-101,Low,Failure,18,22,1,CUST-100483,DEV-WIN-99325,3.35
2026-07-11T00:08:43,trading-engine,/trade,eu-west-1,177,96,68,2,383.78,ERR-903,High,Failure,11,87,1,CUST-123456,DEV-WIN-84725,13.2528
2026-07-11T00:08:53,ledger-service,/balance_check,eu-west-1,30,20,45,4,0,ERR-902,Low,Failure,17,25,1,CUST-123456,DEV-WIN-99325,3.2167
2026-07-11T00:09:13,payment-api,/withdrawal,eu-west-1,3,13,17,8,6516.02,ERR-000,Healthy,Success,16,4,0,CUST-100483,DEV-MAC-0149A5,0.7387
2026-07-11T00:09:13,trading-engine,/trade,eu-west-1,91,53,35,1,3130.92,ERR-000,Healthy,Success,19,0,0,CUST-134098,DEV-WIN-99325,6.8117
2026-07-11T00:09:23,payment-api,/withdrawal,ap-southeast-1,184,81,64,15,8241.13,ERR-903,High,Failure,15,84,1,CUST-123456,DEV-MAC-75825,2.731
2026-07-11T00:09:23,ledger-service,/balance_check,us-east-1,28,18,45,4,0,ERR-704,Low,Failure,18,32,1,CUST-100483,DEV-MAC-0149A5,3.0833
2026-07-11T00:09:33,payment-api,/transfer,ap-southeast-1,179,89,64,17,4300.58,ERR-903,High,Failure,20,87,1,CUST-123456,DEV-MAC-75825,2.911
2026-07-11T00:09:33,auth-service,/login,eu-west-1,46,20,47,5,0,ERR-305,Low,Failure,5,27,1,CUST-109482,DEV-MAC-75825,2.5625
2026-07-11T00:09:43,ledger-service,/balance_check,us-east-1,30,19,47,5,0,ERR-108,Low,Failure,3,40,1,CUST-100483,DEV-WIN-99325,3.4167
2026-07-11T00:09:53,auth-service,/login,us-east-1,47,19,46,4,0,ERR-105,Low,Failure,19,35,1,CUST-109482,DEV-LIN-11235,2.3425
2026-07-11T00:10:03,ledger-service,/balance_check,us-west-2,29,18,50,5,0,ERR-107,Low,Failure,2,38,1,CUST-112349,DEV-WIN-84725,3.4
2026-07-11T00:10:03,trading-engine,/trade,eu-west-1,135,77,60,1,3484.6,ERR-204,Low,Failure,12,28,1,CUST-134098,DEV-WIN-84725,9.8739
2026-07-11T00:10:03,payment-api,/withdrawal,ap-southeast-1,157,75,60,15,7674.03,ERR-308,Low,Failure,10,38,1,CUST-123456,DEV-WIN-99325,2.553
2026-07-11T00:10:13,trading-engine,/trade,eu-west-1,227,100,97,3,817.57,ERR-901,Critical,Failure,20,92,1,CUST-109482,DEV-WIN-99325,17.1561
2026-07-11T00:10:13,payment-api,/withdrawal,us-east-1,157,74,57,13,4142.43,ERR-309,Low,Failure,15,36,1,CUST-109482,DEV-WIN-99325,2.3963
2026-07-11T00:10:23,payment-api,/withdrawal,us-east-1,135,78,53,13,5755.68,ERR-108,Low,Failure,14,33,1,CUST-100483,DEV-MAC-75825,2.3217
2026-07-11T00:10:33,investment-engine,/portfolio,eu-west-1,260,100,100,41,10172.18,ERR-903,Critical,Failure,3,97,1,CUST-100483,DEV-LIN-11235,2.9286
2026-07-11T00:10:43,payment-api,/transfer,eu-west-1,19,34,21,6,4011.12,ERR-000,Healthy,Success,19,3,0,CUST-123456,DEV-MAC-0149A5,0.8643
2026-07-11T00:10:53,ledger-service,/balance_check,eu-west-1,36,24,55,5,0,ERR-903,High,Failure,15,88,1,CUST-112349,DEV-MAC-75825,3.9167
2026-07-11T00:11:03,ledger-service,/balance_check,us-west-2,3,14,31,1,0,ERR-000,Healthy,Success,18,2,0,CUST-123456,DEV-MAC-0149A5,1.2833
2026-07-11T00:11:13,ledger-service,/balance_check,eu-west-1,36,22,52,6,0,ERR-903,High,Failure,10,87,1,CUST-109482,DEV-MAC-75825,4
2026-07-11T00:11:23,ledger-service,/balance_check,us-east-1,32,24,53,5,0,ERR-903,High,Failure,8,80,1,CUST-109482,DEV-WIN-99325,3.75
2026-07-11T00:11:23,payment-api,/withdrawal,us-east-1,170,86,61,18,2739.18,ERR-903,High,Failure,1,83,1,CUST-112349,DEV-LIN-11235,2.9017
2026-07-11T00:11:33,auth-service,/login,us-east-1,50,20,47,4,0,ERR-209,Low,Failure,16,26,1,CUST-109482,DEV-WIN-99325,2.4125
2026-07-11T00:11:33,ledger-service,/balance_check,ap-southeast-1,27,17,48,5,0,ERR-207,Low,Failure,19,36,1,CUST-112349,DEV-MAC-75825,3.2667
2026-07-11T00:11:43,ledger-service,/balance_check,ap-southeast-1,11,8,3,2,0,ERR-000,Healthy,Success,19,2,0,CUST-100483,DEV-MAC-75825,1.0833
2026-07-11T00:12:03,investment-engine,/portfolio,eu-west-1,211,100,92,33,6052.81,ERR-903,High,Failure,1,80,1,CUST-123456,DEV-MAC-75825,2.483
2026-07-11T00:12:13,trading-engine,/trade,us-west-2,135,74,56,2,3418.32,ERR-201,Low,Failure,9,39,1,CUST-123456,DEV-MAC-0149A5,10.356
2026-07-11T00:12:13,payment-api,/transfer,us-east-1,129,78,50,13,3686.8,ERR-109,Low,Failure,6,29,1,CUST-100483,DEV-WIN-84725,2.2827
2026-07-11T00:12:23,ledger-service,/balance_check,us-west-2,36,22,56,6,0,ERR-903,High,Failure,4,87,1,CUST-100483,DEV-LIN-11235,4.0667
2026-07-11T00:12:23,payment-api,/withdrawal,us-east-1,163,95,72,16,7443.44,ERR-903,High,Failure,19,87,1,CUST-134098,DEV-WIN-84725,2.8703
2026-07-11T00:12:33,ledger-service,/balance_check,us-west-2,29,19,46,4,0,ERR-309,Low,Failure,17,34,1,CUST-109482,DEV-LIN-11235,3.1667
2026-07-11T00:12:43,payment-api,/withdrawal,us-west-2,184,90,61,17,1560.08,ERR-903,High,Failure,8,88,1,CUST-112349,DEV-WIN-84725,2.9243
2026-07-11T00:12:53,ledger-service,/balance_check,us-east-1,14,9,30,1,0,ERR-000,Healthy,Success,3,0,0,CUST-112349,DEV-WIN-84725,1.4667
2026-07-11T00:12:53,auth-service,/login,us-east-1,47,20,46,5,0,ERR-105,Low,Failure,20,36,1,CUST-123456,DEV-LIN-11235,2.5625
2026-07-11T00:13:13,trading-engine,/trade,eu-west-1,140,70,55,2,9691.1,ERR-702,Low,Failure,12,26,1,CUST-100483,DEV-WIN-84725,10.6741
2026-07-11T00:13:13,ledger-service,/balance_check,eu-west-1,16,4,16,3,0,ERR-000,Healthy,Success,12,5,0,CUST-134098,DEV-MAC-0149A5,1.5333
2026-07-11T00:13:23,payment-api,/withdrawal,eu-west-1,178,80,66,18,7660.51,ERR-306,High,Failure,8,81,1,CUST-112349,DEV-WIN-99325,2.9087
2026-07-11T00:13:23,fraud-detection,/payment,us-east-1,126,78,80,9,0,ERR-202,Low,Failure,9,40,1,CUST-134098,DEV-MAC-75825,2.0131
2026-07-11T00:13:33,investment-engine,/portfolio,us-west-2,182,84,83,29,8396.48,ERR-905,Low,Failure,2,20,1,CUST-100483,DEV-MAC-0149A5,2.1554
2026-07-11T00:13:33,ledger-service,/balance_check,us-west-2,26,19,48,4,0,ERR-304,Low,Failure,11,25,1,CUST-112349,DEV-WIN-84725,3.1
2026-07-11T00:13:43,trading-engine,/trade,eu-west-1,150,85,68,2,8256.6,ERR-903,High,Failure,3,82,1,CUST-100483,DEV-MAC-75825,11.4161
2026-07-11T00:13:53,payment-api,/transfer,eu-west-1,149,80,57,14,4188.12,ERR-106,Low,Failure,13,22,1,CUST-134098,DEV-MAC-75825,2.481
2026-07-11T00:13:53,investment-engine,/portfolio,eu-west-1,196,87,86,27,10286.14,ERR-102,Low,Failure,11,33,1,CUST-123456,DEV-MAC-75825,2.1563
2026-07-11T00:13:53,ledger-service,/balance_check,eu-west-1,33,20,50,6,0,ERR-301,High,Failure,3,83,1,CUST-112349,DEV-MAC-75825,3.8
2026-07-11T00:13:53,fraud-detection,/payment,ap-southeast-1,160,90,100,12,0,ERR-210,High,Failure,5,89,1,CUST-123456,DEV-WIN-99325,2.5893
2026-07-11T00:14:03,payment-api,/withdrawal,eu-west-1,158,76,56,15,162.93,ERR-704,Low,Failure,8,25,1,CUST-134098,DEV-WIN-99325,2.5453
2026-07-11T00:14:03,ledger-service,/balance_check,us-west-2,29,18,45,4,0,ERR-207,Low,Failure,18,20,1,CUST-134098,DEV-WIN-99325,3.1167
2026-07-11T00:14:13,payment-api,/withdrawal,us-west-2,274,100,100,26,9546.98,ERR-901,Critical,Failure,9,92,1,CUST-123456,DEV-MAC-75825,4.1627
2026-07-11T00:14:13,auth-service,/login,ap-southeast-1,48,18,49,4,0,ERR-701,Low,Failure,19,24,1,CUST-123456,DEV-WIN-99325,2.3725
2026-07-11T00:14:13,trading-engine,/trade,us-west-2,197,96,72,2,2470.81,ERR-903,Critical,Failure,8,90,1,CUST-100483,DEV-MAC-75825,14.594
2026-07-11T00:14:23,ledger-service,/balance_check,ap-southeast-1,27,19,50,5,0,ERR-105,Low,Failure,2,35,1,CUST-109482,DEV-WIN-84725,3.3667
2026-07-11T00:14:23,investment-engine,/portfolio,eu-west-1,7,12,34,6,11941.75,ERR-000,Healthy,Success,5,5,0,CUST-112349,DEV-WIN-84725,0.3497
2026-07-11T00:14:33,auth-service,/login,ap-southeast-1,49,17,40,4,0,ERR-305,Low,Failure,11,27,1,CUST-123456,DEV-WIN-84725,2.2525
2026-07-11T00:14:33,trading-engine,/trade,us-east-1,75,11,4,1,1516.83,ERR-000,Healthy,Success,19,1,0,CUST-123456,DEV-MAC-0149A5,5.5445
2026-07-11T00:14:43,ledger-service,/balance_check,ap-southeast-1,25,17,44,4,0,ERR-000,Normal,Success,19,6,0,CUST-123456,DEV-WIN-84725,2.9333
2026-07-11T00:14:43,trading-engine,/trade,eu-west-1,147,73,59,1,674.37,ERR-101,Low,Failure,3,29,1,CUST-100483,DEV-MAC-0149A5,10.6586
2026-07-11T00:14:53,investment-engine,/portfolio,ap-southeast-1,188,86,82,27,11730.9,ERR-206,Low,Failure,7,36,1,CUST-112349,DEV-MAC-75825,2.1168
2026-07-11T00:15:03,payment-api,/transfer,us-west-2,160,72,59,13,6179.25,ERR-207,Low,Failure,3,33,1,CUST-123456,DEV-LIN-11235,2.4017
2026-07-11T00:15:03,investment-engine,/portfolio,eu-west-1,189,88,83,28,13594.67,ERR-106,Low,Failure,10,27,1,CUST-123456,DEV-LIN-11235,2.1654
2026-07-11T00:15:13,ledger-service,/balance_check,ap-southeast-1,29,19,47,5,0,ERR-105,Low,Failure,6,28,1,CUST-100483,DEV-MAC-75825,3.3833
2026-07-11T00:15:13,fraud-detection,/payment,us-east-1,160,95,100,10,0,ERR-703,High,Failure,13,84,1,CUST-109482,DEV-WIN-99325,2.4018
2026-07-11T00:15:33,payment-api,/transfer,eu-west-1,197,100,79,18,8209.57,ERR-901,Critical,Failure,3,90,1,CUST-109482,DEV-LIN-11235,3.2163
2026-07-11T00:15:33,ledger-service,/balance_check,eu-west-1,30,17,43,4,0,ERR-904,Low,Failure,10,20,1,CUST-123456,DEV-WIN-84725,3.0833
2026-07-11T00:15:43,auth-service,/login,us-west-2,48,16,47,5,0,ERR-309,Low,Failure,4,25,1,CUST-112349,DEV-WIN-99325,2.5075
2026-07-11T00:15:53,trading-engine,/trade,ap-southeast-1,151,89,69,2,7556.33,ERR-903,High,Failure,9,80,1,CUST-100483,DEV-WIN-84725,11.4981
2026-07-11T00:15:53,investment-engine,/portfolio,us-west-2,204,97,90,34,5127.26,ERR-106,High,Failure,6,87,1,CUST-100483,DEV-WIN-99325,2.4741
2026-07-11T00:16:03,trading-engine,/trade,ap-southeast-1,47,11,42,1,8824.88,ERR-000,Healthy,Success,10,5,0,CUST-134098,DEV-MAC-0149A5,3.752
2026-07-11T00:16:13,ledger-service,/balance_check,eu-west-1,29,18,48,5,0,ERR-105,Low,Failure,18,28,1,CUST-112349,DEV-WIN-99325,3.3667
2026-07-11T00:16:23,trading-engine,/trade,us-west-2,123,64,50,2,9331.11,ERR-109,Low,Failure,6,29,1,CUST-123456,DEV-WIN-84725,9.511
2026-07-11T00:16:23,auth-service,/login,us-west-2,43,18,45,5,0,ERR-309,Low,Failure,3,33,1,CUST-134098,DEV-WIN-99325,2.46
2026-07-11T00:16:23,ledger-service,/balance_check,ap-southeast-1,25,17,43,4,0,ERR-000,Normal,Success,18,9,0,CUST-134098,DEV-WIN-99325,2.9167
2026-07-11T00:16:33,ledger-service,/balance_check,ap-southeast-1,4,11,13,3,0,ERR-000,Healthy,Success,3,1,0,CUST-100483,DEV-MAC-0149A5,1.3167
2026-07-11T00:16:43,fraud-detection,/payment,ap-southeast-1,155,97,100,12,0,ERR-306,High,Failure,5,81,1,CUST-100483,DEV-WIN-99325,2.5735
2026-07-11T00:16:53,ledger-service,/balance_check,us-east-1,25,17,41,4,0,ERR-000,Normal,Success,16,14,0,CUST-109482,DEV-LIN-11235,2.8833
2026-07-11T00:16:53,fraud-detection,/payment,ap-southeast-1,139,82,93,10,0,ERR-902,Low,Failure,18,32,1,CUST-100483,DEV-WIN-99325,2.2225
2026-07-11T00:17:03,payment-api,/transfer,us-west-2,267,100,88,27,6228,ERR-901,Critical,Failure,15,93,1,CUST-112349,DEV-MAC-0149A5,4.1413
2026-07-11T00:17:03,ledger-service,/balance_check,us-east-1,17,12,14,2,0,ERR-000,Healthy,Success,16,1,0,CUST-134098,DEV-WIN-99325,1.6
2026-07-11T00:17:23,payment-api,/transfer,us-west-2,156,72,55,14,9353.8,ERR-302,Low,Failure,12,22,1,CUST-134098,DEV-LIN-11235,2.4323
2026-07-11T00:17:33,ledger-service,/balance_check,ap-southeast-1,26,19,48,5,0,ERR-701,Low,Failure,18,27,1,CUST-112349,DEV-MAC-75825,3.3
2026-07-11T00:17:43,auth-service,/login,ap-southeast-1,50,19,50,4,0,ERR-702,Low,Failure,10,37,1,CUST-100483,DEV-WIN-99325,2.43
2026-07-11T00:17:53,ledger-service,/balance_check,ap-southeast-1,30,19,48,4,0,ERR-101,Low,Failure,11,26,1,CUST-112349,DEV-WIN-99325,3.2333
2026-07-11T00:17:53,investment-engine,/portfolio,ap-southeast-1,195,81,86,29,11693.84,ERR-104,Low,Failure,4,23,1,CUST-100483,DEV-MAC-0149A5,2.1896
2026-07-11T00:18:03,ledger-service,/balance_check,us-east-1,34,24,59,5,0,ERR-903,High,Failure,15,83,1,CUST-100483,DEV-LIN-11235,3.9167
2026-07-11T00:18:03,trading-engine,/trade,ap-southeast-1,144,74,57,2,5606.47,ERR-306,Low,Failure,11,23,1,CUST-109482,DEV-LIN-11235,10.958
2026-07-11T00:18:03,fraud-detection,/payment,eu-west-1,147,89,97,9,0,ERR-206,Low,Failure,9,21,1,CUST-123456,DEV-WIN-99325,2.1972
2026-07-11T00:18:13,ledger-service,/balance_check,ap-southeast-1,27,18,46,4,0,ERR-703,Low,Failure,3,35,1,CUST-112349,DEV-WIN-84725,3.0667
2026-07-11T00:18:13,investment-engine,/portfolio,eu-west-1,214,96,100,30,13805.77,ERR-903,High,Failure,14,90,1,CUST-109482,DEV-WIN-84725,2.3886
2026-07-11T00:18:23,auth-service,/login,us-west-2,45,18,45,4,0,ERR-202,Low,Failure,6,20,1,CUST-112349,DEV-WIN-99325,2.285
2026-07-11T00:18:23,fraud-detection,/payment,us-west-2,146,87,99,10,0,ERR-306,Low,Failure,17,30,1,CUST-112349,DEV-MAC-75825,2.2875
2026-07-11T00:18:33,payment-api,/transfer,ap-southeast-1,129,64,57,12,3849.95,ERR-108,Low,Failure,4,36,1,CUST-112349,DEV-MAC-75825,2.1343
2026-07-11T00:18:33,ledger-service,/balance_check,eu-west-1,36,24,57,6,0,ERR-903,High,Failure,8,87,1,CUST-112349,DEV-MAC-0149A5,4.15
2026-07-11T00:18:43,trading-engine,/trade,ap-southeast-1,168,91,63,2,7017.01,ERR-903,High,Failure,1,85,1,CUST-112349,DEV-MAC-0149A5,12.6264
2026-07-11T00:18:43,ledger-service,/balance_check,us-east-1,24,18,44,5,0,ERR-305,Low,Failure,10,36,1,CUST-112349,DEV-WIN-84725,3.1333
2026-07-11T00:18:43,payment-api,/transfer,us-east-1,167,96,67,15,7475.61,ERR-903,High,Failure,10,88,1,CUST-112349,DEV-WIN-99325,2.803
2026-07-11T00:18:53,fraud-detection,/payment,us-west-2,138,83,100,9,0,ERR-902,Low,Failure,15,40,1,CUST-134098,DEV-WIN-84725,2.1252
2026-07-11T00:18:53,payment-api,/withdrawal,ap-southeast-1,185,90,64,16,9642.95,ERR-903,High,Failure,4,86,1,CUST-100483,DEV-MAC-75825,2.8767
2026-07-11T00:19:03,payment-api,/transfer,eu-west-1,167,84,72,17,6710.29,ERR-903,High,Failure,16,85,1,CUST-112349,DEV-WIN-99325,2.8613
2026-07-11T00:19:03,ledger-service,/balance_check,eu-west-1,27,20,50,5,0,ERR-901,Low,Failure,4,23,1,CUST-109482,DEV-MAC-0149A5,3.4
2026-07-11T00:19:03,fraud-detection,/payment,eu-west-1,207,100,100,13,0,ERR-904,Critical,Failure,1,95,1,CUST-109482,DEV-WIN-99325,3.0277
2026-07-11T00:19:13,fraud-detection,/payment,eu-west-1,143,83,94,10,0,ERR-308,Low,Failure,8,21,1,CUST-112349,DEV-MAC-75825,2.2526
2026-07-11T00:19:13,ledger-service,/balance_check,us-west-2,32,21,59,6,0,ERR-903,High,Failure,15,88,1,CUST-109482,DEV-WIN-99325,3.95
2026-07-11T00:19:13,payment-api,/withdrawal,eu-west-1,174,89,64,15,123.56,ERR-903,High,Failure,17,90,1,CUST-109482,DEV-WIN-84725,2.7577
2026-07-11T00:19:23,ledger-service,/balance_check,us-east-1,28,18,49,5,0,ERR-701,Low,Failure,12,21,1,CUST-134098,DEV-MAC-75825,3.35
2026-07-11T00:19:23,fraud-detection,/payment,ap-southeast-1,44,1,6,1,0,ERR-000,Healthy,Success,14,5,0,CUST-134098,DEV-WIN-84725,0.4017
2026-07-11T00:19:33,auth-service,/login,ap-southeast-1,48,18,49,5,0,ERR-203,Low,Failure,8,20,1,CUST-112349,DEV-LIN-11235,2.5725
2026-07-11T00:19:33,payment-api,/withdrawal,eu-west-1,165,89,61,16,113.41,ERR-903,High,Failure,8,81,1,CUST-109482,DEV-MAC-75825,2.7733
2026-07-11T00:19:33,ledger-service,/balance_check,ap-southeast-1,29,18,47,5,0,ERR-705,Low,Failure,8,26,1,CUST-112349,DEV-WIN-84725,3.35
2026-07-11T00:19:43,investment-engine,/portfolio,us-east-1,138,14,5,11,7049.32,ERR-000,Healthy,Success,4,1,0,CUST-112349,DEV-MAC-0149A5,0.9064
2026-07-11T00:19:43,ledger-service,/balance_check,eu-west-1,2,9,2,2,0,ERR-000,Healthy,Success,5,4,0,CUST-134098,DEV-WIN-99325,0.8
2026-07-11T00:19:53,ledger-service,/balance_check,ap-southeast-1,27,19,50,4,0,ERR-203,Low,Failure,16,21,1,CUST-112349,DEV-MAC-75825,3.1667
2026-07-11T00:19:53,trading-engine,/trade,us-west-2,133,71,54,1,5314.06,ERR-209,Low,Failure,8,40,1,CUST-112349,DEV-MAC-75825,9.7088
2026-07-11T00:19:53,fraud-detection,/payment,us-west-2,7,42,19,3,0,ERR-000,Healthy,Success,2,4,0,CUST-100483,DEV-LIN-11235,0.4702
2026-07-11T00:20:03,ledger-service,/balance_check,ap-southeast-1,21,13,34,3,0,ERR-000,Healthy,Success,6,5,0,CUST-109482,DEV-WIN-99325,2.3
2026-07-11T00:20:03,payment-api,/withdrawal,eu-west-1,50,7,1,7,6354.92,ERR-000,Healthy,Success,9,3,0,CUST-112349,DEV-MAC-0149A5,0.73
2026-07-11T00:20:03,fraud-detection,/payment,ap-southeast-1,121,75,94,8,0,ERR-102,Low,Failure,7,37,1,CUST-109482,DEV-LIN-11235,1.886
2026-07-11T00:20:03,investment-engine,/portfolio,ap-southeast-1,190,81,84,29,7763.79,ERR-310,Low,Failure,19,31,1,CUST-100483,DEV-WIN-84725,2.1691
2026-07-11T00:20:13,ledger-service,/balance_check,eu-west-1,36,24,50,6,0,ERR-110,High,Failure,10,90,1,CUST-123456,DEV-MAC-0149A5,4.0333
2026-07-11T00:20:13,investment-engine,/portfolio,ap-southeast-1,239,96,100,34,6532.98,ERR-903,High,Failure,3,84,1,CUST-100483,DEV-LIN-11235,2.6053
2026-07-11T00:20:23,ledger-service,/balance_check,eu-west-1,30,21,55,5,0,ERR-903,High,Failure,2,84,1,CUST-100483,DEV-WIN-84725,3.6167
2026-07-11T00:20:33,ledger-service,/balance_check,eu-west-1,30,20,48,5,0,ERR-207,Low,Failure,10,38,1,CUST-134098,DEV-WIN-99325,3.4667
2026-07-11T00:20:43,investment-engine,/portfolio,us-east-1,183,89,85,30,12191.6,ERR-108,Low,Failure,13,27,1,CUST-134098,DEV-MAC-75825,2.221
2026-07-11T00:20:53,trading-engine,/trade,eu-west-1,145,77,59,1,2861.23,ERR-109,Low,Failure,4,30,1,CUST-123456,DEV-MAC-75825,10.5386
2026-07-11T00:21:03,auth-service,/login,us-east-1,16,7,9,2,0,ERR-000,Healthy,Success,14,2,0,CUST-109482,DEV-MAC-75825,0.8525
2026-07-11T00:21:03,investment-engine,/portfolio,ap-southeast-1,23,12,22,5,6906.73,ERR-000,Healthy,Success,18,5,0,CUST-109482,DEV-WIN-84725,0.3463
2026-07-11T00:21:03,fraud-detection,/payment,eu-west-1,200,100,100,12,0,ERR-904,Critical,Failure,8,99,1,CUST-109482,DEV-WIN-84725,2.881
2026-07-11T00:21:13,auth-service,/login,us-east-1,46,18,47,4,0,ERR-701,Low,Failure,17,27,1,CUST-112349,DEV-WIN-84725,2.3225
2026-07-11T00:21:13,ledger-service,/balance_check,us-east-1,30,21,56,5,0,ERR-903,High,Failure,20,88,1,CUST-123456,DEV-MAC-0149A5,3.6333
2026-07-11T00:21:23,fraud-detection,/payment,eu-west-1,148,78,98,8,0,ERR-307,Low,Failure,7,36,1,CUST-112349,DEV-WIN-84725,2.0774
2026-07-11T00:21:23,auth-service,/login,ap-southeast-1,48,20,47,5,0,ERR-102,Low,Failure,7,26,1,CUST-100483,DEV-MAC-75825,2.5875
2026-07-11T00:21:33,ledger-service,/balance_check,us-west-2,33,22,52,5,0,ERR-903,High,Failure,8,88,1,CUST-100483,DEV-WIN-99325,3.7
2026-07-11T00:21:33,auth-service,/login,ap-southeast-1,52,21,50,5,0,ERR-108,Medium,Failure,5,70,1,CUST-112349,DEV-MAC-0149A5,2.695
2026-07-11T00:21:43,ledger-service,/balance_check,us-east-1,26,19,49,4,0,ERR-204,Low,Failure,5,21,1,CUST-112349,DEV-MAC-75825,3.1167
2026-07-11T00:21:53,ledger-service,/balance_check,ap-southeast-1,28,18,50,5,0,ERR-202,Low,Failure,18,40,1,CUST-100483,DEV-WIN-84725,3.3667
2026-07-11T00:22:03,trading-engine,/trade,ap-southeast-1,135,80,54,2,5412.43,ERR-702,Low,Failure,6,25,1,CUST-134098,DEV-LIN-11235,10.3721
2026-07-11T00:22:03,ledger-service,/balance_check,ap-southeast-1,29,20,50,4,0,ERR-307,Low,Failure,17,33,1,CUST-100483,DEV-MAC-0149A5,3.2667
2026-07-11T00:22:03,fraud-detection,/payment,eu-west-1,145,73,98,10,0,ERR-705,Low,Failure,19,28,1,CUST-134098,DEV-MAC-75825,2.2449
2026-07-11T00:22:03,auth-service,/login,us-west-2,46,20,48,4,0,ERR-302,Low,Failure,11,33,1,CUST-123456,DEV-MAC-75825,2.375
2026-07-11T00:22:03,payment-api,/withdrawal,us-west-2,145,79,57,14,104.98,ERR-901,Low,Failure,8,22,1,CUST-134098,DEV-WIN-99325,2.4567
2026-07-11T00:22:13,auth-service,/login,ap-southeast-1,15,3,12,3,0,ERR-000,Healthy,Success,8,2,0,CUST-112349,DEV-LIN-11235,0.9975
2026-07-11T00:22:13,payment-api,/transfer,eu-west-1,170,90,64,16,1443.1,ERR-903,High,Failure,2,89,1,CUST-100483,DEV-MAC-0149A5,2.8167
2026-07-11T00:22:13,ledger-service,/balance_check,eu-west-1,24,20,44,4,0,ERR-102,Low,Failure,6,37,1,CUST-134098,DEV-WIN-99325,3
2026-07-11T00:22:23,trading-engine,/trade,ap-southeast-1,138,76,59,1,6202.4,ERR-105,Low,Failure,14,24,1,CUST-123456,DEV-MAC-0149A5,10.0686
2026-07-11T00:22:23,fraud-detection,/payment,us-east-1,139,90,99,8,0,ERR-109,Low,Failure,16,33,1,CUST-134098,DEV-MAC-75825,2.0483
2026-07-11T00:22:43,investment-engine,/portfolio,us-west-2,192,88,85,27,11924.8,ERR-106,Low,Failure,4,28,1,CUST-100483,DEV-MAC-75825,2.146
2026-07-11T00:22:43,trading-engine,/trade,ap-southeast-1,149,65,58,1,4838.3,ERR-301,Low,Failure,5,33,1,CUST-100483,DEV-MAC-0149A5,10.7633
2026-07-11T00:22:43,ledger-service,/balance_check,eu-west-1,31,24,59,5,0,ERR-903,High,Failure,10,83,1,CUST-134098,DEV-LIN-11235,3.8167
2026-07-11T00:22:53,auth-service,/login,us-east-1,49,18,45,5,0,ERR-303,Low,Failure,17,33,1,CUST-134098,DEV-WIN-99325,2.535
2026-07-11T00:22:53,ledger-service,/balance_check,ap-southeast-1,13,1,33,1,0,ERR-000,Healthy,Success,12,2,0,CUST-134098,DEV-LIN-11235,1.2167
2026-07-11T00:23:03,investment-engine,/portfolio,ap-southeast-1,208,98,99,34,13463.71,ERR-903,High,Failure,13,83,1,CUST-123456,DEV-WIN-84725,2.51
2026-07-11T00:23:03,ledger-service,/balance_check,ap-southeast-1,30,19,46,5,0,ERR-904,Low,Failure,3,40,1,CUST-134098,DEV-LIN-11235,3.4
2026-07-11T00:23:13,ledger-service,/balance_check,eu-west-1,27,18,40,4,0,ERR-201,Low,Failure,19,26,1,CUST-112349,DEV-LIN-11235,2.9667
2026-07-11T00:23:23,ledger-service,/balance_check,us-east-1,34,23,53,5,0,ERR-903,High,Failure,2,81,1,CUST-109482,DEV-MAC-0149A5,3.7833
2026-07-11T00:23:23,payment-api,/transfer,us-east-1,146,74,55,15,5804.1,ERR-205,Low,Failure,5,35,1,CUST-100483,DEV-LIN-11235,2.4757
2026-07-11T00:23:33,ledger-service,/balance_check,eu-west-1,27,20,49,5,0,ERR-210,Low,Failure,2,23,1,CUST-112349,DEV-MAC-0149A5,3.3833
2026-07-11T00:23:43,auth-service,/login,us-west-2,50,20,47,5,0,ERR-103,Low,Failure,12,33,1,CUST-123456,DEV-MAC-75825,2.6125
2026-07-11T00:23:43,ledger-service,/balance_check,ap-southeast-1,30,19,50,4,0,ERR-201,Low,Failure,15,38,1,CUST-109482,DEV-WIN-99325,3.2667
2026-07-11T00:23:53,ledger-service,/balance_check,us-east-1,27,18,47,4,0,ERR-310,Low,Failure,6,25,1,CUST-112349,DEV-WIN-99325,3.0833
2026-07-11T00:24:03,payment-api,/withdrawal,us-east-1,151,71,54,12,6903.29,ERR-305,Low,Failure,8,25,1,CUST-112349,DEV-WIN-84725,2.2657
2026-07-11T00:24:13,ledger-service,/balance_check,us-west-2,32,23,57,5,0,ERR-903,High,Failure,18,89,1,CUST-109482,DEV-MAC-75825,3.7833
2026-07-11T00:24:23,ledger-service,/balance_check,us-west-2,30,20,41,4,0,ERR-108,Low,Failure,2,25,1,CUST-134098,DEV-MAC-75825,3.15
2026-07-11T00:24:23,payment-api,/transfer,us-east-1,139,67,55,13,5306.98,ERR-109,Low,Failure,19,38,1,CUST-123456,DEV-WIN-84725,2.256
2026-07-11T00:24:33,payment-api,/transfer,eu-west-1,154,70,56,15,967.91,ERR-207,Low,Failure,7,23,1,CUST-109482,DEV-MAC-75825,2.4793
2026-07-11T00:24:43,fraud-detection,/payment,us-west-2,148,72,81,10,0,ERR-703,Low,Failure,15,33,1,CUST-109482,DEV-LIN-11235,2.2458
2026-07-11T00:24:53,trading-engine,/trade,us-east-1,144,71,50,2,4360.65,ERR-902,Low,Failure,1,35,1,CUST-109482,DEV-WIN-99325,10.9343
2026-07-11T00:24:53,payment-api,/transfer,eu-west-1,160,73,60,14,2889.12,ERR-309,Low,Failure,15,22,1,CUST-134098,DEV-WIN-84725,2.4817
2026-07-11T00:25:03,payment-api,/transfer,ap-southeast-1,152,74,58,14,7971.71,ERR-206,Low,Failure,17,26,1,CUST-112349,DEV-WIN-84725,2.448
2026-07-11T00:25:03,ledger-service,/balance_check,us-west-2,27,16,44,4,0,ERR-702,Low,Failure,18,30,1,CUST-112349,DEV-WIN-99325,2.9667
2026-07-11T00:25:13,payment-api,/transfer,us-west-2,149,75,58,15,8556.06,ERR-207,Low,Failure,8,33,1,CUST-123456,DEV-WIN-84725,2.511
2026-07-11T00:25:13,investment-engine,/portfolio,ap-southeast-1,208,100,97,33,14124.7,ERR-903,High,Failure,10,86,1,CUST-112349,DEV-MAC-75825,2.4828
2026-07-11T00:25:13,ledger-service,/balance_check,eu-west-1,29,20,45,4,0,ERR-210,Low,Failure,10,33,1,CUST-123456,DEV-MAC-0149A5,3.1833
2026-07-11T00:25:23,ledger-service,/balance_check,us-east-1,36,20,50,6,0,ERR-208,High,Failure,3,82,1,CUST-123456,DEV-MAC-0149A5,3.9
2026-07-11T00:25:23,payment-api,/transfer,eu-west-1,148,73,57,14,7932.37,ERR-205,Low,Failure,5,37,1,CUST-123456,DEV-WIN-99325,2.4187
2026-07-11T00:25:33,trading-engine,/trade,eu-west-1,146,68,49,2,7689.38,ERR-306,Low,Failure,18,23,1,CUST-109482,DEV-MAC-75825,11.0557
2026-07-11T00:25:33,ledger-service,/balance_check,us-east-1,30,19,46,4,0,ERR-210,Low,Failure,19,20,1,CUST-109482,DEV-LIN-11235,3.2
2026-07-11T00:25:43,payment-api,/withdrawal,us-west-2,146,76,54,15,1009.65,ERR-205,Low,Failure,16,28,1,CUST-123456,DEV-WIN-99325,2.4873
2026-07-11T00:25:43,ledger-service,/balance_check,ap-southeast-1,28,20,45,5,0,ERR-210,Low,Failure,3,34,1,CUST-123456,DEV-LIN-11235,3.35
2026-07-11T00:25:43,trading-engine,/trade,eu-west-1,226,100,97,3,8234.62,ERR-901,Critical,Failure,14,94,1,CUST-112349,DEV-WIN-99325,17.0895
2026-07-11T00:25:53,fraud-detection,/payment,ap-southeast-1,139,85,97,9,0,ERR-206,Low,Failure,17,29,1,CUST-123456,DEV-LIN-11235,2.1339
2026-07-11T00:25:53,investment-engine,/portfolio,eu-west-1,196,83,83,30,5991.78,ERR-210,Low,Failure,12,22,1,CUST-112349,DEV-MAC-0149A5,2.2304
2026-07-11T00:25:53,auth-service,/login,eu-west-1,48,18,46,5,0,ERR-203,Low,Failure,16,36,1,CUST-134098,DEV-LIN-11235,2.535
2026-07-11T00:26:03,trading-engine,/trade,eu-west-1,145,74,56,2,4583.77,ERR-203,Low,Failure,11,29,1,CUST-123456,DEV-MAC-0149A5,11.0227
2026-07-11T00:26:03,fraud-detection,/payment,ap-southeast-1,175,100,100,12,0,ERR-902,High,Failure,3,88,1,CUST-109482,DEV-WIN-84725,2.7143
2026-07-11T00:26:13,investment-engine,/portfolio,us-west-2,196,84,84,27,9186.99,ERR-306,Low,Failure,2,28,1,CUST-112349,DEV-MAC-0149A5,2.1374
2026-07-11T00:26:13,payment-api,/transfer,us-east-1,88,11,37,3,2894.3,ERR-000,Healthy,Success,5,1,0,CUST-112349,DEV-LIN-11235,0.8287
2026-07-11T00:26:23,ledger-service,/balance_check,ap-southeast-1,30,20,49,5,0,ERR-903,Low,Failure,12,31,1,CUST-112349,DEV-LIN-11235,3.4833
2026-07-11T00:26:23,trading-engine,/trade,us-east-1,15,39,39,1,6328.53,ERR-000,Healthy,Success,10,5,0,CUST-100483,DEV-WIN-99325,1.7062
2026-07-11T00:26:43,payment-api,/transfer,eu-west-1,149,76,59,15,9743.62,ERR-105,Low,Failure,9,28,1,CUST-109482,DEV-LIN-11235,2.5243
2026-07-11T00:26:53,trading-engine,/trade,us-west-2,186,99,77,2,6246.42,ERR-901,Critical,Failure,4,99,1,CUST-134098,DEV-LIN-11235,13.8804
2026-07-11T00:26:53,investment-engine,/portfolio,eu-west-1,35,27,1,18,8682.45,ERR-000,Healthy,Success,11,0,0,CUST-112349,DEV-WIN-99325,0.8536
2026-07-11T00:26:53,ledger-service,/balance_check,us-west-2,30,20,46,4,0,ERR-103,Low,Failure,20,34,1,CUST-123456,DEV-WIN-99325,3.2333
2026-07-11T00:27:03,ledger-service,/balance_check,ap-southeast-1,27,17,42,4,0,ERR-304,Low,Failure,19,25,1,CUST-100483,DEV-WIN-99325,2.9667
2026-07-11T00:27:03,fraud-detection,/payment,us-east-1,9,57,7,3,0,ERR-000,Healthy,Success,12,5,0,CUST-123456,DEV-LIN-11235,0.5093
2026-07-11T00:27:13,payment-api,/transfer,us-east-1,149,70,56,13,3291.88,ERR-201,Low,Failure,15,23,1,CUST-112349,DEV-LIN-11235,2.326
2026-07-11T00:27:13,investment-engine,/portfolio,us-east-1,195,87,81,30,12610.79,ERR-101,Low,Failure,8,37,1,CUST-109482,DEV-MAC-0149A5,2.2432
2026-07-11T00:27:23,payment-api,/transfer,us-east-1,150,73,56,13,1688.56,ERR-705,Low,Failure,5,40,1,CUST-134098,DEV-MAC-75825,2.355
2026-07-11T00:27:23,ledger-service,/balance_check,ap-southeast-1,30,16,46,5,0,ERR-208,Low,Failure,6,21,1,CUST-100483,DEV-WIN-84725,3.3
2026-07-11T00:27:33,auth-service,/login,eu-west-1,52,21,52,5,0,ERR-903,Medium,Failure,7,80,1,CUST-123456,DEV-WIN-84725,2.72
2026-07-11T00:27:43,investment-engine,/portfolio,us-west-2,198,81,81,30,11047.46,ERR-703,Low,Failure,18,33,1,CUST-134098,DEV-WIN-99325,2.2232
2026-07-11T00:27:43,payment-api,/transfer,us-east-1,160,77,55,15,5698.89,ERR-304,Low,Failure,19,37,1,CUST-100483,DEV-MAC-0149A5,2.5567
2026-07-11T00:28:03,ledger-service,/balance_check,us-west-2,28,20,46,4,0,ERR-207,Low,Failure,8,34,1,CUST-134098,DEV-MAC-0149A5,3.1667
2026-07-11T00:28:13,ledger-service,/balance_check,eu-west-1,8,3,24,3,0,ERR-000,Healthy,Success,13,3,0,CUST-112349,DEV-MAC-75825,1.3667
2026-07-11T00:28:23,fraud-detection,/payment,us-east-1,131,78,85,10,0,ERR-301,Low,Failure,12,24,1,CUST-123456,DEV-WIN-84725,2.1513
2026-07-11T00:28:23,payment-api,/transfer,ap-southeast-1,146,76,54,15,7776.23,ERR-702,Low,Failure,4,21,1,CUST-123456,DEV-WIN-84725,2.4873
2026-07-11T00:28:33,auth-service,/login,us-east-1,50,20,50,5,0,ERR-905,Medium,Failure,11,73,1,CUST-109482,DEV-MAC-0149A5,2.65
2026-07-11T00:28:33,ledger-service,/balance_check,us-west-2,36,20,53,5,0,ERR-107,High,Failure,4,86,1,CUST-109482,DEV-WIN-84725,3.75
2026-07-11T00:28:43,ledger-service,/balance_check,eu-west-1,33,21,53,5,0,ERR-903,High,Failure,20,80,1,CUST-109482,DEV-MAC-0149A5,3.6833
2026-07-11T00:28:53,payment-api,/withdrawal,eu-west-1,222,100,84,20,2423,ERR-901,Critical,Failure,18,99,1,CUST-112349,DEV-MAC-0149A5,3.4747
2026-07-11T00:29:03,trading-engine,/trade,ap-southeast-1,141,72,56,1,2768.76,ERR-702,Low,Failure,5,34,1,CUST-109482,DEV-WIN-84725,10.2494
2026-07-11T00:29:03,investment-engine,/portfolio,us-west-2,192,89,81,29,12263.18,ERR-904,Low,Failure,7,25,1,CUST-100483,DEV-MAC-75825,2.2099
2026-07-11T00:29:03,payment-api,/withdrawal,ap-southeast-1,153,70,53,12,5942.37,ERR-203,Low,Failure,16,31,1,CUST-123456,DEV-MAC-0149A5,2.2603
2026-07-11T00:29:13,ledger-service,/balance_check,us-west-2,15,6,7,3,0,ERR-000,Healthy,Success,7,5,0,CUST-112349,DEV-MAC-75825,1.4167
2026-07-11T00:29:23,investment-engine,/portfolio,eu-west-1,223,100,93,30,8975.7,ERR-903,High,Failure,2,80,1,CUST-109482,DEV-WIN-99325,2.425
2026-07-11T00:29:23,trading-engine,/trade,us-east-1,141,78,56,1,7513.89,ERR-205,Low,Failure,9,32,1,CUST-123456,DEV-MAC-0149A5,10.2694
2026-07-11T00:29:33,ledger-service,/balance_check,ap-southeast-1,35,24,50,6,0,ERR-209,High,Failure,13,82,1,CUST-123456,DEV-WIN-84725,4
2026-07-11T00:29:33,trading-engine,/trade,us-west-2,135,74,57,2,2907.07,ERR-108,Low,Failure,7,20,1,CUST-123456,DEV-MAC-75825,10.358
2026-07-11T00:29:43,fraud-detection,/payment,eu-west-1,166,100,100,10,0,ERR-108,High,Failure,16,83,1,CUST-112349,DEV-LIN-11235,2.4543
2026-07-11T00:29:53,trading-engine,/trade,eu-west-1,150,78,56,2,6192.8,ERR-208,Low,Failure,2,29,1,CUST-134098,DEV-WIN-84725,11.3694
2026-07-11T00:29:53,auth-service,/login,eu-west-1,45,20,48,4,0,ERR-303,Low,Failure,13,32,1,CUST-109482,DEV-LIN-11235,2.3625
2026-07-11T00:30:03,auth-service,/login,eu-west-1,41,18,50,5,0,ERR-206,Low,Failure,6,29,1,CUST-112349,DEV-LIN-11235,2.4975
2026-07-11T00:30:03,payment-api,/transfer,eu-west-1,152,76,54,13,2839.47,ERR-701,Low,Failure,6,22,1,CUST-100483,DEV-MAC-0149A5,2.378
2026-07-11T00:30:13,auth-service,/login,us-west-2,50,21,52,5,0,ERR-903,Medium,Failure,4,69,1,CUST-123456,DEV-WIN-84725,2.695
2026-07-11T00:30:33,trading-engine,/trade,ap-southeast-1,175,93,69,2,6910.77,ERR-903,High,Failure,16,89,1,CUST-109482,DEV-WIN-84725,13.1114
2026-07-11T00:30:33,ledger-service,/balance_check,us-west-2,25,19,42,5,0,ERR-202,Low,Failure,20,38,1,CUST-112349,DEV-MAC-0149A5,3.1667
2026-07-11T00:30:33,payment-api,/transfer,ap-southeast-1,154,77,57,13,4000.39,ERR-308,Low,Failure,1,34,1,CUST-112349,DEV-LIN-11235,2.4093
2026-07-11T00:30:43,investment-engine,/portfolio,us-east-1,183,88,83,30,11867.72,ERR-301,Low,Failure,3,25,1,CUST-134098,DEV-MAC-75825,2.2121
2026-07-11T00:30:43,fraud-detection,/payment,ap-southeast-1,137,86,93,10,0,ERR-206,Low,Failure,8,40,1,CUST-112349,DEV-MAC-0149A5,2.2192
2026-07-11T00:30:53,ledger-service,/balance_check,eu-west-1,29,19,46,5,0,ERR-203,Low,Failure,2,26,1,CUST-134098,DEV-MAC-75825,3.3667
2026-07-11T00:30:53,payment-api,/withdrawal,ap-southeast-1,153,72,59,15,8055.31,ERR-201,Low,Failure,20,33,1,CUST-100483,DEV-MAC-75825,2.507
2026-07-11T00:31:03,payment-api,/transfer,ap-southeast-1,173,86,60,17,4801.27,ERR-102,High,Failure,18,84,1,CUST-123456,DEV-WIN-99325,2.842
2026-07-11T00:31:13,investment-engine,/portfolio,us-east-1,217,98,100,34,13660.38,ERR-903,High,Failure,20,83,1,CUST-109482,DEV-WIN-99325,2.542
2026-07-11T00:31:13,ledger-service,/balance_check,us-west-2,28,20,50,5,0,ERR-108,Low,Failure,12,31,1,CUST-123456,DEV-LIN-11235,3.4333
2026-07-11T00:31:13,payment-api,/withdrawal,us-east-1,166,87,66,17,760.13,ERR-903,High,Failure,17,87,1,CUST-123456,DEV-MAC-75825,2.8523
2026-07-11T00:31:23,ledger-service,/balance_check,eu-west-1,29,20,46,5,0,ERR-901,Low,Failure,18,27,1,CUST-123456,DEV-MAC-75825,3.4
2026-07-11T00:31:23,fraud-detection,/payment,us-east-1,14,50,52,7,0,ERR-000,Healthy,Success,8,2,0,CUST-112349,DEV-MAC-0149A5,0.9691
2026-07-11T00:31:53,ledger-service,/balance_check,us-west-2,27,20,47,5,0,ERR-902,Low,Failure,18,32,1,CUST-109482,DEV-MAC-75825,3.35
2026-07-11T00:32:03,ledger-service,/balance_check,eu-west-1,26,19,46,5,0,ERR-101,Low,Failure,14,33,1,CUST-123456,DEV-WIN-99325,3.2667
2026-07-11T00:32:03,payment-api,/withdrawal,us-west-2,219,100,82,18,7985.3,ERR-901,Critical,Failure,7,95,1,CUST-134098,DEV-WIN-99325,3.3193
2026-07-11T00:32:13,payment-api,/transfer,eu-west-1,144,77,58,15,9193.04,ERR-101,Low,Failure,7,29,1,CUST-109482,DEV-WIN-84725,2.5077
2026-07-11T00:32:23,ledger-service,/balance_check,ap-southeast-1,28,18,50,5,0,ERR-103,Low,Failure,7,40,1,CUST-123456,DEV-WIN-99325,3.3667
2026-07-11T00:32:23,trading-engine,/trade,eu-west-1,17,20,7,1,2199.9,ERR-000,Healthy,Success,2,5,0,CUST-100483,DEV-MAC-75825,1.7137
2026-07-11T00:32:23,payment-api,/transfer,us-west-2,194,100,83,21,3486.58,ERR-901,Critical,Failure,9,97,1,CUST-134098,DEV-MAC-75825,3.4243
2026-07-11T00:32:23,fraud-detection,/payment,us-east-1,159,91,100,12,0,ERR-302,High,Failure,5,82,1,CUST-109482,DEV-WIN-99325,2.5852
2026-07-11T00:32:33,trading-engine,/trade,ap-southeast-1,6,20,4,1,4879.3,ERR-000,Healthy,Success,18,2,0,CUST-112349,DEV-LIN-11235,0.9745
2026-07-11T00:32:33,investment-engine,/portfolio,us-east-1,190,83,90,29,11442.97,ERR-108,Low,Failure,3,31,1,CUST-134098,DEV-MAC-75825,2.1908
2026-07-11T00:32:43,auth-service,/login,ap-southeast-1,51,21,50,5,0,ERR-309,Medium,Failure,13,62,1,CUST-109482,DEV-MAC-0149A5,2.6825
2026-07-11T00:32:43,payment-api,/transfer,ap-southeast-1,184,94,68,18,5049.95,ERR-903,High,Failure,7,82,1,CUST-134098,DEV-WIN-84725,3.0593
2026-07-11T00:32:53,payment-api,/withdrawal,ap-southeast-1,147,74,57,13,1726.89,ERR-703,Low,Failure,12,34,1,CUST-109482,DEV-LIN-11235,2.3563
2026-07-11T00:33:03,payment-api,/withdrawal,us-east-1,160,72,57,15,2735.35,ERR-203,Low,Failure,1,20,1,CUST-123456,DEV-MAC-75825,2.525
2026-07-11T00:33:13,payment-api,/transfer,eu-west-1,144,69,56,14,5454.96,ERR-203,Low,Failure,8,40,1,CUST-112349,DEV-MAC-75825,2.3643
2026-07-11T00:33:13,auth-service,/login,eu-west-1,50,20,48,4,0,ERR-107,Low,Failure,4,26,1,CUST-112349,DEV-MAC-75825,2.425
2026-07-11T00:33:23,payment-api,/transfer,us-east-1,155,72,55,14,463.81,ERR-204,Low,Failure,1,28,1,CUST-100483,DEV-MAC-75825,2.4283
2026-07-11T00:33:23,ledger-service,/balance_check,ap-southeast-1,2,7,13,3,0,ERR-000,Healthy,Success,7,2,0,CUST-134098,DEV-WIN-99325,1.1167
2026-07-11T00:33:33,payment-api,/transfer,us-east-1,181,86,68,15,8694.62,ERR-903,High,Failure,19,90,1,CUST-100483,DEV-MAC-0149A5,2.7807
2026-07-11T00:33:33,ledger-service,/balance_check,eu-west-1,30,20,50,5,0,ERR-302,Low,Failure,5,30,1,CUST-123456,DEV-MAC-75825,3.5
2026-07-11T00:33:33,auth-service,/login,eu-west-1,51,21,52,5,0,ERR-903,Medium,Failure,4,67,1,CUST-100483,DEV-WIN-99325,2.7075
2026-07-11T00:33:43,fraud-detection,/payment,us-west-2,186,100,100,14,0,ERR-904,Critical,Failure,2,98,1,CUST-134098,DEV-WIN-84725,2.9877
2026-07-11T00:33:53,fraud-detection,/payment,us-west-2,144,86,93,9,0,ERR-101,Low,Failure,10,34,1,CUST-109482,DEV-WIN-84725,2.1658
2026-07-11T00:33:53,ledger-service,/balance_check,ap-southeast-1,28,18,50,5,0,ERR-102,Low,Failure,10,30,1,CUST-123456,DEV-LIN-11235,3.3667
2026-07-11T00:33:53,trading-engine,/trade,us-east-1,144,73,57,1,2025.68,ERR-208,Low,Failure,10,34,1,CUST-112349,DEV-MAC-0149A5,10.4547
2026-07-11T00:34:03,payment-api,/transfer,us-west-2,153,72,58,14,1027.11,ERR-202,Low,Failure,7,37,1,CUST-112349,DEV-MAC-0149A5,2.4353
2026-07-11T00:34:13,auth-service,/login,us-east-1,52,21,50,5,0,ERR-107,Medium,Failure,14,67,1,CUST-112349,DEV-WIN-99325,2.695
2026-07-11T00:34:13,ledger-service,/balance_check,us-east-1,28,17,41,5,0,ERR-308,Low,Failure,7,27,1,CUST-134098,DEV-MAC-75825,3.1833
2026-07-11T00:34:23,payment-api,/withdrawal,us-west-2,155,80,56,14,7307.62,ERR-106,Low,Failure,6,31,1,CUST-100483,DEV-WIN-99325,2.5
2026-07-11T00:34:33,ledger-service,/balance_check,us-east-1,29,18,46,4,0,ERR-701,Low,Failure,1,31,1,CUST-134098,DEV-WIN-99325,3.1333
2026-07-11T00:34:33,payment-api,/transfer,us-west-2,9,5,7,7,738.76,ERR-000,Healthy,Success,15,1,0,CUST-134098,DEV-WIN-84725,0.5793
2026-07-11T00:34:43,investment-engine,/portfolio,us-west-2,179,85,72,27,9660.07,ERR-304,Low,Failure,6,22,1,CUST-100483,DEV-MAC-0149A5,2.0623
2026-07-11T00:34:43,ledger-service,/balance_check,ap-southeast-1,30,19,46,5,0,ERR-201,Low,Failure,17,32,1,CUST-134098,DEV-LIN-11235,3.4
2026-07-11T00:34:43,trading-engine,/trade,ap-southeast-1,144,77,57,1,810.18,ERR-209,Low,Failure,14,39,1,CUST-112349,DEV-MAC-0149A5,10.468
2026-07-11T00:34:53,ledger-service,/balance_check,us-east-1,26,19,48,5,0,ERR-701,Low,Failure,12,27,1,CUST-134098,DEV-LIN-11235,3.3
2026-07-11T00:34:53,investment-engine,/portfolio,us-east-1,215,99,100,35,13698.48,ERR-903,High,Failure,16,84,1,CUST-112349,DEV-LIN-11235,2.5736
2026-07-11T00:35:03,fraud-detection,/payment,us-east-1,134,76,95,10,0,ERR-202,Low,Failure,11,26,1,CUST-112349,DEV-MAC-75825,2.1761
2026-07-11T00:35:03,ledger-service,/balance_check,eu-west-1,24,17,43,4,0,ERR-000,Normal,Success,17,10,0,CUST-109482,DEV-LIN-11235,2.8833
2026-07-11T00:35:13,investment-engine,/portfolio,us-east-1,189,82,81,28,6568.85,ERR-108,Low,Failure,14,23,1,CUST-100483,DEV-WIN-84725,2.1315
2026-07-11T00:35:13,ledger-service,/balance_check,us-west-2,34,22,58,5,0,ERR-903,High,Failure,13,88,1,CUST-112349,DEV-LIN-11235,3.8333
2026-07-11T00:35:23,ledger-service,/balance_check,eu-west-1,33,22,60,6,0,ERR-903,High,Failure,9,85,1,CUST-123456,DEV-WIN-99325,4.0333
2026-07-11T00:35:33,payment-api,/transfer,eu-west-1,14,23,6,2,1387.33,ERR-000,Healthy,Success,17,2,0,CUST-134098,DEV-MAC-0149A5,0.411
2026-07-11T00:35:33,ledger-service,/balance_check,ap-southeast-1,18,2,25,1,0,ERR-000,Healthy,Success,18,3,0,CUST-112349,DEV-MAC-75825,1.2833
2026-07-11T00:35:43,ledger-service,/balance_check,eu-west-1,36,22,56,5,0,ERR-903,High,Failure,12,84,1,CUST-112349,DEV-MAC-0149A5,3.8667
2026-07-11T00:35:53,ledger-service,/balance_check,us-east-1,34,20,55,5,0,ERR-208,High,Failure,13,85,1,CUST-100483,DEV-LIN-11235,3.7167
2026-07-11T00:36:03,payment-api,/withdrawal,us-east-1,144,74,57,15,189.95,ERR-306,Low,Failure,1,26,1,CUST-123456,DEV-WIN-99325,2.4777
2026-07-11T00:36:03,trading-engine,/trade,us-east-1,140,76,59,1,186.33,ERR-204,Low,Failure,5,20,1,CUST-100483,DEV-MAC-75825,10.2019
2026-07-11T00:36:13,ledger-service,/balance_check,eu-west-1,29,19,46,5,0,ERR-901,Low,Failure,19,32,1,CUST-109482,DEV-MAC-75825,3.3667
2026-07-11T00:36:13,trading-engine,/trade,eu-west-1,143,79,60,1,6814.41,ERR-202,Low,Failure,9,30,1,CUST-100483,DEV-MAC-0149A5,10.4139
2026-07-11T00:36:23,ledger-service,/balance_check,us-east-1,26,17,46,4,0,ERR-307,Low,Failure,10,27,1,CUST-134098,DEV-WIN-99325,3
2026-07-11T00:36:33,ledger-service,/balance_check,eu-west-1,29,20,47,5,0,ERR-209,Low,Failure,19,25,1,CUST-134098,DEV-WIN-99325,3.4167
2026-07-11T00:36:43,fraud-detection,/payment,ap-southeast-1,138,82,98,9,0,ERR-902,Low,Failure,7,24,1,CUST-134098,DEV-WIN-99325,2.1207
2026-07-11T00:36:43,ledger-service,/balance_check,us-east-1,29,20,48,5,0,ERR-901,Low,Failure,19,22,1,CUST-100483,DEV-MAC-0149A5,3.4333
2026-07-11T00:36:53,payment-api,/transfer,us-east-1,106,55,13,1,9707.7,ERR-000,Healthy,Success,3,0,0,CUST-123456,DEV-LIN-11235,1.014
2026-07-11T00:36:53,trading-engine,/trade,eu-west-1,137,73,54,2,4554.62,ERR-308,Low,Failure,8,25,1,CUST-134098,DEV-WIN-84725,10.4821
2026-07-11T00:36:53,ledger-service,/balance_check,us-west-2,16,10,2,1,0,ERR-000,Healthy,Success,3,0,0,CUST-123456,DEV-WIN-84725,1.1
2026-07-11T00:37:03,auth-service,/login,us-east-1,52,20,50,5,0,ERR-104,Medium,Failure,11,67,1,CUST-109482,DEV-LIN-11235,2.675
2026-07-11T00:37:03,ledger-service,/balance_check,eu-west-1,34,23,51,6,0,ERR-903,High,Failure,3,82,1,CUST-134098,DEV-WIN-84725,3.95
2026-07-11T00:37:13,ledger-service,/balance_check,us-east-1,32,22,60,6,0,ERR-903,High,Failure,12,87,1,CUST-134098,DEV-WIN-84725,4
2026-07-11T00:37:23,trading-engine,/trade,us-west-2,180,84,65,2,9440.16,ERR-903,High,Failure,9,87,1,CUST-100483,DEV-MAC-75825,13.407
2026-07-11T00:37:23,ledger-service,/balance_check,eu-west-1,6,3,3,2,0,ERR-000,Healthy,Success,11,1,0,CUST-123456,DEV-LIN-11235,0.75
2026-07-11T00:37:23,fraud-detection,/payment,eu-west-1,14,10,7,6,0,ERR-000,Healthy,Success,17,1,0,CUST-109482,DEV-MAC-75825,0.7252
2026-07-11T00:37:33,ledger-service,/balance_check,us-east-1,30,20,50,5,0,ERR-903,Low,Failure,13,22,1,CUST-109482,DEV-LIN-11235,3.5
2026-07-11T00:37:33,fraud-detection,/payment,ap-southeast-1,149,89,95,9,0,ERR-306,Low,Failure,8,37,1,CUST-109482,DEV-LIN-11235,2.2086
2026-07-11T00:37:43,fraud-detection,/payment,eu-west-1,123,78,85,10,0,ERR-101,Low,Failure,3,24,1,CUST-100483,DEV-LIN-11235,2.098
2026-07-11T00:37:43,investment-engine,/portfolio,us-west-2,95,31,58,7,6910.65,ERR-000,Healthy,Success,7,2,0,CUST-112349,DEV-MAC-75825,0.8183
2026-07-11T00:37:43,ledger-service,/balance_check,ap-southeast-1,29,20,48,5,0,ERR-305,Low,Failure,8,37,1,CUST-123456,DEV-WIN-84725,3.4333
2026-07-11T00:37:53,ledger-service,/balance_check,eu-west-1,30,20,48,4,0,ERR-106,Low,Failure,11,33,1,CUST-134098,DEV-WIN-84725,3.2667
2026-07-11T00:38:03,payment-api,/transfer,ap-southeast-1,159,75,57,15,7605.46,ERR-209,Low,Failure,5,32,1,CUST-123456,DEV-MAC-75825,2.546
2026-07-11T00:38:13,ledger-service,/balance_check,us-west-2,30,22,57,6,0,ERR-903,High,Failure,5,83,1,CUST-123456,DEV-MAC-75825,3.8833
2026-07-11T00:38:13,payment-api,/withdrawal,us-east-1,149,80,56,15,9804.95,ERR-704,Low,Failure,19,34,1,CUST-100483,DEV-WIN-99325,2.5427
2026-07-11T00:38:13,investment-engine,/portfolio,eu-west-1,183,87,82,27,9419.53,ERR-109,Low,Failure,16,24,1,CUST-112349,DEV-MAC-75825,2.1052
2026-07-11T00:38:23,payment-api,/transfer,eu-west-1,155,80,58,15,1680.02,ERR-203,Low,Failure,13,33,1,CUST-134098,DEV-WIN-84725,2.5767
2026-07-11T00:38:23,ledger-service,/balance_check,us-west-2,24,20,43,4,0,ERR-107,Low,Failure,3,31,1,CUST-109482,DEV-MAC-75825,2.9833
2026-07-11T00:38:33,auth-service,/login,ap-southeast-1,47,19,43,4,0,ERR-309,Low,Failure,14,39,1,CUST-100483,DEV-WIN-99325,2.305
2026-07-11T00:38:33,ledger-service,/balance_check,eu-west-1,35,21,51,6,0,ERR-903,High,Failure,2,90,1,CUST-134098,DEV-MAC-0149A5,3.9167
2026-07-11T00:38:43,payment-api,/transfer,us-west-2,149,75,57,14,8568.52,ERR-205,Low,Failure,8,36,1,CUST-123456,DEV-WIN-99325,2.4393
2026-07-11T00:39:03,fraud-detection,/payment,us-west-2,150,84,92,9,0,ERR-101,Low,Failure,20,35,1,CUST-123456,DEV-WIN-84725,2.1998
2026-07-11T00:39:03,payment-api,/withdrawal,ap-southeast-1,134,71,54,14,2474.06,ERR-109,Low,Failure,16,33,1,CUST-134098,DEV-WIN-99325,2.331
2026-07-11T00:39:13,trading-engine,/trade,us-east-1,155,82,71,2,6260.7,ERR-903,High,Failure,11,84,1,CUST-112349,DEV-MAC-0149A5,11.7453
2026-07-11T00:39:13,fraud-detection,/payment,eu-west-1,148,81,99,9,0,ERR-209,Low,Failure,11,36,1,CUST-109482,DEV-MAC-75825,2.1858
2026-07-11T00:39:23,auth-service,/login,ap-southeast-1,10,2,22,2,0,ERR-000,Healthy,Success,9,2,0,CUST-112349,DEV-WIN-99325,0.84
2026-07-11T00:39:23,payment-api,/withdrawal,us-east-1,184,85,66,18,5853.37,ERR-903,High,Failure,20,86,1,CUST-112349,DEV-WIN-84725,2.9743
2026-07-11T00:39:23,ledger-service,/balance_check,us-east-1,32,22,55,5,0,ERR-903,High,Failure,8,90,1,CUST-100483,DEV-LIN-11235,3.7167
2026-07-11T00:39:43,ledger-service,/balance_check,ap-southeast-1,28,20,50,4,0,ERR-304,Low,Failure,3,30,1,CUST-109482,DEV-MAC-75825,3.2333
2026-07-11T00:39:43,trading-engine,/trade,ap-southeast-1,168,96,66,2,7860.28,ERR-903,High,Failure,10,83,1,CUST-134098,DEV-WIN-99325,12.6489
2026-07-11T00:39:53,ledger-service,/balance_check,us-west-2,27,20,48,5,0,ERR-208,Low,Failure,18,39,1,CUST-123456,DEV-MAC-0149A5,3.3667
2026-07-11T00:39:53,payment-api,/transfer,us-east-1,107,4,30,5,8387.79,ERR-000,Healthy,Success,10,1,0,CUST-112349,DEV-WIN-99325,0.9447
2026-07-11T00:39:53,trading-engine,/trade,us-west-2,238,100,95,2,7792.44,ERR-901,Critical,Failure,13,90,1,CUST-100483,DEV-WIN-84725,17.3855
2026-07-11T00:40:03,ledger-service,/balance_check,eu-west-1,31,21,53,5,0,ERR-903,High,Failure,20,88,1,CUST-100483,DEV-LIN-11235,3.6167
2026-07-11T00:40:03,trading-engine,/trade,ap-southeast-1,102,33,24,1,566.01,ERR-000,Healthy,Success,14,5,0,CUST-123456,DEV-WIN-84725,7.4569
2026-07-11T00:40:13,fraud-detection,/payment,us-east-1,137,85,95,9,0,ERR-107,Low,Failure,1,29,1,CUST-109482,DEV-WIN-84725,2.1186
2026-07-11T00:40:23,ledger-service,/balance_check,eu-west-1,12,12,1,2,0,ERR-000,Healthy,Success,4,5,0,CUST-109482,DEV-MAC-75825,1.2167
2026-07-11T00:40:43,payment-api,/withdrawal,eu-west-1,5,13,26,5,7843.81,ERR-000,Healthy,Success,1,3,0,CUST-112349,DEV-LIN-11235,0.5917
2026-07-11T00:40:53,ledger-service,/balance_check,eu-west-1,32,22,57,5,0,ERR-903,High,Failure,8,80,1,CUST-109482,DEV-WIN-84725,3.75
2026-07-11T00:40:53,trading-engine,/trade,us-east-1,136,78,58,2,4789.61,ERR-304,Low,Failure,18,35,1,CUST-112349,DEV-WIN-84725,10.4399
2026-07-11T00:40:53,investment-engine,/portfolio,us-east-1,195,86,81,30,11444.52,ERR-209,Low,Failure,18,23,1,CUST-134098,DEV-WIN-84725,2.2382
2026-07-11T00:41:13,fraud-detection,/payment,us-west-2,127,77,94,8,0,ERR-702,Low,Failure,14,39,1,CUST-109482,DEV-LIN-11235,1.931
2026-07-11T00:41:23,ledger-service,/balance_check,eu-west-1,31,22,55,6,0,ERR-903,High,Failure,8,90,1,CUST-112349,DEV-LIN-11235,3.8833
2026-07-11T00:41:23,payment-api,/transfer,eu-west-1,181,87,65,18,7230.84,ERR-903,High,Failure,14,83,1,CUST-100483,DEV-MAC-0149A5,2.974
2026-07-11T00:41:33,investment-engine,/portfolio,us-west-2,206,100,100,35,12974.65,ERR-903,High,Failure,20,85,1,CUST-109482,DEV-MAC-75825,2.5486
2026-07-11T00:41:33,fraud-detection,/payment,us-west-2,170,100,100,12,0,ERR-308,High,Failure,9,83,1,CUST-112349,DEV-WIN-84725,2.681
2026-07-11T00:41:43,ledger-service,/balance_check,us-east-1,29,18,48,4,0,ERR-306,Low,Failure,16,38,1,CUST-112349,DEV-WIN-99325,3.1667
2026-07-11T00:41:43,trading-engine,/trade,us-east-1,149,72,56,1,260.03,ERR-103,Low,Failure,2,40,1,CUST-112349,DEV-WIN-84725,10.7827
2026-07-11T00:41:53,auth-service,/login,eu-west-1,49,20,50,5,0,ERR-204,Low,Failure,12,40,1,CUST-109482,DEV-WIN-84725,2.6375
2026-07-11T00:41:53,payment-api,/withdrawal,eu-west-1,256,100,91,27,8190.76,ERR-901,Critical,Failure,10,99,1,CUST-109482,DEV-WIN-84725,4.1123
2026-07-11T00:41:53,investment-engine,/portfolio,us-east-1,204,100,100,34,11957.59,ERR-903,High,Failure,6,81,1,CUST-100483,DEV-WIN-84725,2.5086
2026-07-11T00:42:03,ledger-service,/balance_check,us-west-2,33,20,57,6,0,ERR-306,High,Failure,14,90,1,CUST-109482,DEV-LIN-11235,3.9167
2026-07-11T00:42:13,ledger-service,/balance_check,ap-southeast-1,14,14,23,3,0,ERR-000,Healthy,Success,14,5,0,CUST-109482,DEV-WIN-84725,1.9167
2026-07-11T00:42:23,investment-engine,/portfolio,ap-southeast-1,224,100,96,32,5903.05,ERR-903,High,Failure,3,87,1,CUST-100483,DEV-WIN-84725,2.5008
2026-07-11T00:42:23,ledger-service,/balance_check,ap-southeast-1,12,4,24,3,0,ERR-000,Healthy,Success,15,1,0,CUST-123456,DEV-LIN-11235,1.5333
2026-07-11T00:42:23,trading-engine,/trade,eu-west-1,32,28,37,1,721.8,ERR-000,Healthy,Success,20,0,0,CUST-100483,DEV-LIN-11235,2.7989
2026-07-11T00:42:33,investment-engine,/portfolio,us-east-1,169,88,86,25,14772.81,ERR-102,Low,Failure,9,24,1,CUST-112349,DEV-WIN-84725,2.0046
2026-07-11T00:42:33,fraud-detection,/payment,us-east-1,134,81,97,8,0,ERR-102,Low,Failure,9,33,1,CUST-123456,DEV-MAC-0149A5,1.9906
2026-07-11T00:42:33,payment-api,/withdrawal,us-east-1,147,72,58,13,7474.98,ERR-307,Low,Failure,13,31,1,CUST-134098,DEV-WIN-99325,2.3447
2026-07-11T00:42:43,trading-engine,/trade,ap-southeast-1,138,75,59,1,8493.2,ERR-310,Low,Failure,12,25,1,CUST-123456,DEV-MAC-0149A5,10.0652
2026-07-11T00:43:03,ledger-service,/balance_check,eu-west-1,30,20,45,5,0,ERR-106,Low,Failure,8,33,1,CUST-123456,DEV-MAC-75825,3.4167
2026-07-11T00:43:03,trading-engine,/trade,us-east-1,163,85,61,2,8421.95,ERR-903,High,Failure,5,82,1,CUST-123456,DEV-MAC-0149A5,12.2691
2026-07-11T00:43:13,ledger-service,/balance_check,us-west-2,27,16,42,4,0,ERR-301,Low,Failure,1,22,1,CUST-112349,DEV-WIN-99325,2.9333
2026-07-11T00:43:13,fraud-detection,/payment,eu-west-1,177,100,100,10,0,ERR-101,High,Failure,18,83,1,CUST-134098,DEV-MAC-0149A5,2.5277
2026-07-11T00:43:23,ledger-service,/balance_check,ap-southeast-1,30,19,46,4,0,ERR-205,Low,Failure,7,32,1,CUST-123456,DEV-MAC-0149A5,3.2
2026-07-11T00:43:33,ledger-service,/balance_check,eu-west-1,28,19,49,4,0,ERR-205,Low,Failure,1,26,1,CUST-109482,DEV-WIN-99325,3.1833
2026-07-11T00:43:33,payment-api,/transfer,ap-southeast-1,148,72,60,15,2720.53,ERR-309,Low,Failure,18,24,1,CUST-100483,DEV-MAC-0149A5,2.492
2026-07-11T00:43:43,ledger-service,/balance_check,us-west-2,9,14,33,1,0,ERR-000,Healthy,Success,16,1,0,CUST-100483,DEV-LIN-11235,1.5167
2026-07-11T00:43:43,auth-service,/login,ap-southeast-1,12,2,3,3,0,ERR-000,Healthy,Success,4,5,0,CUST-112349,DEV-LIN-11235,0.8275
2026-07-11T00:43:53,ledger-service,/balance_check,eu-west-1,27,20,49,5,0,ERR-202,Low,Failure,2,27,1,CUST-123456,DEV-MAC-75825,3.3833
2026-07-11T00:44:03,payment-api,/transfer,us-west-2,175,80,62,18,393.84,ERR-204,High,Failure,5,86,1,CUST-112349,DEV-MAC-0149A5,2.8767
2026-07-11T00:44:13,ledger-service,/balance_check,us-west-2,30,19,45,5,0,ERR-110,Low,Failure,6,36,1,CUST-112349,DEV-MAC-75825,3.3833
2026-07-11T00:44:13,payment-api,/transfer,eu-west-1,136,77,55,15,6075.88,ERR-301,Low,Failure,8,25,1,CUST-100483,DEV-MAC-75825,2.4607
2026-07-11T00:44:13,auth-service,/login,eu-west-1,41,19,40,5,0,ERR-903,Low,Failure,9,33,1,CUST-112349,DEV-WIN-84725,2.3925
2026-07-11T00:44:23,ledger-service,/balance_check,ap-southeast-1,31,21,52,6,0,ERR-903,High,Failure,1,87,1,CUST-109482,DEV-LIN-11235,3.8
2026-07-11T00:44:23,auth-service,/login,eu-west-1,46,19,45,4,0,ERR-205,Low,Failure,10,25,1,CUST-100483,DEV-LIN-11235,2.3175
2026-07-11T00:44:33,trading-engine,/trade,us-west-2,81,17,38,1,5207.77,ERR-000,Healthy,Success,13,1,0,CUST-109482,DEV-WIN-84725,6.0309
2026-07-11T00:44:33,investment-engine,/portfolio,ap-southeast-1,183,85,88,27,13162.6,ERR-110,Low,Failure,8,31,1,CUST-112349,DEV-LIN-11235,2.1069
2026-07-11T00:44:43,trading-engine,/trade,us-east-1,135,72,54,1,7891.46,ERR-203,Low,Failure,4,40,1,CUST-100483,DEV-WIN-84725,9.8455
2026-07-11T00:44:43,ledger-service,/balance_check,us-west-2,27,19,49,5,0,ERR-105,Low,Failure,5,40,1,CUST-112349,DEV-WIN-99325,3.35
2026-07-11T00:44:53,payment-api,/withdrawal,us-west-2,157,76,54,13,5846.19,ERR-207,Low,Failure,12,39,1,CUST-112349,DEV-WIN-99325,2.398
2026-07-11T00:44:53,investment-engine,/portfolio,eu-west-1,222,100,91,33,7036.66,ERR-903,High,Failure,1,89,1,CUST-109482,DEV-MAC-0149A5,2.5177
2026-07-11T00:44:53,trading-engine,/trade,us-west-2,150,75,58,1,1203.64,ERR-202,Low,Failure,20,26,1,CUST-134098,DEV-WIN-84725,10.8633
2026-07-11T00:45:03,trading-engine,/trade,ap-southeast-1,89,28,30,1,4462.62,ERR-000,Healthy,Success,17,4,0,CUST-134098,DEV-WIN-84725,6.5853
2026-07-11T00:45:03,payment-api,/withdrawal,us-east-1,150,76,49,12,4874.19,ERR-203,Low,Failure,3,31,1,CUST-100483,DEV-MAC-0149A5,2.2783
2026-07-11T00:45:13,ledger-service,/balance_check,us-west-2,32,24,55,6,0,ERR-903,High,Failure,6,80,1,CUST-112349,DEV-MAC-0149A5,3.9833
2026-07-11T00:45:23,auth-service,/login,us-west-2,50,20,49,5,0,ERR-901,Low,Failure,15,39,1,CUST-100483,DEV-WIN-99325,2.6375
2026-07-11T00:45:23,investment-engine,/portfolio,ap-southeast-1,201,95,91,33,11896.64,ERR-903,High,Failure,4,83,1,CUST-123456,DEV-LIN-11235,2.4227
2026-07-11T00:45:23,fraud-detection,/payment,us-east-1,153,100,100,11,0,ERR-208,High,Failure,8,84,1,CUST-112349,DEV-WIN-84725,2.4677
2026-07-11T00:45:33,payment-api,/transfer,us-west-2,158,80,57,13,9544.07,ERR-703,Low,Failure,5,26,1,CUST-112349,DEV-MAC-75825,2.4503
2026-07-11T00:45:43,investment-engine,/portfolio,ap-southeast-1,214,100,97,30,9133.92,ERR-903,High,Failure,3,86,1,CUST-109482,DEV-MAC-75825,2.4028
2026-07-11T00:45:43,payment-api,/withdrawal,us-east-1,179,83,67,16,5983.03,ERR-903,High,Failure,12,83,1,CUST-123456,DEV-MAC-75825,2.8093
2026-07-11T00:45:53,payment-api,/withdrawal,us-west-2,106,32,13,9,7442.38,ERR-000,Healthy,Success,4,4,0,CUST-109482,DEV-LIN-11235,1.3557
2026-07-11T00:45:53,fraud-detection,/payment,eu-west-1,135,90,99,9,0,ERR-701,Low,Failure,11,36,1,CUST-134098,DEV-MAC-0149A5,2.1217
2026-07-11T00:45:53,ledger-service,/balance_check,eu-west-1,27,17,42,4,0,ERR-307,Low,Failure,17,28,1,CUST-112349,DEV-MAC-0149A5,2.9667
2026-07-11T00:45:53,trading-engine,/trade,eu-west-1,149,70,58,2,1530.88,ERR-905,Low,Failure,9,24,1,CUST-123456,DEV-MAC-75825,11.2799
2026-07-11T00:46:03,auth-service,/login,eu-west-1,51,21,52,5,0,ERR-903,Medium,Failure,3,74,1,CUST-134098,DEV-LIN-11235,2.7075
2026-07-11T00:46:03,payment-api,/transfer,us-east-1,128,67,51,14,4579.67,ERR-704,Low,Failure,13,34,1,CUST-109482,DEV-MAC-0149A5,2.2587
2026-07-11T00:46:03,ledger-service,/balance_check,us-east-1,29,19,48,4,0,ERR-903,Low,Failure,18,23,1,CUST-134098,DEV-WIN-84725,3.2
2026-07-11T00:46:13,ledger-service,/balance_check,eu-west-1,33,22,58,5,0,ERR-903,High,Failure,12,88,1,CUST-112349,DEV-WIN-84725,3.8
2026-07-11T00:46:13,fraud-detection,/payment,eu-west-1,36,6,5,7,0,ERR-000,Healthy,Success,19,3,0,CUST-112349,DEV-LIN-11235,0.9599
2026-07-11T00:46:23,fraud-detection,/payment,eu-west-1,146,87,91,9,0,ERR-701,Low,Failure,7,39,1,CUST-109482,DEV-MAC-0149A5,2.1797
2026-07-11T00:46:23,ledger-service,/balance_check,eu-west-1,26,19,43,5,0,ERR-210,Low,Failure,17,27,1,CUST-109482,DEV-LIN-11235,3.2167
2026-07-11T00:46:33,fraud-detection,/payment,eu-west-1,136,85,98,10,0,ERR-110,Low,Failure,2,40,1,CUST-123456,DEV-MAC-75825,2.2149
2026-07-11T00:46:33,ledger-service,/balance_check,eu-west-1,30,18,49,5,0,ERR-903,Low,Failure,14,36,1,CUST-112349,DEV-WIN-84725,3.4167
2026-07-11T00:46:43,payment-api,/transfer,us-west-2,145,75,58,13,4099.87,ERR-303,Low,Failure,14,24,1,CUST-134098,DEV-WIN-99325,2.3617
2026-07-11T00:46:43,ledger-service,/balance_check,ap-southeast-1,28,20,48,5,0,ERR-703,Low,Failure,11,26,1,CUST-123456,DEV-WIN-99325,3.4
2026-07-11T00:46:53,payment-api,/transfer,us-west-2,148,72,57,13,8102.02,ERR-206,Low,Failure,7,33,1,CUST-123456,DEV-WIN-99325,2.3437
2026-07-11T00:46:53,ledger-service,/balance_check,ap-southeast-1,30,20,47,5,0,ERR-107,Low,Failure,18,38,1,CUST-134098,DEV-MAC-0149A5,3.45
2026-07-11T00:47:03,auth-service,/login,us-east-1,52,21,52,5,0,ERR-903,Medium,Failure,18,64,1,CUST-123456,DEV-LIN-11235,2.72
2026-07-11T00:47:03,trading-engine,/trade,us-east-1,149,80,58,2,7156.81,ERR-110,Low,Failure,18,25,1,CUST-100483,DEV-MAC-75825,11.3133
2026-07-11T00:47:03,ledger-service,/balance_check,us-west-2,27,19,47,4,0,ERR-701,Low,Failure,13,26,1,CUST-112349,DEV-MAC-0149A5,3.1167
2026-07-11T00:47:13,investment-engine,/portfolio,eu-west-1,256,100,100,37,7262.64,ERR-903,Critical,Failure,4,90,1,CUST-100483,DEV-LIN-11235,2.782
2026-07-11T00:47:13,payment-api,/withdrawal,ap-southeast-1,149,80,59,14,153.14,ERR-303,Low,Failure,14,22,1,CUST-109482,DEV-LIN-11235,2.491
2026-07-11T00:47:23,auth-service,/login,eu-west-1,46,19,45,5,0,ERR-310,Low,Failure,10,21,1,CUST-123456,DEV-WIN-84725,2.5175
2026-07-11T00:47:23,investment-engine,/portfolio,ap-southeast-1,197,82,81,30,6958.78,ERR-205,Low,Failure,11,23,1,CUST-109482,DEV-WIN-99325,2.2249
2026-07-11T00:47:33,ledger-service,/balance_check,eu-west-1,28,19,40,4,0,ERR-210,Low,Failure,4,39,1,CUST-123456,DEV-MAC-0149A5,3.0333
2026-07-11T00:47:43,ledger-service,/balance_check,ap-southeast-1,16,6,23,2,0,ERR-000,Healthy,Success,5,1,0,CUST-123456,DEV-MAC-75825,1.5167
2026-07-11T00:47:53,auth-service,/login,us-west-2,19,10,3,3,0,ERR-000,Healthy,Success,3,3,0,CUST-123456,DEV-WIN-84725,1.075
2026-07-11T00:47:53,ledger-service,/balance_check,ap-southeast-1,27,19,49,5,0,ERR-306,Low,Failure,6,24,1,CUST-112349,DEV-WIN-84725,3.35
2026-07-11T00:47:53,payment-api,/withdrawal,us-west-2,205,98,79,21,9191.27,ERR-901,Critical,Failure,9,93,1,CUST-109482,DEV-MAC-75825,3.4317
2026-07-11T00:48:03,payment-api,/withdrawal,us-west-2,166,91,67,16,6925.07,ERR-903,High,Failure,18,90,1,CUST-109482,DEV-MAC-0149A5,2.824
2026-07-11T00:48:03,ledger-service,/balance_check,eu-west-1,29,18,49,5,0,ERR-205,Low,Failure,4,26,1,CUST-112349,DEV-WIN-99325,3.3833
2026-07-11T00:48:13,fraud-detection,/payment,us-east-1,162,98,100,10,0,ERR-203,High,Failure,8,85,1,CUST-112349,DEV-MAC-0149A5,2.4227
2026-07-11T00:48:13,auth-service,/login,us-west-2,46,19,48,5,0,ERR-901,Low,Failure,4,34,1,CUST-100483,DEV-MAC-75825,2.555
2026-07-11T00:48:23,payment-api,/transfer,ap-southeast-1,144,78,57,13,8536.63,ERR-301,Low,Failure,17,36,1,CUST-112349,DEV-MAC-75825,2.3777
2026-07-11T00:48:23,auth-service,/login,eu-west-1,48,20,46,5,0,ERR-904,Low,Failure,3,31,1,CUST-123456,DEV-WIN-84725,2.575
2026-07-11T00:48:33,payment-api,/transfer,ap-southeast-1,149,76,58,12,8886.11,ERR-103,Low,Failure,13,33,1,CUST-100483,DEV-MAC-75825,2.3193
2026-07-11T00:48:43,payment-api,/transfer,eu-west-1,150,75,60,15,5462.7,ERR-904,Low,Failure,17,27,1,CUST-123456,DEV-LIN-11235,2.525
2026-07-11T00:48:53,ledger-service,/balance_check,ap-southeast-1,30,21,51,5,0,ERR-903,High,Failure,6,82,1,CUST-109482,DEV-WIN-84725,3.55
2026-07-11T00:49:03,ledger-service,/balance_check,us-west-2,12,5,13,2,0,ERR-000,Healthy,Success,1,4,0,CUST-112349,DEV-MAC-75825,1.1833
2026-07-11T00:49:03,payment-api,/transfer,us-west-2,178,87,67,17,2870.32,ERR-903,High,Failure,7,87,1,CUST-123456,DEV-MAC-75825,2.9053
2026-07-11T00:49:13,payment-api,/transfer,us-west-2,65,48,40,2,9930.37,ERR-000,Healthy,Success,19,5,0,CUST-134098,DEV-LIN-11235,0.9933
2026-07-11T00:49:13,ledger-service,/balance_check,us-east-1,11,12,24,1,0,ERR-000,Healthy,Success,5,5,0,CUST-134098,DEV-MAC-0149A5,1.3667
2026-07-11T00:49:23,ledger-service,/balance_check,ap-southeast-1,29,18,46,5,0,ERR-703,Low,Failure,20,28,1,CUST-100483,DEV-MAC-0149A5,3.3333
2026-07-11T00:49:33,trading-engine,/trade,us-east-1,156,93,60,2,2547.07,ERR-702,High,Failure,14,83,1,CUST-134098,DEV-LIN-11235,11.8272
2026-07-11T00:49:43,trading-engine,/trade,us-east-1,147,70,49,2,8224.04,ERR-110,Low,Failure,5,40,1,CUST-123456,DEV-WIN-84725,11.129
2026-07-11T00:49:43,investment-engine,/portfolio,ap-southeast-1,185,82,83,30,10129.5,ERR-305,Low,Failure,3,30,1,CUST-112349,DEV-MAC-75825,2.1888
2026-07-11T00:49:53,ledger-service,/balance_check,eu-west-1,33,21,54,6,0,ERR-903,High,Failure,1,84,1,CUST-123456,DEV-WIN-84725,3.9
2026-07-11T00:49:53,trading-engine,/trade,us-west-2,148,79,56,2,5158.44,ERR-101,Low,Failure,13,35,1,CUST-123456,DEV-LIN-11235,11.2394
2026-07-11T00:50:03,ledger-service,/balance_check,us-west-2,34,20,52,5,0,ERR-110,High,Failure,6,90,1,CUST-112349,DEV-WIN-84725,3.6667
2026-07-11T00:50:13,auth-service,/login,eu-west-1,49,18,47,5,0,ERR-108,Low,Failure,4,36,1,CUST-112349,DEV-WIN-99325,2.56
2026-07-11T00:50:13,fraud-detection,/payment,eu-west-1,141,82,82,8,0,ERR-103,Low,Failure,2,24,1,CUST-100483,DEV-MAC-75825,2.0251
2026-07-11T00:50:23,ledger-service,/balance_check,us-east-1,30,18,49,5,0,ERR-302,Low,Failure,4,31,1,CUST-100483,DEV-MAC-75825,3.4167
2026-07-11T00:50:23,payment-api,/withdrawal,eu-west-1,209,100,75,18,3112.49,ERR-901,Critical,Failure,11,90,1,CUST-134098,DEV-MAC-0149A5,3.2443
2026-07-11T00:50:33,payment-api,/transfer,ap-southeast-1,148,72,56,15,6672.43,ERR-109,Low,Failure,20,40,1,CUST-134098,DEV-WIN-99325,2.472
2026-07-11T00:50:33,investment-engine,/portfolio,ap-southeast-1,197,83,90,28,13569.01,ERR-301,Low,Failure,13,29,1,CUST-109482,DEV-MAC-0149A5,2.1808
2026-07-11T00:50:33,ledger-service,/balance_check,ap-southeast-1,9,1,1,1,0,ERR-000,Healthy,Success,12,1,0,CUST-134098,DEV-MAC-0149A5,0.55
2026-07-11T00:50:43,fraud-detection,/payment,ap-southeast-1,145,83,98,10,0,ERR-210,Low,Failure,6,25,1,CUST-123456,DEV-MAC-75825,2.2699
2026-07-11T00:50:43,payment-api,/withdrawal,us-east-1,148,72,57,14,4333.44,ERR-301,Low,Failure,2,25,1,CUST-123456,DEV-WIN-99325,2.4103
2026-07-11T00:50:43,ledger-service,/balance_check,eu-west-1,28,20,50,4,0,ERR-305,Low,Failure,4,24,1,CUST-134098,DEV-LIN-11235,3.2333
2026-07-11T00:50:53,ledger-service,/balance_check,eu-west-1,6,11,8,2,0,ERR-000,Healthy,Success,8,0,0,CUST-100483,DEV-MAC-75825,1.1
2026-07-11T00:50:53,fraud-detection,/payment,eu-west-1,145,86,87,9,0,ERR-902,Low,Failure,18,29,1,CUST-100483,DEV-WIN-84725,2.1666
2026-07-11T00:51:03,auth-service,/login,us-west-2,40,16,48,5,0,ERR-204,Low,Failure,18,24,1,CUST-134098,DEV-LIN-11235,2.42
2026-07-11T00:51:03,fraud-detection,/payment,us-west-2,169,100,100,10,0,ERR-904,High,Failure,8,84,1,CUST-134098,DEV-MAC-75825,2.4743
2026-07-11T00:51:23,trading-engine,/trade,us-east-1,140,80,56,2,5862.7,ERR-210,Low,Failure,20,27,1,CUST-109482,DEV-LIN-11235,10.7094
2026-07-11T00:51:33,ledger-service,/balance_check,eu-west-1,30,20,45,4,0,ERR-303,Low,Failure,1,33,1,CUST-123456,DEV-LIN-11235,3.2167
2026-07-11T00:51:43,ledger-service,/balance_check,us-east-1,27,20,49,4,0,ERR-209,Low,Failure,20,21,1,CUST-134098,DEV-LIN-11235,3.1833
2026-07-11T00:51:43,auth-service,/login,eu-west-1,44,16,43,4,0,ERR-000,Normal,Success,2,9,0,CUST-112349,DEV-MAC-0149A5,2.2075
2026-07-11T00:51:53,ledger-service,/balance_check,us-east-1,30,20,51,5,0,ERR-902,High,Failure,12,83,1,CUST-123456,DEV-MAC-0149A5,3.5167
2026-07-11T00:52:03,ledger-service,/balance_check,ap-southeast-1,28,19,48,4,0,ERR-209,Low,Failure,10,21,1,CUST-109482,DEV-WIN-99325,3.1667
2026-07-11T00:52:23,ledger-service,/balance_check,ap-southeast-1,27,18,45,4,0,ERR-904,Low,Failure,6,40,1,CUST-112349,DEV-WIN-84725,3.05
2026-07-11T00:52:23,auth-service,/login,us-west-2,24,11,20,3,0,ERR-000,Healthy,Success,15,1,0,CUST-112349,DEV-MAC-0149A5,1.37
2026-07-11T00:52:33,payment-api,/transfer,us-east-1,192,90,69,17,6341.04,ERR-903,High,Failure,7,89,1,CUST-100483,DEV-WIN-84725,2.9963
2026-07-11T00:52:33,auth-service,/login,eu-west-1,45,17,42,5,0,ERR-303,Low,Failure,19,32,1,CUST-112349,DEV-MAC-75825,2.4275
2026-07-11T00:52:43,payment-api,/withdrawal,us-east-1,148,78,59,13,9176.76,ERR-306,Low,Failure,5,26,1,CUST-100483,DEV-WIN-99325,2.4037
2026-07-11T00:52:53,ledger-service,/balance_check,us-east-1,30,18,47,5,0,ERR-310,Low,Failure,1,31,1,CUST-100483,DEV-WIN-99325,3.3833
2026-07-11T00:52:53,payment-api,/transfer,eu-west-1,147,69,53,13,6222.36,ERR-106,Low,Failure,1,24,1,CUST-100483,DEV-WIN-84725,2.2947
2026-07-11T00:53:03,payment-api,/withdrawal,us-east-1,154,78,54,14,3713.94,ERR-703,Low,Failure,15,30,1,CUST-134098,DEV-WIN-84725,2.4693
2026-07-11T00:53:03,ledger-service,/balance_check,us-east-1,28,18,50,5,0,ERR-302,Low,Failure,6,26,1,CUST-112349,DEV-WIN-84725,3.3667
2026-07-11T00:53:13,investment-engine,/portfolio,ap-southeast-1,140,45,23,18,11129.38,ERR-000,Healthy,Success,15,0,0,CUST-100483,DEV-WIN-99325,1.3366
2026-07-11T00:53:13,fraud-detection,/payment,us-west-2,166,100,100,10,0,ERR-206,High,Failure,14,90,1,CUST-134098,DEV-MAC-0149A5,2.4543
2026-07-11T00:53:13,ledger-service,/balance_check,us-west-2,12,7,27,1,0,ERR-000,Healthy,Success,9,0,0,CUST-109482,DEV-LIN-11235,1.2833
2026-07-11T00:53:23,trading-engine,/trade,eu-west-1,136,78,56,2,6062.52,ERR-309,Low,Failure,3,28,1,CUST-112349,DEV-LIN-11235,10.436
2026-07-11T00:53:33,trading-engine,/trade,ap-southeast-1,32,25,11,1,5043.8,ERR-000,Healthy,Success,19,5,0,CUST-100483,DEV-WIN-99325,2.7382
2026-07-11T00:53:33,ledger-service,/balance_check,eu-west-1,29,20,46,4,0,ERR-202,Low,Failure,7,25,1,CUST-109482,DEV-MAC-75825,3.2
2026-07-11T00:53:33,fraud-detection,/payment,ap-southeast-1,147,84,95,10,0,ERR-705,Low,Failure,16,28,1,CUST-109482,DEV-MAC-0149A5,2.2828
2026-07-11T00:53:33,auth-service,/login,ap-southeast-1,47,16,48,4,0,ERR-105,Low,Failure,7,22,1,CUST-112349,DEV-MAC-0149A5,2.3075
2026-07-11T00:53:43,ledger-service,/balance_check,ap-southeast-1,27,20,50,5,0,ERR-310,Low,Failure,13,37,1,CUST-109482,DEV-WIN-84725,3.4
2026-07-11T00:53:43,auth-service,/login,us-west-2,51,20,51,5,0,ERR-903,Medium,Failure,7,62,1,CUST-109482,DEV-MAC-0149A5,2.675
2026-07-11T00:53:53,ledger-service,/balance_check,us-east-1,32,22,60,5,0,ERR-903,High,Failure,12,81,1,CUST-123456,DEV-LIN-11235,3.8
2026-07-11T00:54:03,payment-api,/transfer,us-east-1,171,88,66,17,212.41,ERR-903,High,Failure,9,82,1,CUST-109482,DEV-MAC-0149A5,2.8807
2026-07-11T00:54:03,ledger-service,/balance_check,eu-west-1,29,20,45,4,0,ERR-109,Low,Failure,9,39,1,CUST-100483,DEV-LIN-11235,3.1833
2026-07-11T00:54:13,trading-engine,/trade,us-east-1,143,75,51,2,9693.52,ERR-703,Low,Failure,17,40,1,CUST-109482,DEV-MAC-0149A5,10.8829
2026-07-11T00:54:23,ledger-service,/balance_check,eu-west-1,16,6,8,2,0,ERR-000,Healthy,Success,12,1,0,CUST-112349,DEV-LIN-11235,1.2667
2026-07-11T00:54:23,auth-service,/login,ap-southeast-1,47,18,49,4,0,ERR-203,Low,Failure,18,31,1,CUST-100483,DEV-WIN-99325,2.36
2026-07-11T00:54:33,ledger-service,/balance_check,eu-west-1,27,19,49,4,0,ERR-309,Low,Failure,9,36,1,CUST-100483,DEV-WIN-84725,3.15
2026-07-11T00:54:43,ledger-service,/balance_check,eu-west-1,27,19,49,5,0,ERR-701,Low,Failure,17,36,1,CUST-123456,DEV-WIN-84725,3.35
2026-07-11T00:54:53,fraud-detection,/payment,eu-west-1,137,83,94,9,0,ERR-703,Low,Failure,8,26,1,CUST-112349,DEV-MAC-0149A5,2.1126
2026-07-11T00:54:53,trading-engine,/trade,us-east-1,162,95,66,2,3287.68,ERR-903,High,Failure,9,85,1,CUST-134098,DEV-MAC-0149A5,12.2456
2026-07-11T00:55:03,ledger-service,/balance_check,ap-southeast-1,7,14,33,1,0,ERR-000,Healthy,Success,14,1,0,CUST-109482,DEV-WIN-84725,1.45
2026-07-11T00:55:03,payment-api,/withdrawal,ap-southeast-1,155,78,54,14,114.2,ERR-202,Low,Failure,9,29,1,CUST-100483,DEV-MAC-75825,2.4733
2026-07-11T00:55:03,fraud-detection,/payment,us-west-2,173,100,100,11,0,ERR-903,High,Failure,9,87,1,CUST-112349,DEV-MAC-0149A5,2.601
2026-07-11T00:55:13,trading-engine,/trade,us-east-1,7,49,11,1,2272.85,ERR-000,Healthy,Success,7,4,0,CUST-100483,DEV-LIN-11235,1.1515
2026-07-11T00:55:13,auth-service,/login,us-east-1,10,10,23,3,0,ERR-000,Healthy,Success,12,3,0,CUST-109482,DEV-MAC-75825,1.2125
2026-07-11T00:55:13,fraud-detection,/payment,us-east-1,128,77,95,9,0,ERR-306,Low,Failure,5,28,1,CUST-112349,DEV-MAC-75825,2.0386
2026-07-11T00:55:23,investment-engine,/portfolio,eu-west-1,200,81,83,28,10507.64,ERR-208,Low,Failure,1,25,1,CUST-123456,DEV-WIN-99325,2.1671
2026-07-11T00:55:33,payment-api,/transfer,us-east-1,190,84,65,15,7095.65,ERR-903,High,Failure,12,88,1,CUST-100483,DEV-MAC-75825,2.785
2026-07-11T00:55:33,trading-engine,/trade,us-west-2,261,100,93,2,7003.72,ERR-901,Critical,Failure,16,96,1,CUST-123456,DEV-LIN-11235,18.915
2026-07-11T00:55:53,auth-service,/login,us-west-2,49,18,47,5,0,ERR-902,Low,Failure,10,29,1,CUST-100483,DEV-WIN-99325,2.56
2026-07-11T00:55:53,trading-engine,/trade,us-west-2,142,76,59,1,4616.57,ERR-303,Low,Failure,18,38,1,CUST-123456,DEV-LIN-11235,10.3352
2026-07-11T00:55:53,ledger-service,/balance_check,ap-southeast-1,28,20,46,4,0,ERR-205,Low,Failure,6,22,1,CUST-123456,DEV-WIN-99325,3.1667
2026-07-11T00:56:03,ledger-service,/balance_check,us-west-2,30,19,41,5,0,ERR-904,Low,Failure,11,32,1,CUST-100483,DEV-MAC-0149A5,3.3167
2026-07-11T00:56:03,trading-engine,/trade,us-west-2,146,73,58,1,2106.85,ERR-101,Low,Failure,12,26,1,CUST-100483,DEV-WIN-84725,10.5899
2026-07-11T00:56:03,investment-engine,/portfolio,us-west-2,128,12,10,10,11612.56,ERR-000,Healthy,Success,12,4,0,CUST-100483,DEV-MAC-75825,0.8395
2026-07-11T00:56:13,trading-engine,/trade,us-west-2,193,100,74,2,324.71,ERR-901,Critical,Failure,1,98,1,CUST-134098,DEV-MAC-75825,14.3445
2026-07-11T00:56:13,payment-api,/transfer,ap-southeast-1,13,41,29,1,280.88,ERR-000,Healthy,Success,2,3,0,CUST-112349,DEV-MAC-75825,0.6053
2026-07-11T00:56:23,trading-engine,/trade,us-west-2,266,100,85,3,423.37,ERR-901,Critical,Failure,16,90,1,CUST-134098,DEV-MAC-0149A5,19.7327
2026-07-11T00:56:23,ledger-service,/balance_check,us-west-2,28,18,48,4,0,ERR-704,Low,Failure,16,23,1,CUST-109482,DEV-LIN-11235,3.1333
2026-07-11T00:56:23,investment-engine,/portfolio,us-east-1,223,100,93,35,11837.32,ERR-903,High,Failure,14,85,1,CUST-134098,DEV-LIN-11235,2.5916
2026-07-11T00:56:33,payment-api,/withdrawal,us-east-1,186,88,71,15,729.58,ERR-903,High,Failure,16,89,1,CUST-112349,DEV-WIN-84725,2.8323
2026-07-11T00:56:33,ledger-service,/balance_check,us-east-1,30,24,53,5,0,ERR-903,High,Failure,15,80,1,CUST-134098,DEV-WIN-99325,3.6833
2026-07-11T00:56:53,ledger-service,/balance_check,eu-west-1,33,22,60,5,0,ERR-903,High,Failure,5,80,1,CUST-109482,DEV-WIN-84725,3.8333
2026-07-11T00:57:03,ledger-service,/balance_check,ap-southeast-1,28,18,43,5,0,ERR-101,Low,Failure,5,29,1,CUST-112349,DEV-MAC-75825,3.25
2026-07-11T00:57:13,payment-api,/withdrawal,ap-southeast-1,141,79,48,15,8774.98,ERR-701,Low,Failure,15,29,1,CUST-109482,DEV-LIN-11235,2.4623
2026-07-11T00:57:13,trading-engine,/trade,ap-southeast-1,140,73,56,1,3304.59,ERR-304,Low,Failure,20,34,1,CUST-134098,DEV-MAC-75825,10.186
2026-07-11T00:57:23,ledger-service,/balance_check,ap-southeast-1,28,18,48,5,0,ERR-902,Low,Failure,13,37,1,CUST-123456,DEV-LIN-11235,3.3333
2026-07-11T00:57:33,ledger-service,/balance_check,us-east-1,34,21,56,5,0,ERR-903,High,Failure,17,82,1,CUST-109482,DEV-MAC-75825,3.7667
2026-07-11T00:57:33,trading-engine,/trade,us-west-2,132,80,60,2,2253.86,ERR-308,Low,Failure,6,32,1,CUST-112349,DEV-WIN-99325,10.1839
2026-07-11T00:57:33,payment-api,/transfer,us-east-1,138,78,56,13,5508.12,ERR-209,Low,Failure,17,26,1,CUST-100483,DEV-WIN-84725,2.3487
2026-07-11T00:57:43,ledger-service,/balance_check,us-east-1,30,19,48,5,0,ERR-202,Low,Failure,11,27,1,CUST-134098,DEV-MAC-75825,3.4333
2026-07-11T00:57:43,trading-engine,/trade,ap-southeast-1,137,72,55,1,7115.4,ERR-703,Low,Failure,17,21,1,CUST-134098,DEV-LIN-11235,9.9808
2026-07-11T00:57:53,investment-engine,/portfolio,ap-southeast-1,187,73,90,28,8916.73,ERR-108,Low,Failure,19,33,1,CUST-112349,DEV-MAC-75825,2.0974
2026-07-11T00:58:03,payment-api,/transfer,ap-southeast-1,29,11,22,10,7497.13,ERR-000,Healthy,Success,4,5,0,CUST-100483,DEV-MAC-0149A5,0.9843
2026-07-11T00:58:03,trading-engine,/trade,us-east-1,138,72,57,2,9941.57,ERR-304,Low,Failure,5,30,1,CUST-123456,DEV-LIN-11235,10.5513
2026-07-11T00:58:13,ledger-service,/balance_check,us-east-1,29,20,46,4,0,ERR-203,Low,Failure,4,20,1,CUST-100483,DEV-MAC-0149A5,3.2
2026-07-11T00:58:13,auth-service,/login,eu-west-1,49,18,48,5,0,ERR-201,Low,Failure,12,23,1,CUST-100483,DEV-WIN-99325,2.5725
2026-07-11T00:58:23,trading-engine,/trade,eu-west-1,147,79,54,2,9016.41,ERR-110,Low,Failure,17,37,1,CUST-134098,DEV-MAC-0149A5,11.1688
2026-07-11T00:58:23,ledger-service,/balance_check,ap-southeast-1,28,18,42,4,0,ERR-109,Low,Failure,10,28,1,CUST-112349,DEV-MAC-75825,3.0333
2026-07-11T00:58:33,ledger-service,/balance_check,eu-west-1,8,3,10,2,0,ERR-000,Healthy,Success,5,5,0,CUST-112349,DEV-MAC-0149A5,0.9333
2026-07-11T00:58:33,auth-service,/login,eu-west-1,49,16,40,5,0,ERR-208,Low,Failure,4,33,1,CUST-123456,DEV-LIN-11235,2.4325
2026-07-11T00:58:43,ledger-service,/balance_check,us-east-1,25,18,49,4,0,ERR-107,Low,Failure,16,38,1,CUST-134098,DEV-WIN-84725,3.05
2026-07-11T00:58:43,payment-api,/transfer,ap-southeast-1,146,74,56,13,1973.41,ERR-307,Low,Failure,16,37,1,CUST-100483,DEV-WIN-99325,2.3473
2026-07-11T00:58:43,trading-engine,/trade,us-west-2,135,72,55,1,9963.61,ERR-705,Low,Failure,11,25,1,CUST-123456,DEV-MAC-75825,9.8474
2026-07-11T00:58:53,fraud-detection,/payment,us-east-1,142,88,92,10,0,ERR-102,Low,Failure,18,26,1,CUST-100483,DEV-WIN-84725,2.2565
2026-07-11T00:58:53,trading-engine,/trade,us-east-1,145,80,55,2,213.42,ERR-110,Low,Failure,16,32,1,CUST-109482,DEV-LIN-11235,11.0408
2026-07-11T00:58:53,payment-api,/withdrawal,eu-west-1,155,71,54,13,9014.19,ERR-110,Low,Failure,7,34,1,CUST-109482,DEV-MAC-0149A5,2.3483
2026-07-11T00:59:03,fraud-detection,/payment,ap-southeast-1,162,100,100,12,0,ERR-302,High,Failure,16,84,1,CUST-134098,DEV-LIN-11235,2.6277
2026-07-11T00:59:03,ledger-service,/balance_check,eu-west-1,2,14,9,1,0,ERR-000,Healthy,Success,9,5,0,CUST-109482,DEV-MAC-75825,0.8833
2026-07-11T00:59:03,payment-api,/withdrawal,us-east-1,153,76,55,15,423.6,ERR-305,Low,Failure,4,30,1,CUST-112349,DEV-MAC-0149A5,2.5203
2026-07-11T00:59:13,auth-service,/login,us-west-2,46,20,46,4,0,ERR-310,Low,Failure,7,36,1,CUST-123456,DEV-MAC-0149A5,2.35
2026-07-11T00:59:23,auth-service,/login,us-east-1,45,18,46,4,0,ERR-108,Low,Failure,6,29,1,CUST-112349,DEV-LIN-11235,2.2975
2026-07-11T00:59:23,payment-api,/transfer,eu-west-1,149,75,60,14,571.92,ERR-309,Low,Failure,2,20,1,CUST-109482,DEV-WIN-84725,2.4543
2026-07-11T00:59:33,auth-service,/login,us-west-2,51,21,52,5,0,ERR-903,Medium,Failure,12,76,1,CUST-123456,DEV-MAC-75825,2.7075
2026-07-11T00:59:33,payment-api,/withdrawal,us-west-2,148,73,57,15,215.6,ERR-101,Low,Failure,1,33,1,CUST-123456,DEV-MAC-0149A5,2.4853
2026-07-11T00:59:33,trading-engine,/trade,us-east-1,148,78,60,2,616.58,ERR-202,Low,Failure,9,35,1,CUST-112349,DEV-WIN-84725,11.2439
2026-07-11T00:59:43,payment-api,/transfer,eu-west-1,147,77,58,15,3923.25,ERR-107,Low,Failure,10,27,1,CUST-123456,DEV-WIN-84725,2.5197
2026-07-11T00:59:43,ledger-service,/balance_check,us-west-2,28,18,48,4,0,ERR-305,Low,Failure,8,28,1,CUST-112349,DEV-WIN-84725,3.1333
2026-07-11T00:59:53,ledger-service,/balance_check,eu-west-1,30,21,54,5,0,ERR-903,High,Failure,19,88,1,CUST-100483,DEV-LIN-11235,3.6
2026-07-11T00:59:53,payment-api,/withdrawal,eu-west-1,182,92,64,16,2201.2,ERR-903,High,Failure,18,80,1,CUST-100483,DEV-MAC-75825,2.8813
2026-07-11T00:59:53,auth-service,/login,ap-southeast-1,46,16,50,4,0,ERR-206,Low,Failure,14,29,1,CUST-134098,DEV-WIN-99325,2.32
2026-07-11T01:00:03,fraud-detection,/payment,eu-west-1,139,83,99,10,0,ERR-101,Low,Failure,9,36,1,CUST-112349,DEV-WIN-99325,2.2308
2026-07-11T01:00:03,ledger-service,/balance_check,ap-southeast-1,30,20,48,4,0,ERR-101,Low,Failure,3,25,1,CUST-100483,DEV-MAC-0149A5,3.2667
2026-07-11T01:00:13,ledger-service,/balance_check,eu-west-1,29,17,44,4,0,ERR-301,Low,Failure,11,39,1,CUST-112349,DEV-MAC-75825,3.0667
2026-07-11T01:00:23,payment-api,/transfer,us-west-2,157,79,55,15,5670.16,ERR-904,Low,Failure,2,38,1,CUST-109482,DEV-MAC-75825,2.5613
2026-07-11T01:00:33,ledger-service,/balance_check,ap-southeast-1,35,20,51,5,0,ERR-101,High,Failure,8,84,1,CUST-109482,DEV-WIN-84725,3.6833
2026-07-11T01:00:43,fraud-detection,/payment,us-west-2,135,87,97,9,0,ERR-307,Low,Failure,6,24,1,CUST-100483,DEV-WIN-84725,2.1122
2026-07-11T01:00:53,trading-engine,/trade,ap-southeast-1,148,75,58,1,8206.58,ERR-205,Low,Failure,1,24,1,CUST-112349,DEV-LIN-11235,10.7299
2026-07-11T01:00:53,ledger-service,/balance_check,us-east-1,27,20,49,5,0,ERR-109,Low,Failure,9,21,1,CUST-112349,DEV-WIN-84725,3.3833
2026-07-11T01:01:03,trading-engine,/trade,ap-southeast-1,138,75,55,2,702.9,ERR-101,Low,Failure,18,38,1,CUST-109482,DEV-WIN-99325,10.5574
2026-07-11T01:01:03,payment-api,/withdrawal,us-west-2,194,97,74,19,6906.1,ERR-901,Critical,Failure,5,100,1,CUST-112349,DEV-LIN-11235,3.221
2026-07-11T01:01:13,ledger-service,/balance_check,us-west-2,6,5,22,2,0,ERR-000,Healthy,Success,16,0,0,CUST-112349,DEV-WIN-84725,1.1333
2026-07-11T01:01:13,payment-api,/transfer,us-east-1,135,70,49,15,1786.67,ERR-302,Low,Failure,12,21,1,CUST-112349,DEV-WIN-99325,2.3683
2026-07-11T01:01:23,fraud-detection,/payment,us-east-1,138,88,90,10,0,ERR-203,Low,Failure,1,34,1,CUST-109482,DEV-MAC-75825,2.2279
2026-07-11T01:01:23,ledger-service,/balance_check,eu-west-1,28,20,50,4,0,ERR-206,Low,Failure,19,33,1,CUST-112349,DEV-WIN-99325,3.2333
2026-07-11T01:01:23,trading-engine,/trade,ap-southeast-1,143,65,55,1,6007.51,ERR-109,Low,Failure,1,36,1,CUST-123456,DEV-MAC-0149A5,10.3574
2026-07-11T01:01:33,fraud-detection,/payment,us-west-2,186,100,100,12,0,ERR-904,Critical,Failure,19,92,1,CUST-134098,DEV-MAC-75825,2.7877
2026-07-11T01:01:33,ledger-service,/balance_check,ap-southeast-1,27,19,46,5,0,ERR-705,Low,Failure,10,39,1,CUST-100483,DEV-LIN-11235,3.3
2026-07-11T01:01:43,ledger-service,/balance_check,us-east-1,24,18,48,4,0,ERR-106,Low,Failure,20,27,1,CUST-100483,DEV-LIN-11235,3
2026-07-11T01:01:43,fraud-detection,/payment,us-east-1,139,87,90,10,0,ERR-201,Low,Failure,5,35,1,CUST-134098,DEV-WIN-99325,2.2321
2026-07-11T01:01:43,payment-api,/withdrawal,us-west-2,146,79,58,14,2628.58,ERR-107,Low,Failure,16,27,1,CUST-112349,DEV-LIN-11235,2.4657
2026-07-11T01:01:53,investment-engine,/portfolio,us-west-2,237,96,92,35,14908.16,ERR-903,High,Failure,14,85,1,CUST-112349,DEV-MAC-75825,2.6164
2026-07-11T01:02:13,trading-engine,/trade,us-west-2,137,78,57,2,1923.49,ERR-305,Low,Failure,13,40,1,CUST-100483,DEV-WIN-99325,10.5047
2026-07-11T01:02:13,fraud-detection,/payment,us-east-1,143,88,100,10,0,ERR-901,Low,Failure,8,32,1,CUST-100483,DEV-MAC-75825,2.271
2026-07-11T01:02:13,ledger-service,/balance_check,ap-southeast-1,27,20,46,5,0,ERR-205,Low,Failure,16,25,1,CUST-123456,DEV-WIN-99325,3.3333
2026-07-11T01:02:13,payment-api,/transfer,us-east-1,159,78,55,14,5036.55,ERR-301,Low,Failure,17,39,1,CUST-100483,DEV-LIN-11235,2.4943
2026-07-11T01:02:23,payment-api,/transfer,us-east-1,158,78,57,15,3921.72,ERR-209,Low,Failure,14,26,1,CUST-109482,DEV-MAC-75825,2.567
2026-07-11T01:02:23,ledger-service,/balance_check,us-west-2,28,20,46,5,0,ERR-308,Low,Failure,6,21,1,CUST-134098,DEV-MAC-75825,3.3667
2026-07-11T01:02:33,ledger-service,/balance_check,us-west-2,27,19,49,5,0,ERR-902,Low,Failure,20,38,1,CUST-134098,DEV-MAC-75825,3.35
2026-07-11T01:02:33,auth-service,/login,ap-southeast-1,47,20,50,5,0,ERR-306,Low,Failure,5,31,1,CUST-109482,DEV-LIN-11235,2.6125
2026-07-11T01:02:43,fraud-detection,/payment,ap-southeast-1,132,90,88,9,0,ERR-302,Low,Failure,8,29,1,CUST-112349,DEV-WIN-99325,2.0909
2026-07-11T01:02:53,payment-api,/transfer,ap-southeast-1,157,73,57,14,4295.07,ERR-308,Low,Failure,9,22,1,CUST-112349,DEV-MAC-75825,2.4547
2026-07-11T01:02:53,ledger-service,/balance_check,eu-west-1,18,7,9,3,0,ERR-000,Healthy,Success,13,1,0,CUST-112349,DEV-WIN-84725,1.5833
2026-07-11T01:02:53,auth-service,/login,eu-west-1,51,21,50,5,0,ERR-702,Medium,Failure,5,70,1,CUST-134098,DEV-MAC-75825,2.6825
2026-07-11T01:02:53,investment-engine,/portfolio,eu-west-1,175,90,90,30,14877.03,ERR-309,Low,Failure,13,20,1,CUST-109482,DEV-MAC-75825,2.2091
2026-07-11T01:03:03,trading-engine,/trade,us-west-2,190,99,76,2,6800.7,ERR-901,Critical,Failure,3,96,1,CUST-112349,DEV-MAC-0149A5,14.1451
2026-07-11T01:03:13,payment-api,/transfer,eu-west-1,175,85,68,17,6682.95,ERR-903,High,Failure,14,89,1,CUST-112349,DEV-MAC-75825,2.8817
2026-07-11T01:03:13,auth-service,/login,us-east-1,50,20,52,5,0,ERR-302,Medium,Failure,10,63,1,CUST-109482,DEV-LIN-11235,2.675
2026-07-11T01:03:23,ledger-service,/balance_check,us-east-1,27,19,40,5,0,ERR-108,Low,Failure,5,24,1,CUST-134098,DEV-MAC-75825,3.2
2026-07-11T01:03:33,ledger-service,/balance_check,ap-southeast-1,30,19,46,5,0,ERR-109,Low,Failure,5,25,1,CUST-134098,DEV-MAC-75825,3.4
2026-07-11T01:03:33,trading-engine,/trade,us-west-2,137,79,59,1,3439.75,ERR-108,Low,Failure,13,34,1,CUST-123456,DEV-WIN-99325,10.0119
2026-07-11T01:03:43,trading-engine,/trade,us-west-2,171,96,64,2,3939.48,ERR-903,High,Failure,13,81,1,CUST-109482,DEV-MAC-0149A5,12.845
2026-07-11T01:03:43,ledger-service,/balance_check,us-west-2,33,21,51,5,0,ERR-903,High,Failure,7,88,1,CUST-134098,DEV-WIN-84725,3.65
2026-07-11T01:04:03,ledger-service,/balance_check,us-west-2,29,18,47,4,0,ERR-108,Low,Failure,6,33,1,CUST-109482,DEV-WIN-84725,3.15
2026-07-11T01:04:03,investment-engine,/portfolio,ap-southeast-1,185,85,90,27,13257.94,ERR-207,Low,Failure,6,32,1,CUST-109482,DEV-LIN-11235,2.1174
2026-07-11T01:04:13,payment-api,/withdrawal,us-east-1,189,86,67,15,8319.4,ERR-903,High,Failure,2,84,1,CUST-134098,DEV-MAC-75825,2.8077
2026-07-11T01:04:23,ledger-service,/balance_check,ap-southeast-1,2,13,13,2,0,ERR-000,Healthy,Success,11,5,0,CUST-134098,DEV-MAC-0149A5,1.1167
2026-07-11T01:04:23,payment-api,/withdrawal,ap-southeast-1,145,76,58,14,5252.02,ERR-904,Low,Failure,1,26,1,CUST-112349,DEV-LIN-11235,2.4367
2026-07-11T01:04:33,payment-api,/withdrawal,us-west-2,86,21,12,6,5991.65,ERR-000,Healthy,Success,4,0,0,CUST-112349,DEV-WIN-99325,0.979
2026-07-11T01:04:33,ledger-service,/balance_check,eu-west-1,30,20,49,5,0,ERR-904,Low,Failure,8,21,1,CUST-100483,DEV-WIN-99325,3.4833
2026-07-11T01:04:33,investment-engine,/portfolio,eu-west-1,193,82,84,28,6251.84,ERR-201,Low,Failure,19,37,1,CUST-123456,DEV-LIN-11235,2.1507
2026-07-11T01:04:33,auth-service,/login,us-west-2,51,21,52,5,0,ERR-903,Medium,Failure,19,72,1,CUST-134098,DEV-MAC-0149A5,2.7075
2026-07-11T01:04:43,ledger-service,/balance_check,eu-west-1,26,20,46,4,0,ERR-101,Low,Failure,20,24,1,CUST-112349,DEV-MAC-0149A5,3.1
2026-07-11T01:04:43,payment-api,/withdrawal,eu-west-1,182,93,60,16,9050.04,ERR-210,High,Failure,19,82,1,CUST-109482,DEV-MAC-0149A5,2.8697
2026-07-11T01:04:53,payment-api,/transfer,eu-west-1,43,22,35,8,6422.79,ERR-000,Healthy,Success,2,5,0,CUST-123456,DEV-WIN-99325,1.0637
2026-07-11T01:04:53,ledger-service,/balance_check,eu-west-1,28,20,46,4,0,ERR-310,Low,Failure,20,20,1,CUST-123456,DEV-WIN-99325,3.1667
2026-07-11T01:05:03,ledger-service,/balance_check,ap-southeast-1,30,18,49,5,0,ERR-104,Low,Failure,17,22,1,CUST-100483,DEV-LIN-11235,3.4167
2026-07-11T01:05:13,payment-api,/transfer,ap-southeast-1,147,78,55,15,9578.11,ERR-106,Low,Failure,3,25,1,CUST-109482,DEV-LIN-11235,2.513
2026-07-11T01:05:13,ledger-service,/balance_check,ap-southeast-1,1,2,5,3,0,ERR-000,Healthy,Success,16,3,0,CUST-109482,DEV-MAC-75825,0.7833
2026-07-11T01:05:23,ledger-service,/balance_check,us-east-1,27,18,50,5,0,ERR-705,Low,Failure,12,40,1,CUST-109482,DEV-LIN-11235,3.3333
2026-07-11T01:05:23,trading-engine,/trade,eu-west-1,139,75,56,2,2869.29,ERR-204,Low,Failure,2,33,1,CUST-100483,DEV-MAC-75825,10.626
2026-07-11T01:05:33,auth-service,/login,us-west-2,30,13,19,3,0,ERR-000,Healthy,Success,17,4,0,CUST-109482,DEV-MAC-0149A5,1.4725
2026-07-11T01:05:33,fraud-detection,/payment,eu-west-1,147,86,80,8,0,ERR-110,Low,Failure,18,38,1,CUST-109482,DEV-LIN-11235,2.0731
2026-07-11T01:05:43,payment-api,/withdrawal,eu-west-1,171,84,71,16,9478.53,ERR-903,High,Failure,14,90,1,CUST-123456,DEV-MAC-75825,2.8057
2026-07-11T01:05:43,ledger-service,/balance_check,us-west-2,36,21,55,5,0,ERR-903,High,Failure,15,89,1,CUST-112349,DEV-MAC-75825,3.8167
2026-07-11T01:05:53,trading-engine,/trade,eu-west-1,188,98,72,2,3128.85,ERR-902,Critical,Failure,2,100,1,CUST-100483,DEV-MAC-0149A5,14.0006
2026-07-11T01:06:03,fraud-detection,/payment,ap-southeast-1,140,83,98,10,0,ERR-209,Low,Failure,1,24,1,CUST-123456,DEV-WIN-84725,2.2365
2026-07-11T01:06:03,ledger-service,/balance_check,us-west-2,29,20,49,4,0,ERR-210,Low,Failure,13,36,1,CUST-112349,DEV-MAC-0149A5,3.25
2026-07-11T01:06:13,ledger-service,/balance_check,eu-west-1,30,20,48,5,0,ERR-701,Low,Failure,7,26,1,CUST-134098,DEV-WIN-99325,3.4667
2026-07-11T01:06:13,trading-engine,/trade,us-west-2,143,79,59,1,7253.94,ERR-107,Low,Failure,11,24,1,CUST-123456,DEV-MAC-75825,10.4119
2026-07-11T01:06:13,auth-service,/login,us-east-1,49,18,42,5,0,ERR-209,Low,Failure,2,40,1,CUST-112349,DEV-WIN-84725,2.4975
2026-07-11T01:06:33,payment-api,/transfer,us-west-2,260,100,84,21,1787.64,ERR-901,Critical,Failure,14,96,1,CUST-134098,DEV-WIN-99325,3.6933
2026-07-11T01:06:43,ledger-service,/balance_check,us-west-2,30,23,57,6,0,ERR-903,High,Failure,17,90,1,CUST-112349,DEV-LIN-11235,3.9167
2026-07-11T01:06:43,fraud-detection,/payment,eu-west-1,149,86,94,9,0,ERR-705,Low,Failure,14,30,1,CUST-123456,DEV-MAC-75825,2.2001
2026-07-11T01:06:53,ledger-service,/balance_check,ap-southeast-1,25,18,43,5,0,ERR-105,Low,Failure,19,23,1,CUST-112349,DEV-MAC-75825,3.15
2026-07-11T01:06:53,fraud-detection,/payment,eu-west-1,175,90,100,12,0,ERR-202,High,Failure,19,87,1,CUST-123456,DEV-LIN-11235,2.6893
2026-07-11T01:07:03,fraud-detection,/payment,eu-west-1,135,84,80,9,0,ERR-308,Low,Failure,19,35,1,CUST-123456,DEV-MAC-75825,2.0881
2026-07-11T01:07:13,ledger-service,/balance_check,us-west-2,30,20,50,4,0,ERR-107,Low,Failure,13,26,1,CUST-100483,DEV-MAC-75825,3.3
2026-07-11T01:07:23,trading-engine,/trade,us-east-1,145,72,60,2,1340.43,ERR-901,Low,Failure,12,23,1,CUST-112349,DEV-LIN-11235,11.0239
2026-07-11T01:07:23,ledger-service,/balance_check,eu-west-1,30,19,49,5,0,ERR-903,Low,Failure,9,38,1,CUST-134098,DEV-WIN-99325,3.45
2026-07-11T01:07:33,fraud-detection,/payment,us-east-1,157,94,100,12,0,ERR-701,High,Failure,9,82,1,CUST-112349,DEV-MAC-0149A5,2.5793
2026-07-11T01:07:33,auth-service,/login,ap-southeast-1,49,18,50,4,0,ERR-703,Low,Failure,20,32,1,CUST-123456,DEV-MAC-75825,2.3975
2026-07-11T01:07:33,ledger-service,/balance_check,ap-southeast-1,27,19,49,5,0,ERR-107,Low,Failure,4,26,1,CUST-100483,DEV-LIN-11235,3.35
2026-07-11T01:07:33,payment-api,/transfer,eu-west-1,133,72,49,12,561.24,ERR-201,Low,Failure,5,29,1,CUST-109482,DEV-MAC-0149A5,2.177
2026-07-11T01:07:43,fraud-detection,/payment,ap-southeast-1,68,36,33,2,0,ERR-000,Healthy,Success,5,0,0,CUST-100483,DEV-LIN-11235,0.7756
2026-07-11T01:07:43,investment-engine,/portfolio,us-west-2,203,100,91,35,14321.66,ERR-903,High,Failure,15,83,1,CUST-123456,DEV-WIN-84725,2.5211
2026-07-11T01:07:43,ledger-service,/balance_check,ap-southeast-1,29,20,46,5,0,ERR-102,Low,Failure,10,32,1,CUST-134098,DEV-WIN-84725,3.4
2026-07-11T01:07:43,auth-service,/login,us-west-2,10,12,31,2,0,ERR-000,Healthy,Success,13,4,0,CUST-134098,DEV-LIN-11235,1.1525
2026-07-11T01:07:53,payment-api,/withdrawal,ap-southeast-1,146,73,55,14,2111.19,ERR-701,Low,Failure,3,25,1,CUST-134098,DEV-LIN-11235,2.4007
2026-07-11T01:07:53,investment-engine,/portfolio,us-west-2,191,87,89,28,11949.93,ERR-208,Low,Failure,2,34,1,CUST-109482,DEV-LIN-11235,2.1788
2026-07-11T01:08:03,ledger-service,/balance_check,us-west-2,33,22,60,6,0,ERR-903,High,Failure,11,89,1,CUST-109482,DEV-WIN-84725,4.0333
2026-07-11T01:08:03,auth-service,/login,us-east-1,50,20,50,5,0,ERR-905,Medium,Failure,6,63,1,CUST-100483,DEV-MAC-0149A5,2.65
2026-07-11T01:08:13,ledger-service,/balance_check,us-west-2,13,9,8,1,0,ERR-000,Healthy,Success,7,2,0,CUST-123456,DEV-MAC-0149A5,1.0667
2026-07-11T01:08:13,investment-engine,/portfolio,ap-southeast-1,132,54,39,7,8944.64,ERR-000,Healthy,Success,2,1,0,CUST-134098,DEV-WIN-99325,1.0195
2026-07-11T01:08:23,fraud-detection,/payment,us-west-2,140,89,97,10,0,ERR-308,Low,Failure,1,39,1,CUST-100483,DEV-MAC-75825,2.2506
2026-07-11T01:08:23,ledger-service,/balance_check,us-east-1,25,16,50,5,0,ERR-210,Low,Failure,12,34,1,CUST-100483,DEV-MAC-0149A5,3.2
2026-07-11T01:08:33,ledger-service,/balance_check,eu-west-1,26,20,43,4,0,ERR-203,Low,Failure,2,27,1,CUST-123456,DEV-LIN-11235,3.05
2026-07-11T01:08:33,auth-service,/login,ap-southeast-1,52,20,52,5,0,ERR-202,Medium,Failure,7,65,1,CUST-134098,DEV-WIN-99325,2.7
2026-07-11T01:08:33,fraud-detection,/payment,ap-southeast-1,136,84,91,10,0,ERR-304,Low,Failure,3,26,1,CUST-112349,DEV-WIN-99325,2.2055
2026-07-11T01:08:43,investment-engine,/portfolio,eu-west-1,218,99,91,30,11572.46,ERR-903,High,Failure,14,86,1,CUST-123456,DEV-WIN-84725,2.3994
2026-07-11T01:08:43,ledger-service,/balance_check,us-east-1,32,23,60,6,0,ERR-903,High,Failure,6,80,1,CUST-112349,DEV-LIN-11235,4.0333
2026-07-11T01:08:53,payment-api,/transfer,ap-southeast-1,160,76,54,14,2815.42,ERR-704,Low,Failure,3,33,1,CUST-112349,DEV-MAC-0149A5,2.4767
2026-07-11T01:09:03,trading-engine,/trade,ap-southeast-1,146,72,60,2,8475.27,ERR-209,Low,Failure,9,39,1,CUST-112349,DEV-LIN-11235,11.0905
2026-07-11T01:09:03,investment-engine,/portfolio,ap-southeast-1,209,100,100,33,12584.72,ERR-903,High,Failure,10,88,1,CUST-109482,DEV-WIN-84725,2.492
2026-07-11T01:09:13,trading-engine,/trade,ap-southeast-1,142,80,54,1,2074.36,ERR-101,Low,Failure,15,36,1,CUST-112349,DEV-MAC-0149A5,10.3388
2026-07-11T01:09:23,investment-engine,/portfolio,ap-southeast-1,43,55,56,13,12654.29,ERR-000,Healthy,Success,8,5,0,CUST-134098,DEV-WIN-84725,0.961
2026-07-11T01:09:23,trading-engine,/trade,us-west-2,25,10,23,1,3226.41,ERR-000,Healthy,Success,2,5,0,CUST-100483,DEV-WIN-84725,2.2449
2026-07-11T01:09:23,auth-service,/login,eu-west-1,46,19,47,4,0,ERR-104,Low,Failure,12,24,1,CUST-109482,DEV-WIN-99325,2.3425
2026-07-11T01:09:23,ledger-service,/balance_check,eu-west-1,1,1,22,3,0,ERR-000,Healthy,Success,3,3,0,CUST-134098,DEV-MAC-75825,1.0333
2026-07-11T01:09:33,investment-engine,/portfolio,us-west-2,192,82,87,27,11241.28,ERR-703,Low,Failure,7,24,1,CUST-109482,DEV-WIN-99325,2.1199
2026-07-11T01:09:33,ledger-service,/balance_check,ap-southeast-1,27,18,46,5,0,ERR-305,Low,Failure,4,32,1,CUST-112349,DEV-LIN-11235,3.2667
2026-07-11T01:09:33,payment-api,/withdrawal,ap-southeast-1,152,75,54,14,8019.64,ERR-105,Low,Failure,18,26,1,CUST-123456,DEV-MAC-75825,2.4363
2026-07-11T01:09:43,ledger-service,/balance_check,eu-west-1,24,19,43,5,0,ERR-701,Low,Failure,4,27,1,CUST-123456,DEV-MAC-75825,3.15
2026-07-11T01:09:43,auth-service,/login,us-east-1,47,19,46,5,0,ERR-107,Low,Failure,10,23,1,CUST-123456,DEV-MAC-75825,2.5425
2026-07-11T01:10:03,investment-engine,/portfolio,ap-southeast-1,182,90,81,28,11179.31,ERR-204,Low,Failure,15,23,1,CUST-123456,DEV-WIN-99325,2.1482
2026-07-11T01:10:03,ledger-service,/balance_check,eu-west-1,28,18,48,4,0,ERR-304,Low,Failure,7,23,1,CUST-112349,DEV-WIN-99325,3.1333
2026-07-11T01:10:03,trading-engine,/trade,ap-southeast-1,138,76,55,2,2550.1,ERR-701,Low,Failure,3,36,1,CUST-112349,DEV-MAC-75825,10.5608
2026-07-11T01:10:13,ledger-service,/balance_check,us-east-1,6,2,5,3,0,ERR-000,Healthy,Success,19,4,0,CUST-112349,DEV-MAC-0149A5,0.95
2026-07-11T01:10:23,payment-api,/withdrawal,us-west-2,154,80,57,14,4471.16,ERR-207,Low,Failure,17,27,1,CUST-109482,DEV-WIN-84725,2.501
2026-07-11T01:10:23,auth-service,/login,us-west-2,42,17,42,4,0,ERR-000,Normal,Success,1,5,0,CUST-112349,DEV-WIN-99325,2.19
2026-07-11T01:10:33,ledger-service,/balance_check,us-east-1,31,21,51,6,0,ERR-903,High,Failure,2,85,1,CUST-134098,DEV-LIN-11235,3.7833
2026-07-11T01:10:33,trading-engine,/trade,eu-west-1,191,100,80,2,5216.85,ERR-901,Critical,Failure,7,94,1,CUST-112349,DEV-LIN-11235,14.2229
2026-07-11T01:10:33,payment-api,/withdrawal,eu-west-1,171,83,60,15,5748.06,ERR-206,High,Failure,7,84,1,CUST-100483,DEV-MAC-75825,2.6757
2026-07-11T01:10:43,ledger-service,/balance_check,us-east-1,30,19,45,4,0,ERR-206,Low,Failure,18,34,1,CUST-112349,DEV-MAC-0149A5,3.1833
2026-07-11T01:10:53,ledger-service,/balance_check,us-east-1,29,17,43,4,0,ERR-901,Low,Failure,14,36,1,CUST-134098,DEV-MAC-75825,3.05
2026-07-11T01:11:03,ledger-service,/balance_check,us-west-2,27,19,45,4,0,ERR-204,Low,Failure,8,30,1,CUST-134098,DEV-WIN-99325,3.0833
2026-07-11T01:11:13,investment-engine,/portfolio,eu-west-1,186,86,88,30,9004.12,ERR-310,Low,Failure,18,30,1,CUST-109482,DEV-WIN-84725,2.2219
2026-07-11T01:11:13,payment-api,/transfer,us-west-2,219,100,82,19,5287.98,ERR-901,Critical,Failure,11,98,1,CUST-134098,DEV-WIN-99325,3.386
2026-07-11T01:11:13,ledger-service,/balance_check,eu-west-1,26,18,49,4,0,ERR-106,Low,Failure,12,39,1,CUST-109482,DEV-WIN-99325,3.0833
2026-07-11T01:11:23,payment-api,/withdrawal,ap-southeast-1,144,79,58,13,3168.58,ERR-206,Low,Failure,3,34,1,CUST-109482,DEV-WIN-84725,2.391
2026-07-11T01:11:33,fraud-detection,/payment,ap-southeast-1,135,88,95,9,0,ERR-203,Low,Failure,10,40,1,CUST-109482,DEV-WIN-84725,2.1128
2026-07-11T01:11:33,investment-engine,/portfolio,us-west-2,268,100,100,38,10494.93,ERR-903,Critical,Failure,15,91,1,CUST-100483,DEV-WIN-84725,2.8553
2026-07-11T01:11:33,ledger-service,/balance_check,us-west-2,29,20,46,5,0,ERR-102,Low,Failure,2,27,1,CUST-100483,DEV-WIN-99325,3.4
2026-07-11T01:11:43,trading-engine,/trade,us-west-2,150,74,58,2,5608.05,ERR-904,Low,Failure,3,31,1,CUST-123456,DEV-MAC-75825,11.3599
2026-07-11T01:11:43,auth-service,/login,us-west-2,48,16,43,4,0,ERR-704,Low,Failure,13,37,1,CUST-123456,DEV-LIN-11235,2.2575
2026-07-11T01:11:43,investment-engine,/portfolio,eu-west-1,186,81,87,28,11504.4,ERR-210,Low,Failure,3,40,1,CUST-134098,DEV-MAC-75825,2.1283
2026-07-11T01:11:53,payment-api,/withdrawal,us-east-1,153,73,54,13,4477.93,ERR-103,Low,Failure,10,23,1,CUST-134098,DEV-LIN-11235,2.357
2026-07-11T01:11:53,ledger-service,/balance_check,eu-west-1,25,20,43,4,0,ERR-309,Low,Failure,3,32,1,CUST-134098,DEV-WIN-99325,3.0167
2026-07-11T01:12:03,ledger-service,/balance_check,eu-west-1,35,24,51,6,0,ERR-903,High,Failure,15,81,1,CUST-109482,DEV-MAC-0149A5,4.0167
2026-07-11T01:12:03,payment-api,/transfer,eu-west-1,37,50,6,1,6811.64,ERR-000,Healthy,Success,18,5,0,CUST-123456,DEV-LIN-11235,0.6613
2026-07-11T01:12:13,ledger-service,/balance_check,us-east-1,29,18,49,4,0,ERR-109,Low,Failure,4,23,1,CUST-109482,DEV-WIN-84725,3.1833
2026-07-11T01:12:13,auth-service,/login,us-east-1,44,19,44,4,0,ERR-202,Low,Failure,3,28,1,CUST-109482,DEV-WIN-84725,2.28
2026-07-11T01:12:23,fraud-detection,/payment,ap-southeast-1,137,86,93,10,0,ERR-303,Low,Failure,15,37,1,CUST-100483,DEV-LIN-11235,2.2192
2026-07-11T01:12:23,investment-engine,/portfolio,us-east-1,15,39,5,3,14312.29,ERR-000,Healthy,Success,11,0,0,CUST-109482,DEV-MAC-0149A5,0.3548
2026-07-11T01:12:33,fraud-detection,/payment,eu-west-1,136,89,96,9,0,ERR-303,Low,Failure,19,23,1,CUST-112349,DEV-MAC-75825,2.1229
2026-07-11T01:12:43,trading-engine,/trade,us-east-1,165,95,66,2,8301.78,ERR-903,High,Failure,20,86,1,CUST-112349,DEV-MAC-0149A5,12.4456
2026-07-11T01:12:43,payment-api,/withdrawal,us-east-1,187,86,67,18,3191.93,ERR-903,High,Failure,13,80,1,CUST-123456,DEV-LIN-11235,2.9997
2026-07-11T01:12:53,ledger-service,/balance_check,us-west-2,31,20,55,5,0,ERR-302,High,Failure,13,85,1,CUST-100483,DEV-WIN-84725,3.6167
2026-07-11T01:12:53,auth-service,/login,ap-southeast-1,47,20,49,4,0,ERR-209,Low,Failure,4,20,1,CUST-123456,DEV-MAC-0149A5,2.4
2026-07-11T01:13:03,auth-service,/login,eu-west-1,48,19,48,4,0,ERR-305,Low,Failure,8,33,1,CUST-134098,DEV-WIN-99325,2.38
2026-07-11T01:13:03,ledger-service,/balance_check,us-east-1,16,2,21,2,0,ERR-000,Healthy,Success,19,4,0,CUST-123456,DEV-MAC-0149A5,1.35
2026-07-11T01:13:13,trading-engine,/trade,eu-west-1,59,48,30,1,7187.06,ERR-000,Healthy,Success,12,2,0,CUST-134098,DEV-MAC-0149A5,4.6519
2026-07-11T01:13:13,ledger-service,/balance_check,ap-southeast-1,35,22,58,6,0,ERR-903,High,Failure,13,84,1,CUST-134098,DEV-MAC-0149A5,4.0667
2026-07-11T01:13:23,trading-engine,/trade,us-west-2,144,79,56,1,7268.83,ERR-903,Low,Failure,3,34,1,CUST-100483,DEV-LIN-11235,10.4727
2026-07-11T01:13:23,ledger-service,/balance_check,ap-southeast-1,28,20,48,5,0,ERR-110,Low,Failure,3,30,1,CUST-112349,DEV-LIN-11235,3.4
2026-07-11T01:13:33,fraud-detection,/payment,ap-southeast-1,90,1,70,5,0,ERR-000,Healthy,Success,9,0,0,CUST-112349,DEV-MAC-0149A5,1.1709
2026-07-11T01:13:33,investment-engine,/portfolio,ap-southeast-1,189,82,86,27,8720.52,ERR-105,Low,Failure,14,26,1,CUST-112349,DEV-LIN-11235,2.108
2026-07-11T01:13:33,ledger-service,/balance_check,ap-southeast-1,11,8,4,1,0,ERR-000,Healthy,Success,10,1,0,CUST-109482,DEV-WIN-99325,0.9
2026-07-11T01:13:43,ledger-service,/balance_check,us-east-1,28,20,49,4,0,ERR-108,Low,Failure,6,29,1,CUST-134098,DEV-LIN-11235,3.2167
2026-07-11T01:13:43,fraud-detection,/payment,eu-west-1,195,100,100,13,0,ERR-904,Critical,Failure,18,93,1,CUST-100483,DEV-WIN-84725,2.9477
2026-07-11T01:14:03,ledger-service,/balance_check,eu-west-1,28,20,47,5,0,ERR-904,Low,Failure,2,32,1,CUST-134098,DEV-MAC-75825,3.3833
2026-07-11T01:14:23,ledger-service,/balance_check,us-east-1,25,18,43,4,0,ERR-201,Low,Failure,1,35,1,CUST-134098,DEV-WIN-84725,2.95
2026-07-11T01:14:33,ledger-service,/balance_check,ap-southeast-1,36,20,52,5,0,ERR-109,High,Failure,13,89,1,CUST-100483,DEV-MAC-0149A5,3.7333
2026-07-11T01:14:33,payment-api,/withdrawal,us-east-1,150,73,58,13,4739.93,ERR-108,Low,Failure,9,36,1,CUST-123456,DEV-MAC-0149A5,2.365
2026-07-11T01:14:43,ledger-service,/balance_check,eu-west-1,29,20,48,5,0,ERR-904,Low,Failure,2,25,1,CUST-134098,DEV-WIN-84725,3.4333
2026-07-11T01:14:53,ledger-service,/balance_check,eu-west-1,18,7,22,2,0,ERR-000,Healthy,Success,1,4,0,CUST-109482,DEV-MAC-0149A5,1.6
2026-07-11T01:15:03,payment-api,/transfer,us-west-2,131,73,56,14,133.9,ERR-107,Low,Failure,14,22,1,CUST-109482,DEV-WIN-99325,2.3457
2026-07-11T01:15:13,ledger-service,/balance_check,eu-west-1,31,20,59,6,0,ERR-901,High,Failure,1,81,1,CUST-112349,DEV-WIN-84725,3.8833
2026-07-11T01:15:23,investment-engine,/portfolio,eu-west-1,191,72,78,27,14373.45,ERR-207,Low,Failure,18,34,1,CUST-112349,DEV-WIN-84725,2.049
2026-07-11T01:15:23,ledger-service,/balance_check,eu-west-1,34,24,55,5,0,ERR-903,High,Failure,13,81,1,CUST-134098,DEV-WIN-99325,3.85
2026-07-11T01:15:23,fraud-detection,/payment,us-west-2,166,100,100,10,0,ERR-901,High,Failure,6,89,1,CUST-100483,DEV-WIN-99325,2.4543
2026-07-11T01:15:33,payment-api,/transfer,ap-southeast-1,163,81,68,18,8731.05,ERR-903,High,Failure,2,90,1,CUST-123456,DEV-LIN-11235,2.867
2026-07-11T01:15:33,ledger-service,/balance_check,eu-west-1,36,20,53,5,0,ERR-310,High,Failure,6,86,1,CUST-112349,DEV-WIN-84725,3.75
2026-07-11T01:15:43,trading-engine,/trade,us-east-1,142,78,57,1,515.11,ERR-105,Low,Failure,9,27,1,CUST-112349,DEV-LIN-11235,10.338
2026-07-11T01:15:43,ledger-service,/balance_check,eu-west-1,36,23,56,6,0,ERR-903,High,Failure,15,90,1,CUST-112349,DEV-WIN-99325,4.1
2026-07-11T01:15:53,ledger-service,/balance_check,us-east-1,27,20,49,5,0,ERR-705,Low,Failure,18,24,1,CUST-134098,DEV-LIN-11235,3.3833
2026-07-11T01:15:53,investment-engine,/portfolio,us-east-1,87,36,54,8,14941.96,ERR-000,Healthy,Success,1,3,0,CUST-123456,DEV-WIN-99325,0.8421
2026-07-11T01:15:53,payment-api,/transfer,us-west-2,8,36,38,3,4008.58,ERR-000,Healthy,Success,17,3,0,CUST-112349,DEV-WIN-84725,0.722
2026-07-11T01:16:03,trading-engine,/trade,ap-southeast-1,141,76,55,2,6008.79,ERR-306,Low,Failure,16,30,1,CUST-100483,DEV-WIN-84725,10.7608
2026-07-11T01:16:03,ledger-service,/balance_check,eu-west-1,30,19,49,5,0,ERR-310,Low,Failure,13,34,1,CUST-109482,DEV-WIN-99325,3.45
2026-07-11T01:16:03,fraud-detection,/payment,us-west-2,146,90,96,10,0,ERR-305,Low,Failure,18,37,1,CUST-123456,DEV-MAC-75825,2.2921
2026-07-11T01:16:13,ledger-service,/balance_check,ap-southeast-1,24,18,40,5,0,ERR-210,Low,Failure,19,27,1,CUST-109482,DEV-MAC-0149A5,3.0667
2026-07-11T01:16:13,investment-engine,/portfolio,eu-west-1,181,87,82,27,9512.53,ERR-302,Low,Failure,2,38,1,CUST-100483,DEV-MAC-75825,2.0985
2026-07-11T01:16:23,ledger-service,/balance_check,us-east-1,29,18,45,4,0,ERR-110,Low,Failure,13,33,1,CUST-134098,DEV-MAC-0149A5,3.1167
2026-07-11T01:16:23,payment-api,/withdrawal,eu-west-1,178,85,63,15,5991.05,ERR-903,High,Failure,6,80,1,CUST-100483,DEV-WIN-84725,2.7353
2026-07-11T01:16:33,ledger-service,/balance_check,eu-west-1,28,20,48,4,0,ERR-203,Low,Failure,7,34,1,CUST-134098,DEV-WIN-84725,3.2
2026-07-11T01:16:33,investment-engine,/portfolio,us-east-1,196,84,82,30,8260.04,ERR-104,Low,Failure,2,36,1,CUST-100483,DEV-WIN-99325,2.2335
2026-07-11T01:16:43,fraud-detection,/payment,ap-southeast-1,140,90,94,9,0,ERR-201,Low,Failure,2,27,1,CUST-109482,DEV-MAC-75825,2.1501
2026-07-11T01:16:43,payment-api,/transfer,eu-west-1,143,75,53,13,3644.03,ERR-110,Low,Failure,8,35,1,CUST-100483,DEV-WIN-99325,2.3287
2026-07-11T01:16:53,ledger-service,/balance_check,us-west-2,30,17,40,4,0,ERR-905,Low,Failure,17,28,1,CUST-109482,DEV-MAC-75825,3.0333
2026-07-11T01:16:53,payment-api,/transfer,ap-southeast-1,164,91,65,15,2714.66,ERR-903,High,Failure,17,90,1,CUST-100483,DEV-LIN-11235,2.7393
2026-07-11T01:17:03,auth-service,/login,us-east-1,52,20,52,5,0,ERR-103,Medium,Failure,5,77,1,CUST-123456,DEV-LIN-11235,2.7
2026-07-11T01:17:03,payment-api,/transfer,ap-southeast-1,188,89,70,17,2788.39,ERR-903,High,Failure,10,80,1,CUST-112349,DEV-MAC-75825,2.977
2026-07-11T01:17:13,fraud-detection,/payment,us-east-1,139,75,91,9,0,ERR-309,Low,Failure,11,20,1,CUST-112349,DEV-LIN-11235,2.103
2026-07-11T01:17:23,payment-api,/withdrawal,us-west-2,186,90,71,16,9829.17,ERR-903,High,Failure,15,83,1,CUST-109482,DEV-LIN-11235,2.9157
2026-07-11T01:17:23,ledger-service,/balance_check,ap-southeast-1,28,20,44,4,0,ERR-101,Low,Failure,11,28,1,CUST-100483,DEV-MAC-75825,3.1333
2026-07-11T01:17:23,fraud-detection,/payment,us-west-2,139,83,91,10,0,ERR-701,Low,Failure,20,31,1,CUST-112349,DEV-MAC-0149A5,2.223
2026-07-11T01:17:33,payment-api,/transfer,us-west-2,152,79,60,15,6655.79,ERR-902,Low,Failure,8,33,1,CUST-112349,DEV-MAC-75825,2.5663
2026-07-11T01:17:43,investment-engine,/portfolio,us-east-1,227,91,99,31,11884.21,ERR-903,High,Failure,18,85,1,CUST-100483,DEV-MAC-0149A5,2.4384
2026-07-11T01:17:43,auth-service,/login,ap-southeast-1,50,20,50,5,0,ERR-110,Medium,Failure,2,61,1,CUST-109482,DEV-WIN-84725,2.65
2026-07-11T01:17:53,payment-api,/transfer,ap-southeast-1,23,21,2,7,9752.49,ERR-000,Healthy,Success,13,1,0,CUST-123456,DEV-MAC-0149A5,0.7437
2026-07-11T01:17:53,trading-engine,/trade,us-west-2,163,86,66,2,7051.03,ERR-903,High,Failure,14,84,1,CUST-109482,DEV-WIN-84725,12.2822
2026-07-11T01:17:53,ledger-service,/balance_check,us-west-2,26,17,42,5,0,ERR-207,Low,Failure,9,32,1,CUST-134098,DEV-WIN-99325,3.1333
2026-07-11T01:18:03,payment-api,/withdrawal,us-east-1,165,90,67,17,7887.04,ERR-903,High,Failure,13,88,1,CUST-112349,DEV-MAC-75825,2.8783
2026-07-11T01:18:03,ledger-service,/balance_check,us-east-1,28,18,45,4,0,ERR-905,Low,Failure,18,36,1,CUST-134098,DEV-LIN-11235,3.0833
2026-07-11T01:18:03,fraud-detection,/payment,ap-southeast-1,169,98,100,10,0,ERR-205,High,Failure,12,82,1,CUST-109482,DEV-WIN-84725,2.4693
2026-07-11T01:18:13,ledger-service,/balance_check,eu-west-1,12,2,35,3,0,ERR-000,Healthy,Success,5,4,0,CUST-134098,DEV-WIN-99325,1.65
2026-07-11T01:18:13,payment-api,/transfer,us-west-2,148,78,59,14,2685.2,ERR-310,Low,Failure,19,21,1,CUST-112349,DEV-MAC-0149A5,2.4703
2026-07-11T01:18:23,ledger-service,/balance_check,ap-southeast-1,20,7,23,3,0,ERR-000,Healthy,Success,9,5,0,CUST-100483,DEV-WIN-99325,1.8833
2026-07-11T01:18:23,fraud-detection,/payment,us-east-1,145,82,90,10,0,ERR-703,Low,Failure,9,39,1,CUST-112349,DEV-LIN-11235,2.2596
2026-07-11T01:18:23,investment-engine,/portfolio,eu-west-1,35,18,59,1,14664.3,ERR-000,Healthy,Success,7,4,0,CUST-112349,DEV-WIN-84725,0.3552
2026-07-11T01:18:33,ledger-service,/balance_check,ap-southeast-1,29,20,45,5,0,ERR-308,Low,Failure,6,36,1,CUST-134098,DEV-MAC-0149A5,3.3833
2026-07-11T01:18:33,auth-service,/login,ap-southeast-1,50,20,47,4,0,ERR-302,Low,Failure,9,23,1,CUST-112349,DEV-LIN-11235,2.4125
2026-07-11T01:18:33,payment-api,/transfer,eu-west-1,149,72,54,14,7943.41,ERR-106,Low,Failure,10,38,1,CUST-109482,DEV-WIN-84725,2.3993
2026-07-11T01:18:53,ledger-service,/balance_check,us-west-2,33,23,56,5,0,ERR-903,High,Failure,4,86,1,CUST-123456,DEV-WIN-99325,3.8
2026-07-11T01:19:03,ledger-service,/balance_check,ap-southeast-1,27,20,48,5,0,ERR-304,Low,Failure,16,27,1,CUST-112349,DEV-MAC-0149A5,3.3667
2026-07-11T01:19:03,fraud-detection,/payment,ap-southeast-1,142,88,93,10,0,ERR-309,Low,Failure,20,27,1,CUST-123456,DEV-MAC-0149A5,2.2575
2026-07-11T01:19:23,ledger-service,/balance_check,ap-southeast-1,10,12,24,3,0,ERR-000,Healthy,Success,10,4,0,CUST-134098,DEV-WIN-84725,1.7333
2026-07-11T01:19:23,payment-api,/withdrawal,ap-southeast-1,129,73,58,13,2801.37,ERR-901,Low,Failure,11,27,1,CUST-123456,DEV-LIN-11235,2.281
2026-07-11T01:19:33,ledger-service,/balance_check,us-west-2,30,20,47,5,0,ERR-208,Low,Failure,12,33,1,CUST-134098,DEV-MAC-75825,3.45
2026-07-11T01:19:43,fraud-detection,/payment,eu-west-1,144,88,99,10,0,ERR-101,Low,Failure,13,23,1,CUST-100483,DEV-WIN-84725,2.2767
2026-07-11T01:19:43,payment-api,/transfer,us-west-2,151,75,58,14,6834.43,ERR-210,Low,Failure,14,29,1,CUST-100483,DEV-LIN-11235,2.4523
2026-07-11T01:19:53,ledger-service,/balance_check,us-west-2,35,23,53,5,0,ERR-903,High,Failure,3,83,1,CUST-109482,DEV-MAC-0149A5,3.8167
2026-07-11T01:20:03,auth-service,/login,us-west-2,48,18,50,4,0,ERR-302,Low,Failure,16,24,1,CUST-112349,DEV-MAC-75825,2.385
2026-07-11T01:20:03,ledger-service,/balance_check,us-east-1,28,19,50,4,0,ERR-309,Low,Failure,15,21,1,CUST-100483,DEV-LIN-11235,3.2
2026-07-11T01:20:13,ledger-service,/balance_check,us-east-1,30,19,46,4,0,ERR-904,Low,Failure,3,29,1,CUST-134098,DEV-WIN-84725,3.2
2026-07-11T01:20:23,auth-service,/login,us-east-1,50,21,52,5,0,ERR-903,Medium,Failure,10,77,1,CUST-134098,DEV-WIN-99325,2.695
2026-07-11T01:20:23,trading-engine,/trade,us-east-1,146,74,55,2,6282.59,ERR-202,Low,Failure,6,34,1,CUST-100483,DEV-MAC-0149A5,11.0874
2026-07-11T01:20:33,investment-engine,/portfolio,ap-southeast-1,190,90,81,29,11933.21,ERR-309,Low,Failure,13,31,1,CUST-123456,DEV-MAC-0149A5,2.2082
2026-07-11T01:20:33,ledger-service,/balance_check,us-west-2,28,20,48,5,0,ERR-306,Low,Failure,19,23,1,CUST-109482,DEV-WIN-99325,3.4
2026-07-11T01:20:33,trading-engine,/trade,us-east-1,154,92,66,2,873.62,ERR-903,High,Failure,11,86,1,CUST-123456,DEV-WIN-99325,11.7022
2026-07-11T01:20:43,ledger-service,/balance_check,eu-west-1,30,20,60,5,0,ERR-704,High,Failure,10,81,1,CUST-109482,DEV-MAC-75825,3.6667
2026-07-11T01:20:53,investment-engine,/portfolio,ap-southeast-1,32,46,20,15,11151.58,ERR-000,Healthy,Success,3,2,0,CUST-100483,DEV-WIN-84725,0.8757
2026-07-11T01:21:03,payment-api,/withdrawal,ap-southeast-1,152,74,55,13,8371.35,ERR-301,Low,Failure,10,21,1,CUST-123456,DEV-WIN-84725,2.3663
2026-07-11T01:21:13,auth-service,/login,us-west-2,42,19,42,5,0,ERR-203,Low,Failure,2,26,1,CUST-109482,DEV-LIN-11235,2.43
2026-07-11T01:21:23,fraud-detection,/payment,us-east-1,136,82,94,9,0,ERR-303,Low,Failure,11,30,1,CUST-100483,DEV-LIN-11235,2.1035
2026-07-11T01:21:23,ledger-service,/balance_check,eu-west-1,32,24,58,6,0,ERR-903,High,Failure,16,81,1,CUST-112349,DEV-WIN-84725,4.0333
2026-07-11T01:21:33,ledger-service,/balance_check,ap-southeast-1,34,23,59,6,0,ERR-903,High,Failure,6,81,1,CUST-134098,DEV-LIN-11235,4.0833
2026-07-11T01:21:43,auth-service,/login,us-east-1,50,21,50,5,0,ERR-107,Medium,Failure,20,76,1,CUST-112349,DEV-LIN-11235,2.67
2026-07-11T01:21:43,ledger-service,/balance_check,ap-southeast-1,17,6,34,1,0,ERR-000,Healthy,Success,1,4,0,CUST-100483,DEV-MAC-0149A5,1.5333
2026-07-11T01:21:53,ledger-service,/balance_check,us-east-1,32,22,54,6,0,ERR-903,High,Failure,9,90,1,CUST-100483,DEV-WIN-84725,3.9
2026-07-11T01:21:53,payment-api,/withdrawal,us-east-1,153,74,56,15,9448.11,ERR-309,Low,Failure,11,27,1,CUST-100483,DEV-MAC-75825,2.5087
2026-07-11T01:22:03,payment-api,/withdrawal,ap-southeast-1,159,75,57,13,4019.94,ERR-902,Low,Failure,20,21,1,CUST-100483,DEV-MAC-75825,2.4127
2026-07-11T01:22:03,ledger-service,/balance_check,eu-west-1,27,19,40,5,0,ERR-902,Low,Failure,5,40,1,CUST-134098,DEV-MAC-75825,3.2
2026-07-11T01:22:03,auth-service,/login,us-west-2,50,18,47,5,0,ERR-202,Low,Failure,7,30,1,CUST-100483,DEV-LIN-11235,2.5725
2026-07-11T01:22:13,ledger-service,/balance_check,us-east-1,27,18,47,4,0,ERR-203,Low,Failure,14,28,1,CUST-134098,DEV-WIN-84725,3.0833
2026-07-11T01:22:23,ledger-service,/balance_check,ap-southeast-1,30,18,44,4,0,ERR-203,Low,Failure,8,21,1,CUST-100483,DEV-WIN-99325,3.1333
2026-07-11T01:22:33,auth-service,/login,us-west-2,48,18,48,4,0,ERR-109,Low,Failure,14,40,1,CUST-100483,DEV-MAC-0149A5,2.36
2026-07-11T01:22:33,ledger-service,/balance_check,eu-west-1,36,24,57,5,0,ERR-903,High,Failure,3,84,1,CUST-134098,DEV-WIN-84725,3.95
2026-07-11T01:22:33,payment-api,/withdrawal,us-east-1,101,36,15,3,5167.42,ERR-000,Healthy,Success,16,2,0,CUST-134098,DEV-MAC-0149A5,0.979
2026-07-11T01:22:43,payment-api,/withdrawal,us-west-2,4,8,11,2,2603.09,ERR-000,Healthy,Success,8,4,0,CUST-109482,DEV-LIN-11235,0.271
2026-07-11T01:22:53,auth-service,/login,us-east-1,45,19,50,4,0,ERR-207,Low,Failure,9,38,1,CUST-134098,DEV-LIN-11235,2.3675
2026-07-11T01:22:53,payment-api,/withdrawal,eu-west-1,188,81,72,17,5175.47,ERR-903,High,Failure,19,88,1,CUST-112349,DEV-WIN-99325,2.9203
2026-07-11T01:22:53,ledger-service,/balance_check,ap-southeast-1,27,19,50,4,0,ERR-101,Low,Failure,9,29,1,CUST-123456,DEV-LIN-11235,3.1667
2026-07-11T01:23:03,ledger-service,/balance_check,eu-west-1,27,19,45,4,0,ERR-104,Low,Failure,3,22,1,CUST-112349,DEV-WIN-84725,3.0833
2026-07-11T01:23:03,auth-service,/login,ap-southeast-1,49,19,47,4,0,ERR-108,Low,Failure,2,31,1,CUST-123456,DEV-MAC-75825,2.38
2026-07-11T01:23:13,auth-service,/login,us-west-2,50,20,52,5,0,ERR-308,Medium,Failure,16,64,1,CUST-123456,DEV-WIN-99325,2.675
2026-07-11T01:23:23,payment-api,/transfer,ap-southeast-1,144,77,53,13,937.27,ERR-705,Low,Failure,5,21,1,CUST-134098,DEV-LIN-11235,2.3493
2026-07-11T01:23:23,ledger-service,/balance_check,us-west-2,7,9,25,2,0,ERR-000,Healthy,Success,14,5,0,CUST-134098,DEV-MAC-75825,1.35
2026-07-11T01:23:33,ledger-service,/balance_check,us-west-2,28,19,48,5,0,ERR-205,Low,Failure,3,33,1,CUST-109482,DEV-MAC-75825,3.3667
2026-07-11T01:23:53,investment-engine,/portfolio,ap-southeast-1,212,91,100,35,14814.46,ERR-903,High,Failure,7,84,1,CUST-109482,DEV-WIN-84725,2.5236
2026-07-11T01:23:53,ledger-service,/balance_check,ap-southeast-1,15,12,29,1,0,ERR-000,Healthy,Success,18,0,0,CUST-134098,DEV-WIN-99325,1.5833
2026-07-11T01:24:03,ledger-service,/balance_check,us-west-2,29,19,46,4,0,ERR-202,Low,Failure,19,21,1,CUST-112349,DEV-WIN-84725,3.1667
2026-07-11T01:24:13,auth-service,/login,us-west-2,48,19,49,4,0,ERR-705,Low,Failure,14,37,1,CUST-100483,DEV-LIN-11235,2.3925
2026-07-11T01:24:23,ledger-service,/balance_check,ap-southeast-1,31,24,60,5,0,ERR-903,High,Failure,8,80,1,CUST-134098,DEV-MAC-75825,3.8333
2026-07-11T01:24:23,fraud-detection,/payment,ap-southeast-1,167,100,100,10,0,ERR-903,High,Failure,10,81,1,CUST-109482,DEV-LIN-11235,2.461
2026-07-11T01:24:33,ledger-service,/balance_check,us-west-2,14,13,11,2,0,ERR-000,Healthy,Success,8,4,0,CUST-112349,DEV-WIN-84725,1.4833
2026-07-11T01:24:43,ledger-service,/balance_check,eu-west-1,32,24,60,5,0,ERR-903,High,Failure,18,89,1,CUST-123456,DEV-WIN-84725,3.8667
2026-07-11T01:24:53,auth-service,/login,ap-southeast-1,49,20,49,4,0,ERR-705,Low,Failure,7,36,1,CUST-100483,DEV-MAC-75825,2.425
2026-07-11T01:25:03,ledger-service,/balance_check,us-west-2,28,20,48,4,0,ERR-704,Low,Failure,11,20,1,CUST-109482,DEV-WIN-99325,3.2
2026-07-11T01:25:03,payment-api,/transfer,eu-west-1,65,8,7,1,4066.09,ERR-000,Healthy,Success,9,2,0,CUST-109482,DEV-WIN-99325,0.4283
2026-07-11T01:25:13,ledger-service,/balance_check,eu-west-1,26,19,44,4,0,ERR-903,Low,Failure,19,36,1,CUST-109482,DEV-MAC-75825,3.0333
2026-07-11T01:25:13,auth-service,/login,ap-southeast-1,46,20,47,4,0,ERR-207,Low,Failure,15,24,1,CUST-123456,DEV-LIN-11235,2.3625
2026-07-11T01:25:23,payment-api,/withdrawal,us-west-2,33,33,27,9,9012.71,ERR-000,Healthy,Success,9,1,0,CUST-109482,DEV-MAC-0149A5,1.142
2026-07-11T01:25:23,ledger-service,/balance_check,eu-west-1,30,20,41,4,0,ERR-904,Low,Failure,18,40,1,CUST-123456,DEV-WIN-84725,3.15
2026-07-11T01:25:33,payment-api,/withdrawal,ap-southeast-1,154,76,51,12,9902.09,ERR-107,Low,Failure,2,34,1,CUST-112349,DEV-MAC-75825,2.3043
2026-07-11T01:25:33,trading-engine,/trade,eu-west-1,150,95,70,2,7195.77,ERR-903,High,Failure,16,85,1,CUST-109482,DEV-WIN-84725,11.4534
2026-07-11T01:25:43,trading-engine,/trade,us-west-2,149,77,54,2,7985.7,ERR-303,Low,Failure,17,23,1,CUST-112349,DEV-MAC-75825,11.2955
2026-07-11T01:25:43,ledger-service,/balance_check,us-east-1,35,24,58,5,0,ERR-903,High,Failure,5,90,1,CUST-123456,DEV-WIN-84725,3.9333
2026-07-11T01:25:53,ledger-service,/balance_check,eu-west-1,32,24,52,5,0,ERR-903,High,Failure,2,81,1,CUST-100483,DEV-WIN-84725,3.7333
2026-07-11T01:26:03,trading-engine,/trade,us-west-2,141,69,52,2,8885.75,ERR-702,Low,Failure,12,25,1,CUST-112349,DEV-MAC-75825,10.7316
2026-07-11T01:26:03,fraud-detection,/payment,ap-southeast-1,142,87,99,10,0,ERR-304,Low,Failure,16,20,1,CUST-100483,DEV-LIN-11235,2.2608
2026-07-11T01:26:03,ledger-service,/balance_check,us-west-2,27,18,40,4,0,ERR-703,Low,Failure,5,33,1,CUST-123456,DEV-MAC-75825,2.9667
2026-07-11T01:26:13,ledger-service,/balance_check,ap-southeast-1,35,21,59,5,0,ERR-903,High,Failure,12,83,1,CUST-112349,DEV-MAC-0149A5,3.85
2026-07-11T01:26:23,ledger-service,/balance_check,ap-southeast-1,27,16,43,4,0,ERR-201,Low,Failure,16,26,1,CUST-112349,DEV-MAC-75825,2.95
2026-07-11T01:26:33,ledger-service,/balance_check,us-east-1,28,19,48,4,0,ERR-307,Low,Failure,6,36,1,CUST-123456,DEV-MAC-75825,3.1667
2026-07-11T01:26:33,auth-service,/login,us-west-2,50,20,47,5,0,ERR-103,Low,Failure,2,30,1,CUST-109482,DEV-WIN-99325,2.6125
2026-07-11T01:26:43,payment-api,/withdrawal,ap-southeast-1,166,94,62,15,2856.33,ERR-903,High,Failure,5,85,1,CUST-134098,DEV-WIN-99325,2.7573
2026-07-11T01:26:43,ledger-service,/balance_check,us-west-2,32,21,55,5,0,ERR-903,High,Failure,8,82,1,CUST-112349,DEV-LIN-11235,3.6833
2026-07-11T01:26:43,fraud-detection,/payment,us-east-1,159,100,100,11,0,ERR-302,High,Failure,14,88,1,CUST-134098,DEV-LIN-11235,2.5077
2026-07-11T01:26:53,payment-api,/transfer,us-west-2,159,75,58,15,8295.04,ERR-904,Low,Failure,17,33,1,CUST-134098,DEV-MAC-0149A5,2.551
2026-07-11T01:26:53,ledger-service,/balance_check,us-west-2,28,18,50,5,0,ERR-208,Low,Failure,4,34,1,CUST-109482,DEV-LIN-11235,3.3667
2026-07-11T01:27:03,auth-service,/login,ap-southeast-1,47,20,49,5,0,ERR-108,Low,Failure,15,37,1,CUST-109482,DEV-WIN-84725,2.6
2026-07-11T01:27:03,payment-api,/transfer,us-west-2,147,74,58,14,2109.01,ERR-208,Low,Failure,8,28,1,CUST-134098,DEV-MAC-0149A5,2.428
2026-07-11T01:27:03,ledger-service,/balance_check,us-east-1,33,20,60,5,0,ERR-905,High,Failure,1,84,1,CUST-123456,DEV-WIN-99325,3.7667
2026-07-11T01:27:03,fraud-detection,/payment,us-west-2,144,86,93,10,0,ERR-301,Low,Failure,2,32,1,CUST-134098,DEV-WIN-84725,2.2658
2026-07-11T01:27:13,trading-engine,/trade,us-east-1,149,73,52,1,8214.13,ERR-103,Low,Failure,19,35,1,CUST-134098,DEV-LIN-11235,10.7782
2026-07-11T01:27:13,ledger-service,/balance_check,eu-west-1,31,23,58,5,0,ERR-903,High,Failure,7,90,1,CUST-109482,DEV-WIN-84725,3.7667
2026-07-11T01:27:13,investment-engine,/portfolio,us-west-2,229,92,91,32,12883,ERR-903,High,Failure,2,88,1,CUST-134098,DEV-MAC-0149A5,2.4677
2026-07-11T01:27:23,auth-service,/login,eu-west-1,47,18,48,4,0,ERR-103,Low,Failure,17,20,1,CUST-123456,DEV-MAC-0149A5,2.3475
2026-07-11T01:27:23,ledger-service,/balance_check,ap-southeast-1,34,22,50,6,0,ERR-205,High,Failure,2,90,1,CUST-112349,DEV-MAC-0149A5,3.9
2026-07-11T01:27:33,ledger-service,/balance_check,us-east-1,17,13,23,2,0,ERR-000,Healthy,Success,6,1,0,CUST-134098,DEV-MAC-0149A5,1.7833
2026-07-11T01:27:43,ledger-service,/balance_check,us-west-2,35,24,51,5,0,ERR-903,High,Failure,2,89,1,CUST-123456,DEV-LIN-11235,3.8167
2026-07-11T01:27:53,investment-engine,/portfolio,eu-west-1,244,100,100,41,9950.47,ERR-903,Critical,Failure,1,95,1,CUST-109482,DEV-LIN-11235,2.8753
2026-07-11T01:27:53,ledger-service,/balance_check,ap-southeast-1,26,16,49,5,0,ERR-304,Low,Failure,10,30,1,CUST-123456,DEV-WIN-99325,3.2167
2026-07-11T01:27:53,fraud-detection,/payment,us-east-1,172,100,100,11,0,ERR-308,High,Failure,12,87,1,CUST-123456,DEV-WIN-84725,2.5943
2026-07-11T01:28:03,ledger-service,/balance_check,us-east-1,13,12,21,3,0,ERR-000,Healthy,Success,8,3,0,CUST-123456,DEV-MAC-0149A5,1.7833
2026-07-11T01:28:13,payment-api,/transfer,us-east-1,173,94,68,18,8276.99,ERR-903,High,Failure,18,89,1,CUST-109482,DEV-WIN-84725,3.0153
2026-07-11T01:28:23,trading-engine,/trade,eu-west-1,147,75,59,1,1780.86,ERR-702,Low,Failure,1,31,1,CUST-134098,DEV-LIN-11235,10.6652
2026-07-11T01:28:23,payment-api,/withdrawal,us-west-2,153,77,54,13,6387.43,ERR-203,Low,Failure,6,21,1,CUST-112349,DEV-LIN-11235,2.3903
2026-07-11T01:28:23,investment-engine,/portfolio,us-west-2,188,83,90,29,14677.05,ERR-306,Low,Failure,1,40,1,CUST-100483,DEV-WIN-84725,2.1841
2026-07-11T01:28:23,ledger-service,/balance_check,ap-southeast-1,30,24,56,6,0,ERR-903,High,Failure,9,83,1,CUST-112349,DEV-WIN-99325,3.9333
2026-07-11T01:28:33,payment-api,/withdrawal,eu-west-1,147,76,57,14,130.46,ERR-305,Low,Failure,1,21,1,CUST-100483,DEV-WIN-99325,2.4397
2026-07-11T01:28:33,fraud-detection,/payment,us-west-2,138,82,87,8,0,ERR-308,Low,Failure,17,32,1,CUST-123456,DEV-MAC-0149A5,2.01
2026-07-11T01:28:43,ledger-service,/balance_check,us-west-2,27,18,49,5,0,ERR-103,Low,Failure,3,29,1,CUST-123456,DEV-MAC-0149A5,3.3167
2026-07-11T01:28:53,ledger-service,/balance_check,ap-southeast-1,14,9,11,1,0,ERR-000,Healthy,Success,9,3,0,CUST-112349,DEV-MAC-75825,1.15
2026-07-11T01:28:53,investment-engine,/portfolio,us-east-1,238,100,93,31,14922.5,ERR-903,High,Failure,4,87,1,CUST-100483,DEV-MAC-0149A5,2.5083
2026-07-11T01:29:03,ledger-service,/balance_check,us-east-1,14,8,15,1,0,ERR-000,Healthy,Success,11,3,0,CUST-123456,DEV-WIN-99325,1.1833
2026-07-11T01:29:13,ledger-service,/balance_check,ap-southeast-1,30,18,50,4,0,ERR-303,Low,Failure,16,34,1,CUST-109482,DEV-WIN-99325,3.2333
2026-07-11T01:29:13,trading-engine,/trade,us-west-2,136,78,54,1,2711.52,ERR-303,Low,Failure,2,38,1,CUST-112349,DEV-MAC-0149A5,9.9321
2026-07-11T01:29:23,auth-service,/login,eu-west-1,46,20,47,5,0,ERR-902,Low,Failure,6,36,1,CUST-123456,DEV-MAC-0149A5,2.5625
2026-07-11T01:29:23,payment-api,/withdrawal,us-east-1,144,77,57,13,1882.05,ERR-207,Low,Failure,3,22,1,CUST-123456,DEV-LIN-11235,2.3693
2026-07-11T01:29:33,payment-api,/transfer,ap-southeast-1,157,65,57,15,8083.2,ERR-303,Low,Failure,7,20,1,CUST-112349,DEV-WIN-84725,2.4547
2026-07-11T01:29:43,trading-engine,/trade,us-west-2,162,95,70,2,1541.51,ERR-903,High,Failure,4,80,1,CUST-100483,DEV-LIN-11235,12.2534
2026-07-11T01:29:43,ledger-service,/balance_check,us-east-1,32,23,58,6,0,ERR-903,High,Failure,20,82,1,CUST-123456,DEV-LIN-11235,4
2026-07-11T01:29:53,trading-engine,/trade,us-east-1,153,88,62,2,4451.58,ERR-903,High,Failure,1,83,1,CUST-100483,DEV-WIN-84725,11.6144
2026-07-11T01:29:53,payment-api,/transfer,us-west-2,212,100,77,20,5085.11,ERR-901,Critical,Failure,13,95,1,CUST-112349,DEV-MAC-75825,3.3997
2026-07-11T01:30:03,trading-engine,/trade,us-west-2,139,76,54,2,5764.8,ERR-107,Low,Failure,7,24,1,CUST-134098,DEV-LIN-11235,10.6255
2026-07-11T01:30:03,ledger-service,/balance_check,ap-southeast-1,30,19,49,5,0,ERR-302,Low,Failure,9,27,1,CUST-100483,DEV-LIN-11235,3.45
2026-07-11T01:30:13,investment-engine,/portfolio,us-west-2,249,100,100,38,7308.41,ERR-903,Critical,Failure,12,99,1,CUST-134098,DEV-LIN-11235,2.792
2026-07-11T01:30:13,ledger-service,/balance_check,us-east-1,27,20,47,4,0,ERR-101,Low,Failure,17,35,1,CUST-100483,DEV-WIN-84725,3.15
2026-07-11T01:30:23,ledger-service,/balance_check,us-east-1,27,17,49,5,0,ERR-703,Low,Failure,15,29,1,CUST-123456,DEV-MAC-0149A5,3.2833
2026-07-11T01:30:33,ledger-service,/balance_check,ap-southeast-1,24,16,45,4,0,ERR-304,Low,Failure,5,28,1,CUST-112349,DEV-MAC-0149A5,2.8833
2026-07-11T01:30:43,auth-service,/login,ap-southeast-1,41,18,45,5,0,ERR-107,Low,Failure,6,24,1,CUST-109482,DEV-WIN-84725,2.435
2026-07-11T01:30:53,trading-engine,/trade,eu-west-1,170,96,69,2,6418.63,ERR-903,High,Failure,7,90,1,CUST-109482,DEV-LIN-11235,12.7881
2026-07-11T01:30:53,payment-api,/transfer,eu-west-1,144,80,58,14,6632.74,ERR-306,Low,Failure,5,28,1,CUST-109482,DEV-LIN-11235,2.466
2026-07-11T01:31:03,payment-api,/withdrawal,ap-southeast-1,157,77,55,14,9902.18,ERR-902,Low,Failure,1,33,1,CUST-123456,DEV-MAC-75825,2.478
2026-07-11T01:31:03,ledger-service,/balance_check,eu-west-1,24,17,47,4,0,ERR-903,Low,Failure,16,34,1,CUST-123456,DEV-WIN-99325,2.95
2026-07-11T01:31:03,investment-engine,/portfolio,us-west-2,183,88,83,27,8066.31,ERR-109,Low,Failure,12,27,1,CUST-134098,DEV-LIN-11235,2.1121
2026-07-11T01:31:13,fraud-detection,/payment,ap-southeast-1,4,2,38,7,0,ERR-000,Healthy,Success,1,4,0,CUST-134098,DEV-MAC-0149A5,0.7688
2026-07-11T01:31:13,investment-engine,/portfolio,ap-southeast-1,181,89,82,26,12308.09,ERR-306,Low,Failure,11,20,1,CUST-100483,DEV-LIN-11235,2.0752
2026-07-11T01:31:13,auth-service,/login,us-west-2,49,20,45,4,0,ERR-902,Low,Failure,1,21,1,CUST-123456,DEV-MAC-75825,2.375
2026-07-11T01:31:23,ledger-service,/balance_check,eu-west-1,28,18,42,5,0,ERR-307,Low,Failure,3,32,1,CUST-134098,DEV-WIN-99325,3.2333
2026-07-11T01:31:23,fraud-detection,/payment,us-west-2,141,86,97,9,0,ERR-103,Low,Failure,12,28,1,CUST-109482,DEV-MAC-75825,2.1497
2026-07-11T01:31:33,payment-api,/transfer,us-east-1,144,74,54,14,3131.11,ERR-206,Low,Failure,16,33,1,CUST-123456,DEV-MAC-0149A5,2.396
2026-07-11T01:31:33,ledger-service,/balance_check,us-west-2,29,19,46,5,0,ERR-701,Low,Failure,14,35,1,CUST-112349,DEV-WIN-99325,3.3667
2026-07-11T01:31:33,fraud-detection,/payment,us-east-1,146,86,92,10,0,ERR-301,Low,Failure,1,37,1,CUST-123456,DEV-MAC-75825,2.2782
2026-07-11T01:31:43,ledger-service,/balance_check,us-west-2,32,23,53,5,0,ERR-903,High,Failure,11,89,1,CUST-134098,DEV-LIN-11235,3.7167
2026-07-11T01:32:03,trading-engine,/trade,ap-southeast-1,136,78,59,2,7115.16,ERR-303,Low,Failure,4,26,1,CUST-100483,DEV-MAC-0149A5,10.4419
2026-07-11T01:32:13,ledger-service,/balance_check,eu-west-1,29,20,50,4,0,ERR-905,Low,Failure,19,24,1,CUST-123456,DEV-WIN-99325,3.2667
2026-07-11T01:32:23,fraud-detection,/payment,us-east-1,135,89,94,8,0,ERR-903,Low,Failure,19,32,1,CUST-109482,DEV-LIN-11235,2.0143
2026-07-11T01:32:23,ledger-service,/balance_check,us-east-1,31,23,54,6,0,ERR-903,High,Failure,20,81,1,CUST-134098,DEV-MAC-75825,3.9
2026-07-11T01:32:33,ledger-service,/balance_check,us-west-2,12,8,30,2,0,ERR-000,Healthy,Success,18,1,0,CUST-100483,DEV-MAC-75825,1.5667
2026-07-11T01:32:43,ledger-service,/balance_check,ap-southeast-1,31,24,54,6,0,ERR-903,High,Failure,15,86,1,CUST-123456,DEV-WIN-84725,3.9333
2026-07-11T01:32:53,ledger-service,/balance_check,ap-southeast-1,29,20,46,4,0,ERR-301,Low,Failure,15,28,1,CUST-112349,DEV-MAC-75825,3.2
2026-07-11T01:33:03,auth-service,/login,eu-west-1,46,18,45,5,0,ERR-309,Low,Failure,6,35,1,CUST-109482,DEV-WIN-99325,2.4975
2026-07-11T01:33:03,ledger-service,/balance_check,us-west-2,30,21,51,5,0,ERR-903,High,Failure,3,86,1,CUST-134098,DEV-MAC-75825,3.55
2026-07-11T01:33:13,trading-engine,/trade,ap-southeast-1,145,76,56,2,7083.24,ERR-310,Low,Failure,5,34,1,CUST-100483,DEV-MAC-75825,11.0294
2026-07-11T01:33:13,auth-service,/login,us-east-1,48,20,49,4,0,ERR-301,Low,Failure,15,31,1,CUST-123456,DEV-MAC-75825,2.4125
2026-07-11T01:33:13,ledger-service,/balance_check,us-east-1,34,22,51,5,0,ERR-903,High,Failure,10,89,1,CUST-109482,DEV-WIN-84725,3.7167
2026-07-11T01:33:13,fraud-detection,/payment,ap-southeast-1,147,77,95,9,0,ERR-303,Low,Failure,19,39,1,CUST-123456,DEV-MAC-75825,2.1653
2026-07-11T01:33:23,ledger-service,/balance_check,ap-southeast-1,17,3,17,2,0,ERR-000,Healthy,Success,4,2,0,CUST-123456,DEV-WIN-99325,1.35
2026-07-11T01:33:33,trading-engine,/trade,eu-west-1,169,90,72,2,6490.74,ERR-903,High,Failure,1,84,1,CUST-100483,DEV-LIN-11235,12.7073
2026-07-11T01:33:43,ledger-service,/balance_check,us-west-2,4,5,2,2,0,ERR-000,Healthy,Success,16,4,0,CUST-112349,DEV-WIN-99325,0.7333
2026-07-11T01:33:43,auth-service,/login,ap-southeast-1,2,5,24,3,0,ERR-000,Healthy,Success,11,1,0,CUST-134098,DEV-MAC-0149A5,1.025
2026-07-11T01:33:53,investment-engine,/portfolio,ap-southeast-1,226,93,95,36,13406.6,ERR-903,High,Failure,12,84,1,CUST-109482,DEV-MAC-75825,2.6039
2026-07-11T01:33:53,payment-api,/transfer,ap-southeast-1,144,67,55,15,7245.79,ERR-304,Low,Failure,2,22,1,CUST-100483,DEV-LIN-11235,2.4093
2026-07-11T01:33:53,ledger-service,/balance_check,eu-west-1,36,21,53,5,0,ERR-903,High,Failure,11,89,1,CUST-134098,DEV-WIN-99325,3.7833
2026-07-11T01:34:03,ledger-service,/balance_check,eu-west-1,34,24,53,6,0,ERR-903,High,Failure,1,85,1,CUST-112349,DEV-MAC-0149A5,4.0167
2026-07-11T01:34:13,investment-engine,/portfolio,us-west-2,238,100,100,33,7290.28,ERR-903,High,Failure,5,90,1,CUST-100483,DEV-MAC-0149A5,2.5886
2026-07-11T01:34:13,ledger-service,/balance_check,us-west-2,27,18,48,4,0,ERR-705,Low,Failure,20,35,1,CUST-109482,DEV-WIN-84725,3.1
2026-07-11T01:34:23,trading-engine,/trade,us-west-2,176,88,63,2,1725.61,ERR-903,High,Failure,14,85,1,CUST-123456,DEV-MAC-75825,13.1497
2026-07-11T01:34:33,trading-engine,/trade,eu-west-1,147,74,57,1,9860.22,ERR-102,Low,Failure,7,37,1,CUST-123456,DEV-WIN-99325,10.658
2026-07-11T01:34:33,auth-service,/login,ap-southeast-1,32,14,21,1,0,ERR-000,Healthy,Success,11,5,0,CUST-123456,DEV-WIN-99325,1.1425
2026-07-11T01:34:33,payment-api,/transfer,us-west-2,156,80,59,15,3038.27,ERR-107,Low,Failure,18,38,1,CUST-123456,DEV-WIN-99325,2.5857
2026-07-11T01:34:43,ledger-service,/balance_check,ap-southeast-1,28,18,47,5,0,ERR-101,Low,Failure,2,28,1,CUST-134098,DEV-WIN-99325,3.3167
2026-07-11T01:34:43,investment-engine,/portfolio,us-east-1,195,90,82,29,6199.4,ERR-110,Low,Failure,4,28,1,CUST-134098,DEV-WIN-84725,2.2268
2026-07-11T01:34:43,payment-api,/transfer,us-east-1,146,78,56,13,8945.2,ERR-202,Low,Failure,20,23,1,CUST-123456,DEV-MAC-75825,2.3807
2026-07-11T01:34:43,auth-service,/login,eu-west-1,47,18,50,5,0,ERR-205,Low,Failure,11,30,1,CUST-134098,DEV-LIN-11235,2.5725
2026-07-11T01:34:53,ledger-service,/balance_check,ap-southeast-1,32,22,59,6,0,ERR-903,High,Failure,17,80,1,CUST-134098,DEV-WIN-84725,3.9833
2026-07-11T01:34:53,payment-api,/transfer,us-west-2,147,64,57,13,1579.48,ERR-110,Low,Failure,14,30,1,CUST-123456,DEV-WIN-84725,2.273
2026-07-11T01:34:53,auth-service,/login,eu-west-1,47,17,42,4,0,ERR-304,Low,Failure,2,32,1,CUST-109482,DEV-MAC-0149A5,2.2525
2026-07-11T01:35:13,ledger-service,/balance_check,ap-southeast-1,3,7,17,1,0,ERR-000,Healthy,Success,17,5,0,CUST-100483,DEV-LIN-11235,0.8167
2026-07-11T01:35:23,ledger-service,/balance_check,us-east-1,31,20,57,6,0,ERR-310,High,Failure,16,86,1,CUST-112349,DEV-LIN-11235,3.85
2026-07-11T01:35:33,auth-service,/login,ap-southeast-1,51,21,50,5,0,ERR-201,Medium,Failure,8,67,1,CUST-134098,DEV-MAC-75825,2.6825
2026-07-11T01:35:33,fraud-detection,/payment,us-east-1,11,42,20,5,0,ERR-000,Healthy,Success,17,5,0,CUST-100483,DEV-MAC-0149A5,0.6979
2026-07-11T01:35:33,trading-engine,/trade,ap-southeast-1,144,76,55,1,711.97,ERR-309,Low,Failure,14,40,1,CUST-112349,DEV-MAC-0149A5,10.4608
2026-07-11T01:35:43,ledger-service,/balance_check,us-west-2,28,19,48,4,0,ERR-208,Low,Failure,16,32,1,CUST-123456,DEV-MAC-0149A5,3.1667
2026-07-11T01:35:43,fraud-detection,/payment,ap-southeast-1,146,89,90,10,0,ERR-302,Low,Failure,8,37,1,CUST-134098,DEV-LIN-11235,2.2837
2026-07-11T01:35:43,payment-api,/withdrawal,ap-southeast-1,138,74,50,12,3457.48,ERR-203,Low,Failure,15,20,1,CUST-123456,DEV-WIN-84725,2.2187
2026-07-11T01:35:53,trading-engine,/trade,us-west-2,48,38,42,1,5038.31,ERR-000,Healthy,Success,17,5,0,CUST-134098,DEV-LIN-11235,3.9087
2026-07-11T01:36:03,investment-engine,/portfolio,us-west-2,270,100,100,36,6715.59,ERR-903,Critical,Failure,19,99,1,CUST-112349,DEV-LIN-11235,2.7953
2026-07-11T01:36:13,trading-engine,/trade,eu-west-1,167,90,60,2,2452.4,ERR-905,High,Failure,17,84,1,CUST-123456,DEV-LIN-11235,12.5505
2026-07-11T01:36:13,auth-service,/login,us-west-2,48,19,47,4,0,ERR-701,Low,Failure,1,33,1,CUST-112349,DEV-MAC-0149A5,2.3675
2026-07-11T01:36:13,ledger-service,/balance_check,ap-southeast-1,25,18,50,5,0,ERR-101,Low,Failure,17,31,1,CUST-109482,DEV-WIN-99325,3.2667
2026-07-11T01:36:13,investment-engine,/portfolio,us-east-1,182,82,89,29,12272.91,ERR-103,Low,Failure,5,36,1,CUST-134098,DEV-WIN-84725,2.1572
2026-07-11T01:36:23,payment-api,/withdrawal,ap-southeast-1,156,74,60,15,1750.15,ERR-104,Low,Failure,14,27,1,CUST-123456,DEV-MAC-0149A5,2.5407
2026-07-11T01:36:23,investment-engine,/portfolio,eu-west-1,201,99,94,31,11337.83,ERR-903,High,Failure,6,89,1,CUST-134098,DEV-WIN-84725,2.3819
2026-07-11T01:36:33,ledger-service,/balance_check,eu-west-1,25,17,49,5,0,ERR-203,Low,Failure,5,34,1,CUST-123456,DEV-LIN-11235,3.2167
2026-07-11T01:36:43,fraud-detection,/payment,ap-southeast-1,141,82,98,9,0,ERR-705,Low,Failure,17,32,1,CUST-100483,DEV-MAC-75825,2.1407
2026-07-11T01:36:43,trading-engine,/trade,us-east-1,148,72,56,2,4928.22,ERR-701,Low,Failure,11,39,1,CUST-109482,DEV-WIN-99325,11.216
2026-07-11T01:36:53,ledger-service,/balance_check,us-east-1,30,19,46,4,0,ERR-203,Low,Failure,18,29,1,CUST-134098,DEV-LIN-11235,3.2
2026-07-11T01:37:03,ledger-service,/balance_check,ap-southeast-1,28,20,49,4,0,ERR-206,Low,Failure,8,31,1,CUST-109482,DEV-MAC-0149A5,3.2167
2026-07-11T01:37:03,fraud-detection,/payment,us-west-2,219,100,100,15,0,ERR-904,Critical,Failure,9,99,1,CUST-134098,DEV-WIN-84725,3.3077
2026-07-11T01:37:03,auth-service,/login,ap-southeast-1,41,20,43,5,0,ERR-704,Low,Failure,1,23,1,CUST-100483,DEV-MAC-75825,2.45
2026-07-11T01:37:13,ledger-service,/balance_check,ap-southeast-1,29,20,48,4,0,ERR-310,Low,Failure,1,23,1,CUST-100483,DEV-MAC-75825,3.2333
2026-07-11T01:37:23,ledger-service,/balance_check,ap-southeast-1,27,19,49,4,0,ERR-703,Low,Failure,18,38,1,CUST-100483,DEV-WIN-84725,3.15
2026-07-11T01:37:23,payment-api,/withdrawal,us-east-1,129,70,60,12,781.39,ERR-703,Low,Failure,19,36,1,CUST-123456,DEV-MAC-75825,2.1993
2026-07-11T01:37:33,fraud-detection,/payment,us-west-2,69,32,1,5,0,ERR-000,Healthy,Success,3,4,0,CUST-112349,DEV-MAC-75825,1.041
2026-07-11T01:37:33,auth-service,/login,eu-west-1,52,20,51,5,0,ERR-302,Medium,Failure,17,71,1,CUST-109482,DEV-MAC-0149A5,2.6875
2026-07-11T01:37:33,ledger-service,/balance_check,eu-west-1,26,16,45,5,0,ERR-303,Low,Failure,11,20,1,CUST-100483,DEV-MAC-75825,3.15
2026-07-11T01:37:43,payment-api,/withdrawal,us-east-1,149,72,54,15,6726.81,ERR-101,Low,Failure,16,33,1,CUST-109482,DEV-LIN-11235,2.466
2026-07-11T01:37:43,ledger-service,/balance_check,eu-west-1,8,1,7,1,0,ERR-000,Healthy,Success,9,5,0,CUST-112349,DEV-LIN-11235,0.6167
2026-07-11T01:37:53,fraud-detection,/payment,us-east-1,137,85,93,10,0,ERR-205,Low,Failure,8,28,1,CUST-100483,DEV-LIN-11235,2.2167
2026-07-11T01:37:53,ledger-service,/balance_check,ap-southeast-1,35,22,56,5,0,ERR-903,High,Failure,19,80,1,CUST-100483,DEV-WIN-84725,3.8333
2026-07-11T01:38:03,payment-api,/withdrawal,us-east-1,147,78,56,15,995.83,ERR-102,Low,Failure,16,20,1,CUST-100483,DEV-WIN-99325,2.518
2026-07-11T01:38:13,ledger-service,/balance_check,eu-west-1,27,18,47,5,0,ERR-902,Low,Failure,5,32,1,CUST-100483,DEV-LIN-11235,3.2833
2026-07-11T01:38:13,fraud-detection,/payment,ap-southeast-1,150,90,95,9,0,ERR-202,Low,Failure,13,40,1,CUST-123456,DEV-MAC-75825,2.2178
2026-07-11T01:38:23,auth-service,/login,ap-southeast-1,41,17,42,5,0,ERR-106,Low,Failure,8,28,1,CUST-123456,DEV-MAC-0149A5,2.3775
2026-07-11T01:38:23,fraud-detection,/payment,us-east-1,148,84,94,10,0,ERR-206,Low,Failure,18,34,1,CUST-100483,DEV-WIN-84725,2.2885
2026-07-11T01:38:23,ledger-service,/balance_check,ap-southeast-1,27,18,47,4,0,ERR-310,Low,Failure,3,28,1,CUST-109482,DEV-MAC-0149A5,3.0833
2026-07-11T01:38:33,ledger-service,/balance_check,eu-west-1,31,22,55,6,0,ERR-903,High,Failure,16,88,1,CUST-123456,DEV-WIN-99325,3.8833
2026-07-11T01:38:33,fraud-detection,/payment,us-west-2,140,83,91,10,0,ERR-101,Low,Failure,14,27,1,CUST-123456,DEV-WIN-84725,2.2297
2026-07-11T01:38:43,ledger-service,/balance_check,us-west-2,29,20,50,5,0,ERR-109,Low,Failure,9,23,1,CUST-109482,DEV-MAC-75825,3.4667
2026-07-11T01:38:53,trading-engine,/trade,eu-west-1,49,42,30,1,8315.7,ERR-000,Healthy,Success,17,5,0,CUST-134098,DEV-WIN-84725,3.9653
2026-07-11T01:38:53,investment-engine,/portfolio,ap-southeast-1,189,89,90,27,7391.91,ERR-103,Low,Failure,8,30,1,CUST-100483,DEV-WIN-84725,2.1508
2026-07-11T01:39:03,ledger-service,/balance_check,us-east-1,29,20,44,5,0,ERR-201,Low,Failure,6,35,1,CUST-100483,DEV-LIN-11235,3.3667
2026-07-11T01:39:13,auth-service,/login,ap-southeast-1,48,20,48,4,0,ERR-904,Low,Failure,13,31,1,CUST-100483,DEV-WIN-99325,2.4
2026-07-11T01:39:13,payment-api,/transfer,us-west-2,70,10,23,1,1419.29,ERR-000,Healthy,Success,12,0,0,CUST-134098,DEV-WIN-99325,0.545
2026-07-11T01:39:23,ledger-service,/balance_check,us-west-2,27,20,47,5,0,ERR-304,Low,Failure,14,23,1,CUST-109482,DEV-MAC-75825,3.35
2026-07-11T01:39:23,fraud-detection,/payment,ap-southeast-1,140,86,92,10,0,ERR-108,Low,Failure,12,27,1,CUST-134098,DEV-WIN-84725,2.2382
2026-07-11T01:39:33,fraud-detection,/payment,eu-west-1,147,87,95,9,0,ERR-702,Low,Failure,4,37,1,CUST-109482,DEV-MAC-0149A5,2.1903
2026-07-11T01:39:33,auth-service,/login,us-west-2,47,20,49,4,0,ERR-109,Low,Failure,12,23,1,CUST-134098,DEV-MAC-0149A5,2.4
2026-07-11T01:39:43,auth-service,/login,us-east-1,41,18,41,5,0,ERR-209,Low,Failure,1,36,1,CUST-100483,DEV-MAC-0149A5,2.385
2026-07-11T01:39:43,payment-api,/withdrawal,us-east-1,130,78,59,14,8519.93,ERR-203,Low,Failure,13,33,1,CUST-100483,DEV-LIN-11235,2.3983
2026-07-11T01:39:53,trading-engine,/trade,ap-southeast-1,148,78,57,2,8489.5,ERR-110,Low,Failure,3,32,1,CUST-100483,DEV-MAC-0149A5,11.238
2026-07-11T01:39:53,fraud-detection,/payment,us-west-2,138,90,96,9,0,ERR-203,Low,Failure,16,25,1,CUST-134098,DEV-MAC-0149A5,2.1388
2026-07-11T01:39:53,ledger-service,/balance_check,us-west-2,28,20,46,4,0,ERR-903,Low,Failure,6,33,1,CUST-100483,DEV-WIN-84725,3.1667
2026-07-11T01:40:13,ledger-service,/balance_check,us-east-1,28,19,49,4,0,ERR-701,Low,Failure,13,38,1,CUST-100483,DEV-LIN-11235,3.1833
2026-07-11T01:40:23,payment-api,/transfer,us-east-1,158,79,57,13,9566.15,ERR-702,Low,Failure,12,23,1,CUST-123456,DEV-LIN-11235,2.442
2026-07-11T01:40:23,auth-service,/login,ap-southeast-1,45,18,45,4,0,ERR-106,Low,Failure,15,38,1,CUST-123456,DEV-MAC-75825,2.285
2026-07-11T01:40:23,ledger-service,/balance_check,eu-west-1,31,24,57,5,0,ERR-903,High,Failure,5,90,1,CUST-123456,DEV-MAC-75825,3.7833
2026-07-11T01:40:33,ledger-service,/balance_check,us-west-2,27,19,40,4,0,ERR-703,Low,Failure,3,40,1,CUST-100483,DEV-WIN-84725,3
2026-07-11T01:40:43,ledger-service,/balance_check,us-west-2,27,19,43,5,0,ERR-101,Low,Failure,10,35,1,CUST-123456,DEV-LIN-11235,3.25
2026-07-11T01:40:43,payment-api,/withdrawal,us-west-2,156,78,58,15,2953.64,ERR-704,Low,Failure,9,35,1,CUST-109482,DEV-MAC-75825,2.564
2026-07-11T01:40:43,trading-engine,/trade,us-west-2,148,72,54,2,666.94,ERR-302,Low,Failure,15,20,1,CUST-112349,DEV-WIN-99325,11.2121
2026-07-11T01:40:53,investment-engine,/portfolio,ap-southeast-1,217,100,93,31,12678.61,ERR-903,High,Failure,6,90,1,CUST-123456,DEV-MAC-0149A5,2.4383
2026-07-11T01:41:03,ledger-service,/balance_check,us-west-2,30,21,59,5,0,ERR-903,High,Failure,17,86,1,CUST-109482,DEV-LIN-11235,3.6833
2026-07-11T01:41:03,trading-engine,/trade,ap-southeast-1,93,18,29,1,5414.91,ERR-000,Healthy,Success,19,3,0,CUST-134098,DEV-WIN-99325,6.8166
2026-07-11T01:41:03,fraud-detection,/payment,eu-west-1,129,77,90,10,0,ERR-301,Low,Failure,7,24,1,CUST-109482,DEV-WIN-84725,2.1404
2026-07-11T01:41:13,fraud-detection,/payment,eu-west-1,150,88,94,10,0,ERR-901,Low,Failure,17,40,1,CUST-109482,DEV-MAC-0149A5,2.3118
2026-07-11T01:41:13,ledger-service,/balance_check,ap-southeast-1,30,20,46,4,0,ERR-103,Low,Failure,10,34,1,CUST-112349,DEV-WIN-99325,3.2333
2026-07-11T01:41:23,trading-engine,/trade,eu-west-1,148,75,60,2,6565.53,ERR-108,Low,Failure,18,37,1,CUST-100483,DEV-LIN-11235,11.2339
2026-07-11T01:41:23,fraud-detection,/payment,ap-southeast-1,148,81,93,10,0,ERR-303,Low,Failure,20,35,1,CUST-134098,DEV-LIN-11235,2.28
2026-07-11T01:41:23,ledger-service,/balance_check,us-east-1,27,18,50,4,0,ERR-208,Low,Failure,12,31,1,CUST-100483,DEV-WIN-99325,3.1333
2026-07-11T01:41:33,ledger-service,/balance_check,us-west-2,30,20,45,4,0,ERR-205,Low,Failure,19,40,1,CUST-100483,DEV-WIN-99325,3.2167
2026-07-11T01:41:33,auth-service,/login,us-west-2,50,19,50,4,0,ERR-303,Low,Failure,17,33,1,CUST-112349,DEV-LIN-11235,2.43
2026-07-11T01:41:33,trading-engine,/trade,us-east-1,150,73,57,1,3401.24,ERR-210,Low,Failure,14,37,1,CUST-134098,DEV-MAC-75825,10.8547
2026-07-11T01:41:53,ledger-service,/balance_check,ap-southeast-1,34,20,55,5,0,ERR-306,High,Failure,6,82,1,CUST-100483,DEV-MAC-75825,3.7167
2026-07-11T01:42:13,payment-api,/transfer,us-west-2,173,93,62,16,3940.07,ERR-903,High,Failure,7,86,1,CUST-112349,DEV-MAC-0149A5,2.8437
