timestamp,service,endpoint,region,latency_ms,cpu_usage,memory_usage,queue_lag,status,error_code,severity,error_count
2026-01-01T00:00:00,fraud-detection,/login,Germany,135,58.4,57.44,5,success,,low,0
2026-01-01T00:00:30,auth-service,/kyc,Germany,127,45.86,64.37,4,success,,low,0
2026-01-01T00:01:00,trading-engine,/portfolio,Germany,132,56.94,67.77,5,success,,low,0
2026-01-01T00:01:30,payment-api,/kyc,UAE,147,71.58,58.67,9,success,,low,0
2026-01-01T00:02:00,payment-api,/transfer,India,125,56.83,61.98,2,success,,low,0
2026-01-01T00:02:30,fraud-detection,/payment,USA,130,51.86,54.7,6,success,,low,0
2026-01-01T00:03:00,portfolio-service,/transfer,USA,103,57.63,75.32,2,success,,low,0
2026-01-01T00:03:30,fraud-detection,/withdrawal,Singapore,141,46.64,60.14,3,success,,low,0
2026-01-01T00:04:00,notification-service,/portfolio,UAE,122,50.8,48.27,5,success,,low,0
2026-01-01T00:04:30,fraud-detection,/portfolio,UAE,106,40.25,58.47,5,success,,low,0
2026-01-01T00:05:00,investment-engine,/payment,USA,126,54.47,43.37,4,success,,low,0
2026-01-01T00:05:30,trading-engine,/payment,USA,122,67.17,61.19,3,success,,low,0
2026-01-01T00:06:00,auth-service,/login,UAE,151,43.85,64.85,5,success,,low,0
2026-01-01T00:06:30,payment-api,/login,Germany,170,62.59,46.41,5,success,,low,0
2026-01-01T00:07:00,notification-service,/kyc,UAE,137,37.44,46.94,2,success,,low,0
2026-01-01T00:07:30,payment-api,/portfolio,USA,110,54.36,43.15,4,success,,low,0
2026-01-01T00:08:00,portfolio-service,/trade,USA,145,58.36,67.69,3,success,,low,0
2026-01-01T00:08:30,fraud-detection,/login,India,147,64.54,49.41,5,success,,low,0
2026-01-01T00:09:00,trading-engine,/payment,UAE,123,60.49,63.44,5,success,,low,0
2026-01-01T00:09:30,fraud-detection,/login,UAE,107,56.19,58.97,2,success,,low,0
2026-01-01T00:10:00,auth-service,/trade,Germany,117,59.16,68.34,5,success,,low,0
2026-01-01T00:10:30,auth-service,/trade,Singapore,117,57.13,72.13,8,success,,low,0
2026-01-01T00:11:00,investment-engine,/trade,Germany,92,35.47,63.2,5,success,,low,0
2026-01-01T00:11:30,trading-engine,/portfolio,India,134,45.75,64.02,3,success,,low,0
2026-01-01T00:12:00,payment-api,/trade,USA,139,69.29,65.3,1,success,,low,0
2026-01-01T00:12:30,portfolio-service,/withdrawal,Singapore,119,55.51,52.31,6,success,,low,0
2026-01-01T00:13:00,investment-engine,/portfolio,Singapore,134,81.53,57.94,6,success,,low,0
2026-01-01T00:13:30,notification-service,/kyc,UAE,209,62.55,44.61,46,queue_delay,QUEUE_BACKPRESSURE,medium,2
2026-01-01T00:14:00,auth-service,/portfolio,Singapore,94,45.65,63.89,4,success,,low,0
2026-01-01T00:14:30,trading-engine,/login,Singapore,105,62.57,56.43,5,success,,low,0
2026-01-01T00:15:00,notification-service,/portfolio,Germany,126,76.37,70.7,4,success,,low,0
2026-01-01T00:15:30,trading-engine,/trade,India,81,62.31,77.78,4,success,,low,0
2026-01-01T00:16:00,auth-service,/payment,India,106,48.36,60.45,4,success,,low,0
2026-01-01T00:16:30,payment-api,/transfer,India,161,67.27,54.67,8,success,,low,0
2026-01-01T00:17:00,auth-service,/transfer,Germany,106,51.03,59.18,6,success,,low,0
2026-01-01T00:17:30,payment-api,/kyc,India,97,41.69,57.67,5,success,,low,0
2026-01-01T00:18:00,fraud-detection,/login,India,130,48.04,47.75,4,success,,low,0
2026-01-01T00:18:30,fraud-detection,/payment,India,100,37.43,49.59,5,success,,low,0
2026-01-01T00:19:00,trading-engine,/trade,India,107,45.07,62.67,4,success,,low,0
2026-01-01T00:19:30,auth-service,/portfolio,UAE,121,74.69,68.05,3,success,,low,0
2026-01-01T00:20:00,investment-engine,/withdrawal,USA,116,53.87,63.58,6,success,,low,0
2026-01-01T00:20:30,trading-engine,/transfer,India,172,53.62,59.63,5,success,,low,0
2026-01-01T00:21:00,payment-api,/withdrawal,USA,117,45.56,69.42,6,success,,low,0
2026-01-01T00:21:30,fraud-detection,/transfer,UAE,147,51.65,67.66,9,success,,low,0
2026-01-01T00:22:00,fraud-detection,/withdrawal,UAE,108,50.6,63.47,8,success,,low,0
2026-01-01T00:22:30,notification-service,/transfer,Singapore,114,56.61,52.34,3,success,,low,0
2026-01-01T00:23:00,fraud-detection,/withdrawal,UAE,108,55.84,63.08,6,success,,low,0
2026-01-01T00:23:30,portfolio-service,/kyc,Germany,159,54.01,69.73,6,success,,low,0
2026-01-01T00:24:00,trading-engine,/trade,Germany,104,45.46,67.15,3,success,,low,0
2026-01-01T00:24:30,payment-api,/withdrawal,Germany,119,55.28,43.67,5,success,,low,0
2026-01-01T00:25:00,fraud-detection,/payment,India,134,55.79,64.9,3,success,,low,0
2026-01-01T00:25:30,auth-service,/portfolio,Singapore,77,59.32,27.45,5,success,,low,0
2026-01-01T00:26:00,payment-api,/portfolio,Singapore,136,34.1,54.76,3,success,,low,0
2026-01-01T00:26:30,fraud-detection,/payment,USA,115,62.17,70.65,1,success,,low,0
2026-01-01T00:27:00,investment-engine,/kyc,UAE,114,49.58,54.53,3,success,,low,0
2026-01-01T00:27:30,auth-service,/transfer,India,112,55.04,62.69,5,success,,low,0
2026-01-01T00:28:00,trading-engine,/portfolio,Singapore,111,46.73,57.52,5,success,,low,0
2026-01-01T00:28:30,notification-service,/kyc,Germany,124,48.98,62.28,5,success,,low,0
2026-01-01T00:29:00,notification-service,/kyc,India,124,64.26,70.61,7,success,,low,0
2026-01-01T00:29:30,payment-api,/login,Germany,134,55.06,75.15,5,success,,low,0
2026-01-01T00:30:00,auth-service,/portfolio,Singapore,79,55.83,60.94,5,success,,low,0
2026-01-01T00:30:30,fraud-detection,/portfolio,Singapore,115,44.04,46.95,4,success,,low,0
2026-01-01T00:31:00,auth-service,/trade,India,215,52.58,65.87,54,queue_delay,QUEUE_BACKPRESSURE,medium,2
2026-01-01T00:31:30,auth-service,/portfolio,UAE,120,42.32,66.08,3,success,,low,0
2026-01-01T00:32:00,notification-service,/kyc,India,104,42.44,78.67,7,success,,low,0
2026-01-01T00:32:30,fraud-detection,/payment,UAE,122,49.3,53.68,3,success,,low,0
2026-01-01T00:33:00,notification-service,/portfolio,India,153,51.85,56.13,3,success,,low,0
2026-01-01T00:33:30,auth-service,/payment,Germany,121,57.28,72.88,4,success,,low,0
2026-01-01T00:34:00,auth-service,/transfer,Singapore,145,54.52,46.36,6,success,,low,0
2026-01-01T00:34:30,payment-api,/login,UAE,432,69.29,62.59,6,db_failure,DB_CONNECTION_FAILURE,critical,5
2026-01-01T00:35:00,fraud-detection,/transfer,UAE,129,49.08,59.05,3,success,,low,0
2026-01-01T00:35:30,auth-service,/login,Germany,114,58.43,54.75,5,success,,low,0
2026-01-01T00:36:00,auth-service,/trade,Germany,120,61.45,75.83,4,success,,low,0
2026-01-01T00:36:30,fraud-detection,/trade,USA,157,46.88,69.95,4,success,,low,0
2026-01-01T00:37:00,investment-engine,/transfer,India,137,56.86,57.57,4,success,,low,0
2026-01-01T00:37:30,trading-engine,/payment,India,417,83.95,58.97,31,timeout,TIMEOUT_ERROR,critical,6
2026-01-01T00:38:00,investment-engine,/trade,USA,663,84.28,54.45,46,timeout,TIMEOUT_ERROR,critical,5
2026-01-01T00:38:30,auth-service,/payment,UAE,103,52.71,41.54,5,success,,low,0
2026-01-01T00:39:00,investment-engine,/login,Germany,114,55.18,71.61,3,success,,low,0
2026-01-01T00:39:30,auth-service,/withdrawal,Germany,139,55.06,68.01,5,success,,low,0
2026-01-01T00:40:00,fraud-detection,/payment,USA,87,54.58,71.1,3,success,,low,0
2026-01-01T00:40:30,payment-api,/login,UAE,105,58.83,25.14,4,success,,low,0
2026-01-01T00:41:00,portfolio-service,/kyc,Singapore,290,60.23,61.19,44,queue_delay,QUEUE_BACKPRESSURE,medium,3
2026-01-01T00:41:30,investment-engine,/trade,Singapore,125,55.46,75.1,6,success,,low,0
2026-01-01T00:42:00,fraud-detection,/portfolio,Germany,123,53.31,55.85,5,success,,low,0
2026-01-01T00:42:30,payment-api,/login,Singapore,108,49.01,48.93,7,success,,low,0
2026-01-01T00:43:00,payment-api,/transfer,India,129,41.49,53.8,5,success,,low,0
2026-01-01T00:43:30,notification-service,/portfolio,Singapore,122,61.35,57.51,9,success,,low,0
2026-01-01T00:44:00,trading-engine,/payment,USA,122,58.78,60.92,4,success,,low,0
2026-01-01T00:44:30,investment-engine,/login,Germany,97,63.65,44.99,5,success,,low,0
2026-01-01T00:45:00,portfolio-service,/withdrawal,Singapore,101,56.14,61.81,7,success,,low,0
2026-01-01T00:45:30,notification-service,/withdrawal,UAE,119,59.07,59.76,5,success,,low,0
2026-01-01T00:46:00,portfolio-service,/login,India,107,43.28,70.29,2,success,,low,0
2026-01-01T00:46:30,payment-api,/transfer,USA,138,52.55,61.36,4,success,,low,0
2026-01-01T00:47:00,trading-engine,/login,India,118,62.78,55.44,2,success,,low,0
2026-01-01T00:47:30,investment-engine,/transfer,Singapore,109,58.2,64.59,5,success,,low,0
2026-01-01T00:48:00,investment-engine,/transfer,Singapore,121,52.71,53.85,3,success,,low,0
2026-01-01T00:48:30,fraud-detection,/withdrawal,India,144,53.61,51.64,8,success,,low,0
2026-01-01T00:49:00,trading-engine,/withdrawal,India,133,47.35,55.47,5,success,,low,0
2026-01-01T00:49:30,fraud-detection,/kyc,India,105,69.13,61.79,6,success,,low,0
2026-01-01T00:50:00,auth-service,/kyc,Singapore,95,55.09,60.79,3,success,,low,0
2026-01-01T00:50:30,trading-engine,/login,India,119,60.31,57.73,4,success,,low,0
2026-01-01T00:51:00,trading-engine,/portfolio,UAE,125,48.54,60.89,2,success,,low,0
2026-01-01T00:51:30,fraud-detection,/login,Germany,88,48.34,57.28,3,success,,low,0
2026-01-01T00:52:00,trading-engine,/portfolio,Singapore,116,53.51,61.13,7,success,,low,0
2026-01-01T00:52:30,payment-api,/kyc,UAE,98,53.14,70.11,5,success,,low,0
2026-01-01T00:53:00,payment-api,/transfer,UAE,123,57.61,46.74,4,success,,low,0
2026-01-01T00:53:30,payment-api,/portfolio,Germany,233,49.95,50.17,33,queue_delay,QUEUE_BACKPRESSURE,medium,4
2026-01-01T00:54:00,auth-service,/transfer,USA,127,59.6,44.59,5,success,,low,0
2026-01-01T00:54:30,investment-engine,/withdrawal,Singapore,352,57.35,62.28,18,high_latency,LATENCY_SPIKE,medium,5
2026-01-01T00:55:00,auth-service,/portfolio,USA,139,63.24,51.41,7,success,,low,0
2026-01-01T00:55:30,trading-engine,/portfolio,USA,134,69.12,62.6,5,success,,low,0
2026-01-01T00:56:00,notification-service,/payment,Singapore,119,54.73,55.01,6,success,,low,0
2026-01-01T00:56:30,payment-api,/kyc,UAE,130,44.35,44.9,8,success,,low,0
2026-01-01T00:57:00,trading-engine,/transfer,UAE,447,50.5,68.16,3,db_failure,DB_CONNECTION_FAILURE,critical,5
2026-01-01T00:57:30,auth-service,/transfer,Singapore,136,59.82,60.08,6,success,,low,0
2026-01-01T00:58:00,trading-engine,/transfer,USA,317,62.93,67.97,36,queue_delay,QUEUE_BACKPRESSURE,medium,4
2026-01-01T00:58:30,trading-engine,/transfer,Germany,117,58.53,56.35,4,success,,low,0
2026-01-01T00:59:00,payment-api,/login,India,454,68.65,89.3,4,db_failure,DB_CONNECTION_FAILURE,critical,10
2026-01-01T00:59:30,payment-api,/kyc,USA,117,55.99,65.6,6,success,,low,0
2026-01-01T01:00:00,auth-service,/withdrawal,Germany,141,45.67,70.57,4,success,,low,0
2026-01-01T01:00:30,portfolio-service,/transfer,Singapore,99,37.77,65.88,5,success,,low,0
2026-01-01T01:01:00,fraud-detection,/transfer,Singapore,212,54.68,63.72,63,queue_delay,QUEUE_BACKPRESSURE,medium,2
2026-01-01T01:01:30,fraud-detection,/payment,USA,131,58.75,37.5,3,success,,low,0
2026-01-01T01:02:00,payment-api,/withdrawal,UAE,101,72.84,58.91,4,success,,low,0
2026-01-01T01:02:30,payment-api,/payment,India,122,58.0,55.42,6,success,,low,0
2026-01-01T01:03:00,payment-api,/kyc,Singapore,415,51.03,72.3,9,high_latency,LATENCY_SPIKE,medium,5
2026-01-01T01:03:30,auth-service,/trade,India,517,90.11,59.03,24,timeout,TIMEOUT_ERROR,critical,8
2026-01-01T01:04:00,investment-engine,/payment,UAE,85,46.15,54.72,2,success,,low,0
2026-01-01T01:04:30,payment-api,/trade,UAE,142,41.23,42.09,6,success,,low,0
2026-01-01T01:05:00,fraud-detection,/trade,UAE,113,41.94,60.48,5,success,,low,0
2026-01-01T01:05:30,payment-api,/portfolio,Singapore,127,53.07,63.62,8,success,,low,0
2026-01-01T01:06:00,notification-service,/kyc,India,123,53.7,71.5,3,success,,low,0
2026-01-01T01:06:30,payment-api,/portfolio,India,123,62.33,37.1,0,success,,low,0
2026-01-01T01:07:00,investment-engine,/kyc,Singapore,775,60.79,79.83,30,timeout,TIMEOUT_ERROR,critical,8
2026-01-01T01:07:30,portfolio-service,/trade,Singapore,754,82.2,66.62,20,timeout,TIMEOUT_ERROR,critical,9
2026-01-01T01:08:00,portfolio-service,/portfolio,India,124,50.83,66.0,5,success,,low,0
2026-01-01T01:08:30,fraud-detection,/kyc,UAE,106,66.21,63.67,2,success,,low,0
2026-01-01T01:09:00,portfolio-service,/portfolio,Germany,132,40.59,69.43,6,success,,low,0
2026-01-01T01:09:30,notification-service,/portfolio,UAE,159,63.25,57.19,5,success,,low,0
2026-01-01T01:10:00,fraud-detection,/trade,Germany,463,50.27,85.81,6,db_failure,DB_CONNECTION_FAILURE,critical,5
2026-01-01T01:10:30,trading-engine,/login,Singapore,97,58.98,66.08,3,success,,low,0
2026-01-01T01:11:00,investment-engine,/trade,UAE,128,39.63,37.76,5,success,,low,0
2026-01-01T01:11:30,investment-engine,/payment,UAE,96,72.1,60.22,7,success,,low,0
2026-01-01T01:12:00,notification-service,/payment,Germany,134,53.55,55.65,3,success,,low,0
2026-01-01T01:12:30,portfolio-service,/portfolio,USA,157,57.82,43.83,3,success,,low,0
2026-01-01T01:13:00,investment-engine,/login,Singapore,529,87.82,57.73,27,timeout,TIMEOUT_ERROR,critical,10
2026-01-01T01:13:30,trading-engine,/login,Germany,110,55.74,59.56,4,success,,low,0
2026-01-01T01:14:00,portfolio-service,/portfolio,India,123,48.71,52.89,5,success,,low,0
2026-01-01T01:14:30,fraud-detection,/kyc,Singapore,104,62.18,50.96,3,success,,low,0
2026-01-01T01:15:00,trading-engine,/trade,Singapore,129,48.08,63.28,4,success,,low,0
2026-01-01T01:15:30,investment-engine,/trade,USA,114,48.05,74.19,8,success,,low,0
2026-01-01T01:16:00,payment-api,/portfolio,USA,126,64.42,84.2,2,success,,low,0
2026-01-01T01:16:30,trading-engine,/transfer,India,122,56.48,68.2,4,success,,low,0
2026-01-01T01:17:00,investment-engine,/portfolio,USA,137,61.95,49.23,6,success,,low,0
2026-01-01T01:17:30,trading-engine,/transfer,USA,116,47.02,64.72,3,success,,low,0
2026-01-01T01:18:00,trading-engine,/login,India,321,46.56,77.03,39,queue_delay,QUEUE_BACKPRESSURE,medium,2
2026-01-01T01:18:30,notification-service,/kyc,Singapore,131,48.75,41.45,1,success,,low,0
2026-01-01T01:19:00,notification-service,/transfer,India,84,50.87,52.6,6,success,,low,0
2026-01-01T01:19:30,payment-api,/trade,Singapore,109,47.55,65.04,5,success,,low,0
2026-01-01T01:20:00,portfolio-service,/portfolio,India,125,58.12,73.11,7,success,,low,0
2026-01-01T01:20:30,auth-service,/kyc,USA,126,57.61,53.31,6,success,,low,0
2026-01-01T01:21:00,payment-api,/portfolio,USA,126,53.63,50.97,5,success,,low,0
2026-01-01T01:21:30,portfolio-service,/portfolio,Germany,119,53.25,43.2,5,success,,low,0
2026-01-01T01:22:00,notification-service,/withdrawal,USA,139,51.46,76.28,7,success,,low,0
2026-01-01T01:22:30,auth-service,/transfer,Germany,131,38.93,61.55,4,success,,low,0
2026-01-01T01:23:00,notification-service,/withdrawal,India,341,57.24,64.37,18,high_latency,LATENCY_SPIKE,medium,4
2026-01-01T01:23:30,portfolio-service,/login,UAE,120,44.47,73.85,7,success,,low,0
2026-01-01T01:24:00,notification-service,/payment,Germany,119,52.73,51.41,5,success,,low,0
2026-01-01T01:24:30,fraud-detection,/kyc,UAE,148,59.33,84.7,9,success,,low,0
2026-01-01T01:25:00,trading-engine,/login,USA,134,44.58,66.04,4,success,,low,0
2026-01-01T01:25:30,portfolio-service,/portfolio,India,143,66.17,63.67,3,success,,low,0
2026-01-01T01:26:00,trading-engine,/payment,USA,98,68.35,60.6,5,success,,low,0
2026-01-01T01:26:30,portfolio-service,/portfolio,India,133,39.69,46.13,3,success,,low,0
2026-01-01T01:27:00,investment-engine,/withdrawal,UAE,113,58.48,57.98,3,success,,low,0
2026-01-01T01:27:30,payment-api,/payment,USA,380,56.7,63.88,4,db_failure,DB_CONNECTION_FAILURE,critical,7
2026-01-01T01:28:00,investment-engine,/payment,USA,99,57.95,69.39,6,success,,low,0
2026-01-01T01:28:30,trading-engine,/portfolio,Germany,97,53.34,54.42,10,success,,low,0
2026-01-01T01:29:00,portfolio-service,/portfolio,Singapore,130,63.29,34.17,2,success,,low,0
2026-01-01T01:29:30,notification-service,/withdrawal,India,126,59.59,62.1,3,success,,low,0
2026-01-01T01:30:00,fraud-detection,/payment,UAE,118,57.7,76.15,2,success,,low,0
2026-01-01T01:30:30,fraud-detection,/kyc,Germany,115,64.13,78.5,5,success,,low,0
2026-01-01T01:31:00,portfolio-service,/payment,India,86,38.91,48.46,1,success,,low,0
2026-01-01T01:31:30,fraud-detection,/withdrawal,India,94,54.87,60.05,7,success,,low,0
2026-01-01T01:32:00,fraud-detection,/trade,Germany,139,50.93,65.44,5,success,,low,0
2026-01-01T01:32:30,trading-engine,/withdrawal,UAE,116,46.68,73.37,2,success,,low,0
2026-01-01T01:33:00,fraud-detection,/trade,Singapore,147,52.27,69.26,3,success,,low,0
2026-01-01T01:33:30,payment-api,/payment,Singapore,147,40.1,61.78,5,success,,low,0
2026-01-01T01:34:00,investment-engine,/transfer,USA,118,72.43,75.46,4,success,,low,0
2026-01-01T01:34:30,payment-api,/login,UAE,138,59.0,79.05,3,success,,low,0
2026-01-01T01:35:00,investment-engine,/trade,USA,143,65.5,57.95,4,success,,low,0
2026-01-01T01:35:30,portfolio-service,/transfer,Germany,126,55.9,65.93,2,success,,low,0
2026-01-01T01:36:00,trading-engine,/transfer,UAE,115,67.26,64.28,4,success,,low,0
2026-01-01T01:36:30,investment-engine,/kyc,UAE,166,56.44,62.92,6,success,,low,0
2026-01-01T01:37:00,investment-engine,/portfolio,USA,305,59.81,44.33,18,high_latency,LATENCY_SPIKE,medium,4
2026-01-01T01:37:30,investment-engine,/transfer,India,107,58.96,59.65,7,success,,low,0
2026-01-01T01:38:00,payment-api,/login,UAE,98,58.93,55.37,4,success,,low,0
2026-01-01T01:38:30,investment-engine,/withdrawal,UAE,135,63.87,60.27,3,success,,low,0
2026-01-01T01:39:00,auth-service,/login,Germany,115,40.71,64.46,6,success,,low,0
2026-01-01T01:39:30,notification-service,/login,USA,144,59.88,49.7,4,success,,low,0
2026-01-01T01:40:00,fraud-detection,/withdrawal,Germany,153,60.97,55.22,2,success,,low,0
2026-01-01T01:40:30,auth-service,/login,Singapore,87,44.04,50.47,7,success,,low,0
2026-01-01T01:41:00,portfolio-service,/portfolio,UAE,107,51.7,64.09,5,success,,low,0
2026-01-01T01:41:30,trading-engine,/transfer,UAE,140,58.97,66.22,5,success,,low,0
2026-01-01T01:42:00,auth-service,/payment,Singapore,126,62.09,54.58,4,success,,low,0
2026-01-01T01:42:30,notification-service,/login,India,395,71.71,72.56,2,db_failure,DB_CONNECTION_FAILURE,critical,8
2026-01-01T01:43:00,fraud-detection,/portfolio,Singapore,97,65.5,69.31,5,success,,low,0
2026-01-01T01:43:30,auth-service,/payment,USA,145,55.3,61.48,8,success,,low,0
2026-01-01T01:44:00,auth-service,/transfer,USA,147,52.92,48.83,4,success,,low,0
2026-01-01T01:44:30,notification-service,/trade,India,113,61.37,43.14,4,success,,low,0
2026-01-01T01:45:00,portfolio-service,/transfer,USA,143,42.21,59.6,3,success,,low,0
2026-01-01T01:45:30,auth-service,/withdrawal,Singapore,114,62.57,75.02,6,success,,low,0
2026-01-01T01:46:00,payment-api,/payment,USA,114,52.19,63.05,7,success,,low,0
2026-01-01T01:46:30,investment-engine,/withdrawal,UAE,118,45.27,51.33,3,success,,low,0
2026-01-01T01:47:00,fraud-detection,/portfolio,India,144,61.0,69.36,2,success,,low,0
2026-01-01T01:47:30,trading-engine,/withdrawal,India,389,49.93,49.25,15,high_latency,LATENCY_SPIKE,medium,5
2026-01-01T01:48:00,investment-engine,/withdrawal,USA,146,61.75,52.26,8,success,,low,0
2026-01-01T01:48:30,auth-service,/portfolio,UAE,108,68.12,69.1,3,success,,low,0
2026-01-01T01:49:00,trading-engine,/login,USA,121,48.33,69.29,5,success,,low,0
2026-01-01T01:49:30,auth-service,/kyc,India,173,56.52,49.13,3,success,,low,0
2026-01-01T01:50:00,auth-service,/login,Germany,135,33.45,68.25,3,success,,low,0
2026-01-01T01:50:30,investment-engine,/payment,India,112,49.24,61.9,5,success,,low,0
2026-01-01T01:51:00,investment-engine,/transfer,India,95,64.82,55.34,4,success,,low,0
2026-01-01T01:51:30,auth-service,/login,Singapore,139,57.47,71.06,2,success,,low,0
2026-01-01T01:52:00,trading-engine,/payment,India,128,44.8,45.28,5,success,,low,0
2026-01-01T01:52:30,fraud-detection,/kyc,India,105,50.5,71.05,5,success,,low,0
2026-01-01T01:53:00,payment-api,/withdrawal,UAE,107,49.84,58.91,5,success,,low,0
2026-01-01T01:53:30,investment-engine,/login,India,134,66.44,77.85,3,success,,low,0
2026-01-01T01:54:00,investment-engine,/withdrawal,USA,82,59.65,59.35,1,success,,low,0
2026-01-01T01:54:30,portfolio-service,/trade,Singapore,383,63.36,78.13,4,db_failure,DB_CONNECTION_FAILURE,critical,8
2026-01-01T01:55:00,payment-api,/withdrawal,Germany,116,63.07,56.78,4,success,,low,0
2026-01-01T01:55:30,fraud-detection,/kyc,Singapore,399,48.82,65.67,10,high_latency,LATENCY_SPIKE,medium,3
2026-01-01T01:56:00,portfolio-service,/portfolio,USA,121,59.26,68.81,4,success,,low,0
2026-01-01T01:56:30,trading-engine,/trade,Singapore,110,60.26,51.38,2,success,,low,0
2026-01-01T01:57:00,payment-api,/withdrawal,UAE,134,53.21,36.51,6,success,,low,0
2026-01-01T01:57:30,auth-service,/login,India,125,45.0,45.06,4,success,,low,0
2026-01-01T01:58:00,auth-service,/withdrawal,India,276,58.04,68.56,57,queue_delay,QUEUE_BACKPRESSURE,medium,5
2026-01-01T01:58:30,trading-engine,/login,Singapore,113,66.39,54.71,6,success,,low,0
2026-01-01T01:59:00,trading-engine,/withdrawal,USA,135,66.94,76.79,2,success,,low,0
2026-01-01T01:59:30,auth-service,/withdrawal,India,92,43.32,76.86,3,success,,low,0
2026-01-01T02:00:00,trading-engine,/transfer,UAE,102,53.4,58.96,2,success,,low,0
2026-01-01T02:00:30,notification-service,/trade,UAE,113,55.9,33.83,5,success,,low,0
2026-01-01T02:01:00,auth-service,/payment,India,120,55.42,55.9,5,success,,low,0
2026-01-01T02:01:30,fraud-detection,/kyc,Germany,88,57.46,41.65,2,success,,low,0
2026-01-01T02:02:00,portfolio-service,/kyc,Germany,125,52.2,67.16,4,success,,low,0
2026-01-01T02:02:30,investment-engine,/login,Singapore,98,50.1,47.86,7,success,,low,0
2026-01-01T02:03:00,auth-service,/kyc,Singapore,111,36.58,72.64,5,success,,low,0
2026-01-01T02:03:30,portfolio-service,/kyc,UAE,478,53.58,43.66,7,high_latency,LATENCY_SPIKE,medium,2
2026-01-01T02:04:00,investment-engine,/login,India,145,55.75,66.74,2,success,,low,0
2026-01-01T02:04:30,fraud-detection,/payment,UAE,108,60.56,55.31,5,success,,low,0
2026-01-01T02:05:00,notification-service,/trade,Germany,329,41.43,47.97,13,high_latency,LATENCY_SPIKE,medium,5
2026-01-01T02:05:30,trading-engine,/transfer,India,118,42.57,63.85,8,success,,low,0
2026-01-01T02:06:00,auth-service,/transfer,India,113,57.96,72.2,3,success,,low,0
2026-01-01T02:06:30,trading-engine,/withdrawal,UAE,98,61.18,59.45,4,success,,low,0
2026-01-01T02:07:00,fraud-detection,/withdrawal,UAE,107,53.52,75.05,8,success,,low,0
2026-01-01T02:07:30,trading-engine,/payment,Singapore,127,56.2,59.09,5,success,,low,0
2026-01-01T02:08:00,trading-engine,/portfolio,Germany,122,74.9,71.29,5,success,,low,0
2026-01-01T02:08:30,payment-api,/trade,Singapore,147,28.4,56.32,4,success,,low,0
2026-01-01T02:09:00,fraud-detection,/kyc,Germany,136,61.96,65.09,4,success,,low,0
2026-01-01T02:09:30,auth-service,/payment,USA,121,58.2,50.17,7,success,,low,0
2026-01-01T02:10:00,payment-api,/kyc,UAE,133,57.49,67.31,7,success,,low,0
2026-01-01T02:10:30,investment-engine,/transfer,Germany,146,51.92,72.38,9,success,,low,0
2026-01-01T02:11:00,portfolio-service,/trade,India,379,56.02,58.95,22,high_latency,LATENCY_SPIKE,medium,5
2026-01-01T02:11:30,investment-engine,/login,UAE,135,62.12,70.11,4,success,,low,0
2026-01-01T02:12:00,payment-api,/trade,India,100,56.44,54.74,2,success,,low,0
2026-01-01T02:12:30,portfolio-service,/trade,USA,288,50.69,65.71,17,high_latency,LATENCY_SPIKE,medium,2
2026-01-01T02:13:00,notification-service,/transfer,UAE,86,60.72,79.79,5,success,,low,0
2026-01-01T02:13:30,auth-service,/trade,India,135,61.82,52.31,2,success,,low,0
2026-01-01T02:14:00,auth-service,/transfer,UAE,365,45.68,42.77,12,high_latency,LATENCY_SPIKE,medium,4
2026-01-01T02:14:30,auth-service,/trade,UAE,125,57.8,65.6,3,success,,low,0
2026-01-01T02:15:00,portfolio-service,/withdrawal,USA,132,64.72,66.13,2,success,,low,0
2026-01-01T02:15:30,portfolio-service,/transfer,USA,110,55.2,62.84,5,success,,low,0
2026-01-01T02:16:00,auth-service,/payment,Germany,90,62.55,73.04,2,success,,low,0
2026-01-01T02:16:30,notification-service,/transfer,India,118,64.79,71.01,6,success,,low,0
2026-01-01T02:17:00,auth-service,/withdrawal,Germany,126,52.72,72.77,3,success,,low,0
2026-01-01T02:17:30,payment-api,/transfer,UAE,81,46.65,48.55,4,success,,low,0
2026-01-01T02:18:00,trading-engine,/payment,Singapore,77,56.32,55.87,2,success,,low,0
2026-01-01T02:18:30,trading-engine,/payment,Germany,113,47.82,78.05,7,success,,low,0
2026-01-01T02:19:00,fraud-detection,/trade,UAE,93,70.98,55.75,6,success,,low,0
2026-01-01T02:19:30,trading-engine,/payment,India,134,50.58,75.73,1,success,,low,0
2026-01-01T02:20:00,payment-api,/transfer,Germany,151,59.26,53.68,1,success,,low,0
2026-01-01T02:20:30,investment-engine,/kyc,UAE,111,61.23,37.66,6,success,,low,0
2026-01-01T02:21:00,portfolio-service,/portfolio,Germany,135,61.27,58.91,2,success,,low,0
2026-01-01T02:21:30,payment-api,/kyc,UAE,109,50.52,55.49,6,success,,low,0
2026-01-01T02:22:00,notification-service,/trade,USA,125,57.22,53.93,7,success,,low,0
2026-01-01T02:22:30,auth-service,/login,India,687,80.81,56.08,21,timeout,TIMEOUT_ERROR,critical,9
2026-01-01T02:23:00,notification-service,/withdrawal,UAE,88,63.19,59.75,1,success,,low,0
2026-01-01T02:23:30,notification-service,/kyc,Germany,108,44.34,74.83,5,success,,low,0
2026-01-01T02:24:00,auth-service,/portfolio,USA,108,52.29,62.83,5,success,,low,0
2026-01-01T02:24:30,notification-service,/transfer,India,146,54.9,64.62,0,success,,low,0
2026-01-01T02:25:00,investment-engine,/portfolio,Germany,103,43.44,48.77,4,success,,low,0
2026-01-01T02:25:30,notification-service,/payment,Germany,98,52.15,61.02,1,success,,low,0
2026-01-01T02:26:00,fraud-detection,/transfer,Singapore,133,70.22,64.59,2,success,,low,0
2026-01-01T02:26:30,investment-engine,/trade,India,442,67.78,73.38,3,db_failure,DB_CONNECTION_FAILURE,critical,10
2026-01-01T02:27:00,notification-service,/login,Germany,131,50.05,50.33,5,success,,low,0
2026-01-01T02:27:30,auth-service,/portfolio,USA,92,44.74,51.1,4,success,,low,0
2026-01-01T02:28:00,investment-engine,/kyc,Singapore,102,56.2,88.29,9,success,,low,0
2026-01-01T02:28:30,payment-api,/portfolio,Singapore,452,66.77,37.05,14,high_latency,LATENCY_SPIKE,medium,3
2026-01-01T02:29:00,trading-engine,/kyc,Germany,108,61.29,60.65,4,success,,low,0
2026-01-01T02:29:30,payment-api,/portfolio,India,133,71.27,50.17,6,success,,low,0
2026-01-01T02:30:00,investment-engine,/trade,India,124,49.38,44.77,6,success,,low,0
2026-01-01T02:30:30,payment-api,/trade,UAE,274,53.66,87.18,23,queue_delay,QUEUE_BACKPRESSURE,medium,2
2026-01-01T02:31:00,portfolio-service,/trade,India,457,73.78,64.52,16,timeout,TIMEOUT_ERROR,critical,7
2026-01-01T02:31:30,fraud-detection,/withdrawal,India,55,48.35,37.91,4,success,,low,0
2026-01-01T02:32:00,trading-engine,/kyc,India,131,48.4,64.92,5,success,,low,0
2026-01-01T02:32:30,notification-service,/withdrawal,India,128,48.26,55.07,2,success,,low,0
2026-01-01T02:33:00,investment-engine,/login,Singapore,88,58.24,69.28,4,success,,low,0
2026-01-01T02:33:30,investment-engine,/withdrawal,UAE,150,54.22,55.3,1,success,,low,0
2026-01-01T02:34:00,portfolio-service,/kyc,Singapore,120,52.62,31.41,5,success,,low,0
2026-01-01T02:34:30,fraud-detection,/kyc,UAE,238,48.09,39.89,54,queue_delay,QUEUE_BACKPRESSURE,medium,4
2026-01-01T02:35:00,investment-engine,/kyc,UAE,103,61.91,68.72,0,success,,low,0
2026-01-01T02:35:30,portfolio-service,/trade,Singapore,94,41.47,58.17,6,success,,low,0
2026-01-01T02:36:00,payment-api,/withdrawal,Germany,119,56.49,43.25,7,success,,low,0
2026-01-01T02:36:30,fraud-detection,/trade,Singapore,89,47.25,54.78,3,success,,low,0
2026-01-01T02:37:00,fraud-detection,/transfer,USA,142,46.92,39.09,1,success,,low,0
2026-01-01T02:37:30,auth-service,/trade,UAE,92,61.35,55.8,6,success,,low,0
2026-01-01T02:38:00,fraud-detection,/login,USA,138,63.15,52.17,2,success,,low,0
2026-01-01T02:38:30,trading-engine,/withdrawal,USA,124,57.39,69.71,3,success,,low,0
2026-01-01T02:39:00,payment-api,/login,Germany,97,64.91,48.27,2,success,,low,0
2026-01-01T02:39:30,auth-service,/kyc,USA,127,41.38,61.03,5,success,,low,0
2026-01-01T02:40:00,portfolio-service,/login,UAE,119,55.63,65.2,1,success,,low,0
2026-01-01T02:40:30,trading-engine,/withdrawal,USA,106,50.32,53.92,3,success,,low,0
2026-01-01T02:41:00,investment-engine,/portfolio,Singapore,94,55.73,63.8,5,success,,low,0
2026-01-01T02:41:30,investment-engine,/withdrawal,India,136,64.78,60.22,2,success,,low,0
2026-01-01T02:42:00,payment-api,/login,India,124,59.08,50.98,8,success,,low,0
2026-01-01T02:42:30,auth-service,/transfer,India,101,57.96,67.88,3,success,,low,0
2026-01-01T02:43:00,investment-engine,/withdrawal,Singapore,116,53.09,73.67,6,success,,low,0
2026-01-01T02:43:30,trading-engine,/trade,India,88,49.23,65.88,6,success,,low,0
2026-01-01T02:44:00,auth-service,/trade,USA,112,43.72,60.41,5,success,,low,0
2026-01-01T02:44:30,payment-api,/withdrawal,Singapore,118,59.75,76.51,6,success,,low,0
2026-01-01T02:45:00,notification-service,/withdrawal,UAE,102,60.0,62.86,7,success,,low,0
2026-01-01T02:45:30,investment-engine,/login,USA,124,44.21,66.18,5,success,,low,0
2026-01-01T02:46:00,fraud-detection,/trade,Singapore,107,64.57,63.92,3,success,,low,0
2026-01-01T02:46:30,trading-engine,/transfer,USA,125,43.9,58.2,2,success,,low,0
2026-01-01T02:47:00,portfolio-service,/withdrawal,Germany,113,47.76,72.64,5,success,,low,0
2026-01-01T02:47:30,payment-api,/login,USA,137,42.29,57.2,6,success,,low,0
2026-01-01T02:48:00,portfolio-service,/withdrawal,USA,162,59.31,70.32,1,success,,low,0
2026-01-01T02:48:30,trading-engine,/payment,USA,94,49.54,59.22,1,success,,low,0
2026-01-01T02:49:00,notification-service,/portfolio,Germany,124,55.63,77.73,6,success,,low,0
2026-01-01T02:49:30,portfolio-service,/portfolio,Germany,88,53.61,62.86,8,success,,low,0
2026-01-01T02:50:00,investment-engine,/login,Germany,111,60.04,44.79,6,success,,low,0
2026-01-01T02:50:30,payment-api,/login,India,142,58.64,48.69,4,success,,low,0
2026-01-01T02:51:00,trading-engine,/login,UAE,149,54.44,59.53,5,success,,low,0
2026-01-01T02:51:30,fraud-detection,/login,Germany,121,49.93,31.13,6,success,,low,0
2026-01-01T02:52:00,auth-service,/payment,India,317,66.86,71.81,39,queue_delay,QUEUE_BACKPRESSURE,medium,2
2026-01-01T02:52:30,trading-engine,/trade,USA,93,55.8,44.65,3,success,,low,0
2026-01-01T02:53:00,fraud-detection,/portfolio,Germany,161,54.32,50.88,6,success,,low,0
2026-01-01T02:53:30,payment-api,/kyc,Germany,103,47.48,65.63,5,success,,low,0
2026-01-01T02:54:00,fraud-detection,/portfolio,UAE,118,53.14,57.38,5,success,,low,0
2026-01-01T02:54:30,fraud-detection,/kyc,India,358,54.96,48.55,54,queue_delay,QUEUE_BACKPRESSURE,medium,2
2026-01-01T02:55:00,notification-service,/trade,Singapore,121,59.49,53.46,4,success,,low,0
2026-01-01T02:55:30,trading-engine,/payment,UAE,116,49.46,41.2,3,success,,low,0
2026-01-01T02:56:00,notification-service,/transfer,India,111,49.73,50.68,6,success,,low,0
2026-01-01T02:56:30,fraud-detection,/login,USA,126,59.52,60.46,7,success,,low,0
2026-01-01T02:57:00,notification-service,/portfolio,UAE,137,45.97,61.94,5,success,,low,0
2026-01-01T02:57:30,payment-api,/kyc,USA,101,61.93,62.45,4,success,,low,0
2026-01-01T02:58:00,portfolio-service,/portfolio,UAE,133,45.83,56.3,5,success,,low,0
2026-01-01T02:58:30,fraud-detection,/kyc,Singapore,113,48.96,92.15,8,success,,low,0
2026-01-01T02:59:00,auth-service,/trade,USA,137,58.41,70.38,3,success,,low,0
2026-01-01T02:59:30,payment-api,/login,Singapore,124,53.56,56.25,7,success,,low,0
2026-01-01T03:00:00,portfolio-service,/login,India,126,63.71,48.41,4,success,,low,0
2026-01-01T03:00:30,trading-engine,/login,Singapore,137,67.34,48.16,2,success,,low,0
2026-01-01T03:01:00,portfolio-service,/portfolio,UAE,134,45.49,70.68,5,success,,low,0
2026-01-01T03:01:30,notification-service,/portfolio,Singapore,112,55.67,64.25,5,success,,low,0
2026-01-01T03:02:00,auth-service,/payment,USA,59,48.25,54.68,5,success,,low,0
2026-01-01T03:02:30,payment-api,/login,Singapore,140,53.63,53.89,5,success,,low,0
2026-01-01T03:03:00,fraud-detection,/login,USA,119,56.78,67.6,4,success,,low,0
2026-01-01T03:03:30,investment-engine,/transfer,Singapore,116,53.46,58.28,3,success,,low,0
2026-01-01T03:04:00,payment-api,/transfer,India,189,57.54,62.12,61,queue_delay,QUEUE_BACKPRESSURE,medium,5
2026-01-01T03:04:30,investment-engine,/transfer,India,106,65.03,55.77,5,success,,low,0
2026-01-01T03:05:00,portfolio-service,/login,Germany,139,68.7,61.13,6,success,,low,0
2026-01-01T03:05:30,trading-engine,/trade,USA,153,47.9,55.83,6,success,,low,0
2026-01-01T03:06:00,auth-service,/kyc,India,368,45.48,43.2,21,high_latency,LATENCY_SPIKE,medium,5
2026-01-01T03:06:30,investment-engine,/login,USA,125,42.93,50.87,3,success,,low,0
2026-01-01T03:07:00,investment-engine,/kyc,UAE,161,48.74,60.79,7,success,,low,0
2026-01-01T03:07:30,notification-service,/portfolio,Singapore,114,63.51,73.04,7,success,,low,0
2026-01-01T03:08:00,payment-api,/payment,UAE,138,52.89,68.0,2,success,,low,0
2026-01-01T03:08:30,fraud-detection,/payment,UAE,105,44.97,55.83,5,success,,low,0
2026-01-01T03:09:00,fraud-detection,/trade,USA,125,48.41,75.28,6,success,,low,0
2026-01-01T03:09:30,investment-engine,/withdrawal,India,129,47.15,77.86,0,success,,low,0
2026-01-01T03:10:00,fraud-detection,/payment,Germany,92,63.36,58.77,9,success,,low,0
2026-01-01T03:10:30,payment-api,/login,USA,145,43.79,59.17,6,success,,low,0
2026-01-01T03:11:00,investment-engine,/withdrawal,UAE,94,46.13,57.7,4,success,,low,0
2026-01-01T03:11:30,fraud-detection,/login,Singapore,481,82.59,64.7,35,timeout,TIMEOUT_ERROR,critical,8
2026-01-01T03:12:00,trading-engine,/portfolio,USA,116,44.77,66.0,6,success,,low,0
2026-01-01T03:12:30,portfolio-service,/payment,Singapore,118,57.15,62.4,3,success,,low,0
2026-01-01T03:13:00,auth-service,/payment,Singapore,114,54.34,49.89,5,success,,low,0
2026-01-01T03:13:30,portfolio-service,/kyc,UAE,111,45.26,51.17,4,success,,low,0
2026-01-01T03:14:00,notification-service,/payment,Germany,119,55.13,68.38,4,success,,low,0
2026-01-01T03:14:30,trading-engine,/login,India,157,56.71,68.59,2,success,,low,0
2026-01-01T03:15:00,auth-service,/portfolio,Singapore,122,52.87,79.74,5,success,,low,0
2026-01-01T03:15:30,payment-api,/kyc,Germany,101,59.24,47.64,3,success,,low,0
2026-01-01T03:16:00,trading-engine,/withdrawal,USA,109,44.27,69.3,5,success,,low,0
2026-01-01T03:16:30,portfolio-service,/payment,India,117,49.38,68.99,4,success,,low,0
2026-01-01T03:17:00,notification-service,/login,Singapore,104,62.4,60.82,6,success,,low,0
2026-01-01T03:17:30,investment-engine,/portfolio,India,92,64.77,80.44,5,success,,low,0
2026-01-01T03:18:00,trading-engine,/portfolio,Germany,129,55.68,33.0,2,success,,low,0
2026-01-01T03:18:30,fraud-detection,/portfolio,Germany,641,67.97,71.98,31,timeout,TIMEOUT_ERROR,critical,9
2026-01-01T03:19:00,auth-service,/kyc,Germany,127,43.55,68.28,1,success,,low,0
2026-01-01T03:19:30,notification-service,/withdrawal,Singapore,121,54.51,61.16,5,success,,low,0
2026-01-01T03:20:00,fraud-detection,/transfer,Germany,123,54.29,64.16,7,success,,low,0
2026-01-01T03:20:30,auth-service,/login,Singapore,115,59.08,74.89,5,success,,low,0
2026-01-01T03:21:00,fraud-detection,/kyc,India,132,60.42,68.54,3,success,,low,0
2026-01-01T03:21:30,investment-engine,/transfer,USA,147,54.29,64.49,3,success,,low,0
2026-01-01T03:22:00,fraud-detection,/transfer,India,121,57.56,70.42,6,success,,low,0
2026-01-01T03:22:30,trading-engine,/transfer,India,110,56.66,60.53,2,success,,low,0
2026-01-01T03:23:00,fraud-detection,/kyc,Germany,88,51.32,66.6,3,success,,low,0
2026-01-01T03:23:30,trading-engine,/transfer,UAE,101,57.73,33.13,1,success,,low,0
2026-01-01T03:24:00,payment-api,/portfolio,Germany,291,61.16,57.09,19,high_latency,LATENCY_SPIKE,medium,3
2026-01-01T03:24:30,trading-engine,/withdrawal,UAE,132,60.85,51.41,2,success,,low,0
2026-01-01T03:25:00,fraud-detection,/portfolio,UAE,136,52.74,82.15,8,success,,low,0
2026-01-01T03:25:30,payment-api,/login,Germany,110,52.59,61.99,6,success,,low,0
2026-01-01T03:26:00,notification-service,/trade,Germany,277,62.25,34.17,55,queue_delay,QUEUE_BACKPRESSURE,medium,3
2026-01-01T03:26:30,notification-service,/login,UAE,146,51.56,53.16,6,success,,low,0
2026-01-01T03:27:00,fraud-detection,/login,Germany,107,51.21,64.08,2,success,,low,0
2026-01-01T03:27:30,notification-service,/trade,India,119,59.38,66.8,5,success,,low,0
2026-01-01T03:28:00,notification-service,/payment,Germany,147,58.12,49.07,4,success,,low,0
2026-01-01T03:28:30,auth-service,/login,India,125,54.18,54.21,7,success,,low,0
2026-01-01T03:29:00,portfolio-service,/trade,UAE,117,50.21,81.43,5,success,,low,0
2026-01-01T03:29:30,trading-engine,/transfer,Singapore,138,53.07,59.1,5,success,,low,0
2026-01-01T03:30:00,payment-api,/trade,USA,133,55.3,50.01,4,success,,low,0
2026-01-01T03:30:30,fraud-detection,/withdrawal,India,133,34.6,63.16,0,success,,low,0
2026-01-01T03:31:00,portfolio-service,/portfolio,USA,101,58.98,67.99,7,success,,low,0
2026-01-01T03:31:30,payment-api,/withdrawal,USA,122,42.04,44.09,10,success,,low,0
2026-01-01T03:32:00,notification-service,/portfolio,Germany,148,64.57,43.14,2,success,,low,0
2026-01-01T03:32:30,portfolio-service,/payment,UAE,121,52.35,54.2,7,success,,low,0
2026-01-01T03:33:00,fraud-detection,/payment,India,137,55.8,53.42,4,success,,low,0
2026-01-01T03:33:30,payment-api,/payment,India,120,42.93,60.3,5,success,,low,0
2026-01-01T03:34:00,notification-service,/transfer,Germany,137,53.2,64.53,8,success,,low,0
2026-01-01T03:34:30,investment-engine,/transfer,Germany,141,68.44,51.98,4,success,,low,0
2026-01-01T03:35:00,trading-engine,/transfer,UAE,112,54.13,57.69,5,success,,low,0
2026-01-01T03:35:30,portfolio-service,/portfolio,Singapore,89,44.43,66.56,4,success,,low,0
2026-01-01T03:36:00,auth-service,/withdrawal,India,99,48.14,58.05,5,success,,low,0
2026-01-01T03:36:30,fraud-detection,/kyc,USA,108,31.33,69.41,2,success,,low,0
2026-01-01T03:37:00,notification-service,/withdrawal,Germany,70,59.49,41.15,6,success,,low,0
2026-01-01T03:37:30,notification-service,/transfer,India,236,49.8,43.94,31,queue_delay,QUEUE_BACKPRESSURE,medium,5
2026-01-01T03:38:00,portfolio-service,/trade,USA,743,63.84,58.89,32,timeout,TIMEOUT_ERROR,critical,6
2026-01-01T03:38:30,portfolio-service,/kyc,Singapore,88,54.01,50.49,3,success,,low,0
2026-01-01T03:39:00,trading-engine,/login,India,153,64.01,53.05,6,success,,low,0
2026-01-01T03:39:30,fraud-detection,/login,India,120,53.8,55.68,7,success,,low,0
2026-01-01T03:40:00,auth-service,/portfolio,Germany,96,43.67,61.29,4,success,,low,0
2026-01-01T03:40:30,fraud-detection,/kyc,Singapore,110,52.65,61.97,4,success,,low,0
2026-01-01T03:41:00,payment-api,/login,Germany,120,64.85,69.0,7,success,,low,0
2026-01-01T03:41:30,payment-api,/login,India,101,48.83,57.89,8,success,,low,0
2026-01-01T03:42:00,notification-service,/portfolio,Singapore,113,51.06,57.09,4,success,,low,0
2026-01-01T03:42:30,portfolio-service,/login,USA,127,53.85,65.01,5,success,,low,0
2026-01-01T03:43:00,auth-service,/portfolio,Singapore,99,52.49,41.84,7,success,,low,0
2026-01-01T03:43:30,portfolio-service,/login,India,136,47.72,51.98,3,success,,low,0
2026-01-01T03:44:00,payment-api,/payment,UAE,111,48.85,70.4,3,success,,low,0
2026-01-01T03:44:30,payment-api,/login,Singapore,126,46.81,51.36,6,success,,low,0
2026-01-01T03:45:00,payment-api,/trade,USA,140,61.57,59.66,5,success,,low,0
2026-01-01T03:45:30,investment-engine,/transfer,Germany,118,49.61,60.74,1,success,,low,0
2026-01-01T03:46:00,payment-api,/login,India,102,43.53,54.12,7,success,,low,0
2026-01-01T03:46:30,investment-engine,/withdrawal,Germany,123,62.85,70.36,3,success,,low,0
2026-01-01T03:47:00,fraud-detection,/transfer,UAE,97,54.91,47.33,4,success,,low,0
2026-01-01T03:47:30,investment-engine,/kyc,UAE,124,58.39,76.42,3,success,,low,0
2026-01-01T03:48:00,auth-service,/portfolio,Singapore,111,39.82,66.07,5,success,,low,0
2026-01-01T03:48:30,fraud-detection,/login,UAE,112,68.27,54.53,4,success,,low,0
2026-01-01T03:49:00,notification-service,/trade,UAE,88,51.07,63.55,7,success,,low,0
2026-01-01T03:49:30,auth-service,/trade,USA,71,39.27,56.38,5,success,,low,0
2026-01-01T03:50:00,trading-engine,/kyc,India,144,45.85,78.63,1,success,,low,0
2026-01-01T03:50:30,payment-api,/payment,USA,565,59.39,70.27,5,db_failure,DB_CONNECTION_FAILURE,critical,5
2026-01-01T03:51:00,fraud-detection,/login,India,97,45.85,62.18,5,success,,low,0
2026-01-01T03:51:30,notification-service,/trade,Singapore,97,53.02,71.74,4,success,,low,0
2026-01-01T03:52:00,investment-engine,/withdrawal,USA,65,56.46,38.2,4,success,,low,0
2026-01-01T03:52:30,fraud-detection,/login,Singapore,109,48.89,61.94,8,success,,low,0
2026-01-01T03:53:00,trading-engine,/trade,Germany,580,75.38,78.1,3,db_failure,DB_CONNECTION_FAILURE,critical,10
2026-01-01T03:53:30,fraud-detection,/login,Singapore,126,39.87,75.61,5,success,,low,0
2026-01-01T03:54:00,auth-service,/kyc,UAE,282,47.54,64.05,16,high_latency,LATENCY_SPIKE,medium,2
2026-01-01T03:54:30,auth-service,/portfolio,Singapore,151,50.11,61.02,4,success,,low,0
2026-01-01T03:55:00,fraud-detection,/trade,Germany,127,58.86,50.19,5,success,,low,0
2026-01-01T03:55:30,trading-engine,/portfolio,USA,575,56.77,73.91,1,db_failure,DB_CONNECTION_FAILURE,critical,8
2026-01-01T03:56:00,notification-service,/trade,USA,145,69.09,58.25,4,success,,low,0
2026-01-01T03:56:30,payment-api,/payment,USA,129,63.76,64.2,7,success,,low,0
2026-01-01T03:57:00,portfolio-service,/login,India,94,72.09,62.42,4,success,,low,0
2026-01-01T03:57:30,trading-engine,/login,UAE,284,59.56,71.16,10,high_latency,LATENCY_SPIKE,medium,5
2026-01-01T03:58:00,trading-engine,/trade,USA,118,46.82,72.54,2,success,,low,0
2026-01-01T03:58:30,fraud-detection,/transfer,USA,119,56.35,61.53,3,success,,low,0
2026-01-01T03:59:00,trading-engine,/transfer,UAE,140,57.11,56.32,4,success,,low,0
2026-01-01T03:59:30,portfolio-service,/payment,Germany,88,57.53,58.55,4,success,,low,0
2026-01-01T04:00:00,notification-service,/trade,USA,99,55.47,61.05,5,success,,low,0
2026-01-01T04:00:30,portfolio-service,/transfer,UAE,112,54.51,54.56,5,success,,low,0
2026-01-01T04:01:00,trading-engine,/withdrawal,India,130,52.52,35.12,6,success,,low,0
2026-01-01T04:01:30,notification-service,/login,Germany,91,65.81,72.17,7,success,,low,0
2026-01-01T04:02:00,auth-service,/kyc,Germany,140,56.45,56.76,1,success,,low,0
2026-01-01T04:02:30,trading-engine,/login,India,110,49.39,76.93,4,success,,low,0
2026-01-01T04:03:00,fraud-detection,/trade,India,143,43.84,79.29,5,success,,low,0
2026-01-01T04:03:30,trading-engine,/login,Singapore,385,60.46,64.29,19,high_latency,LATENCY_SPIKE,medium,3
2026-01-01T04:04:00,portfolio-service,/trade,Germany,106,42.99,70.62,5,success,,low,0
2026-01-01T04:04:30,trading-engine,/portfolio,Germany,95,54.5,44.15,6,success,,low,0
2026-01-01T04:05:00,fraud-detection,/login,UAE,124,54.54,47.5,7,success,,low,0
2026-01-01T04:05:30,trading-engine,/transfer,Singapore,158,45.69,78.12,6,success,,low,0
2026-01-01T04:06:00,investment-engine,/transfer,Germany,93,51.23,79.4,5,success,,low,0
2026-01-01T04:06:30,auth-service,/trade,India,101,56.47,55.47,2,success,,low,0
2026-01-01T04:07:00,portfolio-service,/login,UAE,89,53.38,51.84,4,success,,low,0
2026-01-01T04:07:30,payment-api,/portfolio,India,102,54.22,81.21,5,success,,low,0
2026-01-01T04:08:00,investment-engine,/payment,Germany,111,69.8,62.82,2,success,,low,0
2026-01-01T04:08:30,portfolio-service,/portfolio,Singapore,94,63.44,60.08,5,success,,low,0
2026-01-01T04:09:00,investment-engine,/login,UAE,103,66.56,59.06,5,success,,low,0
2026-01-01T04:09:30,auth-service,/transfer,India,123,59.71,58.17,5,success,,low,0
2026-01-01T04:10:00,payment-api,/trade,Singapore,78,44.4,40.04,0,success,,low,0
2026-01-01T04:10:30,payment-api,/payment,Singapore,88,58.28,50.12,5,success,,low,0
2026-01-01T04:11:00,payment-api,/payment,Germany,123,66.97,62.93,3,success,,low,0
2026-01-01T04:11:30,portfolio-service,/transfer,Germany,123,53.43,72.45,6,success,,low,0
2026-01-01T04:12:00,fraud-detection,/withdrawal,Germany,132,54.74,44.37,5,success,,low,0
2026-01-01T04:12:30,portfolio-service,/kyc,UAE,110,57.06,71.8,4,success,,low,0
2026-01-01T04:13:00,notification-service,/trade,Singapore,327,59.35,40.25,10,high_latency,LATENCY_SPIKE,medium,3
2026-01-01T04:13:30,portfolio-service,/transfer,Germany,129,51.87,70.07,5,success,,low,0
2026-01-01T04:14:00,trading-engine,/payment,UAE,113,48.54,67.31,5,success,,low,0
2026-01-01T04:14:30,notification-service,/transfer,India,480,80.89,66.18,6,db_failure,DB_CONNECTION_FAILURE,critical,9
2026-01-01T04:15:00,payment-api,/portfolio,Germany,162,52.08,55.25,3,success,,low,0
2026-01-01T04:15:30,fraud-detection,/login,India,71,57.13,46.81,1,success,,low,0
2026-01-01T04:16:00,investment-engine,/payment,Germany,99,57.96,67.56,1,success,,low,0
2026-01-01T04:16:30,portfolio-service,/payment,Singapore,149,54.38,80.33,4,success,,low,0
2026-01-01T04:17:00,auth-service,/withdrawal,UAE,140,42.35,55.07,9,success,,low,0
2026-01-01T04:17:30,payment-api,/kyc,India,136,59.74,56.72,10,success,,low,0
2026-01-01T04:18:00,trading-engine,/transfer,India,107,49.75,66.11,5,success,,low,0
2026-01-01T04:18:30,investment-engine,/withdrawal,USA,313,50.31,52.34,30,queue_delay,QUEUE_BACKPRESSURE,medium,3
2026-01-01T04:19:00,payment-api,/portfolio,USA,169,72.49,45.81,5,success,,low,0
2026-01-01T04:19:30,notification-service,/login,USA,102,47.66,74.73,3,success,,low,0
2026-01-01T04:20:00,auth-service,/trade,India,364,53.42,60.66,15,high_latency,LATENCY_SPIKE,medium,5
2026-01-01T04:20:30,investment-engine,/withdrawal,UAE,548,63.4,81.25,4,db_failure,DB_CONNECTION_FAILURE,critical,10
2026-01-01T04:21:00,trading-engine,/withdrawal,India,132,62.76,59.14,4,success,,low,0
2026-01-01T04:21:30,investment-engine,/portfolio,Singapore,110,38.95,72.67,5,success,,low,0
2026-01-01T04:22:00,trading-engine,/trade,India,106,57.63,36.56,6,success,,low,0
2026-01-01T04:22:30,trading-engine,/portfolio,UAE,114,49.65,69.43,8,success,,low,0
2026-01-01T04:23:00,notification-service,/login,India,535,65.63,83.17,5,db_failure,DB_CONNECTION_FAILURE,critical,9
2026-01-01T04:23:30,investment-engine,/withdrawal,USA,134,65.09,66.59,4,success,,low,0
2026-01-01T04:24:00,portfolio-service,/portfolio,USA,186,49.94,55.07,2,success,,low,0
2026-01-01T04:24:30,investment-engine,/portfolio,Singapore,130,62.07,55.58,4,success,,low,0
2026-01-01T04:25:00,trading-engine,/portfolio,Singapore,145,46.78,60.4,4,success,,low,0
2026-01-01T04:25:30,investment-engine,/payment,Germany,129,62.39,50.04,5,success,,low,0
2026-01-01T04:26:00,trading-engine,/kyc,India,122,57.06,64.13,3,success,,low,0
2026-01-01T04:26:30,auth-service,/transfer,Germany,165,58.88,54.61,6,success,,low,0
2026-01-01T04:27:00,payment-api,/portfolio,India,101,54.59,70.99,3,success,,low,0
2026-01-01T04:27:30,investment-engine,/transfer,India,117,63.43,32.29,3,success,,low,0
2026-01-01T04:28:00,trading-engine,/trade,UAE,96,51.92,53.0,7,success,,low,0
2026-01-01T04:28:30,auth-service,/login,India,137,63.06,53.24,6,success,,low,0
2026-01-01T04:29:00,investment-engine,/transfer,USA,119,53.45,71.13,5,success,,low,0
2026-01-01T04:29:30,trading-engine,/kyc,Germany,91,56.51,45.16,6,success,,low,0
2026-01-01T04:30:00,notification-service,/login,UAE,152,73.91,61.74,5,success,,low,0
2026-01-01T04:30:30,payment-api,/transfer,Germany,109,43.06,60.1,4,success,,low,0
2026-01-01T04:31:00,auth-service,/trade,Germany,131,56.15,40.84,5,success,,low,0
2026-01-01T04:31:30,trading-engine,/login,India,112,49.94,56.96,4,success,,low,0
2026-01-01T04:32:00,portfolio-service,/portfolio,USA,106,51.26,51.86,8,success,,low,0
2026-01-01T04:32:30,payment-api,/transfer,UAE,100,61.89,64.19,3,success,,low,0
2026-01-01T04:33:00,trading-engine,/payment,Germany,116,49.85,64.94,6,success,,low,0
2026-01-01T04:33:30,investment-engine,/portfolio,USA,134,53.38,63.14,1,success,,low,0
2026-01-01T04:34:00,notification-service,/kyc,UAE,141,70.9,48.59,5,success,,low,0
2026-01-01T04:34:30,notification-service,/portfolio,UAE,288,51.57,63.29,14,high_latency,LATENCY_SPIKE,medium,3
2026-01-01T04:35:00,auth-service,/payment,UAE,155,50.52,61.83,6,success,,low,0
2026-01-01T04:35:30,payment-api,/kyc,India,114,44.58,56.41,7,success,,low,0
2026-01-01T04:36:00,portfolio-service,/withdrawal,Singapore,145,47.87,63.15,3,success,,low,0
2026-01-01T04:36:30,trading-engine,/withdrawal,India,149,54.64,60.13,5,success,,low,0
2026-01-01T04:37:00,trading-engine,/trade,USA,106,71.53,59.97,6,success,,low,0
2026-01-01T04:37:30,portfolio-service,/trade,Germany,109,47.38,57.29,4,success,,low,0
2026-01-01T04:38:00,notification-service,/trade,India,112,59.1,63.39,2,success,,low,0
2026-01-01T04:38:30,trading-engine,/login,Germany,353,46.6,66.68,17,high_latency,LATENCY_SPIKE,medium,2
2026-01-01T04:39:00,trading-engine,/payment,USA,126,50.81,65.33,1,success,,low,0
2026-01-01T04:39:30,payment-api,/login,Germany,141,49.56,61.33,2,success,,low,0
2026-01-01T04:40:00,auth-service,/transfer,USA,101,50.86,55.15,4,success,,low,0
2026-01-01T04:40:30,notification-service,/withdrawal,USA,411,87.09,62.16,7,db_failure,DB_CONNECTION_FAILURE,critical,5
2026-01-01T04:41:00,portfolio-service,/transfer,Germany,137,53.63,43.61,3,success,,low,0
2026-01-01T04:41:30,trading-engine,/withdrawal,Germany,262,62.85,57.61,10,high_latency,LATENCY_SPIKE,medium,4
2026-01-01T04:42:00,payment-api,/transfer,India,95,56.21,79.65,3,success,,low,0
2026-01-01T04:42:30,portfolio-service,/payment,UAE,125,50.72,58.33,3,success,,low,0
2026-01-01T04:43:00,portfolio-service,/payment,India,130,50.89,59.55,6,success,,low,0
2026-01-01T04:43:30,portfolio-service,/transfer,USA,147,48.81,68.43,5,success,,low,0
2026-01-01T04:44:00,trading-engine,/trade,Singapore,118,51.55,54.01,3,success,,low,0
2026-01-01T04:44:30,notification-service,/trade,India,114,55.58,57.51,7,success,,low,0
2026-01-01T04:45:00,notification-service,/kyc,USA,123,61.14,71.73,4,success,,low,0
2026-01-01T04:45:30,auth-service,/withdrawal,USA,122,37.7,56.9,0,success,,low,0
2026-01-01T04:46:00,trading-engine,/trade,USA,125,60.11,57.26,7,success,,low,0
2026-01-01T04:46:30,payment-api,/kyc,India,145,57.93,52.28,4,success,,low,0
2026-01-01T04:47:00,investment-engine,/kyc,UAE,152,62.04,57.03,3,success,,low,0
2026-01-01T04:47:30,fraud-detection,/kyc,USA,329,58.45,44.36,20,high_latency,LATENCY_SPIKE,medium,2
2026-01-01T04:48:00,notification-service,/trade,Singapore,108,49.55,53.78,2,success,,low,0
2026-01-01T04:48:30,payment-api,/transfer,Germany,88,50.39,49.22,6,success,,low,0
2026-01-01T04:49:00,trading-engine,/payment,India,485,77.46,81.13,16,timeout,TIMEOUT_ERROR,critical,9
2026-01-01T04:49:30,payment-api,/withdrawal,Singapore,121,50.07,67.92,6,success,,low,0
2026-01-01T04:50:00,investment-engine,/kyc,UAE,120,61.22,56.49,9,success,,low,0
2026-01-01T04:50:30,auth-service,/trade,UAE,127,51.84,33.5,6,success,,low,0
2026-01-01T04:51:00,investment-engine,/login,India,118,51.19,50.8,7,success,,low,0
2026-01-01T04:51:30,auth-service,/withdrawal,Germany,400,57.59,71.22,14,high_latency,LATENCY_SPIKE,medium,3
2026-01-01T04:52:00,investment-engine,/portfolio,Singapore,126,55.09,71.36,0,success,,low,0
2026-01-01T04:52:30,payment-api,/trade,India,138,52.49,53.73,5,success,,low,0
2026-01-01T04:53:00,portfolio-service,/withdrawal,Singapore,308,70.31,48.85,18,high_latency,LATENCY_SPIKE,medium,3
2026-01-01T04:53:30,investment-engine,/withdrawal,UAE,142,62.3,61.63,9,success,,low,0
2026-01-01T04:54:00,payment-api,/withdrawal,USA,129,46.15,48.13,6,success,,low,0
2026-01-01T04:54:30,notification-service,/login,Singapore,139,56.21,53.47,1,success,,low,0
2026-01-01T04:55:00,payment-api,/trade,UAE,442,67.26,70.58,4,db_failure,DB_CONNECTION_FAILURE,critical,9
2026-01-01T04:55:30,portfolio-service,/transfer,Singapore,142,46.35,54.56,6,success,,low,0
2026-01-01T04:56:00,payment-api,/trade,India,274,63.75,53.64,14,high_latency,LATENCY_SPIKE,medium,4
2026-01-01T04:56:30,investment-engine,/transfer,Germany,95,56.21,59.78,5,success,,low,0
2026-01-01T04:57:00,auth-service,/transfer,India,560,68.37,65.53,2,db_failure,DB_CONNECTION_FAILURE,critical,8
2026-01-01T04:57:30,trading-engine,/transfer,Germany,137,41.5,62.81,4,success,,low,0
2026-01-01T04:58:00,payment-api,/trade,Germany,94,53.49,61.64,2,success,,low,0
2026-01-01T04:58:30,auth-service,/login,India,143,50.83,60.84,6,success,,low,0
2026-01-01T04:59:00,auth-service,/portfolio,UAE,113,44.19,76.28,6,success,,low,0
2026-01-01T04:59:30,payment-api,/kyc,UAE,143,61.6,55.93,4,success,,low,0
2026-01-01T05:00:00,portfolio-service,/payment,India,521,71.95,75.06,3,db_failure,DB_CONNECTION_FAILURE,critical,10
2026-01-01T05:00:30,portfolio-service,/withdrawal,Germany,362,58.31,79.82,5,db_failure,DB_CONNECTION_FAILURE,critical,7
2026-01-01T05:01:00,investment-engine,/kyc,Singapore,97,50.72,65.79,1,success,,low,0
2026-01-01T05:01:30,investment-engine,/transfer,UAE,147,59.74,55.13,7,success,,low,0
2026-01-01T05:02:00,portfolio-service,/withdrawal,India,393,56.03,58.95,12,high_latency,LATENCY_SPIKE,medium,2
2026-01-01T05:02:30,investment-engine,/kyc,USA,98,55.09,38.25,4,success,,low,0
2026-01-01T05:03:00,trading-engine,/login,Singapore,128,54.28,57.32,6,success,,low,0
2026-01-01T05:03:30,investment-engine,/portfolio,Germany,143,63.93,74.47,3,success,,low,0
2026-01-01T05:04:00,notification-service,/transfer,USA,129,49.49,40.5,3,success,,low,0
2026-01-01T05:04:30,fraud-detection,/kyc,Singapore,268,51.39,69.85,12,high_latency,LATENCY_SPIKE,medium,4
2026-01-01T05:05:00,trading-engine,/withdrawal,Singapore,132,50.36,56.7,0,success,,low,0
2026-01-01T05:05:30,payment-api,/kyc,India,653,55.31,65.4,27,timeout,TIMEOUT_ERROR,critical,6
2026-01-01T05:06:00,fraud-detection,/portfolio,Germany,112,61.38,58.44,5,success,,low,0
2026-01-01T05:06:30,payment-api,/trade,Singapore,128,47.42,65.73,1,success,,low,0
2026-01-01T05:07:00,payment-api,/portfolio,USA,96,49.04,69.56,0,success,,low,0
2026-01-01T05:07:30,payment-api,/trade,India,133,56.03,74.58,8,success,,low,0
2026-01-01T05:08:00,investment-engine,/portfolio,UAE,460,81.86,69.7,1,db_failure,DB_CONNECTION_FAILURE,critical,7
2026-01-01T05:08:30,fraud-detection,/portfolio,USA,135,57.94,65.88,5,success,,low,0
2026-01-01T05:09:00,trading-engine,/login,Germany,111,51.16,51.84,6,success,,low,0
2026-01-01T05:09:30,notification-service,/portfolio,USA,136,59.22,53.22,4,success,,low,0
2026-01-01T05:10:00,fraud-detection,/login,Germany,143,68.11,68.63,0,success,,low,0
2026-01-01T05:10:30,portfolio-service,/transfer,UAE,133,70.42,71.36,5,success,,low,0
2026-01-01T05:11:00,auth-service,/trade,USA,99,44.18,59.84,7,success,,low,0
2026-01-01T05:11:30,payment-api,/portfolio,UAE,162,43.28,63.77,4,success,,low,0
2026-01-01T05:12:00,auth-service,/payment,Germany,113,62.05,46.16,5,success,,low,0
2026-01-01T05:12:30,auth-service,/payment,Germany,124,46.81,56.2,7,success,,low,0
2026-01-01T05:13:00,trading-engine,/login,Germany,110,54.32,43.35,6,success,,low,0
2026-01-01T05:13:30,investment-engine,/portfolio,India,128,50.1,72.05,0,success,,low,0
2026-01-01T05:14:00,payment-api,/kyc,UAE,119,61.27,65.62,5,success,,low,0
2026-01-01T05:14:30,trading-engine,/portfolio,Germany,127,43.78,74.31,5,success,,low,0
2026-01-01T05:15:00,auth-service,/payment,India,136,57.75,66.76,4,success,,low,0
2026-01-01T05:15:30,portfolio-service,/transfer,Germany,94,45.09,64.12,5,success,,low,0
2026-01-01T05:16:00,notification-service,/login,Singapore,116,47.57,58.53,6,success,,low,0
2026-01-01T05:16:30,payment-api,/payment,Singapore,102,51.04,51.94,8,success,,low,0
2026-01-01T05:17:00,payment-api,/login,India,119,53.9,65.11,4,success,,low,0
2026-01-01T05:17:30,payment-api,/payment,Germany,129,56.71,45.78,4,success,,low,0
2026-01-01T05:18:00,auth-service,/transfer,USA,116,60.25,49.13,4,success,,low,0
2026-01-01T05:18:30,auth-service,/portfolio,India,84,49.58,52.89,4,success,,low,0
2026-01-01T05:19:00,payment-api,/transfer,Germany,115,58.53,60.74,1,success,,low,0
2026-01-01T05:19:30,trading-engine,/kyc,Germany,114,52.86,53.86,5,success,,low,0
2026-01-01T05:20:00,trading-engine,/kyc,India,507,74.41,75.87,4,db_failure,DB_CONNECTION_FAILURE,critical,9
2026-01-01T05:20:30,notification-service,/withdrawal,India,136,60.96,57.82,4,success,,low,0
2026-01-01T05:21:00,portfolio-service,/trade,Singapore,120,44.21,61.87,5,success,,low,0
2026-01-01T05:21:30,notification-service,/kyc,USA,113,71.93,56.78,5,success,,low,0
2026-01-01T05:22:00,payment-api,/transfer,USA,129,61.03,53.7,4,success,,low,0
2026-01-01T05:22:30,notification-service,/trade,Singapore,626,77.36,66.04,39,timeout,TIMEOUT_ERROR,critical,5
2026-01-01T05:23:00,portfolio-service,/portfolio,India,144,50.46,48.07,6,success,,low,0
2026-01-01T05:23:30,investment-engine,/trade,Singapore,99,60.66,63.06,2,success,,low,0
2026-01-01T05:24:00,trading-engine,/portfolio,UAE,134,59.44,55.47,4,success,,low,0
2026-01-01T05:24:30,auth-service,/portfolio,Singapore,761,70.35,63.27,31,timeout,TIMEOUT_ERROR,critical,7
2026-01-01T05:25:00,trading-engine,/kyc,India,137,60.96,59.32,5,success,,low,0
2026-01-01T05:25:30,payment-api,/kyc,USA,122,40.1,52.61,6,success,,low,0
2026-01-01T05:26:00,trading-engine,/payment,Singapore,100,53.43,51.37,1,success,,low,0
2026-01-01T05:26:30,trading-engine,/kyc,Germany,220,67.15,70.74,29,queue_delay,QUEUE_BACKPRESSURE,medium,2
2026-01-01T05:27:00,trading-engine,/trade,Singapore,112,51.61,61.38,7,success,,low,0
2026-01-01T05:27:30,trading-engine,/payment,Germany,103,50.89,59.62,6,success,,low,0
2026-01-01T05:28:00,fraud-detection,/payment,India,116,53.57,58.89,6,success,,low,0
2026-01-01T05:28:30,portfolio-service,/withdrawal,UAE,118,56.13,57.17,5,success,,low,0
2026-01-01T05:29:00,portfolio-service,/kyc,Singapore,96,45.92,50.39,4,success,,low,0
2026-01-01T05:29:30,investment-engine,/trade,Singapore,136,55.24,53.47,3,success,,low,0
2026-01-01T05:30:00,auth-service,/withdrawal,India,140,54.26,45.54,6,success,,low,0
2026-01-01T05:30:30,portfolio-service,/login,USA,143,51.42,64.28,4,success,,low,0
2026-01-01T05:31:00,notification-service,/payment,Singapore,426,75.36,79.27,3,db_failure,DB_CONNECTION_FAILURE,critical,7
2026-01-01T05:31:30,portfolio-service,/transfer,India,96,48.02,65.0,5,success,,low,0
2026-01-01T05:32:00,auth-service,/withdrawal,UAE,117,54.77,64.21,4,success,,low,0
2026-01-01T05:32:30,investment-engine,/payment,India,144,49.75,63.81,5,success,,low,0
2026-01-01T05:33:00,payment-api,/portfolio,Germany,89,47.95,67.91,6,success,,low,0
2026-01-01T05:33:30,payment-api,/kyc,Germany,121,50.04,79.79,3,success,,low,0
2026-01-01T05:34:00,fraud-detection,/trade,Singapore,98,61.98,74.8,2,success,,low,0
2026-01-01T05:34:30,fraud-detection,/payment,Germany,72,49.55,50.52,6,success,,low,0
2026-01-01T05:35:00,trading-engine,/portfolio,India,152,55.54,60.37,7,success,,low,0
2026-01-01T05:35:30,trading-engine,/payment,UAE,138,58.25,60.8,3,success,,low,0
2026-01-01T05:36:00,fraud-detection,/kyc,India,93,41.86,49.52,4,success,,low,0
2026-01-01T05:36:30,auth-service,/trade,Germany,114,50.21,93.4,1,success,,low,0
2026-01-01T05:37:00,investment-engine,/payment,Singapore,120,44.66,67.94,4,success,,low,0
2026-01-01T05:37:30,portfolio-service,/login,UAE,99,60.93,65.83,8,success,,low,0
2026-01-01T05:38:00,trading-engine,/portfolio,USA,368,43.96,61.72,9,high_latency,LATENCY_SPIKE,medium,4
2026-01-01T05:38:30,payment-api,/login,Germany,110,63.89,63.7,2,success,,low,0
2026-01-01T05:39:00,fraud-detection,/login,Germany,280,45.47,81.04,16,high_latency,LATENCY_SPIKE,medium,4
2026-01-01T05:39:30,payment-api,/withdrawal,UAE,156,50.56,58.26,3,success,,low,0
2026-01-01T05:40:00,portfolio-service,/login,Germany,135,66.93,75.37,6,success,,low,0
2026-01-01T05:40:30,trading-engine,/portfolio,USA,119,53.51,71.17,4,success,,low,0
2026-01-01T05:41:00,investment-engine,/portfolio,Singapore,118,61.38,60.13,3,success,,low,0
2026-01-01T05:41:30,trading-engine,/login,Germany,81,60.24,65.95,4,success,,low,0
2026-01-01T05:42:00,trading-engine,/kyc,Germany,152,73.34,50.42,5,success,,low,0
2026-01-01T05:42:30,auth-service,/kyc,USA,145,68.83,60.35,3,success,,low,0
2026-01-01T05:43:00,auth-service,/trade,India,118,49.61,78.31,3,success,,low,0
2026-01-01T05:43:30,fraud-detection,/payment,India,116,51.62,47.02,4,success,,low,0
2026-01-01T05:44:00,auth-service,/transfer,India,119,41.22,54.79,6,success,,low,0
2026-01-01T05:44:30,trading-engine,/login,Singapore,118,57.51,56.55,5,success,,low,0
2026-01-01T05:45:00,notification-service,/login,Singapore,655,75.24,50.28,38,timeout,TIMEOUT_ERROR,critical,8
2026-01-01T05:45:30,investment-engine,/trade,UAE,93,57.45,62.06,4,success,,low,0
2026-01-01T05:46:00,notification-service,/withdrawal,Germany,154,61.09,34.15,7,success,,low,0
2026-01-01T05:46:30,investment-engine,/payment,Singapore,89,55.84,51.95,3,success,,low,0
2026-01-01T05:47:00,fraud-detection,/withdrawal,Singapore,123,56.68,64.2,3,success,,low,0
2026-01-01T05:47:30,fraud-detection,/transfer,Germany,120,59.7,74.63,4,success,,low,0
2026-01-01T05:48:00,investment-engine,/transfer,India,93,55.64,64.91,5,success,,low,0
2026-01-01T05:48:30,investment-engine,/withdrawal,India,124,50.08,59.32,4,success,,low,0
2026-01-01T05:49:00,trading-engine,/withdrawal,USA,131,71.28,45.82,5,success,,low,0
2026-01-01T05:49:30,trading-engine,/withdrawal,India,120,39.91,63.52,7,success,,low,0
2026-01-01T05:50:00,trading-engine,/kyc,UAE,114,37.66,54.97,4,success,,low,0
2026-01-01T05:50:30,portfolio-service,/withdrawal,Singapore,108,57.33,54.08,3,success,,low,0
2026-01-01T05:51:00,fraud-detection,/kyc,Singapore,111,66.49,74.81,6,success,,low,0
2026-01-01T05:51:30,notification-service,/transfer,Germany,94,53.62,57.65,8,success,,low,0
2026-01-01T05:52:00,trading-engine,/kyc,Germany,161,60.26,59.47,1,success,,low,0
2026-01-01T05:52:30,trading-engine,/kyc,India,121,54.1,51.24,4,success,,low,0
2026-01-01T05:53:00,payment-api,/kyc,Germany,131,58.36,62.51,4,success,,low,0
2026-01-01T05:53:30,investment-engine,/payment,USA,96,54.99,75.31,6,success,,low,0
2026-01-01T05:54:00,notification-service,/portfolio,Singapore,289,61.22,62.68,60,queue_delay,QUEUE_BACKPRESSURE,medium,5
2026-01-01T05:54:30,investment-engine,/withdrawal,UAE,79,50.91,56.42,5,success,,low,0
2026-01-01T05:55:00,payment-api,/payment,India,130,58.03,39.67,2,success,,low,0
2026-01-01T05:55:30,investment-engine,/trade,India,138,49.42,58.58,1,success,,low,0
2026-01-01T05:56:00,auth-service,/payment,Singapore,106,51.57,67.33,6,success,,low,0
2026-01-01T05:56:30,investment-engine,/trade,USA,120,52.67,53.93,7,success,,low,0
2026-01-01T05:57:00,auth-service,/withdrawal,Germany,82,55.7,56.8,4,success,,low,0
2026-01-01T05:57:30,investment-engine,/withdrawal,Germany,447,81.99,67.72,3,db_failure,DB_CONNECTION_FAILURE,critical,7
2026-01-01T05:58:00,fraud-detection,/trade,Singapore,488,85.52,61.51,21,timeout,TIMEOUT_ERROR,critical,8
2026-01-01T05:58:30,investment-engine,/withdrawal,UAE,81,55.19,69.61,2,success,,low,0
2026-01-01T05:59:00,notification-service,/kyc,UAE,118,55.69,52.99,2,success,,low,0
2026-01-01T05:59:30,notification-service,/payment,Germany,115,49.93,61.57,6,success,,low,0
2026-01-01T06:00:00,trading-engine,/trade,Germany,105,67.32,47.99,5,success,,low,0
2026-01-01T06:00:30,portfolio-service,/transfer,UAE,76,55.71,54.59,5,success,,low,0
2026-01-01T06:01:00,investment-engine,/withdrawal,India,97,50.72,77.05,0,success,,low,0
2026-01-01T06:01:30,trading-engine,/withdrawal,Germany,101,47.93,58.78,3,success,,low,0
2026-01-01T06:02:00,investment-engine,/login,USA,106,43.47,59.69,6,success,,low,0
2026-01-01T06:02:30,investment-engine,/transfer,UAE,108,73.14,82.98,4,success,,low,0
2026-01-01T06:03:00,notification-service,/login,UAE,112,41.12,67.23,5,success,,low,0
2026-01-01T06:03:30,portfolio-service,/kyc,Germany,139,46.48,52.87,5,success,,low,0
2026-01-01T06:04:00,trading-engine,/login,Germany,117,46.31,53.54,4,success,,low,0
2026-01-01T06:04:30,trading-engine,/login,Germany,140,71.84,49.43,4,success,,low,0
2026-01-01T06:05:00,trading-engine,/trade,Singapore,403,67.45,52.51,18,high_latency,LATENCY_SPIKE,medium,4
2026-01-01T06:05:30,trading-engine,/payment,USA,102,52.22,51.34,7,success,,low,0
2026-01-01T06:06:00,fraud-detection,/portfolio,India,129,56.64,60.07,3,success,,low,0
2026-01-01T06:06:30,portfolio-service,/trade,UAE,131,48.07,59.89,6,success,,low,0
2026-01-01T06:07:00,payment-api,/payment,UAE,103,50.13,70.56,6,success,,low,0
2026-01-01T06:07:30,portfolio-service,/transfer,Singapore,108,51.76,66.83,3,success,,low,0
2026-01-01T06:08:00,notification-service,/kyc,Singapore,106,45.39,57.83,2,success,,low,0
2026-01-01T06:08:30,trading-engine,/portfolio,India,138,58.12,39.77,5,success,,low,0
2026-01-01T06:09:00,auth-service,/payment,Germany,136,49.18,59.56,4,success,,low,0
2026-01-01T06:09:30,investment-engine,/payment,Singapore,122,47.21,58.07,1,success,,low,0
2026-01-01T06:10:00,trading-engine,/payment,UAE,395,57.4,58.71,20,high_latency,LATENCY_SPIKE,medium,3
2026-01-01T06:10:30,fraud-detection,/portfolio,USA,133,56.31,65.1,3,success,,low,0
2026-01-01T06:11:00,trading-engine,/portfolio,Germany,165,61.4,74.1,5,success,,low,0
2026-01-01T06:11:30,investment-engine,/transfer,India,129,48.13,70.36,6,success,,low,0
2026-01-01T06:12:00,portfolio-service,/portfolio,Germany,131,54.85,53.01,1,success,,low,0
2026-01-01T06:12:30,investment-engine,/kyc,Germany,143,64.38,62.77,3,success,,low,0
2026-01-01T06:13:00,portfolio-service,/payment,Germany,145,68.75,68.87,4,success,,low,0
2026-01-01T06:13:30,portfolio-service,/transfer,Singapore,118,61.7,67.14,5,success,,low,0
2026-01-01T06:14:00,notification-service,/payment,USA,105,58.05,54.25,4,success,,low,0
2026-01-01T06:14:30,trading-engine,/trade,Germany,132,62.71,63.95,4,success,,low,0
2026-01-01T06:15:00,trading-engine,/portfolio,UAE,123,53.22,70.2,6,success,,low,0
2026-01-01T06:15:30,fraud-detection,/payment,Germany,92,51.86,58.02,6,success,,low,0
2026-01-01T06:16:00,fraud-detection,/portfolio,UAE,120,62.72,70.28,5,success,,low,0
2026-01-01T06:16:30,investment-engine,/kyc,USA,83,67.73,64.46,4,success,,low,0
2026-01-01T06:17:00,notification-service,/payment,USA,122,54.98,48.2,1,success,,low,0
2026-01-01T06:17:30,fraud-detection,/login,USA,145,56.42,59.97,6,success,,low,0
2026-01-01T06:18:00,trading-engine,/trade,Germany,104,52.74,29.09,4,success,,low,0
2026-01-01T06:18:30,notification-service,/payment,India,129,45.02,53.66,7,success,,low,0
2026-01-01T06:19:00,notification-service,/login,Singapore,121,54.21,58.23,4,success,,low,0
2026-01-01T06:19:30,trading-engine,/portfolio,Germany,123,71.09,48.33,0,success,,low,0
2026-01-01T06:20:00,payment-api,/transfer,Germany,162,47.43,57.6,4,success,,low,0
2026-01-01T06:20:30,auth-service,/transfer,Singapore,112,62.23,58.74,4,success,,low,0
2026-01-01T06:21:00,payment-api,/login,UAE,118,55.47,60.25,4,success,,low,0
2026-01-01T06:21:30,trading-engine,/withdrawal,India,130,48.24,77.07,5,success,,low,0
2026-01-01T06:22:00,payment-api,/login,Singapore,649,75.24,66.9,18,timeout,TIMEOUT_ERROR,critical,5
2026-01-01T06:22:30,portfolio-service,/withdrawal,Germany,111,54.76,57.41,7,success,,low,0
2026-01-01T06:23:00,auth-service,/portfolio,UAE,142,72.01,60.89,4,success,,low,0
2026-01-01T06:23:30,payment-api,/portfolio,USA,137,56.09,60.65,3,success,,low,0
2026-01-01T06:24:00,trading-engine,/payment,USA,129,58.87,61.15,3,success,,low,0
2026-01-01T06:24:30,auth-service,/portfolio,India,123,55.9,65.79,2,success,,low,0
2026-01-01T06:25:00,fraud-detection,/portfolio,USA,96,48.87,69.87,5,success,,low,0
2026-01-01T06:25:30,notification-service,/transfer,UAE,109,67.06,63.5,4,success,,low,0
2026-01-01T06:26:00,notification-service,/transfer,India,120,47.95,62.29,5,success,,low,0
2026-01-01T06:26:30,trading-engine,/login,UAE,108,58.45,58.15,1,success,,low,0
2026-01-01T06:27:00,notification-service,/portfolio,USA,89,62.38,73.15,6,success,,low,0
2026-01-01T06:27:30,payment-api,/payment,Singapore,138,51.4,68.98,4,success,,low,0
2026-01-01T06:28:00,trading-engine,/payment,Singapore,173,51.33,62.18,6,success,,low,0
2026-01-01T06:28:30,auth-service,/transfer,Germany,147,53.48,43.56,4,success,,low,0
2026-01-01T06:29:00,investment-engine,/kyc,Germany,104,55.14,66.38,3,success,,low,0
2026-01-01T06:29:30,notification-service,/trade,UAE,373,57.33,64.95,18,high_latency,LATENCY_SPIKE,medium,4
2026-01-01T06:30:00,investment-engine,/portfolio,Singapore,133,74.13,53.73,0,success,,low,0
2026-01-01T06:30:30,notification-service,/kyc,Singapore,136,48.2,65.86,7,success,,low,0
2026-01-01T06:31:00,investment-engine,/portfolio,USA,100,60.59,74.0,4,success,,low,0
2026-01-01T06:31:30,trading-engine,/transfer,India,97,59.89,69.37,5,success,,low,0
2026-01-01T06:32:00,investment-engine,/kyc,Singapore,128,66.12,61.48,3,success,,low,0
2026-01-01T06:32:30,auth-service,/withdrawal,Germany,118,68.98,59.68,5,success,,low,0
2026-01-01T06:33:00,notification-service,/portfolio,USA,109,56.98,70.46,5,success,,low,0
2026-01-01T06:33:30,auth-service,/withdrawal,Germany,116,62.97,66.02,5,success,,low,0
2026-01-01T06:34:00,fraud-detection,/payment,USA,554,79.28,79.98,6,db_failure,DB_CONNECTION_FAILURE,critical,6
2026-01-01T06:34:30,fraud-detection,/transfer,India,146,42.47,51.01,6,success,,low,0
2026-01-01T06:35:00,notification-service,/portfolio,USA,155,62.38,59.16,2,success,,low,0
2026-01-01T06:35:30,investment-engine,/kyc,USA,100,58.31,65.68,2,success,,low,0
2026-01-01T06:36:00,investment-engine,/trade,Germany,138,40.16,71.25,5,success,,low,0
2026-01-01T06:36:30,payment-api,/trade,Singapore,174,62.65,67.94,7,success,,low,0
2026-01-01T06:37:00,notification-service,/login,UAE,120,54.48,52.39,6,success,,low,0
2026-01-01T06:37:30,investment-engine,/portfolio,USA,131,53.31,56.29,3,success,,low,0
2026-01-01T06:38:00,payment-api,/kyc,Germany,145,47.9,72.59,6,success,,low,0
2026-01-01T06:38:30,portfolio-service,/portfolio,Germany,99,54.7,67.43,3,success,,low,0
2026-01-01T06:39:00,investment-engine,/kyc,Singapore,116,59.27,83.17,6,success,,low,0
2026-01-01T06:39:30,portfolio-service,/payment,Singapore,91,64.11,56.63,9,success,,low,0
2026-01-01T06:40:00,fraud-detection,/kyc,Germany,111,60.7,48.35,2,success,,low,0
2026-01-01T06:40:30,payment-api,/login,Singapore,102,62.58,62.38,6,success,,low,0
2026-01-01T06:41:00,fraud-detection,/trade,Germany,104,50.93,52.29,4,success,,low,0
2026-01-01T06:41:30,fraud-detection,/transfer,India,558,63.55,75.7,5,db_failure,DB_CONNECTION_FAILURE,critical,6
2026-01-01T06:42:00,notification-service,/transfer,USA,100,44.45,70.72,5,success,,low,0
2026-01-01T06:42:30,payment-api,/kyc,Germany,132,54.66,45.05,6,success,,low,0
2026-01-01T06:43:00,trading-engine,/transfer,India,95,46.2,75.46,5,success,,low,0
2026-01-01T06:43:30,notification-service,/portfolio,USA,115,62.97,68.59,4,success,,low,0
2026-01-01T06:44:00,trading-engine,/withdrawal,India,113,49.07,57.08,3,success,,low,0
2026-01-01T06:44:30,notification-service,/login,Singapore,225,59.33,70.99,37,queue_delay,QUEUE_BACKPRESSURE,medium,2
2026-01-01T06:45:00,portfolio-service,/payment,UAE,422,63.43,85.51,4,db_failure,DB_CONNECTION_FAILURE,critical,7
2026-01-01T06:45:30,fraud-detection,/withdrawal,India,119,48.99,58.94,3,success,,low,0
2026-01-01T06:46:00,trading-engine,/withdrawal,India,138,62.73,52.25,0,success,,low,0
2026-01-01T06:46:30,investment-engine,/trade,Singapore,456,69.24,68.3,7,high_latency,LATENCY_SPIKE,medium,3
2026-01-01T06:47:00,portfolio-service,/kyc,USA,102,51.15,73.17,5,success,,low,0
2026-01-01T06:47:30,investment-engine,/trade,Germany,98,46.17,65.97,5,success,,low,0
2026-01-01T06:48:00,notification-service,/payment,Germany,127,53.24,68.18,5,success,,low,0
2026-01-01T06:48:30,trading-engine,/withdrawal,India,75,43.77,50.07,5,success,,low,0
2026-01-01T06:49:00,portfolio-service,/trade,Singapore,427,48.69,50.06,11,high_latency,LATENCY_SPIKE,medium,5
2026-01-01T06:49:30,payment-api,/withdrawal,India,668,81.04,61.51,25,timeout,TIMEOUT_ERROR,critical,5
2026-01-01T06:50:00,trading-engine,/trade,India,125,50.5,62.33,3,success,,low,0
2026-01-01T06:50:30,auth-service,/withdrawal,UAE,85,52.9,66.69,1,success,,low,0
2026-01-01T06:51:00,fraud-detection,/trade,Germany,88,59.29,33.79,5,success,,low,0
2026-01-01T06:51:30,investment-engine,/portfolio,UAE,105,61.64,43.5,2,success,,low,0
2026-01-01T06:52:00,auth-service,/withdrawal,India,115,47.75,66.44,4,success,,low,0
2026-01-01T06:52:30,auth-service,/payment,USA,99,57.21,56.44,4,success,,low,0
2026-01-01T06:53:00,fraud-detection,/portfolio,Germany,151,61.71,74.7,7,success,,low,0
2026-01-01T06:53:30,investment-engine,/login,UAE,131,65.51,59.5,5,success,,low,0
2026-01-01T06:54:00,fraud-detection,/withdrawal,India,165,62.52,53.72,2,success,,low,0
2026-01-01T06:54:30,payment-api,/transfer,India,92,50.22,67.43,0,success,,low,0
2026-01-01T06:55:00,notification-service,/login,USA,112,52.68,58.26,6,success,,low,0
2026-01-01T06:55:30,portfolio-service,/login,India,124,61.27,72.11,3,success,,low,0
2026-01-01T06:56:00,payment-api,/payment,UAE,135,58.47,60.93,7,success,,low,0
2026-01-01T06:56:30,notification-service,/portfolio,USA,135,54.34,60.34,3,success,,low,0
2026-01-01T06:57:00,auth-service,/payment,India,76,54.64,44.17,6,success,,low,0
2026-01-01T06:57:30,trading-engine,/transfer,Singapore,107,59.53,60.48,7,success,,low,0
2026-01-01T06:58:00,investment-engine,/transfer,Germany,124,63.03,59.55,3,success,,low,0
2026-01-01T06:58:30,payment-api,/portfolio,India,129,54.65,61.08,7,success,,low,0
2026-01-01T06:59:00,investment-engine,/transfer,USA,131,52.9,70.23,6,success,,low,0
2026-01-01T06:59:30,trading-engine,/transfer,Germany,115,73.99,48.05,4,success,,low,0
2026-01-01T07:00:00,auth-service,/login,Singapore,133,64.36,54.93,5,success,,low,0
2026-01-01T07:00:30,notification-service,/kyc,UAE,100,44.7,62.26,3,success,,low,0
2026-01-01T07:01:00,portfolio-service,/transfer,UAE,160,45.17,49.34,6,success,,low,0
2026-01-01T07:01:30,portfolio-service,/trade,USA,134,45.81,40.18,4,success,,low,0
2026-01-01T07:02:00,payment-api,/withdrawal,UAE,152,51.04,49.97,5,success,,low,0
2026-01-01T07:02:30,portfolio-service,/withdrawal,UAE,293,51.98,77.84,37,queue_delay,QUEUE_BACKPRESSURE,medium,5
2026-01-01T07:03:00,payment-api,/withdrawal,USA,95,46.84,71.53,6,success,,low,0
2026-01-01T07:03:30,fraud-detection,/payment,Singapore,114,61.27,60.31,7,success,,low,0
2026-01-01T07:04:00,auth-service,/payment,India,118,61.25,66.93,5,success,,low,0
2026-01-01T07:04:30,portfolio-service,/trade,India,421,50.19,46.7,8,high_latency,LATENCY_SPIKE,medium,2
2026-01-01T07:05:00,trading-engine,/portfolio,India,116,50.92,56.23,1,success,,low,0
2026-01-01T07:05:30,payment-api,/kyc,India,140,67.04,55.35,3,success,,low,0
2026-01-01T07:06:00,portfolio-service,/trade,India,89,53.88,57.01,5,success,,low,0
2026-01-01T07:06:30,investment-engine,/portfolio,UAE,146,54.37,55.06,4,success,,low,0
2026-01-01T07:07:00,auth-service,/payment,India,112,60.63,43.46,1,success,,low,0
2026-01-01T07:07:30,notification-service,/payment,Germany,117,42.34,44.16,1,success,,low,0
2026-01-01T07:08:00,portfolio-service,/kyc,UAE,159,56.68,62.36,3,success,,low,0
2026-01-01T07:08:30,investment-engine,/portfolio,Singapore,122,57.1,77.02,4,success,,low,0
2026-01-01T07:09:00,investment-engine,/transfer,Singapore,103,46.72,72.25,8,success,,low,0
2026-01-01T07:09:30,investment-engine,/portfolio,Germany,114,49.67,54.23,5,success,,low,0
2026-01-01T07:10:00,notification-service,/trade,USA,110,56.96,54.39,8,success,,low,0
2026-01-01T07:10:30,portfolio-service,/payment,India,155,61.73,51.4,4,success,,low,0
2026-01-01T07:11:00,fraud-detection,/portfolio,Singapore,132,65.93,61.5,4,success,,low,0
2026-01-01T07:11:30,portfolio-service,/trade,Singapore,105,46.87,52.19,5,success,,low,0
2026-01-01T07:12:00,portfolio-service,/withdrawal,Singapore,134,49.72,43.92,3,success,,low,0
2026-01-01T07:12:30,investment-engine,/trade,India,146,59.0,44.46,9,success,,low,0
2026-01-01T07:13:00,notification-service,/withdrawal,India,121,53.48,61.54,6,success,,low,0
2026-01-01T07:13:30,portfolio-service,/trade,USA,122,63.96,56.19,6,success,,low,0
2026-01-01T07:14:00,notification-service,/kyc,Germany,133,58.59,70.38,3,success,,low,0
2026-01-01T07:14:30,fraud-detection,/trade,UAE,107,52.33,53.52,5,success,,low,0
2026-01-01T07:15:00,trading-engine,/transfer,India,836,75.19,59.22,12,timeout,TIMEOUT_ERROR,critical,9
2026-01-01T07:15:30,portfolio-service,/kyc,UAE,102,44.58,66.45,6,success,,low,0
2026-01-01T07:16:00,payment-api,/trade,Germany,654,91.59,61.47,31,timeout,TIMEOUT_ERROR,critical,7
2026-01-01T07:16:30,trading-engine,/withdrawal,Singapore,121,60.69,64.39,6,success,,low,0
2026-01-01T07:17:00,portfolio-service,/transfer,USA,101,54.6,68.55,6,success,,low,0
2026-01-01T07:17:30,portfolio-service,/transfer,Singapore,133,58.48,58.98,9,success,,low,0
2026-01-01T07:18:00,notification-service,/withdrawal,India,135,54.15,61.07,3,success,,low,0
2026-01-01T07:18:30,auth-service,/payment,USA,105,36.13,56.01,2,success,,low,0
2026-01-01T07:19:00,fraud-detection,/withdrawal,India,104,55.26,46.95,3,success,,low,0
2026-01-01T07:19:30,portfolio-service,/withdrawal,India,135,58.94,60.84,3,success,,low,0
2026-01-01T07:20:00,investment-engine,/login,USA,116,55.11,65.91,6,success,,low,0
2026-01-01T07:20:30,payment-api,/payment,Singapore,93,48.37,61.17,7,success,,low,0
2026-01-01T07:21:00,auth-service,/transfer,USA,137,67.79,56.34,5,success,,low,0
2026-01-01T07:21:30,notification-service,/trade,Germany,392,54.79,69.39,7,high_latency,LATENCY_SPIKE,medium,4
2026-01-01T07:22:00,trading-engine,/portfolio,India,132,48.03,65.19,4,success,,low,0
2026-01-01T07:22:30,payment-api,/login,Singapore,121,62.05,63.83,4,success,,low,0
2026-01-01T07:23:00,portfolio-service,/login,UAE,105,56.9,56.31,6,success,,low,0
2026-01-01T07:23:30,fraud-detection,/trade,Germany,128,64.47,59.84,6,success,,low,0
2026-01-01T07:24:00,fraud-detection,/portfolio,Germany,127,75.25,47.71,7,success,,low,0
2026-01-01T07:24:30,notification-service,/trade,Singapore,412,69.02,61.0,38,timeout,TIMEOUT_ERROR,critical,10
2026-01-01T07:25:00,portfolio-service,/trade,UAE,118,49.54,58.05,4,success,,low,0
2026-01-01T07:25:30,portfolio-service,/trade,UAE,83,43.86,55.91,8,success,,low,0
2026-01-01T07:26:00,trading-engine,/payment,Singapore,107,42.98,73.91,5,success,,low,0
2026-01-01T07:26:30,notification-service,/transfer,India,697,84.4,60.9,38,timeout,TIMEOUT_ERROR,critical,7
2026-01-01T07:27:00,auth-service,/payment,Germany,106,68.48,70.18,1,success,,low,0
2026-01-01T07:27:30,fraud-detection,/transfer,Germany,244,58.37,56.14,48,queue_delay,QUEUE_BACKPRESSURE,medium,4
2026-01-01T07:28:00,investment-engine,/withdrawal,Singapore,106,45.03,45.94,5,success,,low,0
2026-01-01T07:28:30,payment-api,/login,UAE,125,59.79,62.41,4,success,,low,0
2026-01-01T07:29:00,investment-engine,/withdrawal,Germany,137,70.45,67.04,6,success,,low,0
2026-01-01T07:29:30,investment-engine,/transfer,UAE,119,53.9,39.42,4,success,,low,0
2026-01-01T07:30:00,payment-api,/withdrawal,Germany,142,55.55,45.01,6,success,,low,0
2026-01-01T07:30:30,investment-engine,/payment,Germany,294,69.11,60.6,59,queue_delay,QUEUE_BACKPRESSURE,medium,3
2026-01-01T07:31:00,payment-api,/payment,Singapore,108,43.23,52.24,8,success,,low,0
2026-01-01T07:31:30,notification-service,/trade,India,148,65.4,54.98,6,success,,low,0
2026-01-01T07:32:00,notification-service,/withdrawal,Singapore,129,58.54,67.46,7,success,,low,0
2026-01-01T07:32:30,fraud-detection,/trade,India,111,48.97,60.14,7,success,,low,0
2026-01-01T07:33:00,fraud-detection,/kyc,USA,133,53.77,63.21,5,success,,low,0
2026-01-01T07:33:30,investment-engine,/portfolio,USA,109,48.46,71.72,2,success,,low,0
2026-01-01T07:34:00,trading-engine,/transfer,Germany,141,62.39,59.02,5,success,,low,0
2026-01-01T07:34:30,payment-api,/kyc,India,125,53.64,56.94,7,success,,low,0
2026-01-01T07:35:00,portfolio-service,/payment,Germany,122,55.56,58.35,3,success,,low,0
2026-01-01T07:35:30,notification-service,/trade,India,136,50.76,63.15,2,success,,low,0
2026-01-01T07:36:00,auth-service,/login,UAE,122,69.93,61.22,7,success,,low,0
2026-01-01T07:36:30,trading-engine,/transfer,Singapore,109,49.24,39.86,5,success,,low,0
2026-01-01T07:37:00,payment-api,/kyc,Singapore,129,49.9,55.6,0,success,,low,0
2026-01-01T07:37:30,payment-api,/trade,Singapore,150,55.36,51.87,4,success,,low,0
2026-01-01T07:38:00,auth-service,/trade,India,132,45.7,54.87,2,success,,low,0
2026-01-01T07:38:30,investment-engine,/kyc,India,82,58.01,54.36,0,success,,low,0
2026-01-01T07:39:00,fraud-detection,/login,USA,84,68.73,47.68,3,success,,low,0
2026-01-01T07:39:30,auth-service,/kyc,Singapore,158,61.58,43.28,0,success,,low,0
2026-01-01T07:40:00,notification-service,/trade,Singapore,151,61.74,48.95,5,success,,low,0
2026-01-01T07:40:30,payment-api,/portfolio,Germany,88,63.87,57.96,1,success,,low,0
2026-01-01T07:41:00,payment-api,/trade,India,106,57.14,56.8,2,success,,low,0
2026-01-01T07:41:30,auth-service,/trade,Singapore,147,45.3,75.56,5,success,,low,0
2026-01-01T07:42:00,fraud-detection,/withdrawal,India,86,58.45,69.5,3,success,,low,0
2026-01-01T07:42:30,portfolio-service,/payment,Singapore,357,49.67,59.78,15,high_latency,LATENCY_SPIKE,medium,5
2026-01-01T07:43:00,investment-engine,/kyc,Germany,97,61.4,39.64,9,success,,low,0
2026-01-01T07:43:30,fraud-detection,/trade,USA,123,41.0,58.62,4,success,,low,0
2026-01-01T07:44:00,investment-engine,/kyc,India,608,66.47,99.31,6,db_failure,DB_CONNECTION_FAILURE,critical,5
2026-01-01T07:44:30,notification-service,/kyc,UAE,98,54.6,58.43,5,success,,low,0
2026-01-01T07:45:00,fraud-detection,/kyc,USA,152,54.46,68.29,4,success,,low,0
2026-01-01T07:45:30,trading-engine,/portfolio,Singapore,144,61.15,51.6,6,success,,low,0
2026-01-01T07:46:00,fraud-detection,/transfer,UAE,113,58.6,68.55,7,success,,low,0
2026-01-01T07:46:30,payment-api,/trade,UAE,128,70.06,53.26,4,success,,low,0
2026-01-01T07:47:00,portfolio-service,/withdrawal,UAE,127,53.81,58.61,5,success,,low,0
2026-01-01T07:47:30,notification-service,/kyc,USA,124,64.2,58.23,6,success,,low,0
2026-01-01T07:48:00,fraud-detection,/portfolio,USA,130,54.95,51.45,4,success,,low,0
2026-01-01T07:48:30,auth-service,/withdrawal,India,127,69.21,35.22,9,success,,low,0
2026-01-01T07:49:00,portfolio-service,/login,Singapore,134,55.85,51.6,3,success,,low,0
2026-01-01T07:49:30,investment-engine,/payment,Germany,90,57.21,81.82,6,success,,low,0
2026-01-01T07:50:00,investment-engine,/transfer,USA,144,61.83,72.46,3,success,,low,0
2026-01-01T07:50:30,fraud-detection,/withdrawal,Germany,125,69.75,57.12,6,success,,low,0
2026-01-01T07:51:00,payment-api,/portfolio,Germany,162,44.06,48.41,1,success,,low,0
2026-01-01T07:51:30,portfolio-service,/kyc,Singapore,130,67.84,46.49,4,success,,low,0
2026-01-01T07:52:00,portfolio-service,/trade,UAE,118,67.52,64.54,4,success,,low,0
2026-01-01T07:52:30,fraud-detection,/portfolio,UAE,103,53.14,65.63,4,success,,low,0
2026-01-01T07:53:00,notification-service,/payment,Singapore,612,66.91,69.9,1,db_failure,DB_CONNECTION_FAILURE,critical,5
2026-01-01T07:53:30,trading-engine,/trade,USA,121,53.28,57.13,2,success,,low,0
2026-01-01T07:54:00,auth-service,/transfer,Singapore,137,58.37,56.74,6,success,,low,0
2026-01-01T07:54:30,portfolio-service,/portfolio,UAE,100,72.54,58.84,6,success,,low,0
2026-01-01T07:55:00,investment-engine,/trade,UAE,114,61.02,59.72,1,success,,low,0
2026-01-01T07:55:30,trading-engine,/kyc,India,126,65.25,44.9,4,success,,low,0
2026-01-01T07:56:00,notification-service,/transfer,UAE,138,54.49,50.13,2,success,,low,0
2026-01-01T07:56:30,investment-engine,/login,Germany,125,47.87,72.83,5,success,,low,0
2026-01-01T07:57:00,portfolio-service,/portfolio,Germany,450,58.76,39.51,19,high_latency,LATENCY_SPIKE,medium,3
2026-01-01T07:57:30,investment-engine,/payment,UAE,106,58.69,74.04,2,success,,low,0
2026-01-01T07:58:00,fraud-detection,/login,Singapore,107,55.76,58.24,4,success,,low,0
2026-01-01T07:58:30,auth-service,/transfer,Germany,125,56.35,53.42,2,success,,low,0
2026-01-01T07:59:00,fraud-detection,/withdrawal,India,127,62.29,68.05,8,success,,low,0
2026-01-01T07:59:30,trading-engine,/transfer,Germany,128,69.55,77.69,4,success,,low,0
2026-01-01T08:00:00,investment-engine,/portfolio,Singapore,112,58.82,66.03,4,success,,low,0
2026-01-01T08:00:30,notification-service,/transfer,India,122,62.75,56.66,3,success,,low,0
2026-01-01T08:01:00,payment-api,/kyc,India,130,42.45,53.19,3,success,,low,0
2026-01-01T08:01:30,investment-engine,/payment,Germany,76,59.34,65.24,7,success,,low,0
2026-01-01T08:02:00,portfolio-service,/payment,Germany,122,50.7,52.79,3,success,,low,0
2026-01-01T08:02:30,payment-api,/transfer,UAE,121,36.36,64.45,6,success,,low,0
2026-01-01T08:03:00,portfolio-service,/kyc,USA,473,81.98,70.31,3,db_failure,DB_CONNECTION_FAILURE,critical,8
2026-01-01T08:03:30,trading-engine,/withdrawal,Germany,98,65.37,63.74,6,success,,low,0
2026-01-01T08:04:00,fraud-detection,/portfolio,India,128,50.15,52.95,5,success,,low,0
2026-01-01T08:04:30,portfolio-service,/payment,USA,132,57.56,57.86,13,success,,low,0
2026-01-01T08:05:00,auth-service,/portfolio,India,693,72.75,69.33,22,timeout,TIMEOUT_ERROR,critical,9
2026-01-01T08:05:30,fraud-detection,/withdrawal,USA,112,55.14,59.66,8,success,,low,0
2026-01-01T08:06:00,payment-api,/portfolio,Singapore,136,56.77,67.43,5,success,,low,0
2026-01-01T08:06:30,portfolio-service,/withdrawal,India,110,51.35,69.37,5,success,,low,0
2026-01-01T08:07:00,notification-service,/payment,UAE,830,88.18,36.93,46,timeout,TIMEOUT_ERROR,critical,9
2026-01-01T08:07:30,fraud-detection,/portfolio,India,130,60.5,60.61,4,success,,low,0
2026-01-01T08:08:00,auth-service,/transfer,India,138,54.92,56.84,7,success,,low,0
2026-01-01T08:08:30,investment-engine,/login,Germany,121,50.32,77.37,2,success,,low,0
2026-01-01T08:09:00,investment-engine,/transfer,UAE,102,50.82,59.98,3,success,,low,0
2026-01-01T08:09:30,auth-service,/portfolio,UAE,88,56.78,71.39,5,success,,low,0
2026-01-01T08:10:00,fraud-detection,/portfolio,Singapore,129,50.21,51.16,5,success,,low,0
2026-01-01T08:10:30,notification-service,/portfolio,India,107,57.43,62.98,7,success,,low,0
2026-01-01T08:11:00,auth-service,/trade,UAE,128,60.73,45.95,4,success,,low,0
2026-01-01T08:11:30,payment-api,/portfolio,Germany,107,44.78,65.62,7,success,,low,0
2026-01-01T08:12:00,trading-engine,/portfolio,Singapore,126,59.11,66.96,10,success,,low,0
2026-01-01T08:12:30,investment-engine,/login,UAE,134,45.33,59.31,5,success,,low,0
2026-01-01T08:13:00,portfolio-service,/trade,USA,139,50.66,75.29,4,success,,low,0
2026-01-01T08:13:30,auth-service,/kyc,USA,113,57.42,66.22,5,success,,low,0
2026-01-01T08:14:00,auth-service,/payment,India,149,78.42,63.85,5,success,,low,0
2026-01-01T08:14:30,notification-service,/login,UAE,165,58.94,53.17,6,success,,low,0
2026-01-01T08:15:00,notification-service,/trade,Germany,117,43.55,71.25,4,success,,low,0
2026-01-01T08:15:30,trading-engine,/transfer,UAE,95,48.77,59.96,6,success,,low,0
2026-01-01T08:16:00,auth-service,/kyc,USA,106,45.08,61.84,6,success,,low,0
2026-01-01T08:16:30,portfolio-service,/login,Germany,132,54.33,48.36,3,success,,low,0
2026-01-01T08:17:00,portfolio-service,/withdrawal,USA,121,48.97,65.06,4,success,,low,0
2026-01-01T08:17:30,payment-api,/login,UAE,138,54.92,61.51,3,success,,low,0
2026-01-01T08:18:00,auth-service,/payment,Singapore,134,58.05,65.39,1,success,,low,0
2026-01-01T08:18:30,notification-service,/kyc,India,110,56.71,69.04,5,success,,low,0
2026-01-01T08:19:00,investment-engine,/kyc,USA,132,53.95,45.6,5,success,,low,0
2026-01-01T08:19:30,auth-service,/withdrawal,Singapore,120,59.12,76.44,2,success,,low,0
2026-01-01T08:20:00,investment-engine,/transfer,USA,113,50.5,62.87,5,success,,low,0
2026-01-01T08:20:30,portfolio-service,/login,Germany,236,60.51,70.21,33,queue_delay,QUEUE_BACKPRESSURE,medium,4
2026-01-01T08:21:00,notification-service,/kyc,Germany,109,41.46,55.93,0,success,,low,0
2026-01-01T08:21:30,trading-engine,/login,UAE,120,54.19,51.43,5,success,,low,0
2026-01-01T08:22:00,notification-service,/withdrawal,Singapore,826,77.3,77.14,24,timeout,TIMEOUT_ERROR,critical,8
2026-01-01T08:22:30,trading-engine,/withdrawal,USA,105,57.56,56.72,4,success,,low,0
2026-01-01T08:23:00,trading-engine,/transfer,India,121,66.84,75.9,7,success,,low,0
2026-01-01T08:23:30,fraud-detection,/kyc,USA,114,52.61,61.09,5,success,,low,0
2026-01-01T08:24:00,auth-service,/login,UAE,131,62.63,58.95,4,success,,low,0
2026-01-01T08:24:30,investment-engine,/payment,USA,135,46.99,64.41,3,success,,low,0
2026-01-01T08:25:00,notification-service,/withdrawal,USA,108,66.78,56.17,5,success,,low,0
2026-01-01T08:25:30,fraud-detection,/transfer,Singapore,82,58.91,47.37,6,success,,low,0
2026-01-01T08:26:00,auth-service,/kyc,India,637,65.49,65.46,38,timeout,TIMEOUT_ERROR,critical,8
2026-01-01T08:26:30,fraud-detection,/portfolio,Germany,124,60.29,61.0,4,success,,low,0
2026-01-01T08:27:00,portfolio-service,/payment,India,137,41.96,54.64,8,success,,low,0
2026-01-01T08:27:30,auth-service,/trade,India,99,68.83,59.66,2,success,,low,0
2026-01-01T08:28:00,auth-service,/portfolio,Singapore,116,59.34,45.35,3,success,,low,0
2026-01-01T08:28:30,portfolio-service,/withdrawal,UAE,143,66.32,59.74,10,success,,low,0
2026-01-01T08:29:00,notification-service,/trade,UAE,50,54.28,52.51,3,success,,low,0
2026-01-01T08:29:30,notification-service,/withdrawal,Singapore,128,63.71,59.43,6,success,,low,0
2026-01-01T08:30:00,portfolio-service,/payment,Singapore,118,60.72,63.32,8,success,,low,0
2026-01-01T08:30:30,investment-engine,/transfer,Singapore,175,57.12,72.62,3,success,,low,0
2026-01-01T08:31:00,investment-engine,/kyc,Germany,110,53.91,60.86,6,success,,low,0
2026-01-01T08:31:30,portfolio-service,/login,Singapore,119,49.49,54.77,3,success,,low,0
2026-01-01T08:32:00,portfolio-service,/withdrawal,India,111,36.06,60.48,1,success,,low,0
2026-01-01T08:32:30,portfolio-service,/trade,USA,142,52.47,53.03,4,success,,low,0
2026-01-01T08:33:00,fraud-detection,/login,Germany,143,53.77,50.29,3,success,,low,0
2026-01-01T08:33:30,investment-engine,/transfer,USA,138,29.44,68.05,6,success,,low,0
2026-01-01T08:34:00,trading-engine,/login,UAE,132,51.72,49.23,2,success,,low,0
2026-01-01T08:34:30,notification-service,/trade,Germany,70,40.02,88.99,4,success,,low,0
2026-01-01T08:35:00,fraud-detection,/portfolio,Singapore,141,61.55,41.57,0,success,,low,0
2026-01-01T08:35:30,portfolio-service,/portfolio,Germany,113,55.37,60.9,4,success,,low,0
2026-01-01T08:36:00,investment-engine,/transfer,Germany,113,52.19,57.22,4,success,,low,0
2026-01-01T08:36:30,trading-engine,/payment,UAE,114,43.15,41.38,3,success,,low,0
2026-01-01T08:37:00,fraud-detection,/trade,India,97,53.06,49.95,5,success,,low,0
2026-01-01T08:37:30,payment-api,/transfer,USA,134,65.07,73.86,4,success,,low,0
2026-01-01T08:38:00,trading-engine,/kyc,Germany,159,61.56,69.52,5,success,,low,0
2026-01-01T08:38:30,investment-engine,/portfolio,UAE,310,47.9,54.68,13,high_latency,LATENCY_SPIKE,medium,2
2026-01-01T08:39:00,payment-api,/withdrawal,UAE,125,58.1,67.0,9,success,,low,0
2026-01-01T08:39:30,auth-service,/trade,Germany,145,65.57,62.99,5,success,,low,0
2026-01-01T08:40:00,trading-engine,/kyc,Germany,111,49.52,77.13,2,success,,low,0
2026-01-01T08:40:30,payment-api,/payment,USA,384,57.01,67.85,6,high_latency,LATENCY_SPIKE,medium,2
2026-01-01T08:41:00,notification-service,/trade,USA,88,58.0,65.16,4,success,,low,0
2026-01-01T08:41:30,investment-engine,/trade,UAE,154,57.58,68.63,3,success,,low,0
2026-01-01T08:42:00,payment-api,/transfer,Singapore,137,69.23,50.44,3,success,,low,0
2026-01-01T08:42:30,trading-engine,/transfer,USA,136,47.75,74.86,5,success,,low,0
2026-01-01T08:43:00,fraud-detection,/kyc,India,127,46.1,53.68,5,success,,low,0
2026-01-01T08:43:30,portfolio-service,/login,India,228,52.87,59.43,32,queue_delay,QUEUE_BACKPRESSURE,medium,3
2026-01-01T08:44:00,auth-service,/portfolio,Singapore,137,47.98,69.66,4,success,,low,0
2026-01-01T08:44:30,fraud-detection,/payment,India,137,55.5,52.95,5,success,,low,0
2026-01-01T08:45:00,investment-engine,/portfolio,Singapore,104,49.92,50.77,0,success,,low,0
2026-01-01T08:45:30,investment-engine,/withdrawal,Germany,130,48.87,78.61,2,success,,low,0
2026-01-01T08:46:00,investment-engine,/trade,Singapore,151,42.58,73.64,1,success,,low,0
2026-01-01T08:46:30,auth-service,/transfer,USA,160,42.13,61.56,9,success,,low,0
2026-01-01T08:47:00,fraud-detection,/withdrawal,Singapore,120,56.95,49.54,3,success,,low,0
2026-01-01T08:47:30,investment-engine,/trade,Germany,115,51.1,60.33,3,success,,low,0
2026-01-01T08:48:00,investment-engine,/kyc,USA,128,61.82,48.59,8,success,,low,0
2026-01-01T08:48:30,auth-service,/trade,Germany,145,48.56,64.83,3,success,,low,0
2026-01-01T08:49:00,trading-engine,/payment,UAE,60,66.65,72.17,3,success,,low,0
2026-01-01T08:49:30,portfolio-service,/withdrawal,India,125,57.38,65.49,1,success,,low,0
2026-01-01T08:50:00,notification-service,/login,Germany,126,70.31,63.41,3,success,,low,0
2026-01-01T08:50:30,investment-engine,/transfer,Germany,125,50.06,60.97,4,success,,low,0
2026-01-01T08:51:00,investment-engine,/portfolio,India,137,45.88,46.3,5,success,,low,0
2026-01-01T08:51:30,notification-service,/kyc,UAE,112,72.52,50.71,3,success,,low,0
2026-01-01T08:52:00,trading-engine,/withdrawal,Singapore,103,63.17,55.36,7,success,,low,0
2026-01-01T08:52:30,portfolio-service,/transfer,Germany,83,43.46,57.9,2,success,,low,0
2026-01-01T08:53:00,portfolio-service,/trade,Germany,146,44.35,57.87,6,success,,low,0
2026-01-01T08:53:30,notification-service,/trade,USA,147,42.42,74.68,5,success,,low,0
2026-01-01T08:54:00,trading-engine,/transfer,Germany,114,41.76,68.76,3,success,,low,0
2026-01-01T08:54:30,fraud-detection,/transfer,USA,808,62.26,61.46,25,timeout,TIMEOUT_ERROR,critical,10
2026-01-01T08:55:00,fraud-detection,/trade,India,90,41.55,54.87,5,success,,low,0
2026-01-01T08:55:30,fraud-detection,/transfer,Singapore,101,57.42,60.73,4,success,,low,0
2026-01-01T08:56:00,payment-api,/payment,Germany,70,48.48,60.59,5,success,,low,0
2026-01-01T08:56:30,investment-engine,/portfolio,India,107,48.74,65.08,9,success,,low,0
2026-01-01T08:57:00,auth-service,/portfolio,Germany,111,48.86,72.01,5,success,,low,0
2026-01-01T08:57:30,auth-service,/withdrawal,Germany,149,51.23,59.4,6,success,,low,0
2026-01-01T08:58:00,trading-engine,/payment,Singapore,250,46.93,65.36,29,queue_delay,QUEUE_BACKPRESSURE,medium,2
2026-01-01T08:58:30,investment-engine,/payment,USA,119,63.48,60.4,0,success,,low,0
2026-01-01T08:59:00,investment-engine,/transfer,Germany,116,51.13,44.52,4,success,,low,0
2026-01-01T08:59:30,auth-service,/login,UAE,115,60.42,50.44,4,success,,low,0
2026-01-01T09:00:00,auth-service,/payment,USA,129,53.95,60.98,3,success,,low,0
2026-01-01T09:00:30,portfolio-service,/withdrawal,USA,617,64.93,67.3,41,timeout,TIMEOUT_ERROR,critical,10
2026-01-01T09:01:00,portfolio-service,/withdrawal,UAE,222,53.44,71.16,39,queue_delay,QUEUE_BACKPRESSURE,medium,2
2026-01-01T09:01:30,fraud-detection,/transfer,USA,133,57.75,61.15,2,success,,low,0
2026-01-01T09:02:00,fraud-detection,/payment,Singapore,124,76.24,49.72,0,success,,low,0
2026-01-01T09:02:30,auth-service,/kyc,Germany,136,49.36,72.0,3,success,,low,0
2026-01-01T09:03:00,trading-engine,/transfer,UAE,98,67.7,58.53,7,success,,low,0
2026-01-01T09:03:30,portfolio-service,/withdrawal,USA,174,64.74,59.18,4,success,,low,0
2026-01-01T09:04:00,notification-service,/withdrawal,India,156,55.45,39.2,2,success,,low,0
2026-01-01T09:04:30,trading-engine,/portfolio,Germany,124,44.98,69.45,1,success,,low,0
2026-01-01T09:05:00,investment-engine,/login,USA,118,58.63,70.33,6,success,,low,0
2026-01-01T09:05:30,notification-service,/transfer,India,109,58.57,71.42,2,success,,low,0
2026-01-01T09:06:00,auth-service,/login,USA,85,58.71,80.98,6,success,,low,0
2026-01-01T09:06:30,trading-engine,/payment,India,139,69.13,57.78,6,success,,low,0
2026-01-01T09:07:00,notification-service,/transfer,UAE,133,60.98,60.39,8,success,,low,0
2026-01-01T09:07:30,investment-engine,/portfolio,Germany,109,43.57,51.74,3,success,,low,0
2026-01-01T09:08:00,portfolio-service,/payment,India,97,47.35,63.99,6,success,,low,0
2026-01-01T09:08:30,investment-engine,/portfolio,Singapore,117,69.78,67.95,7,success,,low,0
2026-01-01T09:09:00,trading-engine,/login,Germany,467,70.82,71.81,35,timeout,TIMEOUT_ERROR,critical,5
2026-01-01T09:09:30,auth-service,/login,USA,99,54.74,44.65,8,success,,low,0
2026-01-01T09:10:00,auth-service,/login,UAE,115,62.62,47.97,4,success,,low,0
2026-01-01T09:10:30,investment-engine,/kyc,USA,110,52.2,44.21,3,success,,low,0
2026-01-01T09:11:00,trading-engine,/login,Singapore,114,54.43,57.58,5,success,,low,0
2026-01-01T09:11:30,auth-service,/withdrawal,Germany,113,57.84,53.42,5,success,,low,0
2026-01-01T09:12:00,portfolio-service,/kyc,UAE,121,38.19,67.79,4,success,,low,0
2026-01-01T09:12:30,portfolio-service,/kyc,USA,124,53.43,64.8,6,success,,low,0
2026-01-01T09:13:00,trading-engine,/payment,Germany,100,43.48,67.41,5,success,,low,0
2026-01-01T09:13:30,notification-service,/kyc,Germany,101,59.88,64.7,6,success,,low,0
2026-01-01T09:14:00,fraud-detection,/transfer,UAE,124,48.86,71.37,1,success,,low,0
2026-01-01T09:14:30,fraud-detection,/login,Singapore,100,56.35,82.09,3,success,,low,0
2026-01-01T09:15:00,portfolio-service,/portfolio,Germany,122,56.91,68.9,6,success,,low,0
2026-01-01T09:15:30,investment-engine,/portfolio,India,156,62.35,37.67,5,success,,low,0
2026-01-01T09:16:00,fraud-detection,/trade,Germany,110,53.04,66.19,1,success,,low,0
2026-01-01T09:16:30,portfolio-service,/withdrawal,UAE,114,72.76,72.79,4,success,,low,0
2026-01-01T09:17:00,notification-service,/kyc,USA,613,67.2,60.59,9,db_failure,DB_CONNECTION_FAILURE,critical,9
2026-01-01T09:17:30,notification-service,/withdrawal,USA,399,64.89,78.98,6,db_failure,DB_CONNECTION_FAILURE,critical,5
2026-01-01T09:18:00,trading-engine,/trade,Singapore,387,51.69,51.3,14,high_latency,LATENCY_SPIKE,medium,2
2026-01-01T09:18:30,notification-service,/withdrawal,Germany,317,51.9,67.21,36,queue_delay,QUEUE_BACKPRESSURE,medium,2
2026-01-01T09:19:00,trading-engine,/portfolio,Germany,84,39.87,70.42,7,success,,low,0
2026-01-01T09:19:30,fraud-detection,/withdrawal,India,119,62.58,78.03,7,success,,low,0
2026-01-01T09:20:00,investment-engine,/login,Singapore,94,51.23,60.47,5,success,,low,0
2026-01-01T09:20:30,fraud-detection,/portfolio,UAE,130,63.27,61.88,4,success,,low,0
2026-01-01T09:21:00,portfolio-service,/transfer,India,122,51.06,67.02,7,success,,low,0
2026-01-01T09:21:30,investment-engine,/kyc,India,128,58.57,69.9,5,success,,low,0
2026-01-01T09:22:00,payment-api,/withdrawal,Germany,87,53.85,63.21,6,success,,low,0
2026-01-01T09:22:30,notification-service,/transfer,UAE,133,54.12,61.5,6,success,,low,0
2026-01-01T09:23:00,payment-api,/login,Singapore,145,54.73,58.1,3,success,,low,0
2026-01-01T09:23:30,notification-service,/payment,UAE,124,52.57,67.48,7,success,,low,0
2026-01-01T09:24:00,fraud-detection,/transfer,Germany,150,44.35,67.91,3,success,,low,0
2026-01-01T09:24:30,fraud-detection,/payment,USA,367,79.3,83.22,4,db_failure,DB_CONNECTION_FAILURE,critical,9
2026-01-01T09:25:00,auth-service,/transfer,USA,624,76.22,57.3,32,timeout,TIMEOUT_ERROR,critical,5
2026-01-01T09:25:30,trading-engine,/trade,USA,101,61.47,68.73,5,success,,low,0
2026-01-01T09:26:00,notification-service,/payment,Singapore,118,70.41,54.7,6,success,,low,0
2026-01-01T09:26:30,notification-service,/withdrawal,Germany,135,63.73,55.04,4,success,,low,0
2026-01-01T09:27:00,portfolio-service,/payment,India,120,49.3,71.28,1,success,,low,0
2026-01-01T09:27:30,notification-service,/withdrawal,Germany,80,49.15,76.14,4,success,,low,0
2026-01-01T09:28:00,fraud-detection,/transfer,India,150,54.65,59.6,1,success,,low,0
2026-01-01T09:28:30,payment-api,/login,India,137,48.75,48.12,4,success,,low,0
2026-01-01T09:29:00,auth-service,/payment,UAE,115,51.05,70.13,3,success,,low,0
2026-01-01T09:29:30,trading-engine,/transfer,USA,134,59.95,54.56,5,success,,low,0
2026-01-01T09:30:00,payment-api,/withdrawal,UAE,153,55.34,73.82,5,success,,low,0
2026-01-01T09:30:30,trading-engine,/trade,USA,90,52.73,69.27,3,success,,low,0
2026-01-01T09:31:00,portfolio-service,/transfer,Germany,219,62.64,49.28,62,queue_delay,QUEUE_BACKPRESSURE,medium,5
2026-01-01T09:31:30,auth-service,/login,UAE,99,58.95,70.05,5,success,,low,0
2026-01-01T09:32:00,payment-api,/portfolio,India,109,58.89,55.54,1,success,,low,0
2026-01-01T09:32:30,auth-service,/payment,Singapore,124,64.21,63.5,3,success,,low,0
2026-01-01T09:33:00,fraud-detection,/login,India,117,78.11,52.26,6,success,,low,0
2026-01-01T09:33:30,notification-service,/kyc,UAE,140,59.23,74.05,5,success,,low,0
2026-01-01T09:34:00,auth-service,/kyc,UAE,130,50.17,38.15,5,success,,low,0
2026-01-01T09:34:30,trading-engine,/transfer,Singapore,124,54.63,67.52,4,success,,low,0
2026-01-01T09:35:00,trading-engine,/payment,Singapore,102,56.41,76.01,5,success,,low,0
2026-01-01T09:35:30,notification-service,/portfolio,UAE,141,44.65,57.07,8,success,,low,0
2026-01-01T09:36:00,notification-service,/login,USA,121,54.51,57.43,0,success,,low,0
2026-01-01T09:36:30,fraud-detection,/portfolio,Singapore,120,56.63,53.73,9,success,,low,0
2026-01-01T09:37:00,payment-api,/payment,India,273,62.06,62.1,12,high_latency,LATENCY_SPIKE,medium,4
2026-01-01T09:37:30,trading-engine,/login,UAE,466,73.78,73.15,5,db_failure,DB_CONNECTION_FAILURE,critical,6
2026-01-01T09:38:00,investment-engine,/withdrawal,India,118,56.17,68.44,5,success,,low,0
2026-01-01T09:38:30,trading-engine,/transfer,USA,164,46.45,69.13,6,success,,low,0
2026-01-01T09:39:00,investment-engine,/trade,UAE,111,69.98,44.88,5,success,,low,0
2026-01-01T09:39:30,auth-service,/kyc,India,120,58.81,66.86,5,success,,low,0
2026-01-01T09:40:00,trading-engine,/payment,Germany,126,46.29,45.54,4,success,,low,0
2026-01-01T09:40:30,payment-api,/kyc,UAE,98,72.31,45.93,4,success,,low,0
2026-01-01T09:41:00,trading-engine,/kyc,UAE,148,48.98,61.9,5,success,,low,0
2026-01-01T09:41:30,auth-service,/login,Germany,137,41.2,54.16,5,success,,low,0
2026-01-01T09:42:00,investment-engine,/withdrawal,USA,118,58.92,59.0,4,success,,low,0
2026-01-01T09:42:30,payment-api,/payment,Singapore,122,61.63,61.19,3,success,,low,0
2026-01-01T09:43:00,investment-engine,/trade,USA,127,56.81,42.63,3,success,,low,0
2026-01-01T09:43:30,notification-service,/portfolio,UAE,685,60.54,67.34,26,timeout,TIMEOUT_ERROR,critical,6
2026-01-01T09:44:00,trading-engine,/withdrawal,Germany,126,51.24,36.32,2,success,,low,0
2026-01-01T09:44:30,notification-service,/kyc,USA,331,40.76,65.14,12,high_latency,LATENCY_SPIKE,medium,3
2026-01-01T09:45:00,investment-engine,/transfer,Germany,130,54.47,67.24,5,success,,low,0
2026-01-01T09:45:30,trading-engine,/transfer,Singapore,82,63.92,54.04,5,success,,low,0
2026-01-01T09:46:00,auth-service,/transfer,India,122,63.75,46.94,4,success,,low,0
2026-01-01T09:46:30,portfolio-service,/portfolio,UAE,124,44.48,68.48,3,success,,low,0
2026-01-01T09:47:00,auth-service,/withdrawal,Singapore,114,71.68,56.3,5,success,,low,0
2026-01-01T09:47:30,notification-service,/portfolio,Germany,143,53.03,53.23,5,success,,low,0
2026-01-01T09:48:00,trading-engine,/portfolio,India,390,50.52,50.01,10,high_latency,LATENCY_SPIKE,medium,2
2026-01-01T09:48:30,auth-service,/login,USA,143,55.17,64.14,5,success,,low,0
2026-01-01T09:49:00,fraud-detection,/trade,Singapore,117,73.42,68.67,3,success,,low,0
2026-01-01T09:49:30,portfolio-service,/withdrawal,UAE,286,64.43,53.42,11,high_latency,LATENCY_SPIKE,medium,2
2026-01-01T09:50:00,notification-service,/payment,India,553,67.2,82.74,7,db_failure,DB_CONNECTION_FAILURE,critical,5
2026-01-01T09:50:30,investment-engine,/withdrawal,UAE,120,53.96,56.24,0,success,,low,0
2026-01-01T09:51:00,notification-service,/trade,Germany,97,44.83,54.36,3,success,,low,0
2026-01-01T09:51:30,auth-service,/portfolio,UAE,429,62.36,40.7,19,high_latency,LATENCY_SPIKE,medium,3
2026-01-01T09:52:00,notification-service,/portfolio,UAE,84,58.73,51.36,8,success,,low,0
2026-01-01T09:52:30,portfolio-service,/portfolio,Germany,145,60.63,69.14,4,success,,low,0
2026-01-01T09:53:00,notification-service,/withdrawal,USA,267,44.07,52.64,61,queue_delay,QUEUE_BACKPRESSURE,medium,4
2026-01-01T09:53:30,fraud-detection,/withdrawal,UAE,636,80.05,69.16,20,timeout,TIMEOUT_ERROR,critical,9
2026-01-01T09:54:00,notification-service,/trade,UAE,263,43.74,48.04,49,queue_delay,QUEUE_BACKPRESSURE,medium,5
2026-01-01T09:54:30,auth-service,/login,USA,97,72.51,55.25,5,success,,low,0
2026-01-01T09:55:00,trading-engine,/kyc,USA,109,55.56,44.89,2,success,,low,0
2026-01-01T09:55:30,investment-engine,/portfolio,Singapore,112,66.53,56.82,4,success,,low,0
2026-01-01T09:56:00,trading-engine,/login,Singapore,112,62.61,67.67,4,success,,low,0
2026-01-01T09:56:30,fraud-detection,/withdrawal,India,444,67.05,64.26,16,high_latency,LATENCY_SPIKE,medium,3
2026-01-01T09:57:00,portfolio-service,/trade,Germany,208,56.43,58.71,32,queue_delay,QUEUE_BACKPRESSURE,medium,3
2026-01-01T09:57:30,auth-service,/payment,Germany,89,52.42,49.75,5,success,,low,0
2026-01-01T09:58:00,investment-engine,/login,USA,106,47.32,52.44,8,success,,low,0
2026-01-01T09:58:30,payment-api,/login,UAE,293,56.34,55.35,37,queue_delay,QUEUE_BACKPRESSURE,medium,4
2026-01-01T09:59:00,trading-engine,/login,USA,140,58.02,65.87,4,success,,low,0
2026-01-01T09:59:30,auth-service,/portfolio,UAE,135,32.41,73.81,4,success,,low,0
2026-01-01T10:00:00,portfolio-service,/kyc,India,96,50.17,71.49,5,success,,low,0
2026-01-01T10:00:30,portfolio-service,/transfer,USA,123,63.86,70.0,5,success,,low,0
2026-01-01T10:01:00,fraud-detection,/payment,USA,116,53.41,55.63,9,success,,low,0
2026-01-01T10:01:30,investment-engine,/login,India,126,61.26,90.74,2,success,,low,0
2026-01-01T10:02:00,investment-engine,/kyc,India,100,69.46,47.3,6,success,,low,0
2026-01-01T10:02:30,investment-engine,/transfer,USA,144,45.79,46.97,5,success,,low,0
2026-01-01T10:03:00,portfolio-service,/withdrawal,Germany,106,54.64,69.63,5,success,,low,0
2026-01-01T10:03:30,portfolio-service,/portfolio,India,103,60.04,49.16,4,success,,low,0
2026-01-01T10:04:00,trading-engine,/withdrawal,Singapore,108,61.96,53.53,1,success,,low,0
2026-01-01T10:04:30,trading-engine,/portfolio,India,139,56.12,61.86,4,success,,low,0
2026-01-01T10:05:00,notification-service,/login,Singapore,529,59.68,89.73,4,db_failure,DB_CONNECTION_FAILURE,critical,9
2026-01-01T10:05:30,notification-service,/kyc,India,126,56.18,64.13,6,success,,low,0
2026-01-01T10:06:00,fraud-detection,/trade,USA,116,36.45,56.88,4,success,,low,0
2026-01-01T10:06:30,portfolio-service,/payment,Germany,539,70.09,65.12,3,db_failure,DB_CONNECTION_FAILURE,critical,10
2026-01-01T10:07:00,fraud-detection,/trade,Singapore,124,61.01,62.23,5,success,,low,0
2026-01-01T10:07:30,notification-service,/trade,Singapore,116,50.65,56.33,4,success,,low,0
2026-01-01T10:08:00,trading-engine,/transfer,India,368,72.66,54.24,2,db_failure,DB_CONNECTION_FAILURE,critical,10
2026-01-01T10:08:30,notification-service,/payment,USA,388,51.35,52.02,12,high_latency,LATENCY_SPIKE,medium,2
2026-01-01T10:09:00,notification-service,/withdrawal,Germany,118,50.65,71.72,4,success,,low,0
2026-01-01T10:09:30,auth-service,/withdrawal,Germany,82,42.38,41.78,5,success,,low,0
2026-01-01T10:10:00,trading-engine,/transfer,Germany,92,64.12,37.95,4,success,,low,0
2026-01-01T10:10:30,payment-api,/kyc,Germany,110,50.65,60.22,2,success,,low,0
2026-01-01T10:11:00,investment-engine,/payment,Singapore,85,41.75,34.52,2,success,,low,0
2026-01-01T10:11:30,payment-api,/withdrawal,UAE,91,51.13,68.19,5,success,,low,0
2026-01-01T10:12:00,payment-api,/transfer,UAE,116,50.1,55.25,6,success,,low,0
2026-01-01T10:12:30,portfolio-service,/login,USA,135,66.87,54.31,8,success,,low,0
2026-01-01T10:13:00,trading-engine,/kyc,India,144,38.36,66.54,2,success,,low,0
2026-01-01T10:13:30,fraud-detection,/kyc,Germany,135,50.08,55.38,2,success,,low,0
2026-01-01T10:14:00,notification-service,/transfer,Germany,123,44.11,66.7,6,success,,low,0
2026-01-01T10:14:30,fraud-detection,/payment,Singapore,522,69.8,97.5,1,db_failure,DB_CONNECTION_FAILURE,critical,8
2026-01-01T10:15:00,trading-engine,/transfer,Germany,141,60.25,54.96,3,success,,low,0
2026-01-01T10:15:30,payment-api,/transfer,UAE,168,43.56,59.28,4,success,,low,0
2026-01-01T10:16:00,fraud-detection,/withdrawal,India,121,63.58,49.99,5,success,,low,0
2026-01-01T10:16:30,portfolio-service,/transfer,Singapore,119,59.4,47.84,3,success,,low,0
2026-01-01T10:17:00,trading-engine,/payment,Singapore,245,44.89,69.04,54,queue_delay,QUEUE_BACKPRESSURE,medium,3
2026-01-01T10:17:30,trading-engine,/withdrawal,Singapore,112,56.08,61.46,6,success,,low,0
2026-01-01T10:18:00,auth-service,/portfolio,Germany,148,52.28,63.18,5,success,,low,0
2026-01-01T10:18:30,payment-api,/kyc,India,101,51.76,56.9,4,success,,low,0
2026-01-01T10:19:00,portfolio-service,/withdrawal,Singapore,144,38.38,61.1,4,success,,low,0
2026-01-01T10:19:30,notification-service,/kyc,UAE,115,54.15,56.04,3,success,,low,0
2026-01-01T10:20:00,portfolio-service,/portfolio,USA,144,63.42,65.47,5,success,,low,0
2026-01-01T10:20:30,payment-api,/withdrawal,UAE,93,47.15,50.12,3,success,,low,0
2026-01-01T10:21:00,trading-engine,/withdrawal,USA,95,57.32,57.63,5,success,,low,0
2026-01-01T10:21:30,notification-service,/trade,Singapore,152,64.06,73.14,1,success,,low,0
2026-01-01T10:22:00,auth-service,/trade,Germany,135,48.71,61.09,2,success,,low,0
2026-01-01T10:22:30,fraud-detection,/kyc,Germany,102,60.53,67.96,4,success,,low,0
2026-01-01T10:23:00,portfolio-service,/trade,India,682,72.89,49.49,20,timeout,TIMEOUT_ERROR,critical,10
2026-01-01T10:23:30,trading-engine,/payment,USA,153,58.12,54.61,2,success,,low,0
2026-01-01T10:24:00,investment-engine,/withdrawal,USA,114,51.69,61.83,3,success,,low,0
2026-01-01T10:24:30,trading-engine,/payment,Germany,518,78.44,73.03,3,db_failure,DB_CONNECTION_FAILURE,critical,8
2026-01-01T10:25:00,investment-engine,/portfolio,Germany,602,70.27,56.84,4,db_failure,DB_CONNECTION_FAILURE,critical,10
2026-01-01T10:25:30,investment-engine,/login,UAE,482,72.16,50.5,25,timeout,TIMEOUT_ERROR,critical,8
2026-01-01T10:26:00,notification-service,/kyc,India,89,44.66,58.14,3,success,,low,0
2026-01-01T10:26:30,notification-service,/kyc,Singapore,141,58.86,71.2,7,success,,low,0
2026-01-01T10:27:00,portfolio-service,/portfolio,Singapore,128,65.62,64.7,4,success,,low,0
2026-01-01T10:27:30,investment-engine,/portfolio,Singapore,96,64.61,60.96,6,success,,low,0
2026-01-01T10:28:00,payment-api,/trade,India,140,45.28,64.02,3,success,,low,0
2026-01-01T10:28:30,payment-api,/transfer,USA,121,46.88,57.84,5,success,,low,0
2026-01-01T10:29:00,investment-engine,/kyc,India,104,49.66,71.62,6,success,,low,0
2026-01-01T10:29:30,auth-service,/withdrawal,Singapore,109,55.07,54.79,5,success,,low,0
2026-01-01T10:30:00,portfolio-service,/login,UAE,153,70.65,56.81,7,success,,low,0
2026-01-01T10:30:30,notification-service,/kyc,Germany,92,62.18,32.13,4,success,,low,0
2026-01-01T10:31:00,portfolio-service,/trade,India,110,49.56,54.88,5,success,,low,0
2026-01-01T10:31:30,trading-engine,/kyc,Singapore,106,50.08,50.81,5,success,,low,0
2026-01-01T10:32:00,trading-engine,/transfer,Singapore,132,57.86,58.17,5,success,,low,0
2026-01-01T10:32:30,auth-service,/trade,USA,136,61.27,56.71,2,success,,low,0
2026-01-01T10:33:00,fraud-detection,/withdrawal,India,126,53.38,52.79,5,success,,low,0
2026-01-01T10:33:30,fraud-detection,/kyc,Singapore,125,62.75,56.02,3,success,,low,0
2026-01-01T10:34:00,investment-engine,/portfolio,India,299,42.69,73.47,14,high_latency,LATENCY_SPIKE,medium,3
2026-01-01T10:34:30,notification-service,/withdrawal,UAE,119,58.98,39.23,6,success,,low,0
2026-01-01T10:35:00,portfolio-service,/payment,Singapore,110,54.2,59.92,8,success,,low,0
2026-01-01T10:35:30,investment-engine,/portfolio,India,119,59.13,64.01,1,success,,low,0
2026-01-01T10:36:00,investment-engine,/trade,Singapore,154,50.76,64.44,4,success,,low,0
2026-01-01T10:36:30,notification-service,/withdrawal,UAE,111,63.9,56.26,4,success,,low,0
2026-01-01T10:37:00,trading-engine,/payment,USA,611,90.6,68.54,21,timeout,TIMEOUT_ERROR,critical,8
2026-01-01T10:37:30,payment-api,/transfer,USA,112,49.27,58.77,2,success,,low,0
2026-01-01T10:38:00,payment-api,/transfer,Germany,128,48.99,48.26,3,success,,low,0
2026-01-01T10:38:30,trading-engine,/kyc,UAE,130,35.34,77.67,2,success,,low,0
2026-01-01T10:39:00,portfolio-service,/payment,Germany,118,51.28,76.22,5,success,,low,0
2026-01-01T10:39:30,investment-engine,/transfer,USA,98,60.73,60.16,8,success,,low,0
2026-01-01T10:40:00,investment-engine,/portfolio,India,137,63.86,83.47,7,success,,low,0
2026-01-01T10:40:30,investment-engine,/withdrawal,India,241,59.17,59.02,32,queue_delay,QUEUE_BACKPRESSURE,medium,3
2026-01-01T10:41:00,fraud-detection,/withdrawal,USA,89,36.21,66.49,2,success,,low,0
2026-01-01T10:41:30,portfolio-service,/portfolio,India,93,54.72,25.26,5,success,,low,0
2026-01-01T10:42:00,investment-engine,/trade,UAE,136,50.56,59.58,5,success,,low,0
2026-01-01T10:42:30,trading-engine,/portfolio,India,563,69.54,75.56,4,db_failure,DB_CONNECTION_FAILURE,critical,7
2026-01-01T10:43:00,investment-engine,/trade,Singapore,138,53.54,62.4,6,success,,low,0
2026-01-01T10:43:30,auth-service,/transfer,USA,86,32.92,72.9,0,success,,low,0
2026-01-01T10:44:00,trading-engine,/kyc,Singapore,141,52.34,68.43,1,success,,low,0
2026-01-01T10:44:30,auth-service,/kyc,USA,126,58.4,48.72,1,success,,low,0
2026-01-01T10:45:00,investment-engine,/withdrawal,Singapore,111,56.77,59.82,0,success,,low,0
2026-01-01T10:45:30,notification-service,/portfolio,Singapore,149,48.34,61.45,2,success,,low,0
2026-01-01T10:46:00,auth-service,/payment,Singapore,120,67.38,55.52,3,success,,low,0
2026-01-01T10:46:30,payment-api,/withdrawal,India,95,61.55,63.41,4,success,,low,0
2026-01-01T10:47:00,fraud-detection,/transfer,Singapore,104,55.96,62.82,5,success,,low,0
2026-01-01T10:47:30,auth-service,/withdrawal,Singapore,108,51.33,59.05,5,success,,low,0
2026-01-01T10:48:00,trading-engine,/transfer,USA,384,60.25,58.73,19,high_latency,LATENCY_SPIKE,medium,2
2026-01-01T10:48:30,trading-engine,/trade,USA,165,56.71,65.49,1,success,,low,0
2026-01-01T10:49:00,investment-engine,/payment,Singapore,511,81.88,54.09,42,timeout,TIMEOUT_ERROR,critical,8
2026-01-01T10:49:30,investment-engine,/portfolio,India,144,66.11,73.4,2,success,,low,0
2026-01-01T10:50:00,notification-service,/withdrawal,UAE,593,82.15,68.63,31,timeout,TIMEOUT_ERROR,critical,7
2026-01-01T10:50:30,trading-engine,/withdrawal,Germany,102,53.99,77.79,2,success,,low,0
2026-01-01T10:51:00,trading-engine,/portfolio,UAE,130,49.91,49.28,5,success,,low,0
2026-01-01T10:51:30,portfolio-service,/kyc,India,149,63.62,65.43,4,success,,low,0
2026-01-01T10:52:00,payment-api,/login,Singapore,117,56.71,44.65,1,success,,low,0
2026-01-01T10:52:30,notification-service,/kyc,Singapore,115,65.92,62.14,2,success,,low,0
2026-01-01T10:53:00,auth-service,/trade,India,164,45.65,42.83,6,success,,low,0
2026-01-01T10:53:30,payment-api,/trade,Germany,119,66.8,54.41,1,success,,low,0
2026-01-01T10:54:00,notification-service,/payment,Singapore,123,46.74,60.75,6,success,,low,0
2026-01-01T10:54:30,portfolio-service,/login,India,108,64.74,59.45,0,success,,low,0
2026-01-01T10:55:00,payment-api,/kyc,USA,126,58.57,61.82,4,success,,low,0
2026-01-01T10:55:30,investment-engine,/payment,USA,133,59.22,62.93,5,success,,low,0
2026-01-01T10:56:00,payment-api,/login,India,98,44.59,77.0,2,success,,low,0
2026-01-01T10:56:30,fraud-detection,/login,India,87,42.94,55.67,4,success,,low,0
2026-01-01T10:57:00,notification-service,/kyc,Germany,116,54.84,57.41,6,success,,low,0
2026-01-01T10:57:30,investment-engine,/trade,UAE,158,57.3,62.43,7,success,,low,0
2026-01-01T10:58:00,notification-service,/kyc,USA,91,57.52,68.89,3,success,,low,0
2026-01-01T10:58:30,portfolio-service,/login,Singapore,110,46.92,69.96,0,success,,low,0
2026-01-01T10:59:00,investment-engine,/login,Germany,142,65.63,79.87,2,success,,low,0
2026-01-01T10:59:30,fraud-detection,/login,Singapore,130,48.62,56.6,2,success,,low,0
2026-01-01T11:00:00,trading-engine,/login,Singapore,118,60.47,62.5,2,success,,low,0
2026-01-01T11:00:30,trading-engine,/kyc,Germany,116,65.84,43.32,4,success,,low,0
2026-01-01T11:01:00,trading-engine,/portfolio,Singapore,108,38.59,48.98,5,success,,low,0
2026-01-01T11:01:30,investment-engine,/withdrawal,Singapore,130,47.12,65.86,5,success,,low,0
2026-01-01T11:02:00,auth-service,/login,UAE,134,47.57,47.56,6,success,,low,0
2026-01-01T11:02:30,auth-service,/transfer,Singapore,144,45.73,48.56,4,success,,low,0
2026-01-01T11:03:00,fraud-detection,/withdrawal,UAE,112,49.95,41.1,0,success,,low,0
2026-01-01T11:03:30,investment-engine,/kyc,Singapore,127,66.29,67.18,1,success,,low,0
2026-01-01T11:04:00,fraud-detection,/portfolio,USA,121,67.52,56.56,6,success,,low,0
2026-01-01T11:04:30,fraud-detection,/trade,Germany,124,69.35,73.62,4,success,,low,0
2026-01-01T11:05:00,notification-service,/portfolio,UAE,110,43.32,64.21,5,success,,low,0
2026-01-01T11:05:30,trading-engine,/trade,India,91,48.33,55.12,0,success,,low,0
2026-01-01T11:06:00,portfolio-service,/transfer,India,101,41.78,59.6,1,success,,low,0
2026-01-01T11:06:30,notification-service,/kyc,UAE,129,49.29,60.42,1,success,,low,0
2026-01-01T11:07:00,payment-api,/kyc,Singapore,127,47.54,68.37,2,success,,low,0
2026-01-01T11:07:30,notification-service,/login,USA,118,58.88,65.17,7,success,,low,0
2026-01-01T11:08:00,trading-engine,/kyc,UAE,104,47.36,68.85,3,success,,low,0
2026-01-01T11:08:30,auth-service,/kyc,USA,87,53.28,48.08,6,success,,low,0
2026-01-01T11:09:00,trading-engine,/transfer,Germany,146,45.08,57.19,1,success,,low,0
2026-01-01T11:09:30,portfolio-service,/kyc,Germany,487,84.97,77.88,17,timeout,TIMEOUT_ERROR,critical,5
2026-01-01T11:10:00,fraud-detection,/payment,Singapore,137,50.52,57.14,5,success,,low,0
2026-01-01T11:10:30,auth-service,/kyc,India,85,47.22,57.28,4,success,,low,0
2026-01-01T11:11:00,portfolio-service,/portfolio,UAE,124,59.92,55.96,2,success,,low,0
2026-01-01T11:11:30,fraud-detection,/transfer,Germany,109,47.47,60.54,5,success,,low,0
2026-01-01T11:12:00,investment-engine,/kyc,UAE,88,56.74,61.67,6,success,,low,0
2026-01-01T11:12:30,portfolio-service,/kyc,Singapore,121,51.09,56.01,4,success,,low,0
2026-01-01T11:13:00,payment-api,/withdrawal,UAE,246,57.88,75.49,40,queue_delay,QUEUE_BACKPRESSURE,medium,2
2026-01-01T11:13:30,portfolio-service,/portfolio,UAE,104,51.71,78.9,8,success,,low,0
2026-01-01T11:14:00,portfolio-service,/withdrawal,USA,117,43.81,68.11,4,success,,low,0
2026-01-01T11:14:30,notification-service,/trade,UAE,326,62.23,45.35,20,high_latency,LATENCY_SPIKE,medium,4
2026-01-01T11:15:00,payment-api,/trade,Singapore,146,53.39,58.57,4,success,,low,0
2026-01-01T11:15:30,notification-service,/login,USA,343,49.49,81.51,21,high_latency,LATENCY_SPIKE,medium,4
2026-01-01T11:16:00,notification-service,/payment,UAE,140,48.87,55.16,4,success,,low,0
2026-01-01T11:16:30,trading-engine,/transfer,Germany,104,47.3,48.63,6,success,,low,0
2026-01-01T11:17:00,investment-engine,/trade,USA,359,67.79,60.5,15,high_latency,LATENCY_SPIKE,medium,3
2026-01-01T11:17:30,fraud-detection,/transfer,USA,112,54.95,72.87,6,success,,low,0
2026-01-01T11:18:00,trading-engine,/withdrawal,USA,124,45.52,64.45,3,success,,low,0
2026-01-01T11:18:30,trading-engine,/transfer,Germany,108,56.09,76.92,5,success,,low,0
2026-01-01T11:19:00,investment-engine,/portfolio,USA,380,71.84,69.21,9,db_failure,DB_CONNECTION_FAILURE,critical,9
2026-01-01T11:19:30,investment-engine,/payment,UAE,105,49.68,71.3,2,success,,low,0
2026-01-01T11:20:00,trading-engine,/trade,UAE,125,46.61,54.57,3,success,,low,0
2026-01-01T11:20:30,investment-engine,/kyc,Germany,79,70.31,43.37,5,success,,low,0
2026-01-01T11:21:00,auth-service,/kyc,USA,85,55.2,64.7,1,success,,low,0
2026-01-01T11:21:30,portfolio-service,/trade,UAE,139,56.41,35.98,2,success,,low,0
2026-01-01T11:22:00,payment-api,/trade,Germany,311,53.26,63.14,21,high_latency,LATENCY_SPIKE,medium,5
2026-01-01T11:22:30,auth-service,/portfolio,USA,128,56.47,65.79,3,success,,low,0
2026-01-01T11:23:00,portfolio-service,/kyc,Germany,123,69.18,70.61,4,success,,low,0
2026-01-01T11:23:30,payment-api,/withdrawal,USA,137,54.94,62.06,7,success,,low,0
2026-01-01T11:24:00,investment-engine,/trade,Germany,101,70.35,62.06,4,success,,low,0
2026-01-01T11:24:30,investment-engine,/login,Singapore,106,52.48,59.15,3,success,,low,0
2026-01-01T11:25:00,auth-service,/portfolio,UAE,107,56.49,60.78,3,success,,low,0
2026-01-01T11:25:30,portfolio-service,/payment,USA,92,60.74,85.74,6,success,,low,0
2026-01-01T11:26:00,auth-service,/transfer,Germany,122,44.73,66.76,2,success,,low,0
2026-01-01T11:26:30,auth-service,/login,USA,116,41.92,59.93,5,success,,low,0
2026-01-01T11:27:00,investment-engine,/withdrawal,India,138,58.04,65.03,5,success,,low,0
2026-01-01T11:27:30,payment-api,/payment,UAE,108,64.86,73.08,6,success,,low,0
2026-01-01T11:28:00,fraud-detection,/portfolio,Singapore,68,53.39,78.12,2,success,,low,0
2026-01-01T11:28:30,auth-service,/kyc,UAE,122,51.79,64.28,4,success,,low,0
2026-01-01T11:29:00,portfolio-service,/payment,Singapore,90,56.22,44.5,4,success,,low,0
2026-01-01T11:29:30,auth-service,/trade,India,105,66.84,67.73,2,success,,low,0
2026-01-01T11:30:00,payment-api,/payment,USA,138,59.61,56.95,4,success,,low,0
2026-01-01T11:30:30,investment-engine,/withdrawal,USA,115,54.23,79.8,5,success,,low,0
2026-01-01T11:31:00,portfolio-service,/login,USA,534,58.55,90.67,5,db_failure,DB_CONNECTION_FAILURE,critical,5
2026-01-01T11:31:30,portfolio-service,/trade,UAE,110,63.91,57.49,4,success,,low,0
2026-01-01T11:32:00,trading-engine,/kyc,UAE,121,51.89,52.75,10,success,,low,0
2026-01-01T11:32:30,investment-engine,/login,USA,126,51.69,41.53,4,success,,low,0
2026-01-01T11:33:00,payment-api,/withdrawal,Germany,109,71.9,60.6,4,success,,low,0
2026-01-01T11:33:30,notification-service,/kyc,Germany,93,50.14,63.44,3,success,,low,0
2026-01-01T11:34:00,payment-api,/payment,Singapore,111,62.56,63.11,5,success,,low,0
2026-01-01T11:34:30,investment-engine,/transfer,India,540,66.96,63.44,3,db_failure,DB_CONNECTION_FAILURE,critical,5
2026-01-01T11:35:00,portfolio-service,/portfolio,USA,101,56.5,53.15,3,success,,low,0
2026-01-01T11:35:30,investment-engine,/portfolio,UAE,111,58.09,50.17,2,success,,low,0
2026-01-01T11:36:00,investment-engine,/payment,Singapore,198,40.8,65.73,44,queue_delay,QUEUE_BACKPRESSURE,medium,4
2026-01-01T11:36:30,notification-service,/portfolio,Singapore,128,47.26,78.35,3,success,,low,0
2026-01-01T11:37:00,investment-engine,/kyc,UAE,269,46.82,57.77,36,queue_delay,QUEUE_BACKPRESSURE,medium,2
2026-01-01T11:37:30,investment-engine,/login,UAE,137,63.18,58.62,9,success,,low,0
2026-01-01T11:38:00,portfolio-service,/portfolio,Singapore,83,52.68,50.05,2,success,,low,0
2026-01-01T11:38:30,auth-service,/withdrawal,India,172,55.58,82.0,4,success,,low,0
2026-01-01T11:39:00,trading-engine,/kyc,USA,473,39.83,53.4,13,high_latency,LATENCY_SPIKE,medium,4
2026-01-01T11:39:30,investment-engine,/login,Germany,89,56.76,68.46,7,success,,low,0
2026-01-01T11:40:00,portfolio-service,/trade,Singapore,122,59.67,43.39,7,success,,low,0
2026-01-01T11:40:30,payment-api,/withdrawal,Germany,94,52.67,69.75,5,success,,low,0
2026-01-01T11:41:00,trading-engine,/portfolio,Germany,128,70.25,54.88,4,success,,low,0
2026-01-01T11:41:30,trading-engine,/portfolio,UAE,91,61.52,66.76,5,success,,low,0
2026-01-01T11:42:00,portfolio-service,/withdrawal,Germany,139,62.46,59.76,3,success,,low,0
2026-01-01T11:42:30,notification-service,/kyc,USA,112,66.6,55.68,7,success,,low,0
2026-01-01T11:43:00,investment-engine,/withdrawal,Germany,362,45.14,57.75,12,high_latency,LATENCY_SPIKE,medium,5
2026-01-01T11:43:30,auth-service,/login,Germany,136,59.19,54.63,8,success,,low,0
2026-01-01T11:44:00,auth-service,/login,India,136,48.71,61.64,4,success,,low,0
2026-01-01T11:44:30,trading-engine,/payment,Singapore,83,38.09,65.03,1,success,,low,0
2026-01-01T11:45:00,notification-service,/login,UAE,124,57.91,67.12,6,success,,low,0
2026-01-01T11:45:30,auth-service,/transfer,UAE,114,44.84,51.01,7,success,,low,0
2026-01-01T11:46:00,payment-api,/trade,India,94,55.49,56.85,4,success,,low,0
2026-01-01T11:46:30,trading-engine,/trade,USA,90,56.76,68.21,8,success,,low,0
2026-01-01T11:47:00,fraud-detection,/payment,India,106,56.14,57.93,4,success,,low,0
2026-01-01T11:47:30,fraud-detection,/kyc,India,134,55.48,48.34,6,success,,low,0
2026-01-01T11:48:00,payment-api,/login,India,101,68.02,58.81,6,success,,low,0
2026-01-01T11:48:30,trading-engine,/login,Singapore,116,44.53,62.29,3,success,,low,0
2026-01-01T11:49:00,payment-api,/login,Germany,118,53.53,66.22,7,success,,low,0
2026-01-01T11:49:30,auth-service,/kyc,India,113,69.18,74.53,2,success,,low,0
2026-01-01T11:50:00,fraud-detection,/withdrawal,Germany,97,56.45,44.57,1,success,,low,0
2026-01-01T11:50:30,notification-service,/kyc,India,109,58.13,33.08,6,success,,low,0
2026-01-01T11:51:00,notification-service,/kyc,UAE,130,56.41,52.57,4,success,,low,0
2026-01-01T11:51:30,fraud-detection,/payment,USA,115,44.47,46.76,6,success,,low,0
2026-01-01T11:52:00,investment-engine,/kyc,Singapore,70,43.57,57.71,4,success,,low,0
2026-01-01T11:52:30,fraud-detection,/withdrawal,India,142,53.31,54.01,3,success,,low,0
2026-01-01T11:53:00,payment-api,/portfolio,Singapore,116,45.98,55.14,4,success,,low,0
2026-01-01T11:53:30,notification-service,/transfer,USA,103,62.47,65.06,4,success,,low,0
2026-01-01T11:54:00,auth-service,/login,Germany,120,44.68,53.68,7,success,,low,0
2026-01-01T11:54:30,fraud-detection,/kyc,UAE,148,61.35,67.16,3,success,,low,0
2026-01-01T11:55:00,trading-engine,/kyc,UAE,385,56.05,66.48,10,high_latency,LATENCY_SPIKE,medium,2
2026-01-01T11:55:30,fraud-detection,/trade,Germany,114,48.77,51.4,5,success,,low,0
2026-01-01T11:56:00,fraud-detection,/login,Singapore,155,62.67,49.99,2,success,,low,0
2026-01-01T11:56:30,investment-engine,/withdrawal,UAE,97,65.91,60.61,3,success,,low,0
2026-01-01T11:57:00,notification-service,/trade,India,111,44.47,63.01,6,success,,low,0
2026-01-01T11:57:30,fraud-detection,/portfolio,India,112,50.15,47.8,5,success,,low,0
2026-01-01T11:58:00,fraud-detection,/transfer,Germany,152,66.23,72.41,6,success,,low,0
2026-01-01T11:58:30,auth-service,/payment,UAE,108,55.83,69.73,3,success,,low,0
2026-01-01T11:59:00,fraud-detection,/kyc,India,80,62.24,49.03,6,success,,low,0
2026-01-01T11:59:30,payment-api,/transfer,Singapore,84,48.57,57.87,3,success,,low,0
2026-01-01T12:00:00,payment-api,/kyc,India,690,73.42,69.48,36,timeout,TIMEOUT_ERROR,critical,7
2026-01-01T12:00:30,investment-engine,/transfer,UAE,159,55.02,60.62,2,success,,low,0
2026-01-01T12:01:00,trading-engine,/trade,UAE,118,52.84,65.22,6,success,,low,0
2026-01-01T12:01:30,notification-service,/trade,Singapore,151,51.95,63.22,7,success,,low,0
2026-01-01T12:02:00,payment-api,/portfolio,Singapore,160,48.06,49.14,3,success,,low,0
2026-01-01T12:02:30,fraud-detection,/trade,India,86,57.44,53.22,5,success,,low,0
2026-01-01T12:03:00,investment-engine,/kyc,Singapore,84,60.18,60.3,3,success,,low,0
2026-01-01T12:03:30,trading-engine,/login,USA,123,35.92,57.78,4,success,,low,0
2026-01-01T12:04:00,trading-engine,/payment,Germany,136,52.1,67.88,3,success,,low,0
2026-01-01T12:04:30,auth-service,/payment,Singapore,168,50.51,65.89,6,success,,low,0
2026-01-01T12:05:00,trading-engine,/trade,Germany,123,71.75,69.99,5,success,,low,0
2026-01-01T12:05:30,payment-api,/trade,UAE,121,50.96,52.14,3,success,,low,0
2026-01-01T12:06:00,portfolio-service,/payment,India,150,51.71,81.83,3,success,,low,0
2026-01-01T12:06:30,trading-engine,/withdrawal,UAE,153,54.56,58.19,6,success,,low,0
2026-01-01T12:07:00,portfolio-service,/withdrawal,India,100,67.3,63.14,6,success,,low,0
2026-01-01T12:07:30,portfolio-service,/payment,USA,132,45.21,77.49,6,success,,low,0
2026-01-01T12:08:00,notification-service,/login,USA,123,65.22,72.35,7,success,,low,0
2026-01-01T12:08:30,notification-service,/kyc,USA,168,59.54,58.12,5,success,,low,0
2026-01-01T12:09:00,trading-engine,/trade,India,92,58.02,62.51,0,success,,low,0
2026-01-01T12:09:30,fraud-detection,/transfer,Germany,154,50.78,73.15,5,success,,low,0
2026-01-01T12:10:00,trading-engine,/transfer,Germany,89,59.9,55.6,4,success,,low,0
2026-01-01T12:10:30,notification-service,/withdrawal,Singapore,167,54.09,58.19,3,success,,low,0
2026-01-01T12:11:00,portfolio-service,/withdrawal,USA,129,53.56,67.15,4,success,,low,0
2026-01-01T12:11:30,investment-engine,/withdrawal,USA,122,39.42,69.94,0,success,,low,0
2026-01-01T12:12:00,notification-service,/trade,UAE,408,64.92,52.2,16,high_latency,LATENCY_SPIKE,medium,4
2026-01-01T12:12:30,notification-service,/login,Singapore,130,31.44,88.54,4,success,,low,0
2026-01-01T12:13:00,investment-engine,/portfolio,UAE,135,58.81,66.42,6,success,,low,0
2026-01-01T12:13:30,fraud-detection,/kyc,Germany,102,43.99,53.15,3,success,,low,0
2026-01-01T12:14:00,notification-service,/transfer,UAE,135,70.35,81.86,3,success,,low,0
2026-01-01T12:14:30,fraud-detection,/trade,Singapore,114,50.66,62.58,4,success,,low,0
2026-01-01T12:15:00,portfolio-service,/login,Germany,130,51.81,38.09,8,success,,low,0
2026-01-01T12:15:30,auth-service,/login,USA,147,49.71,63.78,1,success,,low,0
2026-01-01T12:16:00,investment-engine,/login,UAE,100,41.7,64.72,5,success,,low,0
2026-01-01T12:16:30,payment-api,/kyc,UAE,109,59.89,55.96,4,success,,low,0
2026-01-01T12:17:00,notification-service,/login,India,139,58.38,64.37,5,success,,low,0
2026-01-01T12:17:30,payment-api,/login,Singapore,120,59.69,47.88,3,success,,low,0
2026-01-01T12:18:00,fraud-detection,/trade,Germany,124,53.71,50.72,7,success,,low,0
2026-01-01T12:18:30,investment-engine,/payment,India,113,50.45,71.82,3,success,,low,0
2026-01-01T12:19:00,investment-engine,/transfer,UAE,606,75.43,75.53,4,db_failure,DB_CONNECTION_FAILURE,critical,6
2026-01-01T12:19:30,auth-service,/payment,USA,106,58.86,61.29,7,success,,low,0
2026-01-01T12:20:00,auth-service,/login,Singapore,127,57.68,62.52,5,success,,low,0
2026-01-01T12:20:30,notification-service,/login,Germany,125,53.22,63.88,2,success,,low,0
2026-01-01T12:21:00,auth-service,/login,Germany,141,50.43,62.78,5,success,,low,0
2026-01-01T12:21:30,trading-engine,/portfolio,Germany,145,48.55,62.45,5,success,,low,0
2026-01-01T12:22:00,portfolio-service,/kyc,USA,324,58.55,60.51,33,queue_delay,QUEUE_BACKPRESSURE,medium,2
2026-01-01T12:22:30,portfolio-service,/payment,India,127,74.84,63.02,6,success,,low,0
2026-01-01T12:23:00,trading-engine,/payment,UAE,139,68.14,57.41,3,success,,low,0
2026-01-01T12:23:30,trading-engine,/portfolio,India,57,62.25,68.26,3,success,,low,0
2026-01-01T12:24:00,portfolio-service,/login,UAE,92,52.31,63.58,4,success,,low,0
2026-01-01T12:24:30,notification-service,/transfer,Germany,111,60.37,65.56,5,success,,low,0
2026-01-01T12:25:00,investment-engine,/kyc,USA,117,45.19,61.6,6,success,,low,0
2026-01-01T12:25:30,trading-engine,/kyc,USA,108,51.46,55.8,2,success,,low,0
2026-01-01T12:26:00,notification-service,/withdrawal,India,115,54.35,55.88,4,success,,low,0
2026-01-01T12:26:30,fraud-detection,/kyc,Singapore,151,62.58,59.35,6,success,,low,0
2026-01-01T12:27:00,auth-service,/withdrawal,India,238,62.97,65.14,29,queue_delay,QUEUE_BACKPRESSURE,medium,4
2026-01-01T12:27:30,trading-engine,/login,Singapore,88,47.67,42.53,5,success,,low,0
2026-01-01T12:28:00,portfolio-service,/withdrawal,India,235,59.2,67.54,47,queue_delay,QUEUE_BACKPRESSURE,medium,2
2026-01-01T12:28:30,investment-engine,/transfer,India,101,59.86,76.78,5,success,,low,0
2026-01-01T12:29:00,notification-service,/transfer,Singapore,107,70.73,57.45,4,success,,low,0
2026-01-01T12:29:30,notification-service,/trade,USA,493,82.08,54.61,27,timeout,TIMEOUT_ERROR,critical,6
2026-01-01T12:30:00,payment-api,/withdrawal,Singapore,92,46.42,61.85,5,success,,low,0
2026-01-01T12:30:30,notification-service,/trade,Germany,128,46.76,70.0,3,success,,low,0
2026-01-01T12:31:00,portfolio-service,/payment,UAE,130,51.52,47.48,3,success,,low,0
2026-01-01T12:31:30,payment-api,/login,USA,121,60.4,67.64,2,success,,low,0
2026-01-01T12:32:00,trading-engine,/withdrawal,USA,138,59.14,43.74,7,success,,low,0
2026-01-01T12:32:30,portfolio-service,/login,Singapore,142,65.05,57.77,5,success,,low,0
2026-01-01T12:33:00,portfolio-service,/withdrawal,India,108,47.71,61.91,5,success,,low,0
2026-01-01T12:33:30,trading-engine,/withdrawal,Singapore,87,57.91,60.19,3,success,,low,0
2026-01-01T12:34:00,investment-engine,/kyc,India,109,55.92,59.19,3,success,,low,0
2026-01-01T12:34:30,fraud-detection,/kyc,Singapore,117,63.0,62.0,4,success,,low,0
2026-01-01T12:35:00,payment-api,/login,UAE,128,56.29,54.04,4,success,,low,0
2026-01-01T12:35:30,notification-service,/transfer,UAE,75,48.8,66.73,5,success,,low,0
2026-01-01T12:36:00,auth-service,/trade,Germany,101,53.5,62.1,5,success,,low,0
2026-01-01T12:36:30,trading-engine,/login,India,137,50.22,42.69,4,success,,low,0
2026-01-01T12:37:00,portfolio-service,/transfer,Germany,102,55.75,53.9,2,success,,low,0
2026-01-01T12:37:30,trading-engine,/payment,USA,136,66.65,58.81,5,success,,low,0
2026-01-01T12:38:00,investment-engine,/kyc,Singapore,106,39.27,61.97,5,success,,low,0
2026-01-01T12:38:30,portfolio-service,/login,UAE,116,48.73,70.55,5,success,,low,0
2026-01-01T12:39:00,trading-engine,/transfer,India,120,43.6,45.81,4,success,,low,0
2026-01-01T12:39:30,notification-service,/login,India,113,54.97,74.64,6,success,,low,0
2026-01-01T12:40:00,investment-engine,/trade,UAE,112,54.13,70.66,5,success,,low,0
2026-01-01T12:40:30,portfolio-service,/kyc,USA,117,53.73,72.05,5,success,,low,0
2026-01-01T12:41:00,auth-service,/trade,India,110,54.58,52.79,3,success,,low,0
2026-01-01T12:41:30,trading-engine,/trade,UAE,120,64.71,63.47,3,success,,low,0
2026-01-01T12:42:00,auth-service,/transfer,UAE,413,82.25,105.73,5,db_failure,DB_CONNECTION_FAILURE,critical,8
2026-01-01T12:42:30,auth-service,/login,India,130,68.17,49.0,8,success,,low,0
2026-01-01T12:43:00,trading-engine,/payment,India,75,59.86,67.39,4,success,,low,0
2026-01-01T12:43:30,notification-service,/trade,UAE,141,74.63,53.37,0,success,,low,0
2026-01-01T12:44:00,notification-service,/kyc,India,117,47.82,57.02,4,success,,low,0
2026-01-01T12:44:30,portfolio-service,/payment,Singapore,256,48.16,69.46,45,queue_delay,QUEUE_BACKPRESSURE,medium,2
2026-01-01T12:45:00,trading-engine,/withdrawal,Germany,142,68.71,76.31,8,success,,low,0
2026-01-01T12:45:30,portfolio-service,/withdrawal,India,125,58.08,69.87,7,success,,low,0
2026-01-01T12:46:00,notification-service,/payment,Singapore,323,57.67,68.54,12,high_latency,LATENCY_SPIKE,medium,4
2026-01-01T12:46:30,notification-service,/portfolio,Singapore,122,53.59,61.01,4,success,,low,0
2026-01-01T12:47:00,notification-service,/trade,India,130,57.77,52.05,5,success,,low,0
2026-01-01T12:47:30,investment-engine,/login,Singapore,113,45.9,71.14,5,success,,low,0
2026-01-01T12:48:00,fraud-detection,/login,USA,92,59.67,69.74,6,success,,low,0
2026-01-01T12:48:30,fraud-detection,/transfer,Singapore,738,97.49,66.56,43,timeout,TIMEOUT_ERROR,critical,10
2026-01-01T12:49:00,investment-engine,/trade,USA,139,70.21,68.96,5,success,,low,0
2026-01-01T12:49:30,trading-engine,/withdrawal,USA,112,53.35,67.22,0,success,,low,0
2026-01-01T12:50:00,portfolio-service,/portfolio,USA,157,43.63,52.98,6,success,,low,0
2026-01-01T12:50:30,fraud-detection,/trade,Singapore,136,57.94,53.17,9,success,,low,0
2026-01-01T12:51:00,payment-api,/transfer,India,137,49.83,49.03,3,success,,low,0
2026-01-01T12:51:30,trading-engine,/portfolio,India,132,69.67,51.08,4,success,,low,0
2026-01-01T12:52:00,payment-api,/withdrawal,USA,107,53.74,68.76,6,success,,low,0
2026-01-01T12:52:30,payment-api,/portfolio,India,276,47.0,55.14,61,queue_delay,QUEUE_BACKPRESSURE,medium,5
2026-01-01T12:53:00,fraud-detection,/kyc,UAE,124,79.8,47.46,9,success,,low,0
2026-01-01T12:53:30,portfolio-service,/login,India,92,66.38,59.2,4,success,,low,0
2026-01-01T12:54:00,notification-service,/withdrawal,Germany,149,57.04,67.09,5,success,,low,0
2026-01-01T12:54:30,portfolio-service,/kyc,Germany,120,54.48,59.51,6,success,,low,0
2026-01-01T12:55:00,auth-service,/portfolio,UAE,117,57.21,57.82,5,success,,low,0
2026-01-01T12:55:30,fraud-detection,/transfer,Germany,116,65.22,67.39,1,success,,low,0
2026-01-01T12:56:00,trading-engine,/transfer,USA,121,47.68,63.65,6,success,,low,0
2026-01-01T12:56:30,fraud-detection,/withdrawal,USA,85,51.72,77.08,4,success,,low,0
2026-01-01T12:57:00,payment-api,/withdrawal,USA,118,56.3,56.95,4,success,,low,0
2026-01-01T12:57:30,payment-api,/transfer,USA,84,58.37,57.22,5,success,,low,0
2026-01-01T12:58:00,auth-service,/portfolio,UAE,116,61.61,62.84,7,success,,low,0
2026-01-01T12:58:30,portfolio-service,/kyc,UAE,85,56.17,62.95,5,success,,low,0
2026-01-01T12:59:00,fraud-detection,/login,UAE,94,49.87,54.36,6,success,,low,0
2026-01-01T12:59:30,auth-service,/transfer,Germany,95,57.27,65.25,3,success,,low,0
2026-01-01T13:00:00,auth-service,/portfolio,Germany,139,52.96,36.57,4,success,,low,0
2026-01-01T13:00:30,portfolio-service,/payment,Germany,150,47.05,61.18,5,success,,low,0
2026-01-01T13:01:00,trading-engine,/kyc,USA,150,59.15,62.25,7,success,,low,0
2026-01-01T13:01:30,trading-engine,/login,India,91,55.7,72.3,4,success,,low,0
2026-01-01T13:02:00,investment-engine,/transfer,Germany,125,63.28,68.19,4,success,,low,0
2026-01-01T13:02:30,payment-api,/transfer,Singapore,113,56.48,65.1,3,success,,low,0
2026-01-01T13:03:00,portfolio-service,/transfer,USA,101,39.75,50.7,6,success,,low,0
2026-01-01T13:03:30,investment-engine,/transfer,UAE,463,56.78,72.83,15,high_latency,LATENCY_SPIKE,medium,4
2026-01-01T13:04:00,investment-engine,/kyc,USA,131,56.18,75.2,3,success,,low,0
2026-01-01T13:04:30,fraud-detection,/kyc,India,123,58.94,45.65,6,success,,low,0
2026-01-01T13:05:00,notification-service,/transfer,Singapore,99,61.76,59.67,3,success,,low,0
2026-01-01T13:05:30,trading-engine,/transfer,Germany,134,58.48,52.81,7,success,,low,0
2026-01-01T13:06:00,trading-engine,/withdrawal,Germany,99,45.97,66.43,4,success,,low,0
2026-01-01T13:06:30,notification-service,/withdrawal,Germany,91,43.71,53.54,4,success,,low,0
2026-01-01T13:07:00,trading-engine,/kyc,Germany,136,51.78,66.33,5,success,,low,0
2026-01-01T13:07:30,payment-api,/payment,UAE,139,56.18,61.26,4,success,,low,0
2026-01-01T13:08:00,trading-engine,/portfolio,Singapore,116,46.5,56.96,5,success,,low,0
2026-01-01T13:08:30,investment-engine,/transfer,USA,142,56.39,50.57,1,success,,low,0
2026-01-01T13:09:00,notification-service,/portfolio,India,100,47.27,46.63,2,success,,low,0
2026-01-01T13:09:30,auth-service,/withdrawal,USA,113,48.1,59.92,6,success,,low,0
2026-01-01T13:10:00,notification-service,/trade,Singapore,117,63.28,55.81,5,success,,low,0
2026-01-01T13:10:30,investment-engine,/portfolio,Singapore,129,55.07,68.98,7,success,,low,0
2026-01-01T13:11:00,auth-service,/withdrawal,UAE,120,45.54,60.0,5,success,,low,0
2026-01-01T13:11:30,portfolio-service,/trade,Germany,98,54.07,57.4,1,success,,low,0
2026-01-01T13:12:00,notification-service,/trade,Singapore,755,82.06,52.11,23,timeout,TIMEOUT_ERROR,critical,10
2026-01-01T13:12:30,notification-service,/login,India,146,46.05,82.94,2,success,,low,0
2026-01-01T13:13:00,payment-api,/portfolio,USA,130,44.4,57.8,5,success,,low,0
2026-01-01T13:13:30,auth-service,/login,USA,116,49.36,61.27,3,success,,low,0
2026-01-01T13:14:00,portfolio-service,/transfer,USA,116,38.3,59.45,5,success,,low,0
2026-01-01T13:14:30,investment-engine,/withdrawal,Germany,128,57.11,62.76,6,success,,low,0
2026-01-01T13:15:00,trading-engine,/withdrawal,India,181,43.23,60.08,4,success,,low,0
2026-01-01T13:15:30,payment-api,/kyc,Germany,274,55.95,61.84,50,queue_delay,QUEUE_BACKPRESSURE,medium,4
2026-01-01T13:16:00,fraud-detection,/login,India,119,44.16,61.56,7,success,,low,0
2026-01-01T13:16:30,notification-service,/withdrawal,Germany,131,59.89,46.36,4,success,,low,0
2026-01-01T13:17:00,fraud-detection,/login,India,121,50.15,77.63,4,success,,low,0
2026-01-01T13:17:30,portfolio-service,/payment,Singapore,175,45.47,62.37,6,success,,low,0
2026-01-01T13:18:00,trading-engine,/kyc,Singapore,128,34.88,68.38,4,success,,low,0
2026-01-01T13:18:30,portfolio-service,/trade,India,122,67.41,67.89,5,success,,low,0
2026-01-01T13:19:00,trading-engine,/trade,Germany,122,49.41,71.13,9,success,,low,0
2026-01-01T13:19:30,notification-service,/withdrawal,Singapore,152,59.69,54.95,6,success,,low,0
2026-01-01T13:20:00,portfolio-service,/trade,Germany,159,50.44,65.66,5,success,,low,0
2026-01-01T13:20:30,auth-service,/payment,Singapore,124,40.41,49.53,4,success,,low,0
2026-01-01T13:21:00,fraud-detection,/portfolio,Germany,506,74.52,75.26,2,db_failure,DB_CONNECTION_FAILURE,critical,10
2026-01-01T13:21:30,fraud-detection,/payment,USA,96,69.4,62.57,6,success,,low,0
2026-01-01T13:22:00,investment-engine,/withdrawal,USA,132,51.93,37.31,3,success,,low,0
2026-01-01T13:22:30,trading-engine,/portfolio,Singapore,85,49.76,63.96,6,success,,low,0
2026-01-01T13:23:00,investment-engine,/payment,USA,140,59.33,73.87,3,success,,low,0
2026-01-01T13:23:30,payment-api,/kyc,USA,138,59.4,46.05,3,success,,low,0
2026-01-01T13:24:00,auth-service,/trade,Singapore,129,60.94,66.34,5,success,,low,0
2026-01-01T13:24:30,investment-engine,/withdrawal,UAE,127,52.93,66.12,6,success,,low,0
2026-01-01T13:25:00,trading-engine,/kyc,Singapore,100,45.0,47.61,3,success,,low,0
2026-01-01T13:25:30,trading-engine,/portfolio,USA,80,69.9,61.13,6,success,,low,0
2026-01-01T13:26:00,investment-engine,/portfolio,USA,301,54.64,61.17,20,queue_delay,QUEUE_BACKPRESSURE,medium,5
2026-01-01T13:26:30,notification-service,/kyc,USA,127,68.74,69.31,6,success,,low,0
2026-01-01T13:27:00,payment-api,/payment,USA,112,58.94,52.12,6,success,,low,0
2026-01-01T13:27:30,investment-engine,/transfer,Singapore,125,37.92,50.6,0,success,,low,0
2026-01-01T13:28:00,notification-service,/portfolio,UAE,132,60.98,62.78,5,success,,low,0
2026-01-01T13:28:30,payment-api,/transfer,Germany,135,47.45,63.68,5,success,,low,0
2026-01-01T13:29:00,portfolio-service,/trade,USA,155,75.06,67.66,3,success,,low,0
2026-01-01T13:29:30,trading-engine,/portfolio,Singapore,145,59.26,68.02,4,success,,low,0
2026-01-01T13:30:00,portfolio-service,/login,USA,138,48.09,61.53,5,success,,low,0
2026-01-01T13:30:30,notification-service,/transfer,Germany,316,51.35,41.0,14,high_latency,LATENCY_SPIKE,medium,5
2026-01-01T13:31:00,auth-service,/transfer,UAE,147,43.97,48.71,6,success,,low,0
2026-01-01T13:31:30,trading-engine,/withdrawal,Singapore,145,56.44,44.43,1,success,,low,0
2026-01-01T13:32:00,fraud-detection,/withdrawal,Singapore,95,52.45,61.14,2,success,,low,0
2026-01-01T13:32:30,payment-api,/withdrawal,India,111,50.13,51.26,6,success,,low,0
2026-01-01T13:33:00,auth-service,/portfolio,USA,139,70.31,57.96,4,success,,low,0
2026-01-01T13:33:30,payment-api,/transfer,Singapore,124,45.73,57.87,5,success,,low,0
2026-01-01T13:34:00,portfolio-service,/login,India,103,51.75,66.7,7,success,,low,0
2026-01-01T13:34:30,fraud-detection,/transfer,Germany,88,55.37,68.78,3,success,,low,0
2026-01-01T13:35:00,auth-service,/login,Germany,654,73.31,55.7,36,timeout,TIMEOUT_ERROR,critical,5
2026-01-01T13:35:30,portfolio-service,/withdrawal,India,138,58.49,48.77,1,success,,low,0
2026-01-01T13:36:00,notification-service,/withdrawal,UAE,118,46.39,47.52,2,success,,low,0
2026-01-01T13:36:30,trading-engine,/trade,USA,111,55.94,58.73,7,success,,low,0
2026-01-01T13:37:00,trading-engine,/transfer,USA,121,54.54,65.37,4,success,,low,0
2026-01-01T13:37:30,notification-service,/kyc,Germany,109,66.16,66.48,9,success,,low,0
2026-01-01T13:38:00,auth-service,/login,Singapore,95,61.73,46.82,4,success,,low,0
2026-01-01T13:38:30,fraud-detection,/kyc,USA,130,51.97,50.38,5,success,,low,0
2026-01-01T13:39:00,investment-engine,/kyc,UAE,83,53.95,62.6,8,success,,low,0
2026-01-01T13:39:30,portfolio-service,/transfer,India,131,55.27,69.86,2,success,,low,0
2026-01-01T13:40:00,investment-engine,/withdrawal,USA,107,62.91,53.07,8,success,,low,0
2026-01-01T13:40:30,fraud-detection,/transfer,Germany,144,48.12,52.53,4,success,,low,0
2026-01-01T13:41:00,notification-service,/trade,Germany,87,66.29,70.69,7,success,,low,0
2026-01-01T13:41:30,trading-engine,/trade,USA,144,51.9,60.69,5,success,,low,0
2026-01-01T13:42:00,investment-engine,/portfolio,India,108,63.72,40.9,4,success,,low,0
2026-01-01T13:42:30,fraud-detection,/trade,UAE,123,40.27,63.36,3,success,,low,0
2026-01-01T13:43:00,investment-engine,/payment,India,120,49.32,49.81,4,success,,low,0
2026-01-01T13:43:30,auth-service,/kyc,Germany,158,57.24,57.28,4,success,,low,0
2026-01-01T13:44:00,investment-engine,/transfer,Singapore,151,57.66,74.87,0,success,,low,0
2026-01-01T13:44:30,investment-engine,/payment,Singapore,123,46.05,66.05,7,success,,low,0
2026-01-01T13:45:00,portfolio-service,/transfer,UAE,150,62.95,44.85,3,success,,low,0
2026-01-01T13:45:30,portfolio-service,/payment,India,144,48.22,50.92,6,success,,low,0
2026-01-01T13:46:00,notification-service,/login,UAE,430,61.12,81.96,7,db_failure,DB_CONNECTION_FAILURE,critical,9
2026-01-01T13:46:30,portfolio-service,/kyc,India,168,47.9,73.25,3,success,,low,0
2026-01-01T13:47:00,trading-engine,/login,UAE,135,56.29,60.22,8,success,,low,0
2026-01-01T13:47:30,trading-engine,/login,Singapore,250,50.03,59.01,64,queue_delay,QUEUE_BACKPRESSURE,medium,4
2026-01-01T13:48:00,investment-engine,/trade,India,139,58.24,65.42,3,success,,low,0
2026-01-01T13:48:30,payment-api,/kyc,India,134,49.29,87.35,3,success,,low,0
2026-01-01T13:49:00,portfolio-service,/portfolio,UAE,157,44.76,63.78,7,success,,low,0
2026-01-01T13:49:30,notification-service,/withdrawal,Singapore,94,66.86,69.15,5,success,,low,0
2026-01-01T13:50:00,trading-engine,/transfer,India,124,54.97,47.42,3,success,,low,0
2026-01-01T13:50:30,auth-service,/payment,Singapore,117,62.4,60.98,5,success,,low,0
2026-01-01T13:51:00,trading-engine,/withdrawal,Germany,137,73.2,69.89,1,success,,low,0
2026-01-01T13:51:30,trading-engine,/transfer,UAE,125,51.39,58.42,5,success,,low,0
2026-01-01T13:52:00,payment-api,/withdrawal,Singapore,115,64.39,58.95,5,success,,low,0
2026-01-01T13:52:30,fraud-detection,/kyc,USA,399,53.36,52.18,9,high_latency,LATENCY_SPIKE,medium,4
2026-01-01T13:53:00,auth-service,/withdrawal,USA,103,53.27,67.76,7,success,,low,0
2026-01-01T13:53:30,trading-engine,/trade,Singapore,112,66.13,55.93,4,success,,low,0
2026-01-01T13:54:00,investment-engine,/transfer,UAE,110,58.7,77.41,6,success,,low,0
2026-01-01T13:54:30,auth-service,/payment,UAE,129,50.15,75.77,4,success,,low,0
2026-01-01T13:55:00,fraud-detection,/portfolio,India,106,49.69,55.11,2,success,,low,0
2026-01-01T13:55:30,portfolio-service,/kyc,USA,159,81.61,81.56,4,success,,low,0
2026-01-01T13:56:00,auth-service,/withdrawal,India,124,42.7,56.24,7,success,,low,0
2026-01-01T13:56:30,investment-engine,/payment,Singapore,126,41.92,64.0,7,success,,low,0
2026-01-01T13:57:00,trading-engine,/transfer,UAE,125,48.09,52.79,4,success,,low,0
2026-01-01T13:57:30,auth-service,/portfolio,Singapore,120,56.75,56.2,2,success,,low,0
2026-01-01T13:58:00,notification-service,/trade,Germany,116,46.81,49.61,4,success,,low,0
2026-01-01T13:58:30,notification-service,/transfer,USA,90,49.17,53.33,3,success,,low,0
2026-01-01T13:59:00,fraud-detection,/payment,UAE,118,46.94,53.98,2,success,,low,0
2026-01-01T13:59:30,notification-service,/login,Singapore,114,51.78,58.97,2,success,,low,0
2026-01-01T14:00:00,fraud-detection,/trade,UAE,149,66.18,50.05,7,success,,low,0
2026-01-01T14:00:30,auth-service,/transfer,India,139,59.27,61.65,5,success,,low,0
2026-01-01T14:01:00,trading-engine,/trade,USA,144,45.0,65.13,4,success,,low,0
2026-01-01T14:01:30,fraud-detection,/trade,Germany,155,61.49,63.58,6,success,,low,0
2026-01-01T14:02:00,payment-api,/login,Singapore,118,50.6,59.99,6,success,,low,0
2026-01-01T14:02:30,portfolio-service,/kyc,USA,118,41.19,64.48,4,success,,low,0
2026-01-01T14:03:00,portfolio-service,/withdrawal,India,131,53.01,64.15,4,success,,low,0
2026-01-01T14:03:30,trading-engine,/trade,India,140,64.31,62.08,4,success,,low,0
2026-01-01T14:04:00,investment-engine,/payment,USA,105,36.55,62.6,6,success,,low,0
2026-01-01T14:04:30,fraud-detection,/portfolio,UAE,126,65.75,53.17,4,success,,low,0
2026-01-01T14:05:00,payment-api,/payment,Singapore,158,72.06,46.2,3,success,,low,0
2026-01-01T14:05:30,payment-api,/payment,Singapore,83,45.25,43.71,2,success,,low,0
2026-01-01T14:06:00,portfolio-service,/login,Singapore,115,53.67,68.65,6,success,,low,0
2026-01-01T14:06:30,auth-service,/login,Singapore,134,64.12,48.89,3,success,,low,0
2026-01-01T14:07:00,trading-engine,/withdrawal,UAE,104,54.81,69.9,2,success,,low,0
2026-01-01T14:07:30,fraud-detection,/portfolio,USA,119,67.59,60.6,5,success,,low,0
2026-01-01T14:08:00,investment-engine,/transfer,Singapore,132,60.43,69.07,3,success,,low,0
2026-01-01T14:08:30,investment-engine,/withdrawal,India,105,55.55,54.93,3,success,,low,0
2026-01-01T14:09:00,fraud-detection,/login,USA,111,57.38,68.82,5,success,,low,0
2026-01-01T14:09:30,auth-service,/portfolio,UAE,106,57.65,70.05,8,success,,low,0
2026-01-01T14:10:00,portfolio-service,/withdrawal,Germany,134,59.39,50.45,8,success,,low,0
2026-01-01T14:10:30,payment-api,/portfolio,UAE,121,55.5,59.06,3,success,,low,0
2026-01-01T14:11:00,notification-service,/portfolio,UAE,137,61.44,71.88,4,success,,low,0
2026-01-01T14:11:30,portfolio-service,/portfolio,Singapore,113,71.97,82.94,5,success,,low,0
2026-01-01T14:12:00,investment-engine,/transfer,Germany,132,33.62,62.46,4,success,,low,0
2026-01-01T14:12:30,payment-api,/withdrawal,UAE,251,46.18,54.02,47,queue_delay,QUEUE_BACKPRESSURE,medium,2
2026-01-01T14:13:00,portfolio-service,/kyc,Germany,468,52.54,89.08,19,high_latency,LATENCY_SPIKE,medium,5
2026-01-01T14:13:30,portfolio-service,/login,USA,114,53.41,58.56,2,success,,low,0
2026-01-01T14:14:00,fraud-detection,/transfer,India,119,63.05,54.4,9,success,,low,0
2026-01-01T14:14:30,notification-service,/kyc,Singapore,158,67.37,55.79,5,success,,low,0
2026-01-01T14:15:00,auth-service,/kyc,Singapore,370,54.66,64.94,6,db_failure,DB_CONNECTION_FAILURE,critical,5
2026-01-01T14:15:30,payment-api,/payment,India,112,38.7,49.1,2,success,,low,0
2026-01-01T14:16:00,auth-service,/login,Singapore,100,74.77,50.77,3,success,,low,0
2026-01-01T14:16:30,auth-service,/payment,Germany,91,58.02,57.92,8,success,,low,0
2026-01-01T14:17:00,trading-engine,/portfolio,India,117,56.57,64.4,6,success,,low,0
2026-01-01T14:17:30,portfolio-service,/login,India,126,45.55,68.84,4,success,,low,0
2026-01-01T14:18:00,notification-service,/payment,India,127,62.42,64.82,7,success,,low,0
2026-01-01T14:18:30,investment-engine,/withdrawal,Singapore,141,67.74,50.37,6,success,,low,0
2026-01-01T14:19:00,payment-api,/payment,USA,116,63.53,55.6,4,success,,low,0
2026-01-01T14:19:30,trading-engine,/withdrawal,India,286,51.85,63.1,43,queue_delay,QUEUE_BACKPRESSURE,medium,3
2026-01-01T14:20:00,trading-engine,/trade,Singapore,124,54.05,49.71,5,success,,low,0
2026-01-01T14:20:30,portfolio-service,/trade,Singapore,118,52.83,65.33,6,success,,low,0
2026-01-01T14:21:00,payment-api,/kyc,USA,127,59.0,47.27,2,success,,low,0
2026-01-01T14:21:30,payment-api,/payment,Germany,139,55.61,64.19,5,success,,low,0
2026-01-01T14:22:00,notification-service,/withdrawal,UAE,114,57.79,55.82,3,success,,low,0
2026-01-01T14:22:30,portfolio-service,/transfer,India,154,43.48,51.0,8,success,,low,0
2026-01-01T14:23:00,investment-engine,/trade,USA,115,57.7,49.37,3,success,,low,0
2026-01-01T14:23:30,investment-engine,/withdrawal,USA,128,39.97,63.35,2,success,,low,0
2026-01-01T14:24:00,auth-service,/kyc,Singapore,121,58.3,62.94,5,success,,low,0
2026-01-01T14:24:30,fraud-detection,/portfolio,USA,108,66.42,48.2,7,success,,low,0
2026-01-01T14:25:00,portfolio-service,/trade,USA,110,64.02,80.64,7,success,,low,0
2026-01-01T14:25:30,payment-api,/trade,Germany,128,53.0,65.37,4,success,,low,0
2026-01-01T14:26:00,investment-engine,/portfolio,Singapore,96,41.81,53.03,5,success,,low,0
2026-01-01T14:26:30,trading-engine,/transfer,USA,115,61.71,67.98,3,success,,low,0
2026-01-01T14:27:00,notification-service,/portfolio,UAE,143,51.29,55.47,8,success,,low,0
2026-01-01T14:27:30,notification-service,/login,India,556,77.59,58.92,15,timeout,TIMEOUT_ERROR,critical,10
2026-01-01T14:28:00,notification-service,/transfer,India,140,48.73,52.02,3,success,,low,0
2026-01-01T14:28:30,fraud-detection,/portfolio,UAE,70,69.42,51.75,1,success,,low,0
2026-01-01T14:29:00,notification-service,/login,Germany,138,53.43,72.55,3,success,,low,0
2026-01-01T14:29:30,investment-engine,/kyc,Singapore,105,57.62,53.57,5,success,,low,0
2026-01-01T14:30:00,investment-engine,/withdrawal,USA,132,44.36,64.92,0,success,,low,0
2026-01-01T14:30:30,trading-engine,/login,Germany,77,48.56,51.2,2,success,,low,0
2026-01-01T14:31:00,notification-service,/payment,India,123,62.32,61.94,5,success,,low,0
2026-01-01T14:31:30,fraud-detection,/trade,Germany,123,51.32,68.67,8,success,,low,0
2026-01-01T14:32:00,portfolio-service,/kyc,UAE,84,74.8,60.3,4,success,,low,0
2026-01-01T14:32:30,payment-api,/payment,UAE,495,83.74,67.96,17,timeout,TIMEOUT_ERROR,critical,7
2026-01-01T14:33:00,notification-service,/transfer,India,132,47.29,61.41,7,success,,low,0
2026-01-01T14:33:30,payment-api,/kyc,USA,126,55.86,62.04,3,success,,low,0
2026-01-01T14:34:00,fraud-detection,/portfolio,UAE,86,54.0,82.44,0,success,,low,0
2026-01-01T14:34:30,investment-engine,/withdrawal,UAE,103,47.7,61.88,5,success,,low,0
2026-01-01T14:35:00,payment-api,/transfer,USA,116,59.0,66.19,2,success,,low,0
2026-01-01T14:35:30,trading-engine,/trade,USA,89,49.27,74.67,3,success,,low,0
2026-01-01T14:36:00,auth-service,/kyc,Singapore,94,52.31,61.63,4,success,,low,0
2026-01-01T14:36:30,investment-engine,/portfolio,USA,121,48.73,55.69,5,success,,low,0
2026-01-01T14:37:00,investment-engine,/portfolio,USA,166,69.36,52.75,6,success,,low,0
2026-01-01T14:37:30,payment-api,/transfer,India,142,52.94,61.96,10,success,,low,0
2026-01-01T14:38:00,notification-service,/withdrawal,UAE,113,46.21,84.47,3,success,,low,0
2026-01-01T14:38:30,investment-engine,/trade,UAE,123,56.33,54.04,1,success,,low,0
2026-01-01T14:39:00,trading-engine,/payment,Singapore,143,45.6,55.37,3,success,,low,0
2026-01-01T14:39:30,payment-api,/trade,Singapore,136,47.29,35.68,5,success,,low,0
2026-01-01T14:40:00,fraud-detection,/trade,Singapore,157,55.07,61.64,4,success,,low,0
2026-01-01T14:40:30,payment-api,/portfolio,India,293,51.09,57.4,61,queue_delay,QUEUE_BACKPRESSURE,medium,5
2026-01-01T14:41:00,investment-engine,/portfolio,India,464,68.42,69.08,18,timeout,TIMEOUT_ERROR,critical,7
2026-01-01T14:41:30,payment-api,/transfer,Singapore,97,54.33,52.19,5,success,,low,0
2026-01-01T14:42:00,auth-service,/kyc,USA,91,63.78,65.0,1,success,,low,0
2026-01-01T14:42:30,payment-api,/withdrawal,Singapore,103,66.87,48.14,0,success,,low,0
2026-01-01T14:43:00,payment-api,/payment,India,108,51.95,61.26,3,success,,low,0
2026-01-01T14:43:30,auth-service,/portfolio,UAE,521,78.04,72.49,15,timeout,TIMEOUT_ERROR,critical,10
2026-01-01T14:44:00,payment-api,/portfolio,Germany,101,57.58,68.68,2,success,,low,0
2026-01-01T14:44:30,fraud-detection,/login,Germany,271,36.49,64.32,17,high_latency,LATENCY_SPIKE,medium,5
2026-01-01T14:45:00,payment-api,/login,Singapore,98,49.88,52.77,2,success,,low,0
2026-01-01T14:45:30,notification-service,/kyc,UAE,119,57.42,58.84,6,success,,low,0
2026-01-01T14:46:00,fraud-detection,/portfolio,Singapore,118,45.53,53.29,3,success,,low,0
2026-01-01T14:46:30,portfolio-service,/login,Germany,92,44.17,44.48,5,success,,low,0
2026-01-01T14:47:00,notification-service,/login,India,155,60.2,68.79,3,success,,low,0
2026-01-01T14:47:30,payment-api,/portfolio,UAE,128,62.53,58.46,3,success,,low,0
2026-01-01T14:48:00,investment-engine,/login,India,129,52.09,63.81,4,success,,low,0
2026-01-01T14:48:30,portfolio-service,/withdrawal,India,110,55.92,64.9,4,success,,low,0
2026-01-01T14:49:00,notification-service,/trade,Germany,145,61.79,45.24,4,success,,low,0
2026-01-01T14:49:30,portfolio-service,/payment,India,148,58.92,64.27,7,success,,low,0
2026-01-01T14:50:00,trading-engine,/payment,USA,113,52.33,70.59,5,success,,low,0
2026-01-01T14:50:30,fraud-detection,/trade,Singapore,106,60.96,56.01,7,success,,low,0
2026-01-01T14:51:00,trading-engine,/payment,Singapore,94,48.83,63.23,6,success,,low,0
2026-01-01T14:51:30,fraud-detection,/kyc,USA,111,47.52,78.8,6,success,,low,0
2026-01-01T14:52:00,investment-engine,/payment,India,129,51.59,49.72,3,success,,low,0
2026-01-01T14:52:30,investment-engine,/kyc,Singapore,115,55.23,67.93,6,success,,low,0
2026-01-01T14:53:00,payment-api,/withdrawal,UAE,538,91.22,57.76,29,timeout,TIMEOUT_ERROR,critical,7
2026-01-01T14:53:30,trading-engine,/payment,UAE,149,59.25,55.74,3,success,,low,0
2026-01-01T14:54:00,auth-service,/trade,UAE,111,62.52,56.74,5,success,,low,0
2026-01-01T14:54:30,investment-engine,/kyc,UAE,72,60.87,57.02,4,success,,low,0
2026-01-01T14:55:00,notification-service,/login,UAE,108,55.44,78.55,4,success,,low,0
2026-01-01T14:55:30,portfolio-service,/transfer,UAE,122,72.27,70.19,5,success,,low,0
2026-01-01T14:56:00,payment-api,/payment,UAE,110,58.97,75.64,2,success,,low,0
2026-01-01T14:56:30,payment-api,/transfer,Singapore,489,88.3,68.03,44,timeout,TIMEOUT_ERROR,critical,8
2026-01-01T14:57:00,payment-api,/portfolio,UAE,124,61.44,57.83,6,success,,low,0
2026-01-01T14:57:30,payment-api,/withdrawal,Singapore,126,61.89,52.48,7,success,,low,0
2026-01-01T14:58:00,payment-api,/kyc,Singapore,504,73.28,62.61,38,timeout,TIMEOUT_ERROR,critical,7
2026-01-01T14:58:30,portfolio-service,/transfer,USA,221,60.09,55.75,58,queue_delay,QUEUE_BACKPRESSURE,medium,3
2026-01-01T14:59:00,fraud-detection,/login,India,302,51.95,54.1,39,queue_delay,QUEUE_BACKPRESSURE,medium,5
2026-01-01T14:59:30,auth-service,/trade,USA,116,68.79,48.76,6,success,,low,0
2026-01-01T15:00:00,fraud-detection,/login,UAE,102,48.73,63.81,7,success,,low,0
2026-01-01T15:00:30,auth-service,/kyc,India,118,45.68,53.88,6,success,,low,0
2026-01-01T15:01:00,payment-api,/transfer,Singapore,83,66.23,54.29,0,success,,low,0
2026-01-01T15:01:30,notification-service,/kyc,India,123,55.06,65.54,1,success,,low,0
2026-01-01T15:02:00,notification-service,/portfolio,UAE,70,44.13,64.05,5,success,,low,0
2026-01-01T15:02:30,payment-api,/transfer,USA,122,52.88,61.01,6,success,,low,0
2026-01-01T15:03:00,trading-engine,/transfer,UAE,418,53.96,65.01,2,db_failure,DB_CONNECTION_FAILURE,critical,5
2026-01-01T15:03:30,payment-api,/trade,UAE,103,56.91,67.25,4,success,,low,0
2026-01-01T15:04:00,fraud-detection,/transfer,USA,123,52.25,59.63,3,success,,low,0
2026-01-01T15:04:30,trading-engine,/kyc,India,79,54.46,55.66,5,success,,low,0
2026-01-01T15:05:00,payment-api,/payment,UAE,132,54.35,38.31,7,success,,low,0
2026-01-01T15:05:30,fraud-detection,/withdrawal,UAE,171,49.41,48.36,6,success,,low,0
2026-01-01T15:06:00,investment-engine,/trade,Germany,126,39.16,52.4,8,success,,low,0
2026-01-01T15:06:30,notification-service,/kyc,India,98,50.86,58.51,6,success,,low,0
2026-01-01T15:07:00,notification-service,/withdrawal,USA,90,49.22,62.56,3,success,,low,0
2026-01-01T15:07:30,portfolio-service,/kyc,Germany,125,56.17,62.25,2,success,,low,0
2026-01-01T15:08:00,trading-engine,/kyc,UAE,162,59.0,53.13,4,success,,low,0
2026-01-01T15:08:30,payment-api,/withdrawal,USA,456,50.6,61.29,14,high_latency,LATENCY_SPIKE,medium,4
2026-01-01T15:09:00,fraud-detection,/trade,India,104,62.7,76.65,7,success,,low,0
2026-01-01T15:09:30,fraud-detection,/login,UAE,141,60.9,60.19,7,success,,low,0
2026-01-01T15:10:00,investment-engine,/portfolio,UAE,129,43.1,82.3,1,success,,low,0
2026-01-01T15:10:30,payment-api,/kyc,Singapore,101,56.61,58.24,3,success,,low,0
2026-01-01T15:11:00,payment-api,/withdrawal,Singapore,61,47.87,49.44,5,success,,low,0
2026-01-01T15:11:30,fraud-detection,/transfer,UAE,350,45.57,67.67,19,high_latency,LATENCY_SPIKE,medium,4
2026-01-01T15:12:00,auth-service,/portfolio,Singapore,113,64.79,80.48,4,success,,low,0
2026-01-01T15:12:30,investment-engine,/withdrawal,Germany,118,39.47,54.61,4,success,,low,0
2026-01-01T15:13:00,investment-engine,/kyc,Germany,76,61.49,60.77,8,success,,low,0
2026-01-01T15:13:30,trading-engine,/portfolio,USA,102,57.55,55.87,6,success,,low,0
2026-01-01T15:14:00,investment-engine,/payment,Singapore,139,49.22,55.33,2,success,,low,0
2026-01-01T15:14:30,portfolio-service,/trade,India,130,65.55,56.98,6,success,,low,0
2026-01-01T15:15:00,portfolio-service,/portfolio,Singapore,110,52.24,59.98,7,success,,low,0
2026-01-01T15:15:30,auth-service,/portfolio,Germany,121,57.09,68.52,3,success,,low,0
2026-01-01T15:16:00,fraud-detection,/transfer,Germany,95,61.0,58.86,8,success,,low,0
2026-01-01T15:16:30,payment-api,/portfolio,Singapore,115,63.82,63.27,1,success,,low,0
2026-01-01T15:17:00,investment-engine,/trade,USA,127,51.11,49.5,3,success,,low,0
2026-01-01T15:17:30,auth-service,/transfer,Germany,145,59.5,78.04,6,success,,low,0
2026-01-01T15:18:00,portfolio-service,/login,Germany,104,56.9,60.85,1,success,,low,0
2026-01-01T15:18:30,notification-service,/kyc,Germany,221,47.1,49.79,47,queue_delay,QUEUE_BACKPRESSURE,medium,4
2026-01-01T15:19:00,trading-engine,/transfer,Germany,142,62.27,63.35,5,success,,low,0
2026-01-01T15:19:30,investment-engine,/trade,Germany,127,63.08,53.57,7,success,,low,0
2026-01-01T15:20:00,portfolio-service,/kyc,Singapore,90,60.99,54.02,5,success,,low,0
2026-01-01T15:20:30,payment-api,/login,Germany,141,60.67,56.99,8,success,,low,0
2026-01-01T15:21:00,fraud-detection,/transfer,India,131,42.99,58.45,2,success,,low,0
2026-01-01T15:21:30,payment-api,/portfolio,Germany,121,70.09,42.99,4,success,,low,0
2026-01-01T15:22:00,trading-engine,/login,Germany,101,49.2,61.83,8,success,,low,0
2026-01-01T15:22:30,trading-engine,/transfer,Germany,125,52.93,61.83,5,success,,low,0
2026-01-01T15:23:00,portfolio-service,/kyc,UAE,122,63.08,54.32,6,success,,low,0
2026-01-01T15:23:30,investment-engine,/payment,Germany,265,56.03,59.36,61,queue_delay,QUEUE_BACKPRESSURE,medium,4
2026-01-01T15:24:00,notification-service,/kyc,UAE,115,58.26,57.53,2,success,,low,0
2026-01-01T15:24:30,investment-engine,/portfolio,USA,102,62.08,52.94,4,success,,low,0
2026-01-01T15:25:00,notification-service,/kyc,India,93,46.65,82.42,5,success,,low,0
2026-01-01T15:25:30,notification-service,/kyc,Singapore,98,64.85,57.91,7,success,,low,0
2026-01-01T15:26:00,portfolio-service,/withdrawal,Germany,290,55.96,48.86,14,high_latency,LATENCY_SPIKE,medium,5
2026-01-01T15:26:30,trading-engine,/login,USA,105,58.84,72.39,8,success,,low,0
2026-01-01T15:27:00,payment-api,/portfolio,India,115,56.26,59.06,7,success,,low,0
2026-01-01T15:27:30,payment-api,/kyc,Germany,119,60.72,61.12,1,success,,low,0
2026-01-01T15:28:00,notification-service,/login,India,119,50.79,81.73,2,success,,low,0
2026-01-01T15:28:30,portfolio-service,/kyc,India,105,55.76,73.32,6,success,,low,0
2026-01-01T15:29:00,notification-service,/payment,Singapore,166,25.91,46.72,8,success,,low,0
2026-01-01T15:29:30,investment-engine,/kyc,UAE,122,55.69,61.44,5,success,,low,0
2026-01-01T15:30:00,trading-engine,/trade,Singapore,113,71.66,69.45,4,success,,low,0
2026-01-01T15:30:30,payment-api,/payment,Singapore,162,39.6,58.05,6,success,,low,0
2026-01-01T15:31:00,trading-engine,/transfer,USA,464,63.76,85.58,5,db_failure,DB_CONNECTION_FAILURE,critical,8
2026-01-01T15:31:30,fraud-detection,/login,Singapore,127,57.73,63.77,5,success,,low,0
2026-01-01T15:32:00,investment-engine,/kyc,India,157,47.62,54.4,0,success,,low,0
2026-01-01T15:32:30,investment-engine,/trade,UAE,106,62.0,52.22,5,success,,low,0
2026-01-01T15:33:00,investment-engine,/portfolio,UAE,119,50.2,45.97,3,success,,low,0
2026-01-01T15:33:30,auth-service,/login,Singapore,72,31.63,51.8,3,success,,low,0
2026-01-01T15:34:00,payment-api,/trade,UAE,116,51.4,39.47,4,success,,low,0
2026-01-01T15:34:30,notification-service,/kyc,UAE,135,53.71,69.58,5,success,,low,0
2026-01-01T15:35:00,trading-engine,/portfolio,USA,156,39.24,59.28,3,success,,low,0
2026-01-01T15:35:30,investment-engine,/login,Singapore,147,42.21,53.25,3,success,,low,0
2026-01-01T15:36:00,investment-engine,/withdrawal,UAE,117,61.75,68.26,3,success,,low,0
2026-01-01T15:36:30,trading-engine,/login,Germany,128,40.45,74.11,3,success,,low,0
2026-01-01T15:37:00,notification-service,/payment,Singapore,119,51.88,57.86,6,success,,low,0
2026-01-01T15:37:30,payment-api,/kyc,UAE,154,57.94,58.87,6,success,,low,0
2026-01-01T15:38:00,fraud-detection,/kyc,Singapore,127,58.85,49.79,5,success,,low,0
2026-01-01T15:38:30,notification-service,/transfer,UAE,80,42.78,71.99,7,success,,low,0
2026-01-01T15:39:00,notification-service,/transfer,India,110,58.48,66.86,9,success,,low,0
2026-01-01T15:39:30,fraud-detection,/transfer,USA,603,55.34,67.74,3,db_failure,DB_CONNECTION_FAILURE,critical,10
2026-01-01T15:40:00,payment-api,/portfolio,Singapore,153,77.19,60.28,8,success,,low,0
2026-01-01T15:40:30,investment-engine,/login,UAE,123,45.39,56.26,5,success,,low,0
2026-01-01T15:41:00,trading-engine,/portfolio,Singapore,120,63.43,45.22,3,success,,low,0
2026-01-01T15:41:30,auth-service,/trade,USA,119,61.3,55.57,10,success,,low,0
2026-01-01T15:42:00,fraud-detection,/transfer,USA,220,62.06,48.63,32,queue_delay,QUEUE_BACKPRESSURE,medium,5
2026-01-01T15:42:30,notification-service,/kyc,India,121,57.29,66.0,2,success,,low,0
2026-01-01T15:43:00,trading-engine,/login,Germany,171,48.16,63.62,4,success,,low,0
2026-01-01T15:43:30,fraud-detection,/login,Germany,112,54.31,58.68,4,success,,low,0
2026-01-01T15:44:00,payment-api,/payment,India,133,49.72,62.08,4,success,,low,0
2026-01-01T15:44:30,investment-engine,/withdrawal,India,120,64.13,78.55,1,success,,low,0
2026-01-01T15:45:00,portfolio-service,/withdrawal,USA,146,66.44,67.99,3,success,,low,0
2026-01-01T15:45:30,portfolio-service,/portfolio,UAE,90,64.5,59.77,3,success,,low,0
2026-01-01T15:46:00,notification-service,/transfer,India,291,58.49,55.23,27,queue_delay,QUEUE_BACKPRESSURE,medium,4
2026-01-01T15:46:30,investment-engine,/login,Singapore,102,42.3,46.19,2,success,,low,0
2026-01-01T15:47:00,auth-service,/withdrawal,UAE,105,59.57,66.24,1,success,,low,0
2026-01-01T15:47:30,investment-engine,/kyc,Germany,130,45.7,39.19,4,success,,low,0
2026-01-01T15:48:00,trading-engine,/trade,Singapore,84,58.32,63.22,6,success,,low,0
2026-01-01T15:48:30,trading-engine,/withdrawal,USA,119,65.57,50.56,5,success,,low,0
2026-01-01T15:49:00,investment-engine,/trade,Singapore,138,56.36,66.86,4,success,,low,0
2026-01-01T15:49:30,investment-engine,/withdrawal,Germany,86,58.85,77.76,3,success,,low,0
2026-01-01T15:50:00,portfolio-service,/trade,USA,98,50.64,68.63,3,success,,low,0
2026-01-01T15:50:30,portfolio-service,/transfer,India,431,78.57,59.07,6,db_failure,DB_CONNECTION_FAILURE,critical,7
2026-01-01T15:51:00,notification-service,/trade,UAE,133,43.19,56.75,8,success,,low,0
2026-01-01T15:51:30,portfolio-service,/transfer,Germany,108,69.69,66.0,0,success,,low,0
2026-01-01T15:52:00,auth-service,/withdrawal,India,101,57.89,59.49,4,success,,low,0
2026-01-01T15:52:30,investment-engine,/kyc,India,105,58.64,49.8,1,success,,low,0
2026-01-01T15:53:00,portfolio-service,/transfer,USA,380,54.55,62.05,12,high_latency,LATENCY_SPIKE,medium,4
2026-01-01T15:53:30,fraud-detection,/login,Singapore,124,43.44,66.13,2,success,,low,0
2026-01-01T15:54:00,portfolio-service,/payment,Singapore,109,76.06,67.72,3,success,,low,0
2026-01-01T15:54:30,portfolio-service,/portfolio,Germany,126,64.63,77.27,8,success,,low,0
2026-01-01T15:55:00,trading-engine,/login,USA,97,52.21,54.05,7,success,,low,0
2026-01-01T15:55:30,portfolio-service,/transfer,Germany,117,55.08,43.49,6,success,,low,0
2026-01-01T15:56:00,fraud-detection,/payment,Singapore,125,42.61,49.59,9,success,,low,0
2026-01-01T15:56:30,investment-engine,/payment,India,100,48.77,52.78,3,success,,low,0
2026-01-01T15:57:00,payment-api,/transfer,India,125,72.71,52.86,4,success,,low,0
2026-01-01T15:57:30,notification-service,/payment,UAE,160,46.77,53.23,2,success,,low,0
2026-01-01T15:58:00,auth-service,/trade,Singapore,114,50.09,46.57,5,success,,low,0
2026-01-01T15:58:30,payment-api,/login,UAE,105,67.64,42.01,6,success,,low,0
2026-01-01T15:59:00,notification-service,/trade,Germany,132,51.25,66.17,5,success,,low,0
2026-01-01T15:59:30,notification-service,/login,UAE,134,53.29,60.24,4,success,,low,0
2026-01-01T16:00:00,trading-engine,/portfolio,UAE,112,68.25,55.24,5,success,,low,0
2026-01-01T16:00:30,payment-api,/transfer,India,427,63.19,50.01,19,high_latency,LATENCY_SPIKE,medium,5
2026-01-01T16:01:00,fraud-detection,/portfolio,UAE,125,47.66,47.53,7,success,,low,0
2026-01-01T16:01:30,investment-engine,/payment,UAE,104,44.66,66.62,7,success,,low,0
2026-01-01T16:02:00,investment-engine,/kyc,Singapore,98,65.6,66.3,6,success,,low,0
2026-01-01T16:02:30,investment-engine,/transfer,Singapore,111,45.94,56.68,7,success,,low,0
2026-01-01T16:03:00,notification-service,/withdrawal,India,102,50.24,69.32,4,success,,low,0
2026-01-01T16:03:30,notification-service,/login,USA,125,64.07,47.98,5,success,,low,0
2026-01-01T16:04:00,payment-api,/trade,Germany,680,81.96,59.59,28,timeout,TIMEOUT_ERROR,critical,10
2026-01-01T16:04:30,notification-service,/transfer,Germany,153,55.48,42.97,3,success,,low,0
2026-01-01T16:05:00,portfolio-service,/login,India,134,50.18,54.47,8,success,,low,0
2026-01-01T16:05:30,investment-engine,/payment,Germany,124,41.65,62.48,2,success,,low,0
2026-01-01T16:06:00,fraud-detection,/payment,USA,103,49.1,61.93,4,success,,low,0
2026-01-01T16:06:30,investment-engine,/trade,Singapore,142,57.21,63.84,5,success,,low,0
2026-01-01T16:07:00,auth-service,/payment,India,124,46.34,49.0,4,success,,low,0
2026-01-01T16:07:30,investment-engine,/login,UAE,122,60.97,64.27,9,success,,low,0
2026-01-01T16:08:00,auth-service,/kyc,USA,103,45.63,59.14,5,success,,low,0
2026-01-01T16:08:30,investment-engine,/portfolio,Singapore,162,46.83,57.24,4,success,,low,0
2026-01-01T16:09:00,auth-service,/withdrawal,Germany,112,60.88,61.01,6,success,,low,0
2026-01-01T16:09:30,trading-engine,/withdrawal,Germany,349,56.72,89.74,6,db_failure,DB_CONNECTION_FAILURE,critical,6
2026-01-01T16:10:00,fraud-detection,/transfer,Singapore,132,44.28,47.77,8,success,,low,0
2026-01-01T16:10:30,auth-service,/kyc,UAE,189,53.46,71.03,7,success,,low,0
2026-01-01T16:11:00,notification-service,/payment,Singapore,113,63.15,44.26,7,success,,low,0
2026-01-01T16:11:30,portfolio-service,/login,USA,126,41.36,68.82,4,success,,low,0
2026-01-01T16:12:00,portfolio-service,/login,USA,108,54.48,71.45,4,success,,low,0
2026-01-01T16:12:30,auth-service,/kyc,Singapore,228,64.76,71.01,40,queue_delay,QUEUE_BACKPRESSURE,medium,5
2026-01-01T16:13:00,auth-service,/transfer,USA,144,57.08,58.72,6,success,,low,0
2026-01-01T16:13:30,fraud-detection,/transfer,UAE,149,68.11,58.69,3,success,,low,0
2026-01-01T16:14:00,portfolio-service,/kyc,India,264,71.71,85.89,2,db_failure,DB_CONNECTION_FAILURE,critical,10
2026-01-01T16:14:30,notification-service,/withdrawal,Germany,115,59.2,47.11,3,success,,low,0
2026-01-01T16:15:00,auth-service,/transfer,UAE,151,67.16,88.86,6,success,,low,0
2026-01-01T16:15:30,notification-service,/trade,Singapore,105,59.45,58.13,3,success,,low,0
2026-01-01T16:16:00,auth-service,/trade,USA,109,62.26,45.03,5,success,,low,0
2026-01-01T16:16:30,payment-api,/trade,Germany,141,53.5,49.42,6,success,,low,0
2026-01-01T16:17:00,payment-api,/login,UAE,110,55.3,48.45,5,success,,low,0
2026-01-01T16:17:30,fraud-detection,/withdrawal,Germany,114,48.38,44.25,2,success,,low,0
2026-01-01T16:18:00,portfolio-service,/login,UAE,106,63.93,43.28,7,success,,low,0
2026-01-01T16:18:30,notification-service,/withdrawal,India,124,59.18,84.05,5,success,,low,0
2026-01-01T16:19:00,trading-engine,/trade,Singapore,96,57.53,59.88,6,success,,low,0
2026-01-01T16:19:30,fraud-detection,/payment,Singapore,100,38.68,58.98,5,success,,low,0
2026-01-01T16:20:00,investment-engine,/trade,USA,113,49.79,59.89,5,success,,low,0
2026-01-01T16:20:30,notification-service,/payment,Germany,144,52.46,49.72,3,success,,low,0
2026-01-01T16:21:00,trading-engine,/transfer,UAE,125,50.06,56.8,2,success,,low,0
2026-01-01T16:21:30,notification-service,/kyc,USA,108,53.1,63.85,4,success,,low,0
2026-01-01T16:22:00,trading-engine,/withdrawal,Germany,116,64.06,75.39,6,success,,low,0
2026-01-01T16:22:30,fraud-detection,/trade,India,91,52.78,69.16,3,success,,low,0
2026-01-01T16:23:00,notification-service,/trade,Germany,76,54.21,64.55,2,success,,low,0
2026-01-01T16:23:30,notification-service,/transfer,Germany,97,64.28,66.44,4,success,,low,0
2026-01-01T16:24:00,payment-api,/withdrawal,USA,85,41.32,51.89,3,success,,low,0
2026-01-01T16:24:30,auth-service,/trade,UAE,108,41.32,51.41,3,success,,low,0
2026-01-01T16:25:00,trading-engine,/transfer,USA,116,43.15,51.07,2,success,,low,0
2026-01-01T16:25:30,trading-engine,/trade,USA,112,50.77,66.19,2,success,,low,0
2026-01-01T16:26:00,trading-engine,/portfolio,Singapore,103,61.58,61.51,2,success,,low,0
2026-01-01T16:26:30,payment-api,/portfolio,UAE,116,50.05,51.28,2,success,,low,0
2026-01-01T16:27:00,payment-api,/trade,Singapore,144,48.06,49.55,5,success,,low,0
2026-01-01T16:27:30,notification-service,/login,USA,70,59.62,64.58,7,success,,low,0
2026-01-01T16:28:00,portfolio-service,/withdrawal,USA,98,43.4,38.55,2,success,,low,0
2026-01-01T16:28:30,notification-service,/kyc,Germany,200,53.7,65.92,39,queue_delay,QUEUE_BACKPRESSURE,medium,5
2026-01-01T16:29:00,investment-engine,/portfolio,UAE,341,71.75,90.85,6,db_failure,DB_CONNECTION_FAILURE,critical,6
2026-01-01T16:29:30,portfolio-service,/trade,USA,137,50.23,53.41,6,success,,low,0
2026-01-01T16:30:00,auth-service,/transfer,Singapore,112,56.49,54.65,5,success,,low,0
2026-01-01T16:30:30,trading-engine,/payment,UAE,104,62.14,57.69,2,success,,low,0
2026-01-01T16:31:00,investment-engine,/portfolio,USA,126,55.89,46.91,5,success,,low,0
2026-01-01T16:31:30,fraud-detection,/payment,Singapore,87,55.86,40.28,6,success,,low,0
2026-01-01T16:32:00,payment-api,/trade,Germany,132,53.82,50.69,7,success,,low,0
2026-01-01T16:32:30,trading-engine,/transfer,UAE,133,55.83,51.74,4,success,,low,0
2026-01-01T16:33:00,fraud-detection,/trade,Germany,166,56.85,63.85,5,success,,low,0
2026-01-01T16:33:30,investment-engine,/trade,Singapore,150,49.33,57.97,1,success,,low,0
2026-01-01T16:34:00,notification-service,/transfer,USA,111,53.99,63.14,2,success,,low,0
2026-01-01T16:34:30,auth-service,/transfer,UAE,147,54.79,52.42,6,success,,low,0
2026-01-01T16:35:00,fraud-detection,/transfer,Germany,142,53.01,62.15,1,success,,low,0
2026-01-01T16:35:30,notification-service,/transfer,USA,87,43.64,57.91,5,success,,low,0
2026-01-01T16:36:00,fraud-detection,/withdrawal,USA,111,45.71,59.05,7,success,,low,0
2026-01-01T16:36:30,fraud-detection,/trade,UAE,103,61.46,72.03,6,success,,low,0
2026-01-01T16:37:00,auth-service,/portfolio,UAE,135,55.7,58.9,2,success,,low,0
2026-01-01T16:37:30,auth-service,/kyc,Singapore,121,54.73,67.45,4,success,,low,0
2026-01-01T16:38:00,auth-service,/withdrawal,Singapore,109,55.64,62.97,3,success,,low,0
2026-01-01T16:38:30,notification-service,/kyc,USA,130,43.63,58.71,5,success,,low,0
2026-01-01T16:39:00,notification-service,/kyc,UAE,124,48.84,72.35,4,success,,low,0
2026-01-01T16:39:30,fraud-detection,/withdrawal,Singapore,105,54.65,55.28,2,success,,low,0
2026-01-01T16:40:00,portfolio-service,/trade,Singapore,430,58.94,59.33,18,high_latency,LATENCY_SPIKE,medium,3
2026-01-01T16:40:30,investment-engine,/kyc,India,619,67.59,71.17,7,db_failure,DB_CONNECTION_FAILURE,critical,10
2026-01-01T16:41:00,notification-service,/portfolio,Singapore,536,61.44,69.21,1,db_failure,DB_CONNECTION_FAILURE,critical,9
2026-01-01T16:41:30,payment-api,/payment,Singapore,40,51.1,48.17,2,success,,low,0
2026-01-01T16:42:00,investment-engine,/trade,USA,109,52.15,55.26,4,success,,low,0
2026-01-01T16:42:30,portfolio-service,/kyc,UAE,136,53.51,40.33,3,success,,low,0
2026-01-01T16:43:00,fraud-detection,/kyc,USA,120,55.21,65.86,5,success,,low,0
2026-01-01T16:43:30,trading-engine,/trade,India,86,44.54,49.04,4,success,,low,0
2026-01-01T16:44:00,auth-service,/portfolio,India,127,61.78,51.48,4,success,,low,0
2026-01-01T16:44:30,auth-service,/trade,India,145,51.19,59.69,7,success,,low,0
2026-01-01T16:45:00,notification-service,/trade,USA,111,61.45,72.35,3,success,,low,0
2026-01-01T16:45:30,auth-service,/withdrawal,India,119,52.48,58.59,6,success,,low,0
2026-01-01T16:46:00,portfolio-service,/trade,India,138,50.92,61.12,8,success,,low,0
2026-01-01T16:46:30,fraud-detection,/withdrawal,Singapore,168,56.01,60.03,5,success,,low,0
2026-01-01T16:47:00,portfolio-service,/portfolio,Germany,137,61.08,64.97,5,success,,low,0
2026-01-01T16:47:30,payment-api,/trade,India,101,56.02,69.68,8,success,,low,0
2026-01-01T16:48:00,notification-service,/withdrawal,India,785,83.58,58.99,40,timeout,TIMEOUT_ERROR,critical,7
2026-01-01T16:48:30,notification-service,/login,Singapore,145,60.8,54.43,4,success,,low,0
2026-01-01T16:49:00,payment-api,/trade,Singapore,139,46.14,64.12,4,success,,low,0
2026-01-01T16:49:30,payment-api,/kyc,Germany,142,58.22,49.05,3,success,,low,0
2026-01-01T16:50:00,portfolio-service,/payment,India,107,39.18,61.19,6,success,,low,0
2026-01-01T16:50:30,portfolio-service,/kyc,UAE,159,59.18,46.24,2,success,,low,0
2026-01-01T16:51:00,notification-service,/payment,Singapore,443,51.13,70.52,14,high_latency,LATENCY_SPIKE,medium,4
2026-01-01T16:51:30,fraud-detection,/kyc,USA,112,53.14,42.67,5,success,,low,0
2026-01-01T16:52:00,payment-api,/trade,USA,128,58.47,67.87,4,success,,low,0
2026-01-01T16:52:30,fraud-detection,/portfolio,India,293,57.75,78.87,10,high_latency,LATENCY_SPIKE,medium,2
2026-01-01T16:53:00,trading-engine,/login,India,126,48.84,52.88,5,success,,low,0
2026-01-01T16:53:30,trading-engine,/withdrawal,UAE,110,58.59,61.54,2,success,,low,0
2026-01-01T16:54:00,investment-engine,/portfolio,UAE,123,61.18,65.67,5,success,,low,0
2026-01-01T16:54:30,trading-engine,/portfolio,UAE,119,56.1,52.93,8,success,,low,0
2026-01-01T16:55:00,fraud-detection,/withdrawal,USA,111,61.02,52.7,2,success,,low,0
2026-01-01T16:55:30,portfolio-service,/login,USA,148,51.82,61.94,4,success,,low,0
2026-01-01T16:56:00,portfolio-service,/payment,Singapore,107,60.26,44.71,5,success,,low,0
2026-01-01T16:56:30,portfolio-service,/transfer,India,130,59.02,72.26,5,success,,low,0
2026-01-01T16:57:00,trading-engine,/trade,Singapore,115,51.47,54.28,3,success,,low,0
2026-01-01T16:57:30,payment-api,/login,Singapore,134,63.55,61.03,2,success,,low,0
2026-01-01T16:58:00,trading-engine,/kyc,USA,148,65.58,59.65,5,success,,low,0
2026-01-01T16:58:30,trading-engine,/trade,India,101,62.3,78.97,5,success,,low,0
2026-01-01T16:59:00,payment-api,/transfer,Germany,122,58.49,63.87,5,success,,low,0
2026-01-01T16:59:30,payment-api,/portfolio,Singapore,136,58.78,51.61,9,success,,low,0
2026-01-01T17:00:00,payment-api,/portfolio,Singapore,110,63.96,48.49,6,success,,low,0
2026-01-01T17:00:30,investment-engine,/payment,UAE,137,47.53,52.6,4,success,,low,0
2026-01-01T17:01:00,fraud-detection,/withdrawal,UAE,220,52.84,62.53,59,queue_delay,QUEUE_BACKPRESSURE,medium,2
2026-01-01T17:01:30,investment-engine,/withdrawal,India,205,58.76,55.97,67,queue_delay,QUEUE_BACKPRESSURE,medium,2
2026-01-01T17:02:00,fraud-detection,/portfolio,Singapore,442,52.46,55.85,8,high_latency,LATENCY_SPIKE,medium,3
2026-01-01T17:02:30,notification-service,/withdrawal,Germany,378,45.18,65.16,18,high_latency,LATENCY_SPIKE,medium,5
2026-01-01T17:03:00,payment-api,/withdrawal,Singapore,163,64.12,68.96,6,success,,low,0
2026-01-01T17:03:30,payment-api,/kyc,USA,382,61.27,71.56,3,db_failure,DB_CONNECTION_FAILURE,critical,9
2026-01-01T17:04:00,trading-engine,/portfolio,Germany,140,41.77,39.58,6,success,,low,0
2026-01-01T17:04:30,fraud-detection,/login,India,144,59.62,55.74,9,success,,low,0
2026-01-01T17:05:00,portfolio-service,/withdrawal,Germany,135,54.43,65.14,9,success,,low,0
2026-01-01T17:05:30,portfolio-service,/payment,India,146,53.79,71.14,4,success,,low,0
2026-01-01T17:06:00,auth-service,/payment,India,118,51.71,49.43,6,success,,low,0
2026-01-01T17:06:30,auth-service,/withdrawal,Germany,105,59.71,72.27,5,success,,low,0
2026-01-01T17:07:00,fraud-detection,/trade,Germany,153,54.25,63.61,4,success,,low,0
2026-01-01T17:07:30,fraud-detection,/payment,USA,112,59.35,64.56,8,success,,low,0
2026-01-01T17:08:00,portfolio-service,/trade,Singapore,128,49.87,64.83,3,success,,low,0
2026-01-01T17:08:30,trading-engine,/login,UAE,111,54.21,63.44,3,success,,low,0
2026-01-01T17:09:00,payment-api,/portfolio,India,134,57.5,66.39,5,success,,low,0
2026-01-01T17:09:30,trading-engine,/trade,UAE,113,69.32,39.26,2,success,,low,0
2026-01-01T17:10:00,auth-service,/payment,UAE,535,54.65,72.53,9,db_failure,DB_CONNECTION_FAILURE,critical,9
2026-01-01T17:10:30,portfolio-service,/payment,Singapore,69,44.32,56.58,2,success,,low,0
2026-01-01T17:11:00,trading-engine,/portfolio,USA,111,45.07,56.19,4,success,,low,0
2026-01-01T17:11:30,trading-engine,/withdrawal,UAE,495,49.79,68.32,4,db_failure,DB_CONNECTION_FAILURE,critical,6
2026-01-01T17:12:00,fraud-detection,/payment,Singapore,126,57.32,48.95,5,success,,low,0
2026-01-01T17:12:30,auth-service,/trade,India,97,50.05,57.29,5,success,,low,0
2026-01-01T17:13:00,auth-service,/withdrawal,Germany,134,49.9,70.01,1,success,,low,0
2026-01-01T17:13:30,payment-api,/login,Singapore,92,53.73,60.82,4,success,,low,0
2026-01-01T17:14:00,fraud-detection,/login,Singapore,122,60.71,65.88,7,success,,low,0
2026-01-01T17:14:30,portfolio-service,/payment,Singapore,107,56.27,56.45,3,success,,low,0
2026-01-01T17:15:00,notification-service,/kyc,India,131,50.33,63.77,5,success,,low,0
2026-01-01T17:15:30,payment-api,/payment,Singapore,77,61.22,65.17,5,success,,low,0
2026-01-01T17:16:00,auth-service,/payment,UAE,93,62.84,73.6,1,success,,low,0
2026-01-01T17:16:30,payment-api,/trade,Germany,103,42.02,76.38,1,success,,low,0
2026-01-01T17:17:00,trading-engine,/transfer,India,143,60.59,63.21,4,success,,low,0
2026-01-01T17:17:30,trading-engine,/portfolio,Singapore,118,60.72,55.23,1,success,,low,0
2026-01-01T17:18:00,payment-api,/portfolio,India,132,57.5,47.8,5,success,,low,0
2026-01-01T17:18:30,investment-engine,/withdrawal,Singapore,139,57.16,76.89,9,success,,low,0
2026-01-01T17:19:00,investment-engine,/login,USA,92,57.15,39.44,3,success,,low,0
2026-01-01T17:19:30,auth-service,/withdrawal,Germany,87,46.6,70.94,6,success,,low,0
2026-01-01T17:20:00,payment-api,/payment,UAE,132,49.54,63.9,4,success,,low,0
2026-01-01T17:20:30,notification-service,/withdrawal,USA,132,47.29,77.39,7,success,,low,0
2026-01-01T17:21:00,trading-engine,/payment,India,128,49.55,50.74,3,success,,low,0
2026-01-01T17:21:30,portfolio-service,/trade,India,132,48.56,59.11,3,success,,low,0
2026-01-01T17:22:00,notification-service,/transfer,Germany,159,53.2,56.75,1,success,,low,0
2026-01-01T17:22:30,auth-service,/kyc,UAE,132,53.06,45.3,6,success,,low,0
2026-01-01T17:23:00,payment-api,/transfer,Germany,105,65.1,49.64,8,success,,low,0
2026-01-01T17:23:30,investment-engine,/trade,Singapore,121,50.37,51.01,5,success,,low,0
2026-01-01T17:24:00,investment-engine,/login,Germany,140,59.61,53.28,5,success,,low,0
2026-01-01T17:24:30,portfolio-service,/portfolio,India,162,55.72,72.23,4,success,,low,0
2026-01-01T17:25:00,payment-api,/kyc,India,100,60.8,55.28,4,success,,low,0
2026-01-01T17:25:30,trading-engine,/login,India,112,44.91,55.59,5,success,,low,0
2026-01-01T17:26:00,portfolio-service,/trade,USA,496,66.25,80.15,6,db_failure,DB_CONNECTION_FAILURE,critical,8
2026-01-01T17:26:30,auth-service,/login,Germany,113,54.92,60.08,1,success,,low,0
2026-01-01T17:27:00,payment-api,/payment,UAE,152,59.89,65.51,5,success,,low,0
2026-01-01T17:27:30,fraud-detection,/login,India,129,50.57,75.03,12,success,,low,0
2026-01-01T17:28:00,payment-api,/payment,Singapore,79,48.91,63.61,2,success,,low,0
2026-01-01T17:28:30,notification-service,/login,Germany,123,57.77,68.59,7,success,,low,0
2026-01-01T17:29:00,notification-service,/payment,UAE,113,58.27,51.06,3,success,,low,0
2026-01-01T17:29:30,portfolio-service,/kyc,UAE,118,47.74,45.79,5,success,,low,0
2026-01-01T17:30:00,investment-engine,/portfolio,USA,114,52.19,66.93,2,success,,low,0
2026-01-01T17:30:30,portfolio-service,/withdrawal,USA,133,60.5,67.8,8,success,,low,0
2026-01-01T17:31:00,payment-api,/withdrawal,Germany,643,82.58,72.21,17,timeout,TIMEOUT_ERROR,critical,6
2026-01-01T17:31:30,fraud-detection,/withdrawal,Germany,146,43.91,72.32,10,success,,low,0
2026-01-01T17:32:00,auth-service,/trade,Germany,137,67.47,62.92,3,success,,low,0
2026-01-01T17:32:30,trading-engine,/withdrawal,Singapore,153,54.99,50.94,5,success,,low,0
2026-01-01T17:33:00,payment-api,/payment,Germany,135,56.4,57.08,4,success,,low,0
2026-01-01T17:33:30,notification-service,/trade,UAE,145,60.24,46.09,6,success,,low,0
2026-01-01T17:34:00,auth-service,/login,India,101,58.92,80.19,3,success,,low,0
2026-01-01T17:34:30,notification-service,/kyc,Germany,93,46.4,59.2,5,success,,low,0
2026-01-01T17:35:00,auth-service,/withdrawal,Singapore,105,47.51,65.43,4,success,,low,0
2026-01-01T17:35:30,auth-service,/kyc,USA,121,80.62,43.14,6,success,,low,0
2026-01-01T17:36:00,investment-engine,/withdrawal,Germany,144,58.5,78.85,2,success,,low,0
2026-01-01T17:36:30,portfolio-service,/portfolio,UAE,124,58.7,66.55,6,success,,low,0
2026-01-01T17:37:00,payment-api,/login,Germany,116,45.15,70.68,2,success,,low,0
2026-01-01T17:37:30,notification-service,/login,UAE,135,54.31,68.84,7,success,,low,0
2026-01-01T17:38:00,portfolio-service,/payment,UAE,96,53.43,82.07,9,success,,low,0
2026-01-01T17:38:30,portfolio-service,/transfer,Singapore,119,65.29,55.01,5,success,,low,0
2026-01-01T17:39:00,payment-api,/trade,USA,102,47.7,53.14,4,success,,low,0
2026-01-01T17:39:30,auth-service,/kyc,Germany,143,50.37,75.79,5,success,,low,0
2026-01-01T17:40:00,fraud-detection,/portfolio,UAE,133,67.91,66.9,2,success,,low,0
2026-01-01T17:40:30,trading-engine,/login,Singapore,121,65.16,67.96,5,success,,low,0
2026-01-01T17:41:00,notification-service,/trade,USA,129,43.59,62.94,5,success,,low,0
2026-01-01T17:41:30,portfolio-service,/payment,Germany,102,50.42,76.01,4,success,,low,0
2026-01-01T17:42:00,payment-api,/portfolio,UAE,123,56.55,50.2,7,success,,low,0
2026-01-01T17:42:30,payment-api,/login,USA,111,59.5,63.24,3,success,,low,0
2026-01-01T17:43:00,notification-service,/payment,Germany,440,65.9,64.62,3,db_failure,DB_CONNECTION_FAILURE,critical,6
2026-01-01T17:43:30,investment-engine,/withdrawal,India,102,43.21,54.37,3,success,,low,0
2026-01-01T17:44:00,payment-api,/payment,USA,476,58.69,85.8,2,db_failure,DB_CONNECTION_FAILURE,critical,10
2026-01-01T17:44:30,notification-service,/withdrawal,UAE,103,55.83,49.08,4,success,,low,0
2026-01-01T17:45:00,portfolio-service,/kyc,USA,116,40.17,49.04,2,success,,low,0
2026-01-01T17:45:30,notification-service,/withdrawal,Germany,119,68.32,78.2,4,success,,low,0
2026-01-01T17:46:00,trading-engine,/login,India,120,58.45,60.46,6,success,,low,0
2026-01-01T17:46:30,auth-service,/portfolio,UAE,120,52.1,64.57,4,success,,low,0
2026-01-01T17:47:00,investment-engine,/trade,USA,132,53.93,55.12,2,success,,low,0
2026-01-01T17:47:30,notification-service,/withdrawal,India,98,51.18,59.75,5,success,,low,0
2026-01-01T17:48:00,investment-engine,/kyc,India,748,65.44,61.58,41,timeout,TIMEOUT_ERROR,critical,6
2026-01-01T17:48:30,payment-api,/portfolio,India,89,53.29,67.78,4,success,,low,0
2026-01-01T17:49:00,payment-api,/login,USA,110,50.89,70.02,5,success,,low,0
2026-01-01T17:49:30,fraud-detection,/transfer,India,119,66.07,59.02,5,success,,low,0
2026-01-01T17:50:00,fraud-detection,/kyc,UAE,677,85.93,57.56,20,timeout,TIMEOUT_ERROR,critical,9
2026-01-01T17:50:30,investment-engine,/payment,USA,112,60.87,62.95,4,success,,low,0
2026-01-01T17:51:00,investment-engine,/trade,India,131,39.19,51.12,3,success,,low,0
2026-01-01T17:51:30,payment-api,/withdrawal,UAE,153,59.07,50.99,4,success,,low,0
2026-01-01T17:52:00,trading-engine,/login,Singapore,89,61.52,55.29,2,success,,low,0
2026-01-01T17:52:30,investment-engine,/portfolio,Singapore,121,57.81,70.19,6,success,,low,0
2026-01-01T17:53:00,notification-service,/portfolio,USA,122,57.88,58.18,7,success,,low,0
2026-01-01T17:53:30,notification-service,/withdrawal,USA,97,51.05,44.32,4,success,,low,0
2026-01-01T17:54:00,trading-engine,/portfolio,Singapore,142,52.69,57.1,6,success,,low,0
2026-01-01T17:54:30,notification-service,/login,Germany,349,50.94,57.33,15,high_latency,LATENCY_SPIKE,medium,5
2026-01-01T17:55:00,auth-service,/trade,India,101,50.87,63.95,4,success,,low,0
2026-01-01T17:55:30,auth-service,/trade,Singapore,116,58.86,54.76,3,success,,low,0
2026-01-01T17:56:00,investment-engine,/portfolio,UAE,137,61.28,55.65,1,success,,low,0
2026-01-01T17:56:30,auth-service,/portfolio,UAE,118,46.3,62.32,4,success,,low,0
2026-01-01T17:57:00,portfolio-service,/login,UAE,441,46.79,63.52,11,high_latency,LATENCY_SPIKE,medium,5
2026-01-01T17:57:30,fraud-detection,/portfolio,Singapore,116,57.49,64.29,4,success,,low,0
2026-01-01T17:58:00,payment-api,/payment,Singapore,84,53.1,59.0,1,success,,low,0
2026-01-01T17:58:30,payment-api,/trade,Singapore,133,61.88,75.61,4,success,,low,0
2026-01-01T17:59:00,portfolio-service,/withdrawal,Singapore,340,68.57,73.19,5,db_failure,DB_CONNECTION_FAILURE,critical,5
2026-01-01T17:59:30,auth-service,/payment,USA,104,46.5,59.72,4,success,,low,0
2026-01-01T18:00:00,trading-engine,/portfolio,India,105,50.2,64.51,6,success,,low,0
2026-01-01T18:00:30,investment-engine,/trade,USA,112,57.61,80.44,5,success,,low,0
2026-01-01T18:01:00,trading-engine,/trade,UAE,82,45.3,78.0,3,success,,low,0
2026-01-01T18:01:30,investment-engine,/trade,Singapore,112,53.88,74.31,4,success,,low,0
2026-01-01T18:02:00,payment-api,/login,Germany,134,52.78,69.7,7,success,,low,0
2026-01-01T18:02:30,portfolio-service,/withdrawal,India,85,45.54,52.94,3,success,,low,0
2026-01-01T18:03:00,payment-api,/transfer,Germany,75,57.23,70.39,6,success,,low,0
2026-01-01T18:03:30,notification-service,/trade,USA,585,67.76,78.53,8,db_failure,DB_CONNECTION_FAILURE,critical,6
2026-01-01T18:04:00,portfolio-service,/kyc,India,145,55.87,63.48,4,success,,low,0
2026-01-01T18:04:30,notification-service,/withdrawal,UAE,70,48.54,55.02,1,success,,low,0
2026-01-01T18:05:00,payment-api,/login,India,85,55.02,60.09,8,success,,low,0
2026-01-01T18:05:30,notification-service,/kyc,India,132,53.52,53.99,5,success,,low,0
2026-01-01T18:06:00,fraud-detection,/kyc,USA,140,77.24,79.98,6,success,,low,0
2026-01-01T18:06:30,portfolio-service,/trade,Germany,230,59.7,56.16,37,queue_delay,QUEUE_BACKPRESSURE,medium,5
2026-01-01T18:07:00,notification-service,/payment,Singapore,92,60.93,57.37,7,success,,low,0
2026-01-01T18:07:30,investment-engine,/transfer,India,106,64.21,62.37,5,success,,low,0
2026-01-01T18:08:00,investment-engine,/kyc,UAE,118,46.34,64.53,5,success,,low,0
2026-01-01T18:08:30,notification-service,/trade,India,123,51.44,50.77,8,success,,low,0
2026-01-01T18:09:00,investment-engine,/login,Singapore,97,56.0,56.42,4,success,,low,0
2026-01-01T18:09:30,notification-service,/transfer,Singapore,101,63.29,75.95,11,success,,low,0
2026-01-01T18:10:00,investment-engine,/withdrawal,India,104,54.55,83.49,3,success,,low,0
2026-01-01T18:10:30,fraud-detection,/kyc,USA,112,52.58,66.71,1,success,,low,0
2026-01-01T18:11:00,payment-api,/payment,India,130,60.3,54.66,1,success,,low,0
2026-01-01T18:11:30,portfolio-service,/portfolio,Germany,97,59.13,61.47,8,success,,low,0
2026-01-01T18:12:00,portfolio-service,/withdrawal,USA,125,55.18,64.05,5,success,,low,0
2026-01-01T18:12:30,portfolio-service,/withdrawal,Singapore,93,46.2,59.48,7,success,,low,0
2026-01-01T18:13:00,payment-api,/login,Singapore,135,44.87,69.4,4,success,,low,0
2026-01-01T18:13:30,notification-service,/kyc,Singapore,109,61.9,80.02,5,success,,low,0
2026-01-01T18:14:00,portfolio-service,/kyc,Singapore,119,47.22,47.84,3,success,,low,0
2026-01-01T18:14:30,fraud-detection,/kyc,Germany,109,48.02,40.54,8,success,,low,0
2026-01-01T18:15:00,fraud-detection,/trade,Singapore,240,55.7,58.51,63,queue_delay,QUEUE_BACKPRESSURE,medium,4
2026-01-01T18:15:30,portfolio-service,/trade,Singapore,127,57.39,55.09,8,success,,low,0
2026-01-01T18:16:00,auth-service,/transfer,USA,123,58.57,65.52,6,success,,low,0
2026-01-01T18:16:30,trading-engine,/payment,USA,90,64.7,65.31,6,success,,low,0
2026-01-01T18:17:00,investment-engine,/kyc,Germany,104,56.8,69.88,6,success,,low,0
2026-01-01T18:17:30,notification-service,/kyc,USA,408,65.24,58.81,13,high_latency,LATENCY_SPIKE,medium,4
2026-01-01T18:18:00,investment-engine,/kyc,UAE,89,56.68,76.6,8,success,,low,0
2026-01-01T18:18:30,auth-service,/transfer,USA,125,59.34,62.53,5,success,,low,0
2026-01-01T18:19:00,trading-engine,/transfer,Singapore,103,55.56,70.03,6,success,,low,0
2026-01-01T18:19:30,auth-service,/trade,Germany,121,49.97,54.53,6,success,,low,0
2026-01-01T18:20:00,portfolio-service,/portfolio,India,241,48.48,61.74,50,queue_delay,QUEUE_BACKPRESSURE,medium,5
2026-01-01T18:20:30,notification-service,/login,Germany,125,36.41,80.73,6,success,,low,0
2026-01-01T18:21:00,auth-service,/trade,USA,132,55.37,50.79,6,success,,low,0
2026-01-01T18:21:30,fraud-detection,/login,Germany,106,56.53,50.32,5,success,,low,0
2026-01-01T18:22:00,portfolio-service,/kyc,UAE,123,31.37,74.25,7,success,,low,0
2026-01-01T18:22:30,trading-engine,/kyc,Singapore,127,50.98,62.61,9,success,,low,0
2026-01-01T18:23:00,trading-engine,/trade,UAE,103,72.42,70.66,3,success,,low,0
2026-01-01T18:23:30,investment-engine,/portfolio,USA,87,52.1,55.83,5,success,,low,0
2026-01-01T18:24:00,investment-engine,/login,India,614,65.11,64.05,30,timeout,TIMEOUT_ERROR,critical,6
2026-01-01T18:24:30,investment-engine,/kyc,UAE,115,36.82,55.91,2,success,,low,0
2026-01-01T18:25:00,notification-service,/withdrawal,Germany,121,54.84,63.56,5,success,,low,0
2026-01-01T18:25:30,trading-engine,/login,Germany,397,59.02,84.04,17,high_latency,LATENCY_SPIKE,medium,5
2026-01-01T18:26:00,investment-engine,/trade,Germany,118,66.88,67.8,5,success,,low,0
2026-01-01T18:26:30,portfolio-service,/withdrawal,USA,170,63.49,45.45,4,success,,low,0
2026-01-01T18:27:00,payment-api,/payment,USA,111,60.74,64.52,4,success,,low,0
2026-01-01T18:27:30,investment-engine,/login,Singapore,125,68.32,53.23,6,success,,low,0
2026-01-01T18:28:00,trading-engine,/transfer,UAE,421,50.8,79.31,15,high_latency,LATENCY_SPIKE,medium,2
2026-01-01T18:28:30,auth-service,/kyc,Germany,114,53.32,58.87,4,success,,low,0
2026-01-01T18:29:00,portfolio-service,/transfer,USA,137,42.03,49.56,4,success,,low,0
2026-01-01T18:29:30,trading-engine,/kyc,Germany,140,52.25,64.18,3,success,,low,0
2026-01-01T18:30:00,notification-service,/portfolio,India,111,70.37,43.07,5,success,,low,0
2026-01-01T18:30:30,fraud-detection,/portfolio,Singapore,100,44.61,68.89,6,success,,low,0
2026-01-01T18:31:00,fraud-detection,/payment,USA,136,62.16,67.39,7,success,,low,0
2026-01-01T18:31:30,payment-api,/withdrawal,India,121,50.81,66.06,4,success,,low,0
2026-01-01T18:32:00,investment-engine,/withdrawal,Germany,72,55.99,45.75,6,success,,low,0
2026-01-01T18:32:30,fraud-detection,/login,Germany,123,54.83,67.38,3,success,,low,0
2026-01-01T18:33:00,fraud-detection,/kyc,Singapore,151,43.83,52.72,7,success,,low,0
2026-01-01T18:33:30,trading-engine,/transfer,USA,130,52.01,63.23,1,success,,low,0
2026-01-01T18:34:00,investment-engine,/transfer,Singapore,121,53.9,42.2,4,success,,low,0
2026-01-01T18:34:30,notification-service,/transfer,India,128,53.68,57.4,4,success,,low,0
2026-01-01T18:35:00,notification-service,/withdrawal,India,111,44.77,61.63,6,success,,low,0
2026-01-01T18:35:30,notification-service,/login,UAE,113,52.15,75.51,3,success,,low,0
2026-01-01T18:36:00,notification-service,/transfer,Germany,139,62.04,57.48,5,success,,low,0
2026-01-01T18:36:30,portfolio-service,/withdrawal,UAE,143,56.74,61.95,5,success,,low,0
2026-01-01T18:37:00,portfolio-service,/portfolio,UAE,433,69.75,68.51,8,db_failure,DB_CONNECTION_FAILURE,critical,5
2026-01-01T18:37:30,payment-api,/withdrawal,UAE,573,69.9,52.4,37,timeout,TIMEOUT_ERROR,critical,5
2026-01-01T18:38:00,notification-service,/payment,USA,114,58.49,74.0,2,success,,low,0
2026-01-01T18:38:30,payment-api,/withdrawal,USA,170,37.23,69.75,1,success,,low,0
2026-01-01T18:39:00,fraud-detection,/kyc,Singapore,131,58.78,62.42,5,success,,low,0
2026-01-01T18:39:30,notification-service,/portfolio,USA,105,53.32,72.85,4,success,,low,0
2026-01-01T18:40:00,trading-engine,/kyc,India,93,41.04,59.11,6,success,,low,0
2026-01-01T18:40:30,fraud-detection,/withdrawal,Germany,113,61.53,57.2,4,success,,low,0
2026-01-01T18:41:00,notification-service,/trade,Singapore,136,50.91,51.86,3,success,,low,0
2026-01-01T18:41:30,trading-engine,/portfolio,UAE,157,64.31,62.67,8,success,,low,0
2026-01-01T18:42:00,investment-engine,/payment,UAE,127,60.47,65.55,7,success,,low,0
2026-01-01T18:42:30,fraud-detection,/withdrawal,India,130,45.56,57.42,5,success,,low,0
2026-01-01T18:43:00,notification-service,/transfer,UAE,112,56.59,63.5,6,success,,low,0
2026-01-01T18:43:30,portfolio-service,/kyc,UAE,112,54.42,54.34,5,success,,low,0
2026-01-01T18:44:00,trading-engine,/withdrawal,Singapore,138,65.96,50.38,0,success,,low,0
2026-01-01T18:44:30,notification-service,/withdrawal,USA,138,42.06,45.8,6,success,,low,0
2026-01-01T18:45:00,notification-service,/portfolio,India,312,63.96,58.01,49,queue_delay,QUEUE_BACKPRESSURE,medium,2
2026-01-01T18:45:30,payment-api,/kyc,USA,100,42.54,42.48,6,success,,low,0
2026-01-01T18:46:00,fraud-detection,/portfolio,UAE,138,58.21,63.81,3,success,,low,0
2026-01-01T18:46:30,trading-engine,/payment,Singapore,326,68.64,58.35,55,queue_delay,QUEUE_BACKPRESSURE,medium,2
2026-01-01T18:47:00,notification-service,/payment,USA,591,72.8,78.26,4,db_failure,DB_CONNECTION_FAILURE,critical,7
2026-01-01T18:47:30,investment-engine,/portfolio,India,139,48.08,62.85,2,success,,low,0
2026-01-01T18:48:00,fraud-detection,/portfolio,Singapore,121,42.49,65.74,4,success,,low,0
2026-01-01T18:48:30,payment-api,/withdrawal,Germany,110,64.1,79.97,7,success,,low,0
2026-01-01T18:49:00,fraud-detection,/kyc,Singapore,81,49.93,53.17,4,success,,low,0
2026-01-01T18:49:30,portfolio-service,/transfer,India,99,55.18,55.31,4,success,,low,0
2026-01-01T18:50:00,fraud-detection,/withdrawal,USA,102,61.17,69.91,0,success,,low,0
2026-01-01T18:50:30,auth-service,/kyc,USA,81,48.6,75.65,3,success,,low,0
2026-01-01T18:51:00,trading-engine,/trade,Singapore,748,88.04,44.02,31,timeout,TIMEOUT_ERROR,critical,9
2026-01-01T18:51:30,notification-service,/payment,USA,151,61.88,49.59,4,success,,low,0
2026-01-01T18:52:00,trading-engine,/payment,India,99,64.69,54.7,3,success,,low,0
2026-01-01T18:52:30,trading-engine,/payment,India,96,45.87,48.1,8,success,,low,0
2026-01-01T18:53:00,fraud-detection,/transfer,UAE,149,53.51,63.38,6,success,,low,0
2026-01-01T18:53:30,fraud-detection,/trade,Germany,125,52.27,47.83,6,success,,low,0
2026-01-01T18:54:00,investment-engine,/withdrawal,Germany,113,44.12,74.97,5,success,,low,0
2026-01-01T18:54:30,fraud-detection,/portfolio,Germany,123,42.21,85.84,3,success,,low,0
2026-01-01T18:55:00,investment-engine,/withdrawal,USA,90,64.28,64.2,5,success,,low,0
2026-01-01T18:55:30,portfolio-service,/payment,Singapore,131,58.45,63.51,5,success,,low,0
2026-01-01T18:56:00,notification-service,/withdrawal,India,255,44.77,51.82,18,high_latency,LATENCY_SPIKE,medium,2
2026-01-01T18:56:30,notification-service,/withdrawal,USA,109,45.39,56.99,5,success,,low,0
2026-01-01T18:57:00,fraud-detection,/transfer,Singapore,129,55.93,69.38,2,success,,low,0
2026-01-01T18:57:30,payment-api,/kyc,USA,113,44.21,69.51,6,success,,low,0
2026-01-01T18:58:00,fraud-detection,/payment,Singapore,143,55.62,66.71,4,success,,low,0
2026-01-01T18:58:30,notification-service,/kyc,India,105,47.25,56.47,6,success,,low,0
2026-01-01T18:59:00,portfolio-service,/login,USA,77,69.33,56.77,0,success,,low,0
2026-01-01T18:59:30,fraud-detection,/portfolio,UAE,85,50.03,57.45,5,success,,low,0
2026-01-01T19:00:00,portfolio-service,/login,UAE,147,61.29,63.55,5,success,,low,0
2026-01-01T19:00:30,trading-engine,/payment,India,151,46.46,60.23,2,success,,low,0
2026-01-01T19:01:00,auth-service,/transfer,Singapore,118,49.22,79.73,8,success,,low,0
2026-01-01T19:01:30,notification-service,/transfer,UAE,101,60.5,44.91,4,success,,low,0
2026-01-01T19:02:00,fraud-detection,/portfolio,Germany,137,66.81,71.73,2,success,,low,0
2026-01-01T19:02:30,payment-api,/withdrawal,Germany,127,56.57,66.09,3,success,,low,0
2026-01-01T19:03:00,portfolio-service,/payment,UAE,108,60.13,58.85,3,success,,low,0
2026-01-01T19:03:30,trading-engine,/payment,UAE,146,58.06,61.62,4,success,,low,0
2026-01-01T19:04:00,auth-service,/portfolio,India,132,47.21,53.63,5,success,,low,0
2026-01-01T19:04:30,investment-engine,/portfolio,UAE,91,54.62,57.43,6,success,,low,0
2026-01-01T19:05:00,investment-engine,/login,UAE,106,50.89,49.21,6,success,,low,0
2026-01-01T19:05:30,trading-engine,/kyc,Singapore,102,47.98,67.32,4,success,,low,0
2026-01-01T19:06:00,investment-engine,/payment,USA,118,58.15,37.88,7,success,,low,0
2026-01-01T19:06:30,auth-service,/login,Singapore,147,63.55,59.01,8,success,,low,0
2026-01-01T19:07:00,trading-engine,/kyc,Germany,432,90.09,45.51,24,timeout,TIMEOUT_ERROR,critical,8
2026-01-01T19:07:30,portfolio-service,/trade,Germany,132,61.38,49.66,4,success,,low,0
2026-01-01T19:08:00,notification-service,/transfer,USA,131,57.6,61.21,2,success,,low,0
2026-01-01T19:08:30,auth-service,/withdrawal,India,115,55.35,56.72,8,success,,low,0
2026-01-01T19:09:00,payment-api,/transfer,UAE,132,63.89,65.75,2,success,,low,0
2026-01-01T19:09:30,auth-service,/payment,USA,124,54.88,58.9,4,success,,low,0
2026-01-01T19:10:00,portfolio-service,/transfer,Germany,126,60.24,55.37,5,success,,low,0
2026-01-01T19:10:30,portfolio-service,/transfer,UAE,136,68.01,53.83,7,success,,low,0
2026-01-01T19:11:00,payment-api,/withdrawal,India,121,53.68,54.55,3,success,,low,0
2026-01-01T19:11:30,fraud-detection,/payment,UAE,625,90.46,71.5,8,db_failure,DB_CONNECTION_FAILURE,critical,10
2026-01-01T19:12:00,investment-engine,/login,Singapore,136,55.22,50.82,3,success,,low,0
2026-01-01T19:12:30,investment-engine,/kyc,India,136,63.32,63.4,4,success,,low,0
2026-01-01T19:13:00,portfolio-service,/withdrawal,USA,148,56.93,68.34,5,success,,low,0
2026-01-01T19:13:30,investment-engine,/portfolio,Singapore,767,72.15,77.36,27,timeout,TIMEOUT_ERROR,critical,5
2026-01-01T19:14:00,payment-api,/transfer,Germany,115,62.72,86.06,3,success,,low,0
2026-01-01T19:14:30,payment-api,/withdrawal,Germany,88,32.71,49.76,4,success,,low,0
2026-01-01T19:15:00,auth-service,/trade,Singapore,113,51.02,59.13,6,success,,low,0
2026-01-01T19:15:30,auth-service,/trade,India,130,61.33,62.29,6,success,,low,0
2026-01-01T19:16:00,investment-engine,/transfer,Germany,137,72.84,37.99,5,success,,low,0
2026-01-01T19:16:30,portfolio-service,/portfolio,India,91,62.59,53.81,4,success,,low,0
2026-01-01T19:17:00,payment-api,/trade,USA,95,62.04,53.13,7,success,,low,0
2026-01-01T19:17:30,auth-service,/login,Germany,80,61.97,68.07,5,success,,low,0
2026-01-01T19:18:00,trading-engine,/kyc,India,105,50.91,66.65,2,success,,low,0
2026-01-01T19:18:30,fraud-detection,/withdrawal,Singapore,125,56.67,56.42,6,success,,low,0
2026-01-01T19:19:00,fraud-detection,/kyc,India,111,53.11,49.58,4,success,,low,0
2026-01-01T19:19:30,portfolio-service,/payment,USA,163,47.41,70.18,4,success,,low,0
2026-01-01T19:20:00,payment-api,/payment,UAE,170,58.59,43.92,4,success,,low,0
2026-01-01T19:20:30,auth-service,/withdrawal,UAE,98,61.53,56.74,5,success,,low,0
2026-01-01T19:21:00,fraud-detection,/withdrawal,Germany,141,44.78,75.86,5,success,,low,0
2026-01-01T19:21:30,portfolio-service,/login,USA,407,54.71,62.67,10,high_latency,LATENCY_SPIKE,medium,5
2026-01-01T19:22:00,investment-engine,/kyc,USA,108,70.74,59.52,3,success,,low,0
2026-01-01T19:22:30,fraud-detection,/withdrawal,UAE,152,52.7,52.44,2,success,,low,0
2026-01-01T19:23:00,portfolio-service,/trade,Singapore,141,43.7,68.43,3,success,,low,0
2026-01-01T19:23:30,payment-api,/payment,Singapore,106,59.53,51.45,6,success,,low,0
2026-01-01T19:24:00,trading-engine,/kyc,UAE,141,49.12,41.59,0,success,,low,0
2026-01-01T19:24:30,auth-service,/withdrawal,Germany,124,42.25,65.01,1,success,,low,0
2026-01-01T19:25:00,auth-service,/transfer,Germany,234,47.47,48.31,55,queue_delay,QUEUE_BACKPRESSURE,medium,4
2026-01-01T19:25:30,fraud-detection,/withdrawal,USA,119,50.75,51.36,4,success,,low,0
2026-01-01T19:26:00,portfolio-service,/withdrawal,India,96,55.7,62.22,4,success,,low,0
2026-01-01T19:26:30,payment-api,/trade,USA,116,45.77,64.64,3,success,,low,0
2026-01-01T19:27:00,notification-service,/payment,UAE,195,46.17,48.25,24,queue_delay,QUEUE_BACKPRESSURE,medium,2
2026-01-01T19:27:30,fraud-detection,/login,Germany,131,55.2,49.98,3,success,,low,0
2026-01-01T19:28:00,fraud-detection,/withdrawal,Germany,102,61.33,80.55,2,success,,low,0
2026-01-01T19:28:30,trading-engine,/transfer,India,135,64.17,52.41,1,success,,low,0
2026-01-01T19:29:00,notification-service,/trade,USA,157,59.13,68.54,1,success,,low,0
2026-01-01T19:29:30,trading-engine,/trade,India,128,52.82,50.79,5,success,,low,0
2026-01-01T19:30:00,investment-engine,/login,UAE,131,60.59,39.11,5,success,,low,0
2026-01-01T19:30:30,portfolio-service,/trade,UAE,114,52.29,59.76,3,success,,low,0
2026-01-01T19:31:00,fraud-detection,/kyc,India,132,58.1,62.94,4,success,,low,0
2026-01-01T19:31:30,notification-service,/transfer,India,101,54.63,77.54,5,success,,low,0
2026-01-01T19:32:00,trading-engine,/login,India,119,49.88,60.54,6,success,,low,0
2026-01-01T19:32:30,notification-service,/withdrawal,Singapore,116,41.01,56.15,7,success,,low,0
2026-01-01T19:33:00,investment-engine,/transfer,Germany,130,68.32,49.65,4,success,,low,0
2026-01-01T19:33:30,portfolio-service,/trade,India,110,58.76,48.04,3,success,,low,0
2026-01-01T19:34:00,notification-service,/kyc,India,133,59.5,50.49,3,success,,low,0
2026-01-01T19:34:30,investment-engine,/kyc,India,110,50.35,60.09,6,success,,low,0
2026-01-01T19:35:00,payment-api,/transfer,USA,110,43.57,58.25,6,success,,low,0
2026-01-01T19:35:30,portfolio-service,/login,Germany,111,63.67,63.1,2,success,,low,0
2026-01-01T19:36:00,portfolio-service,/portfolio,India,120,47.2,65.87,3,success,,low,0
2026-01-01T19:36:30,fraud-detection,/transfer,USA,99,53.28,56.94,2,success,,low,0
2026-01-01T19:37:00,auth-service,/portfolio,Germany,85,50.97,45.75,9,success,,low,0
2026-01-01T19:37:30,notification-service,/trade,India,129,59.97,68.68,2,success,,low,0
2026-01-01T19:38:00,portfolio-service,/trade,USA,77,47.8,41.67,1,success,,low,0
2026-01-01T19:38:30,trading-engine,/portfolio,USA,140,55.66,48.94,5,success,,low,0
2026-01-01T19:39:00,payment-api,/portfolio,Singapore,132,47.28,61.25,4,success,,low,0
2026-01-01T19:39:30,auth-service,/transfer,UAE,104,56.38,58.77,1,success,,low,0
2026-01-01T19:40:00,portfolio-service,/trade,UAE,110,50.21,48.11,7,success,,low,0
2026-01-01T19:40:30,fraud-detection,/portfolio,India,102,65.77,66.94,7,success,,low,0
2026-01-01T19:41:00,auth-service,/payment,UAE,114,58.71,48.83,5,success,,low,0
2026-01-01T19:41:30,notification-service,/login,UAE,89,51.46,56.85,0,success,,low,0
2026-01-01T19:42:00,notification-service,/kyc,USA,88,66.05,74.64,5,success,,low,0
2026-01-01T19:42:30,fraud-detection,/kyc,UAE,85,66.03,52.45,6,success,,low,0
2026-01-01T19:43:00,trading-engine,/login,Singapore,113,57.27,70.49,7,success,,low,0
2026-01-01T19:43:30,fraud-detection,/kyc,Singapore,115,62.96,65.3,6,success,,low,0
2026-01-01T19:44:00,investment-engine,/portfolio,Germany,148,52.53,54.44,2,success,,low,0
2026-01-01T19:44:30,auth-service,/payment,UAE,109,65.2,59.41,6,success,,low,0
2026-01-01T19:45:00,portfolio-service,/login,Singapore,326,59.81,65.41,10,high_latency,LATENCY_SPIKE,medium,2
2026-01-01T19:45:30,fraud-detection,/withdrawal,Germany,142,59.64,56.48,5,success,,low,0
2026-01-01T19:46:00,fraud-detection,/payment,USA,89,65.88,41.77,2,success,,low,0
2026-01-01T19:46:30,fraud-detection,/transfer,Germany,301,84.91,85.64,6,db_failure,DB_CONNECTION_FAILURE,critical,5
2026-01-01T19:47:00,trading-engine,/login,USA,100,58.2,64.0,2,success,,low,0
2026-01-01T19:47:30,trading-engine,/portfolio,Germany,124,49.65,58.17,1,success,,low,0
2026-01-01T19:48:00,trading-engine,/payment,India,111,43.13,57.83,3,success,,low,0
2026-01-01T19:48:30,payment-api,/withdrawal,UAE,298,47.45,53.44,16,high_latency,LATENCY_SPIKE,medium,3
2026-01-01T19:49:00,payment-api,/withdrawal,Singapore,835,86.81,58.02,28,timeout,TIMEOUT_ERROR,critical,10
2026-01-01T19:49:30,payment-api,/login,Germany,387,58.44,92.56,5,db_failure,DB_CONNECTION_FAILURE,critical,8
2026-01-01T19:50:00,notification-service,/transfer,India,109,45.7,52.5,6,success,,low,0
2026-01-01T19:50:30,payment-api,/kyc,Singapore,98,49.98,67.94,3,success,,low,0
2026-01-01T19:51:00,auth-service,/kyc,India,124,57.75,69.56,6,success,,low,0
2026-01-01T19:51:30,fraud-detection,/login,UAE,273,64.22,71.07,55,queue_delay,QUEUE_BACKPRESSURE,medium,5
2026-01-01T19:52:00,investment-engine,/trade,India,131,52.99,70.12,6,success,,low,0
2026-01-01T19:52:30,trading-engine,/kyc,USA,134,40.29,64.64,3,success,,low,0
2026-01-01T19:53:00,trading-engine,/kyc,India,107,47.41,58.12,5,success,,low,0
2026-01-01T19:53:30,investment-engine,/kyc,UAE,101,67.38,66.1,7,success,,low,0
2026-01-01T19:54:00,fraud-detection,/payment,Singapore,143,66.47,59.88,4,success,,low,0
2026-01-01T19:54:30,portfolio-service,/login,Germany,115,80.25,54.95,4,success,,low,0
2026-01-01T19:55:00,notification-service,/payment,Germany,258,41.65,55.74,35,queue_delay,QUEUE_BACKPRESSURE,medium,5
2026-01-01T19:55:30,portfolio-service,/payment,UAE,203,57.37,73.96,51,queue_delay,QUEUE_BACKPRESSURE,medium,4
2026-01-01T19:56:00,investment-engine,/transfer,UAE,126,54.19,72.02,1,success,,low,0
2026-01-01T19:56:30,auth-service,/login,USA,157,46.2,69.49,2,success,,low,0
2026-01-01T19:57:00,investment-engine,/portfolio,Singapore,121,61.62,51.52,8,success,,low,0
2026-01-01T19:57:30,auth-service,/login,USA,370,49.3,56.11,18,high_latency,LATENCY_SPIKE,medium,3
2026-01-01T19:58:00,portfolio-service,/login,Germany,103,58.8,71.37,6,success,,low,0
2026-01-01T19:58:30,notification-service,/transfer,UAE,261,46.1,51.51,44,queue_delay,QUEUE_BACKPRESSURE,medium,2
2026-01-01T19:59:00,investment-engine,/withdrawal,India,144,59.21,66.28,1,success,,low,0
2026-01-01T19:59:30,auth-service,/payment,USA,114,62.79,57.74,3,success,,low,0
2026-01-01T20:00:00,fraud-detection,/transfer,USA,120,61.75,48.66,3,success,,low,0
2026-01-01T20:00:30,fraud-detection,/kyc,UAE,309,59.46,54.42,30,queue_delay,QUEUE_BACKPRESSURE,medium,2
2026-01-01T20:01:00,auth-service,/payment,Singapore,117,70.7,63.24,3,success,,low,0
2026-01-01T20:01:30,payment-api,/payment,Germany,148,64.21,60.82,3,success,,low,0
2026-01-01T20:02:00,auth-service,/login,USA,479,74.53,65.5,23,timeout,TIMEOUT_ERROR,critical,10
2026-01-01T20:02:30,auth-service,/portfolio,USA,372,55.91,72.49,3,db_failure,DB_CONNECTION_FAILURE,critical,9
2026-01-01T20:03:00,fraud-detection,/login,Germany,130,50.68,69.68,5,success,,low,0
2026-01-01T20:03:30,auth-service,/login,Singapore,122,60.91,54.87,6,success,,low,0
2026-01-01T20:04:00,notification-service,/transfer,India,129,56.26,61.03,6,success,,low,0
2026-01-01T20:04:30,notification-service,/kyc,UAE,108,53.92,44.61,6,success,,low,0
2026-01-01T20:05:00,portfolio-service,/login,India,135,44.27,61.56,6,success,,low,0
2026-01-01T20:05:30,portfolio-service,/payment,Singapore,137,68.42,72.53,3,success,,low,0
2026-01-01T20:06:00,notification-service,/payment,Singapore,83,68.54,75.8,7,success,,low,0
2026-01-01T20:06:30,portfolio-service,/withdrawal,USA,101,56.41,55.06,2,success,,low,0
2026-01-01T20:07:00,fraud-detection,/portfolio,Singapore,98,59.6,56.1,7,success,,low,0
2026-01-01T20:07:30,fraud-detection,/transfer,Germany,115,65.49,78.58,6,success,,low,0
2026-01-01T20:08:00,auth-service,/withdrawal,USA,145,63.87,43.88,3,success,,low,0
2026-01-01T20:08:30,auth-service,/withdrawal,Singapore,120,53.08,45.93,4,success,,low,0
2026-01-01T20:09:00,trading-engine,/withdrawal,Germany,105,55.42,59.79,3,success,,low,0
2026-01-01T20:09:30,payment-api,/payment,Germany,317,58.2,72.43,31,queue_delay,QUEUE_BACKPRESSURE,medium,3
2026-01-01T20:10:00,auth-service,/payment,India,104,63.8,49.98,5,success,,low,0
2026-01-01T20:10:30,fraud-detection,/transfer,Germany,127,52.74,75.26,2,success,,low,0
2026-01-01T20:11:00,notification-service,/portfolio,Singapore,292,41.57,52.41,49,queue_delay,QUEUE_BACKPRESSURE,medium,2
2026-01-01T20:11:30,auth-service,/withdrawal,Singapore,570,61.86,70.57,4,db_failure,DB_CONNECTION_FAILURE,critical,6
2026-01-01T20:12:00,trading-engine,/trade,Singapore,109,63.6,36.31,4,success,,low,0
2026-01-01T20:12:30,portfolio-service,/transfer,Germany,114,54.25,36.11,7,success,,low,0
2026-01-01T20:13:00,notification-service,/withdrawal,India,81,52.16,43.24,6,success,,low,0
2026-01-01T20:13:30,portfolio-service,/transfer,USA,570,76.42,55.61,32,timeout,TIMEOUT_ERROR,critical,10
2026-01-01T20:14:00,auth-service,/portfolio,India,117,58.73,60.73,6,success,,low,0
2026-01-01T20:14:30,investment-engine,/trade,Germany,100,64.85,54.17,6,success,,low,0
2026-01-01T20:15:00,payment-api,/trade,UAE,142,51.49,72.1,6,success,,low,0
2026-01-01T20:15:30,notification-service,/withdrawal,UAE,118,56.57,47.4,3,success,,low,0
2026-01-01T20:16:00,portfolio-service,/transfer,Germany,91,53.09,52.85,4,success,,low,0
2026-01-01T20:16:30,payment-api,/portfolio,India,112,55.43,67.79,5,success,,low,0
2026-01-01T20:17:00,investment-engine,/withdrawal,India,99,61.93,74.47,5,success,,low,0
2026-01-01T20:17:30,payment-api,/transfer,UAE,168,54.44,74.2,3,success,,low,0
2026-01-01T20:18:00,investment-engine,/portfolio,Singapore,121,50.79,50.03,4,success,,low,0
2026-01-01T20:18:30,fraud-detection,/login,Singapore,111,51.71,52.55,5,success,,low,0
2026-01-01T20:19:00,payment-api,/kyc,USA,141,56.16,57.58,4,success,,low,0
2026-01-01T20:19:30,payment-api,/login,Singapore,442,56.15,62.09,8,high_latency,LATENCY_SPIKE,medium,3
2026-01-01T20:20:00,payment-api,/trade,UAE,133,58.95,47.8,4,success,,low,0
2026-01-01T20:20:30,payment-api,/kyc,UAE,105,81.32,70.5,4,success,,low,0
2026-01-01T20:21:00,fraud-detection,/transfer,Singapore,109,50.0,37.41,4,success,,low,0
2026-01-01T20:21:30,portfolio-service,/login,USA,114,49.94,47.9,3,success,,low,0
2026-01-01T20:22:00,trading-engine,/login,UAE,117,45.45,60.93,6,success,,low,0
2026-01-01T20:22:30,auth-service,/login,UAE,119,60.62,50.68,4,success,,low,0
2026-01-01T20:23:00,fraud-detection,/trade,Singapore,96,59.01,66.03,3,success,,low,0
2026-01-01T20:23:30,auth-service,/kyc,Singapore,96,55.72,72.24,5,success,,low,0
2026-01-01T20:24:00,portfolio-service,/payment,India,115,62.77,65.55,7,success,,low,0
2026-01-01T20:24:30,notification-service,/transfer,India,640,67.92,54.5,14,timeout,TIMEOUT_ERROR,critical,9
2026-01-01T20:25:00,auth-service,/withdrawal,Singapore,93,42.81,74.56,6,success,,low,0
2026-01-01T20:25:30,fraud-detection,/kyc,UAE,685,71.48,68.45,38,timeout,TIMEOUT_ERROR,critical,10
2026-01-01T20:26:00,notification-service,/portfolio,Germany,158,62.2,47.72,6,success,,low,0
2026-01-01T20:26:30,portfolio-service,/transfer,Singapore,144,66.16,67.64,3,success,,low,0
2026-01-01T20:27:00,fraud-detection,/payment,USA,106,50.59,73.02,2,success,,low,0
2026-01-01T20:27:30,trading-engine,/login,Germany,143,50.44,63.88,3,success,,low,0
2026-01-01T20:28:00,fraud-detection,/payment,Singapore,91,55.61,50.24,3,success,,low,0
2026-01-01T20:28:30,fraud-detection,/payment,Singapore,103,58.1,42.9,7,success,,low,0
2026-01-01T20:29:00,payment-api,/withdrawal,India,160,63.86,43.64,6,success,,low,0
2026-01-01T20:29:30,notification-service,/payment,Singapore,94,65.13,50.17,3,success,,low,0
2026-01-01T20:30:00,trading-engine,/kyc,Germany,133,49.24,59.21,3,success,,low,0
2026-01-01T20:30:30,fraud-detection,/withdrawal,Germany,122,57.27,58.31,3,success,,low,0
2026-01-01T20:31:00,investment-engine,/login,USA,113,64.11,56.27,4,success,,low,0
2026-01-01T20:31:30,portfolio-service,/transfer,UAE,113,54.5,55.93,5,success,,low,0
2026-01-01T20:32:00,notification-service,/portfolio,Singapore,104,46.58,66.31,5,success,,low,0
2026-01-01T20:32:30,investment-engine,/login,Germany,139,65.97,63.37,8,success,,low,0
2026-01-01T20:33:00,notification-service,/portfolio,UAE,134,41.67,51.38,9,success,,low,0
2026-01-01T20:33:30,fraud-detection,/portfolio,Germany,118,52.24,70.8,2,success,,low,0
2026-01-01T20:34:00,fraud-detection,/login,USA,107,51.36,61.0,5,success,,low,0
2026-01-01T20:34:30,investment-engine,/payment,USA,91,51.28,63.12,5,success,,low,0
2026-01-01T20:35:00,fraud-detection,/portfolio,Singapore,145,57.7,62.63,6,success,,low,0
2026-01-01T20:35:30,fraud-detection,/kyc,UAE,101,44.13,41.11,5,success,,low,0
2026-01-01T20:36:00,trading-engine,/login,Germany,84,47.97,48.86,5,success,,low,0
2026-01-01T20:36:30,investment-engine,/login,UAE,125,60.09,55.21,5,success,,low,0
2026-01-01T20:37:00,payment-api,/payment,USA,101,55.27,81.57,7,success,,low,0
2026-01-01T20:37:30,investment-engine,/trade,USA,114,52.79,58.91,3,success,,low,0
2026-01-01T20:38:00,fraud-detection,/portfolio,UAE,107,46.36,65.97,4,success,,low,0
2026-01-01T20:38:30,trading-engine,/portfolio,UAE,111,71.43,67.06,7,success,,low,0
2026-01-01T20:39:00,investment-engine,/withdrawal,USA,124,52.83,84.24,4,success,,low,0
2026-01-01T20:39:30,fraud-detection,/transfer,USA,566,65.48,74.16,4,db_failure,DB_CONNECTION_FAILURE,critical,9
2026-01-01T20:40:00,payment-api,/kyc,Germany,139,54.4,75.59,2,success,,low,0
2026-01-01T20:40:30,notification-service,/kyc,India,130,48.28,57.65,5,success,,low,0
2026-01-01T20:41:00,fraud-detection,/withdrawal,Singapore,130,66.08,67.13,7,success,,low,0
2026-01-01T20:41:30,portfolio-service,/payment,Germany,87,42.98,58.72,3,success,,low,0
2026-01-01T20:42:00,notification-service,/payment,USA,133,47.62,72.52,4,success,,low,0
2026-01-01T20:42:30,auth-service,/login,Germany,122,60.61,59.19,3,success,,low,0
2026-01-01T20:43:00,fraud-detection,/login,USA,335,53.79,64.25,42,queue_delay,QUEUE_BACKPRESSURE,medium,4
2026-01-01T20:43:30,fraud-detection,/login,UAE,132,57.05,66.12,0,success,,low,0
2026-01-01T20:44:00,investment-engine,/withdrawal,UAE,121,51.41,51.28,3,success,,low,0
2026-01-01T20:44:30,portfolio-service,/portfolio,Germany,85,44.54,45.78,6,success,,low,0
2026-01-01T20:45:00,fraud-detection,/trade,Singapore,158,71.3,75.92,5,success,,low,0
2026-01-01T20:45:30,portfolio-service,/portfolio,Singapore,106,57.01,51.79,4,success,,low,0
2026-01-01T20:46:00,trading-engine,/trade,India,126,66.13,58.5,4,success,,low,0
2026-01-01T20:46:30,notification-service,/portfolio,UAE,99,59.14,56.25,4,success,,low,0
2026-01-01T20:47:00,auth-service,/portfolio,Singapore,110,53.77,46.23,8,success,,low,0
2026-01-01T20:47:30,trading-engine,/kyc,Singapore,143,46.83,53.88,3,success,,low,0
2026-01-01T20:48:00,notification-service,/trade,Singapore,111,55.98,67.63,4,success,,low,0
2026-01-01T20:48:30,payment-api,/transfer,USA,100,45.45,66.13,2,success,,low,0
2026-01-01T20:49:00,notification-service,/transfer,Germany,151,51.61,45.88,5,success,,low,0
2026-01-01T20:49:30,auth-service,/payment,Germany,598,77.33,54.08,37,timeout,TIMEOUT_ERROR,critical,7
2026-01-01T20:50:00,notification-service,/payment,Singapore,405,66.19,52.62,12,high_latency,LATENCY_SPIKE,medium,5
2026-01-01T20:50:30,investment-engine,/kyc,UAE,157,46.83,46.6,0,success,,low,0
2026-01-01T20:51:00,fraud-detection,/payment,UAE,458,61.84,60.54,15,high_latency,LATENCY_SPIKE,medium,2
2026-01-01T20:51:30,payment-api,/kyc,Singapore,116,64.51,40.93,3,success,,low,0
2026-01-01T20:52:00,trading-engine,/payment,India,47,48.49,61.6,8,success,,low,0
2026-01-01T20:52:30,investment-engine,/portfolio,Singapore,141,54.39,41.65,2,success,,low,0
2026-01-01T20:53:00,payment-api,/login,Germany,99,47.8,46.39,4,success,,low,0
2026-01-01T20:53:30,notification-service,/portfolio,India,125,56.46,64.53,6,success,,low,0
2026-01-01T20:54:00,portfolio-service,/transfer,UAE,131,55.37,55.48,5,success,,low,0
2026-01-01T20:54:30,fraud-detection,/login,Germany,154,50.98,56.71,6,success,,low,0
2026-01-01T20:55:00,investment-engine,/payment,UAE,107,58.11,65.01,8,success,,low,0
2026-01-01T20:55:30,trading-engine,/kyc,India,76,57.78,55.32,5,success,,low,0
2026-01-01T20:56:00,auth-service,/portfolio,India,71,67.23,66.3,3,success,,low,0
2026-01-01T20:56:30,auth-service,/withdrawal,Singapore,105,55.81,67.83,3,success,,low,0
2026-01-01T20:57:00,investment-engine,/trade,Germany,127,57.32,55.6,0,success,,low,0
2026-01-01T20:57:30,auth-service,/login,India,79,55.93,75.85,3,success,,low,0
2026-01-01T20:58:00,auth-service,/login,Singapore,132,57.86,61.63,5,success,,low,0
2026-01-01T20:58:30,auth-service,/portfolio,Singapore,102,55.73,45.77,7,success,,low,0
2026-01-01T20:59:00,fraud-detection,/transfer,Germany,123,44.32,58.14,5,success,,low,0
2026-01-01T20:59:30,portfolio-service,/login,UAE,117,62.46,47.01,2,success,,low,0
2026-01-01T21:00:00,investment-engine,/trade,Singapore,78,62.16,63.68,8,success,,low,0
2026-01-01T21:00:30,trading-engine,/trade,USA,112,59.07,56.09,6,success,,low,0
2026-01-01T21:01:00,portfolio-service,/login,Singapore,141,71.35,61.23,8,success,,low,0
2026-01-01T21:01:30,auth-service,/transfer,Singapore,115,45.45,70.27,3,success,,low,0
2026-01-01T21:02:00,trading-engine,/login,USA,111,58.59,74.14,5,success,,low,0
2026-01-01T21:02:30,portfolio-service,/trade,Singapore,118,65.15,61.96,11,success,,low,0
2026-01-01T21:03:00,notification-service,/transfer,UAE,121,65.37,74.8,2,success,,low,0
2026-01-01T21:03:30,auth-service,/withdrawal,UAE,114,46.92,57.07,6,success,,low,0
2026-01-01T21:04:00,auth-service,/login,USA,140,47.47,93.69,7,success,,low,0
2026-01-01T21:04:30,auth-service,/kyc,UAE,148,49.06,54.13,4,success,,low,0
2026-01-01T21:05:00,auth-service,/transfer,USA,119,61.58,63.73,6,success,,low,0
2026-01-01T21:05:30,auth-service,/portfolio,Germany,135,51.46,71.31,4,success,,low,0
2026-01-01T21:06:00,auth-service,/portfolio,India,129,58.8,62.37,5,success,,low,0
2026-01-01T21:06:30,trading-engine,/portfolio,UAE,139,60.38,72.0,8,success,,low,0
2026-01-01T21:07:00,portfolio-service,/login,UAE,746,63.55,64.08,21,timeout,TIMEOUT_ERROR,critical,9
2026-01-01T21:07:30,trading-engine,/login,USA,133,66.43,55.65,2,success,,low,0
2026-01-01T21:08:00,trading-engine,/trade,Germany,133,58.73,54.88,4,success,,low,0
2026-01-01T21:08:30,trading-engine,/payment,USA,128,67.74,65.16,3,success,,low,0
2026-01-01T21:09:00,notification-service,/payment,Germany,153,61.77,52.76,5,success,,low,0
2026-01-01T21:09:30,auth-service,/transfer,India,110,41.52,66.39,6,success,,low,0
2026-01-01T21:10:00,notification-service,/withdrawal,Singapore,90,63.29,61.94,7,success,,low,0
2026-01-01T21:10:30,portfolio-service,/transfer,UAE,130,55.17,49.18,4,success,,low,0
2026-01-01T21:11:00,payment-api,/trade,India,88,61.23,68.35,3,success,,low,0
2026-01-01T21:11:30,fraud-detection,/payment,Singapore,151,65.89,64.86,6,success,,low,0
2026-01-01T21:12:00,trading-engine,/withdrawal,Singapore,146,58.83,66.41,4,success,,low,0
2026-01-01T21:12:30,investment-engine,/payment,USA,112,47.98,57.85,4,success,,low,0
2026-01-01T21:13:00,auth-service,/login,Singapore,286,54.58,63.56,41,queue_delay,QUEUE_BACKPRESSURE,medium,4
2026-01-01T21:13:30,trading-engine,/portfolio,UAE,142,59.27,48.21,5,success,,low,0
2026-01-01T21:14:00,fraud-detection,/login,UAE,578,69.15,103.97,4,db_failure,DB_CONNECTION_FAILURE,critical,9
2026-01-01T21:14:30,payment-api,/kyc,Germany,135,57.81,60.97,3,success,,low,0
2026-01-01T21:15:00,trading-engine,/payment,India,148,48.83,71.82,7,success,,low,0
2026-01-01T21:15:30,notification-service,/trade,India,72,53.7,71.35,9,success,,low,0
2026-01-01T21:16:00,auth-service,/trade,Singapore,117,49.21,56.67,7,success,,low,0
2026-01-01T21:16:30,notification-service,/trade,Germany,136,55.96,58.97,3,success,,low,0
2026-01-01T21:17:00,trading-engine,/trade,Germany,90,59.43,51.29,5,success,,low,0
2026-01-01T21:17:30,trading-engine,/portfolio,USA,119,51.84,58.37,2,success,,low,0
2026-01-01T21:18:00,investment-engine,/withdrawal,UAE,110,50.86,68.32,7,success,,low,0
2026-01-01T21:18:30,notification-service,/withdrawal,Germany,128,54.0,43.86,3,success,,low,0
2026-01-01T21:19:00,portfolio-service,/transfer,Germany,129,46.5,55.9,5,success,,low,0
2026-01-01T21:19:30,investment-engine,/login,USA,150,53.98,60.6,2,success,,low,0
2026-01-01T21:20:00,portfolio-service,/trade,USA,388,61.46,69.06,4,db_failure,DB_CONNECTION_FAILURE,critical,8
2026-01-01T21:20:30,trading-engine,/trade,UAE,102,52.34,68.59,5,success,,low,0
2026-01-01T21:21:00,portfolio-service,/trade,Singapore,115,55.78,64.76,6,success,,low,0
2026-01-01T21:21:30,portfolio-service,/portfolio,USA,85,53.26,61.99,4,success,,low,0
2026-01-01T21:22:00,fraud-detection,/withdrawal,Singapore,596,61.5,54.38,32,timeout,TIMEOUT_ERROR,critical,9
2026-01-01T21:22:30,auth-service,/login,Singapore,112,58.94,75.04,5,success,,low,0
2026-01-01T21:23:00,portfolio-service,/payment,USA,440,51.64,58.02,8,high_latency,LATENCY_SPIKE,medium,5
2026-01-01T21:23:30,fraud-detection,/trade,UAE,141,56.27,66.47,4,success,,low,0
2026-01-01T21:24:00,notification-service,/login,USA,135,62.72,65.29,5,success,,low,0
2026-01-01T21:24:30,auth-service,/transfer,Germany,114,61.79,88.75,7,success,,low,0
2026-01-01T21:25:00,payment-api,/portfolio,Singapore,197,52.65,57.0,68,queue_delay,QUEUE_BACKPRESSURE,medium,3
2026-01-01T21:25:30,auth-service,/login,USA,98,61.63,50.21,9,success,,low,0
2026-01-01T21:26:00,notification-service,/kyc,USA,109,53.71,67.68,6,success,,low,0
2026-01-01T21:26:30,notification-service,/trade,UAE,139,41.74,68.95,4,success,,low,0
2026-01-01T21:27:00,fraud-detection,/login,India,111,58.4,64.27,5,success,,low,0
2026-01-01T21:27:30,payment-api,/login,USA,90,61.33,40.05,2,success,,low,0
2026-01-01T21:28:00,investment-engine,/kyc,USA,113,49.33,77.55,3,success,,low,0
2026-01-01T21:28:30,auth-service,/trade,Singapore,122,62.7,49.34,6,success,,low,0
2026-01-01T21:29:00,trading-engine,/login,Singapore,108,61.83,56.77,6,success,,low,0
2026-01-01T21:29:30,trading-engine,/kyc,Singapore,117,52.17,57.09,4,success,,low,0
2026-01-01T21:30:00,portfolio-service,/kyc,India,97,56.7,47.64,4,success,,low,0
2026-01-01T21:30:30,investment-engine,/portfolio,USA,158,51.71,54.38,4,success,,low,0
2026-01-01T21:31:00,portfolio-service,/kyc,Singapore,137,47.06,63.84,7,success,,low,0
2026-01-01T21:31:30,notification-service,/payment,USA,123,62.05,40.65,4,success,,low,0
2026-01-01T21:32:00,payment-api,/login,India,96,49.46,55.39,3,success,,low,0
2026-01-01T21:32:30,auth-service,/transfer,USA,75,33.24,56.18,4,success,,low,0
2026-01-01T21:33:00,trading-engine,/trade,USA,109,35.01,47.94,5,success,,low,0
2026-01-01T21:33:30,investment-engine,/login,Singapore,128,47.82,72.3,5,success,,low,0
2026-01-01T21:34:00,payment-api,/transfer,UAE,111,66.98,77.91,4,success,,low,0
2026-01-01T21:34:30,portfolio-service,/login,Singapore,696,72.44,77.82,35,timeout,TIMEOUT_ERROR,critical,10
2026-01-01T21:35:00,payment-api,/withdrawal,India,105,39.82,59.06,1,success,,low,0
2026-01-01T21:35:30,notification-service,/withdrawal,Singapore,118,52.83,48.54,4,success,,low,0
2026-01-01T21:36:00,notification-service,/portfolio,Germany,130,50.72,52.58,4,success,,low,0
2026-01-01T21:36:30,trading-engine,/payment,Singapore,110,60.92,56.96,6,success,,low,0
2026-01-01T21:37:00,notification-service,/trade,UAE,112,51.83,61.44,2,success,,low,0
2026-01-01T21:37:30,payment-api,/login,Germany,91,64.26,55.61,9,success,,low,0
2026-01-01T21:38:00,trading-engine,/login,USA,126,55.45,69.21,6,success,,low,0
2026-01-01T21:38:30,fraud-detection,/transfer,USA,91,50.87,50.84,0,success,,low,0
2026-01-01T21:39:00,auth-service,/withdrawal,UAE,105,61.16,65.44,3,success,,low,0
2026-01-01T21:39:30,auth-service,/transfer,Germany,110,54.31,54.56,2,success,,low,0
2026-01-01T21:40:00,investment-engine,/withdrawal,Singapore,111,62.71,70.72,3,success,,low,0
2026-01-01T21:40:30,payment-api,/kyc,Singapore,261,55.01,44.48,49,queue_delay,QUEUE_BACKPRESSURE,medium,5
2026-01-01T21:41:00,auth-service,/transfer,UAE,138,42.82,69.67,5,success,,low,0
2026-01-01T21:41:30,investment-engine,/withdrawal,USA,146,50.28,40.95,4,success,,low,0
2026-01-01T21:42:00,auth-service,/payment,USA,103,49.15,60.37,7,success,,low,0
2026-01-01T21:42:30,investment-engine,/withdrawal,Singapore,116,62.92,63.97,6,success,,low,0
2026-01-01T21:43:00,auth-service,/portfolio,UAE,123,48.46,78.72,6,success,,low,0
2026-01-01T21:43:30,investment-engine,/transfer,UAE,223,50.66,79.17,41,queue_delay,QUEUE_BACKPRESSURE,medium,5
2026-01-01T21:44:00,portfolio-service,/portfolio,Germany,116,64.85,72.76,8,success,,low,0
2026-01-01T21:44:30,fraud-detection,/trade,USA,133,56.01,49.47,4,success,,low,0
2026-01-01T21:45:00,notification-service,/transfer,USA,138,44.8,58.31,4,success,,low,0
2026-01-01T21:45:30,trading-engine,/transfer,India,113,56.96,55.33,6,success,,low,0
2026-01-01T21:46:00,trading-engine,/login,India,98,62.84,58.77,5,success,,low,0
2026-01-01T21:46:30,investment-engine,/portfolio,Singapore,692,81.36,52.88,22,timeout,TIMEOUT_ERROR,critical,9
2026-01-01T21:47:00,portfolio-service,/trade,India,701,87.34,64.28,30,timeout,TIMEOUT_ERROR,critical,9
2026-01-01T21:47:30,portfolio-service,/kyc,Singapore,114,64.48,65.87,2,success,,low,0
2026-01-01T21:48:00,fraud-detection,/payment,India,619,74.01,43.88,38,timeout,TIMEOUT_ERROR,critical,10
2026-01-01T21:48:30,fraud-detection,/trade,Singapore,337,49.62,61.45,17,high_latency,LATENCY_SPIKE,medium,5
2026-01-01T21:49:00,trading-engine,/login,India,99,60.4,66.82,7,success,,low,0
2026-01-01T21:49:30,fraud-detection,/login,India,91,54.93,64.9,4,success,,low,0
2026-01-01T21:50:00,payment-api,/transfer,USA,103,61.5,50.97,6,success,,low,0
2026-01-01T21:50:30,fraud-detection,/portfolio,UAE,131,58.1,60.99,3,success,,low,0
2026-01-01T21:51:00,auth-service,/login,UAE,127,44.76,51.27,5,success,,low,0
2026-01-01T21:51:30,portfolio-service,/portfolio,USA,88,55.32,50.39,4,success,,low,0
2026-01-01T21:52:00,trading-engine,/withdrawal,India,130,47.07,59.77,5,success,,low,0
2026-01-01T21:52:30,portfolio-service,/login,USA,473,57.78,59.82,6,db_failure,DB_CONNECTION_FAILURE,critical,9
2026-01-01T21:53:00,notification-service,/payment,Germany,101,56.24,45.69,3,success,,low,0
2026-01-01T21:53:30,auth-service,/withdrawal,India,148,53.1,50.18,1,success,,low,0
2026-01-01T21:54:00,fraud-detection,/payment,Singapore,91,58.0,63.78,6,success,,low,0
2026-01-01T21:54:30,portfolio-service,/kyc,Singapore,76,63.74,55.76,6,success,,low,0
2026-01-01T21:55:00,fraud-detection,/kyc,Germany,135,56.97,74.16,4,success,,low,0
2026-01-01T21:55:30,portfolio-service,/transfer,Singapore,140,41.18,70.98,4,success,,low,0
2026-01-01T21:56:00,auth-service,/kyc,Germany,132,45.92,79.24,3,success,,low,0
2026-01-01T21:56:30,auth-service,/transfer,Singapore,107,70.01,42.33,5,success,,low,0
2026-01-01T21:57:00,portfolio-service,/withdrawal,Singapore,89,62.13,61.23,7,success,,low,0
2026-01-01T21:57:30,payment-api,/kyc,Germany,106,59.19,60.12,7,success,,low,0
2026-01-01T21:58:00,portfolio-service,/kyc,Germany,142,60.72,59.13,7,success,,low,0
2026-01-01T21:58:30,payment-api,/portfolio,Singapore,145,53.27,71.62,5,success,,low,0
2026-01-01T21:59:00,portfolio-service,/trade,USA,100,45.74,67.89,6,success,,low,0
2026-01-01T21:59:30,investment-engine,/payment,USA,121,50.14,58.03,4,success,,low,0
2026-01-01T22:00:00,auth-service,/withdrawal,Germany,128,59.31,51.79,2,success,,low,0
2026-01-01T22:00:30,trading-engine,/kyc,Germany,149,59.76,85.89,4,success,,low,0
2026-01-01T22:01:00,auth-service,/transfer,Germany,133,59.67,69.54,5,success,,low,0
2026-01-01T22:01:30,auth-service,/portfolio,USA,123,62.91,49.74,2,success,,low,0
2026-01-01T22:02:00,auth-service,/login,India,99,52.89,66.11,4,success,,low,0
2026-01-01T22:02:30,notification-service,/trade,India,157,35.5,38.47,7,success,,low,0
2026-01-01T22:03:00,payment-api,/portfolio,USA,144,49.0,67.28,4,success,,low,0
2026-01-01T22:03:30,payment-api,/kyc,USA,141,44.98,71.34,8,success,,low,0
2026-01-01T22:04:00,notification-service,/payment,Germany,112,40.68,67.36,8,success,,low,0
2026-01-01T22:04:30,portfolio-service,/withdrawal,Germany,150,61.42,60.09,5,success,,low,0
2026-01-01T22:05:00,notification-service,/payment,Germany,110,67.5,55.72,6,success,,low,0
2026-01-01T22:05:30,auth-service,/trade,UAE,115,63.17,42.24,6,success,,low,0
2026-01-01T22:06:00,trading-engine,/login,Germany,107,52.66,58.4,6,success,,low,0
2026-01-01T22:06:30,investment-engine,/payment,USA,99,49.72,60.04,5,success,,low,0
2026-01-01T22:07:00,investment-engine,/withdrawal,UAE,92,65.86,51.76,4,success,,low,0
2026-01-01T22:07:30,investment-engine,/portfolio,USA,151,49.86,60.38,5,success,,low,0
2026-01-01T22:08:00,fraud-detection,/payment,USA,137,55.59,69.82,4,success,,low,0
2026-01-01T22:08:30,investment-engine,/withdrawal,USA,129,57.39,58.27,3,success,,low,0
2026-01-01T22:09:00,trading-engine,/kyc,UAE,149,54.55,70.09,5,success,,low,0
2026-01-01T22:09:30,auth-service,/trade,UAE,128,46.42,52.77,7,success,,low,0
2026-01-01T22:10:00,trading-engine,/login,USA,117,41.0,67.77,5,success,,low,0
2026-01-01T22:10:30,auth-service,/kyc,UAE,289,50.07,54.28,35,queue_delay,QUEUE_BACKPRESSURE,medium,5
2026-01-01T22:11:00,payment-api,/payment,USA,85,53.46,73.83,4,success,,low,0
2026-01-01T22:11:30,investment-engine,/portfolio,UAE,135,62.41,71.34,2,success,,low,0
2026-01-01T22:12:00,auth-service,/transfer,Germany,144,60.12,54.54,4,success,,low,0
2026-01-01T22:12:30,trading-engine,/transfer,UAE,80,51.46,62.84,5,success,,low,0
2026-01-01T22:13:00,auth-service,/withdrawal,India,132,44.57,57.31,3,success,,low,0
2026-01-01T22:13:30,portfolio-service,/withdrawal,Singapore,96,72.03,42.51,3,success,,low,0
2026-01-01T22:14:00,payment-api,/login,Germany,368,78.56,77.54,6,db_failure,DB_CONNECTION_FAILURE,critical,9
2026-01-01T22:14:30,portfolio-service,/transfer,Singapore,134,49.83,71.41,7,success,,low,0
2026-01-01T22:15:00,trading-engine,/login,USA,122,55.48,41.81,5,success,,low,0
2026-01-01T22:15:30,notification-service,/kyc,USA,136,41.51,54.24,6,success,,low,0
2026-01-01T22:16:00,investment-engine,/kyc,India,103,67.57,69.13,5,success,,low,0
2026-01-01T22:16:30,portfolio-service,/transfer,India,119,53.59,62.44,3,success,,low,0
2026-01-01T22:17:00,auth-service,/kyc,Germany,134,69.49,73.62,3,success,,low,0
2026-01-01T22:17:30,trading-engine,/payment,USA,129,72.7,55.47,5,success,,low,0
2026-01-01T22:18:00,portfolio-service,/payment,USA,124,65.22,60.01,4,success,,low,0
2026-01-01T22:18:30,trading-engine,/payment,UAE,125,53.02,74.52,5,success,,low,0
2026-01-01T22:19:00,portfolio-service,/portfolio,USA,262,55.08,61.71,60,queue_delay,QUEUE_BACKPRESSURE,medium,3
2026-01-01T22:19:30,portfolio-service,/trade,UAE,106,43.91,50.15,2,success,,low,0
2026-01-01T22:20:00,auth-service,/kyc,USA,127,62.88,41.96,6,success,,low,0
2026-01-01T22:20:30,investment-engine,/trade,India,102,62.24,69.61,1,success,,low,0
2026-01-01T22:21:00,notification-service,/trade,Germany,156,65.76,59.01,9,success,,low,0
2026-01-01T22:21:30,fraud-detection,/login,India,107,54.3,80.93,6,success,,low,0
2026-01-01T22:22:00,investment-engine,/kyc,India,132,61.8,50.45,4,success,,low,0
2026-01-01T22:22:30,fraud-detection,/login,USA,156,78.65,57.31,5,success,,low,0
2026-01-01T22:23:00,payment-api,/trade,Germany,103,67.93,58.29,5,success,,low,0
2026-01-01T22:23:30,notification-service,/login,UAE,129,45.74,61.41,7,success,,low,0
2026-01-01T22:24:00,auth-service,/trade,USA,123,47.49,35.54,5,success,,low,0
2026-01-01T22:24:30,investment-engine,/transfer,Germany,107,36.83,57.14,1,success,,low,0
2026-01-01T22:25:00,notification-service,/withdrawal,India,147,50.23,68.79,9,success,,low,0
2026-01-01T22:25:30,auth-service,/trade,Germany,102,56.16,66.64,4,success,,low,0
2026-01-01T22:26:00,portfolio-service,/transfer,Germany,122,55.05,48.47,5,success,,low,0
2026-01-01T22:26:30,trading-engine,/withdrawal,Germany,133,42.4,63.52,6,success,,low,0
2026-01-01T22:27:00,investment-engine,/login,India,130,58.25,63.81,0,success,,low,0
2026-01-01T22:27:30,trading-engine,/withdrawal,Singapore,123,45.87,53.48,6,success,,low,0
2026-01-01T22:28:00,trading-engine,/kyc,India,95,57.52,71.28,4,success,,low,0
2026-01-01T22:28:30,notification-service,/transfer,India,132,61.82,60.89,5,success,,low,0
2026-01-01T22:29:00,portfolio-service,/portfolio,India,113,69.41,57.86,1,success,,low,0
2026-01-01T22:29:30,portfolio-service,/login,USA,101,58.67,63.44,4,success,,low,0
2026-01-01T22:30:00,fraud-detection,/portfolio,Singapore,101,65.71,57.39,3,success,,low,0
2026-01-01T22:30:30,portfolio-service,/portfolio,India,116,41.14,52.58,8,success,,low,0
2026-01-01T22:31:00,auth-service,/trade,Singapore,116,54.73,67.22,0,success,,low,0
2026-01-01T22:31:30,payment-api,/transfer,UAE,134,42.95,59.97,5,success,,low,0
2026-01-01T22:32:00,auth-service,/kyc,UAE,85,50.84,52.36,5,success,,low,0
2026-01-01T22:32:30,fraud-detection,/transfer,India,139,32.33,75.38,4,success,,low,0
2026-01-01T22:33:00,portfolio-service,/trade,UAE,146,59.62,55.89,4,success,,low,0
2026-01-01T22:33:30,investment-engine,/withdrawal,Germany,88,59.67,69.78,5,success,,low,0
2026-01-01T22:34:00,fraud-detection,/withdrawal,Germany,308,54.74,69.84,40,queue_delay,QUEUE_BACKPRESSURE,medium,5
2026-01-01T22:34:30,investment-engine,/payment,Singapore,133,44.68,57.04,7,success,,low,0
2026-01-01T22:35:00,notification-service,/kyc,India,125,56.35,73.88,4,success,,low,0
2026-01-01T22:35:30,auth-service,/login,Singapore,147,49.9,55.87,4,success,,low,0
2026-01-01T22:36:00,investment-engine,/withdrawal,Germany,120,62.74,73.03,3,success,,low,0
2026-01-01T22:36:30,investment-engine,/kyc,India,117,63.49,60.5,6,success,,low,0
2026-01-01T22:37:00,auth-service,/payment,Germany,137,64.93,54.79,5,success,,low,0
2026-01-01T22:37:30,investment-engine,/trade,USA,108,37.66,57.31,1,success,,low,0
2026-01-01T22:38:00,trading-engine,/login,UAE,138,62.6,68.12,1,success,,low,0
2026-01-01T22:38:30,auth-service,/kyc,UAE,118,47.62,76.86,3,success,,low,0
2026-01-01T22:39:00,trading-engine,/transfer,India,112,55.36,53.81,6,success,,low,0
2026-01-01T22:39:30,portfolio-service,/withdrawal,India,126,71.81,60.3,3,success,,low,0
2026-01-01T22:40:00,portfolio-service,/login,India,151,51.51,71.43,5,success,,low,0
2026-01-01T22:40:30,portfolio-service,/login,USA,450,77.2,56.46,8,db_failure,DB_CONNECTION_FAILURE,critical,9
2026-01-01T22:41:00,trading-engine,/transfer,Singapore,95,58.9,58.27,5,success,,low,0
2026-01-01T22:41:30,trading-engine,/transfer,USA,117,67.65,56.99,3,success,,low,0
2026-01-01T22:42:00,auth-service,/portfolio,India,140,66.55,50.03,6,success,,low,0
2026-01-01T22:42:30,portfolio-service,/transfer,Singapore,145,65.11,67.64,4,success,,low,0
2026-01-01T22:43:00,investment-engine,/withdrawal,UAE,111,54.07,61.04,3,success,,low,0
2026-01-01T22:43:30,payment-api,/trade,Germany,151,54.31,56.23,3,success,,low,0
2026-01-01T22:44:00,portfolio-service,/portfolio,Singapore,107,47.93,77.59,6,success,,low,0
2026-01-01T22:44:30,investment-engine,/kyc,USA,421,44.89,56.12,20,high_latency,LATENCY_SPIKE,medium,3
2026-01-01T22:45:00,portfolio-service,/portfolio,India,568,74.75,60.54,28,timeout,TIMEOUT_ERROR,critical,5
2026-01-01T22:45:30,portfolio-service,/login,USA,101,52.5,50.8,4,success,,low,0
2026-01-01T22:46:00,notification-service,/trade,UAE,110,63.51,71.58,7,success,,low,0
2026-01-01T22:46:30,portfolio-service,/payment,USA,260,66.75,52.76,55,queue_delay,QUEUE_BACKPRESSURE,medium,3
2026-01-01T22:47:00,fraud-detection,/transfer,Germany,291,73.33,58.01,12,high_latency,LATENCY_SPIKE,medium,4
2026-01-01T22:47:30,auth-service,/trade,UAE,147,51.64,66.52,4,success,,low,0
2026-01-01T22:48:00,portfolio-service,/login,UAE,153,69.27,28.79,2,success,,low,0
2026-01-01T22:48:30,investment-engine,/payment,Singapore,133,49.57,63.07,4,success,,low,0
2026-01-01T22:49:00,auth-service,/withdrawal,Singapore,470,63.89,40.33,43,timeout,TIMEOUT_ERROR,critical,7
2026-01-01T22:49:30,auth-service,/login,USA,103,50.61,58.51,5,success,,low,0
2026-01-01T22:50:00,notification-service,/trade,Germany,117,48.59,67.83,4,success,,low,0
2026-01-01T22:50:30,auth-service,/trade,Singapore,150,53.41,57.89,5,success,,low,0
2026-01-01T22:51:00,portfolio-service,/transfer,Singapore,101,37.47,54.1,2,success,,low,0
2026-01-01T22:51:30,portfolio-service,/payment,USA,138,53.91,48.89,5,success,,low,0
2026-01-01T22:52:00,trading-engine,/transfer,India,89,63.58,53.2,4,success,,low,0
2026-01-01T22:52:30,trading-engine,/payment,Singapore,90,59.36,48.41,3,success,,low,0
2026-01-01T22:53:00,investment-engine,/transfer,USA,117,70.42,74.2,7,success,,low,0
2026-01-01T22:53:30,portfolio-service,/login,USA,115,56.74,63.43,7,success,,low,0
2026-01-01T22:54:00,fraud-detection,/withdrawal,Singapore,116,52.41,76.59,7,success,,low,0
2026-01-01T22:54:30,fraud-detection,/portfolio,Singapore,116,55.03,63.77,7,success,,low,0
2026-01-01T22:55:00,investment-engine,/transfer,Germany,108,39.84,60.32,2,success,,low,0
2026-01-01T22:55:30,portfolio-service,/portfolio,Germany,132,55.78,51.3,6,success,,low,0
2026-01-01T22:56:00,fraud-detection,/transfer,Singapore,139,42.72,63.63,6,success,,low,0
2026-01-01T22:56:30,trading-engine,/kyc,UAE,154,52.92,59.43,4,success,,low,0
2026-01-01T22:57:00,payment-api,/login,India,89,56.3,67.12,2,success,,low,0
2026-01-01T22:57:30,fraud-detection,/trade,Germany,124,50.94,53.95,5,success,,low,0
2026-01-01T22:58:00,fraud-detection,/portfolio,UAE,108,58.05,56.08,2,success,,low,0
2026-01-01T22:58:30,portfolio-service,/portfolio,India,115,51.92,49.67,4,success,,low,0
2026-01-01T22:59:00,fraud-detection,/withdrawal,Singapore,143,63.78,62.27,3,success,,low,0
2026-01-01T22:59:30,auth-service,/kyc,USA,154,57.31,63.49,3,success,,low,0
2026-01-01T23:00:00,payment-api,/login,UAE,124,48.98,64.26,6,success,,low,0
2026-01-01T23:00:30,payment-api,/withdrawal,USA,107,51.14,50.04,2,success,,low,0
2026-01-01T23:01:00,fraud-detection,/payment,UAE,82,57.44,53.31,5,success,,low,0
2026-01-01T23:01:30,notification-service,/login,USA,152,72.9,58.28,5,success,,low,0
2026-01-01T23:02:00,investment-engine,/login,India,499,68.9,61.28,19,timeout,TIMEOUT_ERROR,critical,5
2026-01-01T23:02:30,investment-engine,/withdrawal,USA,173,52.47,69.54,6,success,,low,0
2026-01-01T23:03:00,fraud-detection,/kyc,India,134,63.12,52.24,4,success,,low,0
2026-01-01T23:03:30,investment-engine,/payment,UAE,121,53.25,53.49,5,success,,low,0
2026-01-01T23:04:00,notification-service,/payment,USA,106,53.21,51.08,7,success,,low,0
2026-01-01T23:04:30,payment-api,/login,USA,132,64.82,75.12,2,success,,low,0
2026-01-01T23:05:00,auth-service,/withdrawal,India,98,55.29,56.9,9,success,,low,0
2026-01-01T23:05:30,fraud-detection,/portfolio,Singapore,137,60.67,63.22,6,success,,low,0
2026-01-01T23:06:00,portfolio-service,/payment,UAE,89,53.91,66.53,7,success,,low,0
2026-01-01T23:06:30,portfolio-service,/transfer,Germany,143,47.03,46.68,2,success,,low,0
2026-01-01T23:07:00,fraud-detection,/payment,Germany,123,52.54,44.87,3,success,,low,0
2026-01-01T23:07:30,portfolio-service,/kyc,UAE,107,71.38,62.31,4,success,,low,0
2026-01-01T23:08:00,portfolio-service,/withdrawal,UAE,79,62.97,60.16,0,success,,low,0
2026-01-01T23:08:30,auth-service,/portfolio,Singapore,382,50.48,64.33,6,db_failure,DB_CONNECTION_FAILURE,critical,6
2026-01-01T23:09:00,auth-service,/kyc,Singapore,128,61.15,61.94,2,success,,low,0
2026-01-01T23:09:30,trading-engine,/trade,Singapore,137,66.03,71.05,2,success,,low,0
2026-01-01T23:10:00,notification-service,/transfer,Germany,127,39.93,60.89,3,success,,low,0
2026-01-01T23:10:30,trading-engine,/kyc,India,124,58.06,46.53,4,success,,low,0
2026-01-01T23:11:00,investment-engine,/payment,Germany,287,61.65,67.82,48,queue_delay,QUEUE_BACKPRESSURE,medium,5
2026-01-01T23:11:30,auth-service,/portfolio,USA,131,48.32,53.14,3,success,,low,0
2026-01-01T23:12:00,notification-service,/payment,UAE,144,59.72,68.15,6,success,,low,0
2026-01-01T23:12:30,trading-engine,/transfer,India,100,45.77,61.84,6,success,,low,0
2026-01-01T23:13:00,auth-service,/kyc,Singapore,111,72.05,64.63,6,success,,low,0
2026-01-01T23:13:30,trading-engine,/payment,USA,142,56.08,62.78,4,success,,low,0
2026-01-01T23:14:00,portfolio-service,/withdrawal,Singapore,114,51.65,59.84,4,success,,low,0
2026-01-01T23:14:30,investment-engine,/login,UAE,101,56.35,52.42,6,success,,low,0
2026-01-01T23:15:00,trading-engine,/portfolio,USA,114,45.78,62.53,6,success,,low,0
2026-01-01T23:15:30,auth-service,/transfer,India,108,50.02,71.78,6,success,,low,0
2026-01-01T23:16:00,notification-service,/payment,Singapore,123,61.49,65.79,5,success,,low,0
2026-01-01T23:16:30,portfolio-service,/trade,UAE,129,55.99,51.0,4,success,,low,0
2026-01-01T23:17:00,notification-service,/login,Singapore,118,56.83,51.16,7,success,,low,0
2026-01-01T23:17:30,investment-engine,/transfer,Germany,737,80.53,70.02,40,timeout,TIMEOUT_ERROR,critical,10
2026-01-01T23:18:00,payment-api,/kyc,UAE,147,48.18,63.32,4,success,,low,0
2026-01-01T23:18:30,portfolio-service,/portfolio,USA,119,63.43,58.53,6,success,,low,0
2026-01-01T23:19:00,payment-api,/portfolio,India,120,52.63,74.89,6,success,,low,0
2026-01-01T23:19:30,payment-api,/payment,UAE,143,52.13,62.21,2,success,,low,0
2026-01-01T23:20:00,payment-api,/kyc,Germany,97,65.93,46.55,6,success,,low,0
2026-01-01T23:20:30,investment-engine,/kyc,USA,117,65.03,64.76,8,success,,low,0
2026-01-01T23:21:00,portfolio-service,/trade,India,110,64.78,62.61,4,success,,low,0
2026-01-01T23:21:30,investment-engine,/login,Germany,96,54.48,84.51,1,success,,low,0
2026-01-01T23:22:00,payment-api,/login,Germany,117,60.45,53.23,3,success,,low,0
2026-01-01T23:22:30,trading-engine,/portfolio,USA,136,54.32,77.3,5,success,,low,0
2026-01-01T23:23:00,trading-engine,/login,UAE,587,54.72,71.57,4,db_failure,DB_CONNECTION_FAILURE,critical,9
2026-01-01T23:23:30,portfolio-service,/portfolio,UAE,122,58.1,60.05,5,success,,low,0
2026-01-01T23:24:00,trading-engine,/payment,Singapore,103,75.02,71.25,4,success,,low,0
2026-01-01T23:24:30,trading-engine,/payment,Singapore,138,59.48,49.46,3,success,,low,0
2026-01-01T23:25:00,notification-service,/payment,USA,129,61.28,59.96,5,success,,low,0
2026-01-01T23:25:30,portfolio-service,/transfer,USA,142,53.24,73.91,7,success,,low,0
2026-01-01T23:26:00,fraud-detection,/transfer,UAE,112,51.44,51.46,3,success,,low,0
2026-01-01T23:26:30,notification-service,/login,Germany,126,62.5,56.65,4,success,,low,0
2026-01-01T23:27:00,investment-engine,/login,Germany,121,55.0,48.49,6,success,,low,0
2026-01-01T23:27:30,payment-api,/login,Germany,94,48.42,70.19,2,success,,low,0
2026-01-01T23:28:00,payment-api,/trade,USA,329,52.17,68.43,18,high_latency,LATENCY_SPIKE,medium,5
2026-01-01T23:28:30,trading-engine,/withdrawal,India,109,52.97,47.93,6,success,,low,0
2026-01-01T23:29:00,payment-api,/portfolio,UAE,137,51.18,51.75,1,success,,low,0
2026-01-01T23:29:30,trading-engine,/portfolio,Singapore,130,49.16,61.31,5,success,,low,0
2026-01-01T23:30:00,portfolio-service,/withdrawal,UAE,118,59.95,53.46,2,success,,low,0
2026-01-01T23:30:30,auth-service,/trade,India,146,44.3,60.11,3,success,,low,0
2026-01-01T23:31:00,payment-api,/withdrawal,Germany,143,52.89,49.0,3,success,,low,0
2026-01-01T23:31:30,notification-service,/kyc,Germany,98,51.44,63.04,6,success,,low,0
2026-01-01T23:32:00,fraud-detection,/withdrawal,USA,112,46.52,47.5,6,success,,low,0
2026-01-01T23:32:30,payment-api,/transfer,USA,106,46.17,61.56,4,success,,low,0
2026-01-01T23:33:00,auth-service,/login,USA,145,55.84,64.99,6,success,,low,0
2026-01-01T23:33:30,fraud-detection,/login,Singapore,97,39.35,48.39,4,success,,low,0
2026-01-01T23:34:00,fraud-detection,/trade,Singapore,97,53.32,63.11,4,success,,low,0
2026-01-01T23:34:30,notification-service,/withdrawal,Singapore,125,64.84,62.07,6,success,,low,0
2026-01-01T23:35:00,fraud-detection,/login,UAE,74,48.52,47.88,4,success,,low,0
2026-01-01T23:35:30,auth-service,/payment,Germany,470,41.73,46.41,10,high_latency,LATENCY_SPIKE,medium,5
2026-01-01T23:36:00,payment-api,/portfolio,UAE,145,56.97,60.58,5,success,,low,0
2026-01-01T23:36:30,investment-engine,/withdrawal,Germany,142,46.21,53.21,4,success,,low,0
2026-01-01T23:37:00,portfolio-service,/withdrawal,Germany,137,49.96,52.94,4,success,,low,0
2026-01-01T23:37:30,payment-api,/trade,Germany,108,60.55,62.58,5,success,,low,0
2026-01-01T23:38:00,payment-api,/withdrawal,USA,144,52.18,72.32,6,success,,low,0
2026-01-01T23:38:30,portfolio-service,/trade,India,133,59.31,62.99,7,success,,low,0
2026-01-01T23:39:00,notification-service,/kyc,USA,759,56.41,46.96,41,timeout,TIMEOUT_ERROR,critical,9
2026-01-01T23:39:30,portfolio-service,/portfolio,Singapore,151,63.49,58.72,4,success,,low,0
2026-01-01T23:40:00,investment-engine,/portfolio,UAE,142,52.53,44.9,8,success,,low,0
2026-01-01T23:40:30,portfolio-service,/login,UAE,92,51.33,60.91,8,success,,low,0
2026-01-01T23:41:00,fraud-detection,/transfer,Germany,120,48.9,52.86,1,success,,low,0
2026-01-01T23:41:30,portfolio-service,/portfolio,UAE,106,39.89,76.48,6,success,,low,0
2026-01-01T23:42:00,notification-service,/transfer,Singapore,111,52.68,68.42,7,success,,low,0
2026-01-01T23:42:30,auth-service,/transfer,USA,125,53.57,56.63,4,success,,low,0
2026-01-01T23:43:00,investment-engine,/trade,USA,90,68.31,48.69,5,success,,low,0
2026-01-01T23:43:30,notification-service,/portfolio,Singapore,123,55.72,48.64,3,success,,low,0
2026-01-01T23:44:00,notification-service,/login,India,249,52.8,51.28,62,queue_delay,QUEUE_BACKPRESSURE,medium,5
2026-01-01T23:44:30,fraud-detection,/portfolio,Singapore,109,45.54,57.28,4,success,,low,0
2026-01-01T23:45:00,trading-engine,/transfer,UAE,107,42.33,57.49,2,success,,low,0
2026-01-01T23:45:30,fraud-detection,/payment,USA,104,40.31,52.86,4,success,,low,0
2026-01-01T23:46:00,trading-engine,/trade,Germany,138,52.67,64.78,5,success,,low,0
2026-01-01T23:46:30,auth-service,/kyc,UAE,138,51.0,65.07,7,success,,low,0
2026-01-01T23:47:00,auth-service,/login,USA,101,57.69,56.84,4,success,,low,0
2026-01-01T23:47:30,notification-service,/login,Germany,109,75.0,55.91,3,success,,low,0
2026-01-01T23:48:00,payment-api,/portfolio,Germany,135,51.98,55.89,3,success,,low,0
2026-01-01T23:48:30,payment-api,/transfer,India,132,53.0,57.18,4,success,,low,0
2026-01-01T23:49:00,notification-service,/login,UAE,136,55.83,79.51,8,success,,low,0
2026-01-01T23:49:30,notification-service,/login,Germany,90,51.18,78.7,6,success,,low,0
2026-01-01T23:50:00,fraud-detection,/transfer,USA,439,51.7,54.69,3,db_failure,DB_CONNECTION_FAILURE,critical,5
2026-01-01T23:50:30,trading-engine,/trade,Germany,125,57.69,63.13,4,success,,low,0
2026-01-01T23:51:00,portfolio-service,/trade,Germany,109,63.37,53.02,4,success,,low,0
2026-01-01T23:51:30,notification-service,/transfer,Singapore,112,63.08,50.6,4,success,,low,0
2026-01-01T23:52:00,trading-engine,/kyc,Singapore,118,71.94,82.76,2,success,,low,0
2026-01-01T23:52:30,trading-engine,/transfer,UAE,121,62.25,68.75,8,success,,low,0
2026-01-01T23:53:00,trading-engine,/payment,Germany,114,54.33,51.36,8,success,,low,0
2026-01-01T23:53:30,notification-service,/kyc,UAE,135,76.83,69.96,5,success,,low,0
2026-01-01T23:54:00,payment-api,/login,Singapore,99,61.56,47.13,7,success,,low,0
2026-01-01T23:54:30,notification-service,/payment,Germany,195,51.7,54.15,49,queue_delay,QUEUE_BACKPRESSURE,medium,2
2026-01-01T23:55:00,portfolio-service,/login,Singapore,124,44.71,56.51,5,success,,low,0
2026-01-01T23:55:30,fraud-detection,/kyc,India,104,61.02,70.62,3,success,,low,0
2026-01-01T23:56:00,trading-engine,/trade,UAE,74,61.54,61.75,5,success,,low,0
2026-01-01T23:56:30,trading-engine,/trade,UAE,111,59.24,62.51,5,success,,low,0
2026-01-01T23:57:00,auth-service,/kyc,Singapore,124,50.43,63.89,4,success,,low,0
2026-01-01T23:57:30,fraud-detection,/withdrawal,India,93,56.15,66.34,6,success,,low,0
2026-01-01T23:58:00,auth-service,/trade,India,95,55.16,57.69,9,success,,low,0
2026-01-01T23:58:30,fraud-detection,/kyc,UAE,173,49.44,49.38,5,success,,low,0
2026-01-01T23:59:00,portfolio-service,/transfer,Singapore,137,65.83,60.16,2,success,,low,0
2026-01-01T23:59:30,notification-service,/withdrawal,USA,537,55.73,47.56,37,timeout,TIMEOUT_ERROR,critical,10
2026-01-02T00:00:00,trading-engine,/kyc,India,385,74.28,80.67,9,db_failure,DB_CONNECTION_FAILURE,critical,5
2026-01-02T00:00:30,portfolio-service,/trade,India,144,56.9,77.52,5,success,,low,0
2026-01-02T00:01:00,payment-api,/login,Singapore,118,49.54,61.19,5,success,,low,0
2026-01-02T00:01:30,portfolio-service,/portfolio,Singapore,117,45.23,45.69,5,success,,low,0
2026-01-02T00:02:00,fraud-detection,/kyc,Germany,106,45.44,65.73,6,success,,low,0
2026-01-02T00:02:30,investment-engine,/transfer,Singapore,117,55.97,60.75,4,success,,low,0
2026-01-02T00:03:00,trading-engine,/payment,UAE,74,66.15,52.04,2,success,,low,0
2026-01-02T00:03:30,notification-service,/payment,Germany,446,92.88,68.43,30,timeout,TIMEOUT_ERROR,critical,8
2026-01-02T00:04:00,portfolio-service,/trade,India,435,59.63,60.51,12,high_latency,LATENCY_SPIKE,medium,5
2026-01-02T00:04:30,notification-service,/trade,Singapore,109,63.68,63.82,1,success,,low,0
2026-01-02T00:05:00,auth-service,/portfolio,India,97,42.7,52.9,5,success,,low,0
2026-01-02T00:05:30,fraud-detection,/kyc,USA,111,60.15,59.8,3,success,,low,0
2026-01-02T00:06:00,payment-api,/withdrawal,Germany,117,67.18,67.77,4,success,,low,0
2026-01-02T00:06:30,portfolio-service,/login,India,110,60.69,67.71,3,success,,low,0
2026-01-02T00:07:00,auth-service,/transfer,USA,128,56.11,60.52,5,success,,low,0
2026-01-02T00:07:30,auth-service,/trade,India,144,57.77,74.57,6,success,,low,0
2026-01-02T00:08:00,investment-engine,/withdrawal,USA,100,32.15,71.31,4,success,,low,0
2026-01-02T00:08:30,auth-service,/withdrawal,Germany,115,54.82,51.53,5,success,,low,0
2026-01-02T00:09:00,auth-service,/withdrawal,India,98,58.41,50.16,4,success,,low,0
2026-01-02T00:09:30,portfolio-service,/login,USA,318,70.96,32.56,14,high_latency,LATENCY_SPIKE,medium,2
2026-01-02T00:10:00,payment-api,/withdrawal,Germany,101,72.5,52.67,8,success,,low,0
2026-01-02T00:10:30,notification-service,/withdrawal,India,113,54.92,61.9,4,success,,low,0
2026-01-02T00:11:00,payment-api,/login,India,603,48.1,75.89,3,db_failure,DB_CONNECTION_FAILURE,critical,6
2026-01-02T00:11:30,payment-api,/kyc,India,149,74.03,68.73,2,success,,low,0
2026-01-02T00:12:00,payment-api,/transfer,Germany,276,55.65,66.14,61,queue_delay,QUEUE_BACKPRESSURE,medium,5
2026-01-02T00:12:30,trading-engine,/login,India,139,60.44,51.86,5,success,,low,0
2026-01-02T00:13:00,trading-engine,/trade,UAE,146,69.9,70.65,7,success,,low,0
2026-01-02T00:13:30,notification-service,/trade,India,93,58.97,66.83,1,success,,low,0
2026-01-02T00:14:00,fraud-detection,/login,Germany,134,45.49,55.14,7,success,,low,0
2026-01-02T00:14:30,portfolio-service,/trade,Singapore,115,59.51,55.67,4,success,,low,0
2026-01-02T00:15:00,portfolio-service,/kyc,Singapore,91,57.95,43.79,3,success,,low,0
2026-01-02T00:15:30,notification-service,/trade,Singapore,147,47.16,65.89,7,success,,low,0
2026-01-02T00:16:00,auth-service,/trade,India,87,38.61,50.99,2,success,,low,0
2026-01-02T00:16:30,investment-engine,/portfolio,Germany,133,48.58,59.84,6,success,,low,0
2026-01-02T00:17:00,trading-engine,/kyc,India,140,63.29,65.27,4,success,,low,0
2026-01-02T00:17:30,investment-engine,/transfer,Germany,125,44.46,47.97,2,success,,low,0
2026-01-02T00:18:00,investment-engine,/trade,USA,123,50.1,59.87,4,success,,low,0
2026-01-02T00:18:30,trading-engine,/withdrawal,USA,129,45.51,59.55,0,success,,low,0
2026-01-02T00:19:00,notification-service,/login,USA,89,64.11,66.86,0,success,,low,0
2026-01-02T00:19:30,auth-service,/transfer,Germany,138,53.07,48.62,6,success,,low,0
2026-01-02T00:20:00,auth-service,/transfer,UAE,458,65.33,74.97,3,db_failure,DB_CONNECTION_FAILURE,critical,9
2026-01-02T00:20:30,payment-api,/kyc,India,116,61.18,46.82,2,success,,low,0
2026-01-02T00:21:00,fraud-detection,/kyc,Singapore,100,52.89,58.06,6,success,,low,0
2026-01-02T00:21:30,portfolio-service,/login,Singapore,127,48.42,58.41,4,success,,low,0
2026-01-02T00:22:00,fraud-detection,/kyc,USA,120,56.79,48.4,3,success,,low,0
2026-01-02T00:22:30,auth-service,/portfolio,Singapore,116,48.73,60.94,2,success,,low,0
2026-01-02T00:23:00,notification-service,/trade,India,124,45.22,53.41,4,success,,low,0
2026-01-02T00:23:30,portfolio-service,/login,UAE,152,44.08,61.71,7,success,,low,0
2026-01-02T00:24:00,trading-engine,/portfolio,Singapore,138,59.79,68.23,2,success,,low,0
2026-01-02T00:24:30,investment-engine,/payment,USA,107,62.13,63.06,4,success,,low,0
2026-01-02T00:25:00,fraud-detection,/withdrawal,Germany,555,53.6,82.68,3,db_failure,DB_CONNECTION_FAILURE,critical,5
2026-01-02T00:25:30,notification-service,/transfer,Singapore,140,63.37,53.52,7,success,,low,0
2026-01-02T00:26:00,trading-engine,/login,India,119,63.12,37.58,4,success,,low,0
2026-01-02T00:26:30,portfolio-service,/login,USA,770,78.56,66.96,38,timeout,TIMEOUT_ERROR,critical,7
2026-01-02T00:27:00,payment-api,/withdrawal,USA,70,45.89,69.96,1,success,,low,0
2026-01-02T00:27:30,fraud-detection,/kyc,Germany,96,50.98,52.44,6,success,,low,0
2026-01-02T00:28:00,payment-api,/kyc,India,447,57.51,62.2,2,db_failure,DB_CONNECTION_FAILURE,critical,7
2026-01-02T00:28:30,payment-api,/login,Singapore,77,52.02,76.5,1,success,,low,0
2026-01-02T00:29:00,trading-engine,/withdrawal,Germany,137,55.17,55.09,6,success,,low,0
2026-01-02T00:29:30,fraud-detection,/payment,India,110,75.36,41.81,4,success,,low,0
2026-01-02T00:30:00,fraud-detection,/trade,Germany,126,53.18,56.62,3,success,,low,0
2026-01-02T00:30:30,investment-engine,/payment,USA,115,58.76,53.9,4,success,,low,0
2026-01-02T00:31:00,fraud-detection,/login,Singapore,138,53.72,51.5,3,success,,low,0
2026-01-02T00:31:30,portfolio-service,/kyc,USA,373,77.1,51.35,0,db_failure,DB_CONNECTION_FAILURE,critical,10
2026-01-02T00:32:00,auth-service,/kyc,India,161,57.53,57.38,4,success,,low,0
2026-01-02T00:32:30,trading-engine,/portfolio,Germany,128,57.15,56.56,2,success,,low,0
2026-01-02T00:33:00,portfolio-service,/payment,Germany,788,89.48,76.14,26,timeout,TIMEOUT_ERROR,critical,5
2026-01-02T00:33:30,notification-service,/transfer,Germany,87,63.67,56.18,2,success,,low,0
2026-01-02T00:34:00,notification-service,/payment,Germany,135,51.86,70.94,6,success,,low,0
2026-01-02T00:34:30,auth-service,/transfer,Germany,87,62.83,66.43,9,success,,low,0
2026-01-02T00:35:00,notification-service,/payment,India,108,53.99,57.03,0,success,,low,0
2026-01-02T00:35:30,payment-api,/withdrawal,India,115,58.33,79.98,3,success,,low,0
2026-01-02T00:36:00,portfolio-service,/transfer,Germany,99,56.35,69.39,4,success,,low,0
2026-01-02T00:36:30,trading-engine,/login,Singapore,220,50.09,41.88,23,queue_delay,QUEUE_BACKPRESSURE,medium,4
2026-01-02T00:37:00,auth-service,/kyc,Singapore,100,52.93,64.32,7,success,,low,0
2026-01-02T00:37:30,fraud-detection,/payment,Germany,99,73.23,59.17,5,success,,low,0
2026-01-02T00:38:00,trading-engine,/kyc,USA,101,50.83,62.98,4,success,,low,0
2026-01-02T00:38:30,fraud-detection,/portfolio,USA,228,71.98,65.53,57,queue_delay,QUEUE_BACKPRESSURE,medium,3
2026-01-02T00:39:00,notification-service,/login,USA,107,46.32,79.59,5,success,,low,0
2026-01-02T00:39:30,investment-engine,/kyc,UAE,124,52.5,53.34,3,success,,low,0
2026-01-02T00:40:00,payment-api,/kyc,Germany,105,52.14,56.41,9,success,,low,0
2026-01-02T00:40:30,trading-engine,/trade,Singapore,116,68.25,63.82,2,success,,low,0
2026-01-02T00:41:00,auth-service,/portfolio,Singapore,112,52.57,52.14,2,success,,low,0
2026-01-02T00:41:30,payment-api,/withdrawal,India,87,55.16,56.35,7,success,,low,0
2026-01-02T00:42:00,portfolio-service,/trade,USA,103,49.72,61.11,3,success,,low,0
2026-01-02T00:42:30,trading-engine,/payment,Singapore,111,47.04,51.23,4,success,,low,0
2026-01-02T00:43:00,payment-api,/login,India,121,55.31,47.38,7,success,,low,0
2026-01-02T00:43:30,notification-service,/kyc,India,108,52.26,58.52,3,success,,low,0
2026-01-02T00:44:00,fraud-detection,/login,India,129,56.45,44.92,8,success,,low,0
2026-01-02T00:44:30,notification-service,/kyc,India,93,43.89,71.6,1,success,,low,0
2026-01-02T00:45:00,auth-service,/kyc,USA,148,53.9,62.33,5,success,,low,0
2026-01-02T00:45:30,auth-service,/trade,India,106,58.23,54.46,6,success,,low,0
2026-01-02T00:46:00,portfolio-service,/withdrawal,India,128,62.84,51.46,5,success,,low,0
2026-01-02T00:46:30,notification-service,/login,India,108,42.74,68.77,5,success,,low,0
2026-01-02T00:47:00,trading-engine,/transfer,Singapore,155,61.98,53.38,5,success,,low,0
2026-01-02T00:47:30,notification-service,/payment,Germany,733,67.69,48.29,23,timeout,TIMEOUT_ERROR,critical,7
2026-01-02T00:48:00,payment-api,/kyc,UAE,374,50.44,68.48,4,db_failure,DB_CONNECTION_FAILURE,critical,10
2026-01-02T00:48:30,fraud-detection,/login,UAE,121,46.97,59.66,2,success,,low,0
2026-01-02T00:49:00,investment-engine,/kyc,UAE,121,51.45,56.93,3,success,,low,0
2026-01-02T00:49:30,portfolio-service,/trade,USA,111,73.17,66.25,5,success,,low,0
2026-01-02T00:50:00,fraud-detection,/portfolio,India,124,61.57,49.02,5,success,,low,0
2026-01-02T00:50:30,fraud-detection,/portfolio,India,123,49.03,68.59,6,success,,low,0
2026-01-02T00:51:00,trading-engine,/kyc,India,127,49.92,60.11,7,success,,low,0
2026-01-02T00:51:30,investment-engine,/trade,Singapore,102,55.33,39.0,3,success,,low,0
2026-01-02T00:52:00,trading-engine,/trade,USA,132,60.2,60.32,4,success,,low,0
2026-01-02T00:52:30,fraud-detection,/payment,Germany,136,48.74,41.88,5,success,,low,0
2026-01-02T00:53:00,trading-engine,/login,USA,144,55.72,68.32,1,success,,low,0
2026-01-02T00:53:30,trading-engine,/kyc,Germany,110,43.66,70.91,5,success,,low,0
2026-01-02T00:54:00,payment-api,/portfolio,Singapore,106,52.63,69.81,5,success,,low,0
2026-01-02T00:54:30,fraud-detection,/withdrawal,USA,106,57.48,72.32,4,success,,low,0
2026-01-02T00:55:00,portfolio-service,/payment,USA,142,47.41,48.36,3,success,,low,0
2026-01-02T00:55:30,payment-api,/payment,Germany,121,48.11,46.63,5,success,,low,0
2026-01-02T00:56:00,trading-engine,/payment,USA,129,57.68,59.13,2,success,,low,0
2026-01-02T00:56:30,portfolio-service,/transfer,Germany,138,51.67,69.69,7,success,,low,0
2026-01-02T00:57:00,investment-engine,/login,USA,129,60.47,70.19,8,success,,low,0
2026-01-02T00:57:30,investment-engine,/payment,India,433,80.08,60.98,30,timeout,TIMEOUT_ERROR,critical,9
2026-01-02T00:58:00,auth-service,/payment,USA,145,49.41,61.09,7,success,,low,0
2026-01-02T00:58:30,trading-engine,/trade,USA,99,54.79,61.79,2,success,,low,0
2026-01-02T00:59:00,payment-api,/withdrawal,Singapore,143,58.1,55.44,5,success,,low,0
2026-01-02T00:59:30,investment-engine,/portfolio,USA,100,54.12,61.18,6,success,,low,0
2026-01-02T01:00:00,investment-engine,/transfer,Singapore,123,54.7,73.89,6,success,,low,0
2026-01-02T01:00:30,investment-engine,/login,Germany,130,50.09,61.92,9,success,,low,0
2026-01-02T01:01:00,fraud-detection,/transfer,India,135,41.83,63.31,4,success,,low,0
2026-01-02T01:01:30,fraud-detection,/withdrawal,Germany,122,66.62,49.46,6,success,,low,0
2026-01-02T01:02:00,portfolio-service,/transfer,India,126,46.73,67.01,6,success,,low,0
2026-01-02T01:02:30,fraud-detection,/login,Germany,149,59.23,56.32,5,success,,low,0
2026-01-02T01:03:00,investment-engine,/withdrawal,UAE,134,70.9,46.68,2,success,,low,0
2026-01-02T01:03:30,investment-engine,/kyc,Singapore,312,74.81,58.64,32,queue_delay,QUEUE_BACKPRESSURE,medium,4
2026-01-02T01:04:00,auth-service,/login,USA,108,50.18,54.0,5,success,,low,0
2026-01-02T01:04:30,investment-engine,/login,UAE,120,54.2,65.25,3,success,,low,0
2026-01-02T01:05:00,investment-engine,/withdrawal,Germany,108,66.05,53.26,4,success,,low,0
2026-01-02T01:05:30,fraud-detection,/kyc,Singapore,154,58.88,79.16,3,success,,low,0
2026-01-02T01:06:00,auth-service,/portfolio,Singapore,107,49.16,67.23,5,success,,low,0
2026-01-02T01:06:30,notification-service,/portfolio,Singapore,208,45.09,63.2,49,queue_delay,QUEUE_BACKPRESSURE,medium,4
2026-01-02T01:07:00,auth-service,/portfolio,Singapore,132,39.71,64.77,3,success,,low,0
2026-01-02T01:07:30,fraud-detection,/portfolio,UAE,132,50.18,63.7,2,success,,low,0
2026-01-02T01:08:00,investment-engine,/withdrawal,UAE,117,51.44,62.24,7,success,,low,0
2026-01-02T01:08:30,payment-api,/login,Germany,810,59.75,60.49,19,timeout,TIMEOUT_ERROR,critical,9
2026-01-02T01:09:00,investment-engine,/payment,UAE,123,62.72,52.89,8,success,,low,0
2026-01-02T01:09:30,auth-service,/trade,USA,126,50.12,64.35,7,success,,low,0
2026-01-02T01:10:00,fraud-detection,/kyc,Singapore,111,61.42,55.73,0,success,,low,0
2026-01-02T01:10:30,investment-engine,/login,UAE,136,46.77,75.95,5,success,,low,0
2026-01-02T01:11:00,trading-engine,/portfolio,India,279,47.56,53.18,8,high_latency,LATENCY_SPIKE,medium,2
2026-01-02T01:11:30,payment-api,/login,India,108,55.22,55.05,5,success,,low,0
2026-01-02T01:12:00,portfolio-service,/withdrawal,Singapore,82,53.78,50.58,9,success,,low,0
2026-01-02T01:12:30,auth-service,/kyc,USA,127,48.97,87.73,3,success,,low,0
2026-01-02T01:13:00,trading-engine,/transfer,USA,140,50.0,49.79,5,success,,low,0
2026-01-02T01:13:30,fraud-detection,/payment,India,128,43.63,58.28,2,success,,low,0
2026-01-02T01:14:00,investment-engine,/portfolio,Singapore,349,80.75,67.32,6,db_failure,DB_CONNECTION_FAILURE,critical,9
2026-01-02T01:14:30,payment-api,/payment,Singapore,114,55.52,56.77,6,success,,low,0
2026-01-02T01:15:00,portfolio-service,/transfer,UAE,107,51.71,57.65,5,success,,low,0
2026-01-02T01:15:30,auth-service,/trade,India,135,54.0,58.32,8,success,,low,0
2026-01-02T01:16:00,investment-engine,/payment,USA,120,54.32,83.56,4,success,,low,0
2026-01-02T01:16:30,payment-api,/login,Singapore,165,57.32,33.57,5,success,,low,0
2026-01-02T01:17:00,trading-engine,/trade,UAE,114,64.23,56.26,0,success,,low,0
2026-01-02T01:17:30,trading-engine,/login,USA,126,70.93,46.58,5,success,,low,0
2026-01-02T01:18:00,auth-service,/payment,Germany,130,60.65,59.2,4,success,,low,0
2026-01-02T01:18:30,payment-api,/withdrawal,UAE,90,49.49,63.79,3,success,,low,0
2026-01-02T01:19:00,notification-service,/kyc,India,123,53.52,63.06,5,success,,low,0
2026-01-02T01:19:30,auth-service,/portfolio,Germany,125,58.94,66.96,4,success,,low,0
2026-01-02T01:20:00,trading-engine,/transfer,USA,135,62.85,50.99,1,success,,low,0
2026-01-02T01:20:30,payment-api,/portfolio,USA,103,48.84,57.44,9,success,,low,0
2026-01-02T01:21:00,investment-engine,/transfer,USA,163,60.0,56.06,5,success,,low,0
2026-01-02T01:21:30,trading-engine,/withdrawal,USA,123,44.17,70.76,6,success,,low,0
2026-01-02T01:22:00,trading-engine,/trade,USA,106,43.6,67.88,2,success,,low,0
2026-01-02T01:22:30,portfolio-service,/kyc,USA,128,49.23,59.66,7,success,,low,0
2026-01-02T01:23:00,portfolio-service,/withdrawal,USA,84,51.44,68.65,1,success,,low,0
2026-01-02T01:23:30,auth-service,/payment,UAE,123,54.86,57.12,8,success,,low,0
2026-01-02T01:24:00,auth-service,/login,USA,126,57.18,58.79,3,success,,low,0
2026-01-02T01:24:30,portfolio-service,/transfer,USA,132,53.94,70.79,6,success,,low,0
2026-01-02T01:25:00,investment-engine,/payment,Germany,117,47.63,55.84,7,success,,low,0
2026-01-02T01:25:30,payment-api,/payment,India,131,65.75,52.74,4,success,,low,0
2026-01-02T01:26:00,notification-service,/kyc,Singapore,111,60.64,63.87,8,success,,low,0
2026-01-02T01:26:30,portfolio-service,/withdrawal,USA,129,50.33,60.09,4,success,,low,0
2026-01-02T01:27:00,portfolio-service,/trade,Singapore,100,44.56,55.01,6,success,,low,0
2026-01-02T01:27:30,auth-service,/trade,India,108,54.94,61.1,3,success,,low,0
2026-01-02T01:28:00,trading-engine,/withdrawal,India,140,69.08,34.42,4,success,,low,0
2026-01-02T01:28:30,auth-service,/portfolio,Germany,134,63.28,74.21,4,success,,low,0
2026-01-02T01:29:00,investment-engine,/login,Germany,132,55.64,63.32,3,success,,low,0
2026-01-02T01:29:30,trading-engine,/transfer,India,136,50.27,51.95,5,success,,low,0
2026-01-02T01:30:00,notification-service,/transfer,USA,120,49.52,62.43,3,success,,low,0
2026-01-02T01:30:30,trading-engine,/login,USA,135,50.84,51.22,9,success,,low,0
2026-01-02T01:31:00,auth-service,/kyc,India,146,60.09,45.39,9,success,,low,0
2026-01-02T01:31:30,trading-engine,/kyc,Germany,144,52.27,62.33,2,success,,low,0
2026-01-02T01:32:00,portfolio-service,/transfer,Singapore,106,49.46,47.85,2,success,,low,0
2026-01-02T01:32:30,investment-engine,/kyc,USA,112,61.41,53.34,2,success,,low,0
2026-01-02T01:33:00,trading-engine,/login,Singapore,143,55.07,60.34,5,success,,low,0
2026-01-02T01:33:30,notification-service,/trade,UAE,110,37.36,73.1,5,success,,low,0
2026-01-02T01:34:00,investment-engine,/payment,USA,138,52.58,65.06,6,success,,low,0
2026-01-02T01:34:30,fraud-detection,/withdrawal,USA,277,63.68,52.03,21,queue_delay,QUEUE_BACKPRESSURE,medium,3
2026-01-02T01:35:00,notification-service,/portfolio,India,153,56.99,63.35,7,success,,low,0
2026-01-02T01:35:30,fraud-detection,/trade,USA,118,64.33,65.58,0,success,,low,0
2026-01-02T01:36:00,payment-api,/kyc,Singapore,77,56.05,50.96,3,success,,low,0
2026-01-02T01:36:30,investment-engine,/transfer,UAE,112,56.36,58.39,4,success,,low,0
2026-01-02T01:37:00,auth-service,/transfer,Germany,596,57.52,61.47,2,db_failure,DB_CONNECTION_FAILURE,critical,9
2026-01-02T01:37:30,investment-engine,/payment,UAE,117,50.03,62.99,7,success,,low,0
2026-01-02T01:38:00,auth-service,/kyc,Germany,109,38.45,62.31,7,success,,low,0
2026-01-02T01:38:30,portfolio-service,/login,UAE,88,67.97,55.71,3,success,,low,0
2026-01-02T01:39:00,portfolio-service,/transfer,UAE,121,50.75,66.96,5,success,,low,0
2026-01-02T01:39:30,investment-engine,/login,Singapore,116,77.83,56.97,4,success,,low,0
2026-01-02T01:40:00,trading-engine,/withdrawal,UAE,110,47.95,58.43,5,success,,low,0
2026-01-02T01:40:30,portfolio-service,/kyc,India,93,39.81,82.97,2,success,,low,0
2026-01-02T01:41:00,auth-service,/payment,India,325,49.86,62.55,29,queue_delay,QUEUE_BACKPRESSURE,medium,4
2026-01-02T01:41:30,notification-service,/withdrawal,USA,126,28.98,55.77,7,success,,low,0
2026-01-02T01:42:00,investment-engine,/withdrawal,UAE,103,56.29,55.19,2,success,,low,0
2026-01-02T01:42:30,auth-service,/withdrawal,UAE,500,61.8,76.95,23,timeout,TIMEOUT_ERROR,critical,10
2026-01-02T01:43:00,trading-engine,/trade,Singapore,115,51.21,58.62,0,success,,low,0
2026-01-02T01:43:30,fraud-detection,/payment,Singapore,127,55.08,41.86,1,success,,low,0
2026-01-02T01:44:00,payment-api,/portfolio,UAE,126,42.42,75.77,4,success,,low,0
2026-01-02T01:44:30,auth-service,/payment,Germany,128,59.89,63.85,4,success,,low,0
2026-01-02T01:45:00,portfolio-service,/login,Germany,116,51.17,67.39,2,success,,low,0
2026-01-02T01:45:30,auth-service,/kyc,USA,107,51.4,54.35,4,success,,low,0
2026-01-02T01:46:00,notification-service,/withdrawal,India,433,53.99,69.43,17,high_latency,LATENCY_SPIKE,medium,2
2026-01-02T01:46:30,fraud-detection,/login,UAE,105,55.71,60.88,3,success,,low,0
2026-01-02T01:47:00,payment-api,/payment,Germany,131,59.17,60.22,5,success,,low,0
2026-01-02T01:47:30,trading-engine,/withdrawal,India,125,48.84,67.61,5,success,,low,0
2026-01-02T01:48:00,auth-service,/kyc,USA,782,72.05,61.17,32,timeout,TIMEOUT_ERROR,critical,7
2026-01-02T01:48:30,notification-service,/login,Germany,113,61.19,54.5,7,success,,low,0
2026-01-02T01:49:00,fraud-detection,/trade,Singapore,179,56.09,66.87,4,success,,low,0
2026-01-02T01:49:30,payment-api,/transfer,UAE,156,63.27,87.53,6,success,,low,0
2026-01-02T01:50:00,auth-service,/kyc,USA,296,64.4,82.14,20,high_latency,LATENCY_SPIKE,medium,4
2026-01-02T01:50:30,portfolio-service,/payment,UAE,95,53.43,56.48,3,success,,low,0
2026-01-02T01:51:00,notification-service,/payment,USA,143,51.17,58.07,7,success,,low,0
2026-01-02T01:51:30,notification-service,/withdrawal,Germany,119,65.28,50.8,3,success,,low,0
2026-01-02T01:52:00,trading-engine,/withdrawal,USA,251,59.07,57.81,38,queue_delay,QUEUE_BACKPRESSURE,medium,2
2026-01-02T01:52:30,auth-service,/payment,India,143,63.47,68.94,2,success,,low,0
2026-01-02T01:53:00,portfolio-service,/trade,Germany,119,55.67,55.08,7,success,,low,0
2026-01-02T01:53:30,portfolio-service,/transfer,USA,78,42.92,68.83,6,success,,low,0
2026-01-02T01:54:00,auth-service,/withdrawal,India,145,58.44,51.74,6,success,,low,0
2026-01-02T01:54:30,portfolio-service,/transfer,Singapore,95,64.54,58.11,3,success,,low,0
2026-01-02T01:55:00,notification-service,/login,USA,127,66.14,69.83,5,success,,low,0
2026-01-02T01:55:30,portfolio-service,/trade,UAE,132,53.71,54.54,0,success,,low,0
2026-01-02T01:56:00,trading-engine,/kyc,UAE,117,54.88,74.18,4,success,,low,0
2026-01-02T01:56:30,portfolio-service,/kyc,India,104,48.32,47.07,3,success,,low,0
2026-01-02T01:57:00,portfolio-service,/kyc,India,138,54.61,66.1,3,success,,low,0
2026-01-02T01:57:30,portfolio-service,/trade,Singapore,149,63.82,52.98,3,success,,low,0
2026-01-02T01:58:00,auth-service,/withdrawal,Singapore,336,60.98,66.57,25,queue_delay,QUEUE_BACKPRESSURE,medium,4
2026-01-02T01:58:30,notification-service,/login,Singapore,118,62.48,63.51,5,success,,low,0
2026-01-02T01:59:00,investment-engine,/trade,Singapore,101,71.82,78.66,1,success,,low,0
2026-01-02T01:59:30,auth-service,/kyc,India,141,71.32,65.04,5,success,,low,0
2026-01-02T02:00:00,fraud-detection,/kyc,Germany,207,57.62,47.01,51,queue_delay,QUEUE_BACKPRESSURE,medium,4
2026-01-02T02:00:30,investment-engine,/withdrawal,Germany,454,61.37,69.03,19,high_latency,LATENCY_SPIKE,medium,4
2026-01-02T02:01:00,notification-service,/payment,Singapore,381,66.88,88.7,5,db_failure,DB_CONNECTION_FAILURE,critical,9
2026-01-02T02:01:30,trading-engine,/login,India,104,59.27,43.26,6,success,,low,0
2026-01-02T02:02:00,investment-engine,/trade,UAE,113,46.81,58.91,3,success,,low,0
2026-01-02T02:02:30,payment-api,/withdrawal,India,447,71.48,70.41,20,timeout,TIMEOUT_ERROR,critical,7
2026-01-02T02:03:00,fraud-detection,/transfer,India,143,57.31,55.39,6,success,,low,0
2026-01-02T02:03:30,fraud-detection,/trade,UAE,127,46.45,57.7,4,success,,low,0
2026-01-02T02:04:00,portfolio-service,/kyc,UAE,111,45.05,68.26,4,success,,low,0
2026-01-02T02:04:30,auth-service,/transfer,Germany,118,50.87,75.31,7,success,,low,0
2026-01-02T02:05:00,investment-engine,/portfolio,India,119,47.24,44.99,3,success,,low,0
2026-01-02T02:05:30,portfolio-service,/payment,Germany,113,39.32,52.25,8,success,,low,0
2026-01-02T02:06:00,fraud-detection,/transfer,USA,117,70.6,57.9,3,success,,low,0
2026-01-02T02:06:30,notification-service,/kyc,Germany,64,57.4,59.98,2,success,,low,0
2026-01-02T02:07:00,notification-service,/trade,USA,129,61.47,65.5,5,success,,low,0
2026-01-02T02:07:30,fraud-detection,/login,Singapore,82,56.82,60.16,4,success,,low,0
2026-01-02T02:08:00,investment-engine,/login,USA,321,51.57,65.16,27,queue_delay,QUEUE_BACKPRESSURE,medium,4
2026-01-02T02:08:30,fraud-detection,/kyc,UAE,138,49.02,64.98,3,success,,low,0
2026-01-02T02:09:00,notification-service,/portfolio,Singapore,77,55.12,42.38,6,success,,low,0
2026-01-02T02:09:30,investment-engine,/transfer,Singapore,108,48.14,66.33,4,success,,low,0
2026-01-02T02:10:00,portfolio-service,/portfolio,Singapore,102,55.93,59.13,7,success,,low,0
2026-01-02T02:10:30,auth-service,/login,USA,412,81.79,92.83,7,db_failure,DB_CONNECTION_FAILURE,critical,10
2026-01-02T02:11:00,fraud-detection,/portfolio,USA,124,62.19,79.21,6,success,,low,0
2026-01-02T02:11:30,payment-api,/login,USA,106,63.51,73.8,8,success,,low,0
2026-01-02T02:12:00,payment-api,/transfer,UAE,115,67.66,61.86,7,success,,low,0
2026-01-02T02:12:30,trading-engine,/kyc,USA,104,59.8,61.73,4,success,,low,0
2026-01-02T02:13:00,auth-service,/portfolio,Germany,119,60.75,59.77,9,success,,low,0
2026-01-02T02:13:30,payment-api,/transfer,Singapore,128,56.18,50.99,4,success,,low,0
2026-01-02T02:14:00,fraud-detection,/login,UAE,223,63.9,55.68,44,queue_delay,QUEUE_BACKPRESSURE,medium,4
2026-01-02T02:14:30,auth-service,/payment,UAE,143,50.34,60.71,1,success,,low,0
2026-01-02T02:15:00,investment-engine,/transfer,Germany,137,59.42,49.61,2,success,,low,0
2026-01-02T02:15:30,payment-api,/kyc,India,123,48.16,67.91,6,success,,low,0
2026-01-02T02:16:00,trading-engine,/trade,UAE,112,62.78,58.1,3,success,,low,0
2026-01-02T02:16:30,trading-engine,/transfer,Singapore,123,51.96,78.29,8,success,,low,0
2026-01-02T02:17:00,investment-engine,/transfer,Germany,317,62.76,67.69,20,high_latency,LATENCY_SPIKE,medium,3
2026-01-02T02:17:30,payment-api,/kyc,India,110,44.46,52.18,6,success,,low,0
2026-01-02T02:18:00,fraud-detection,/withdrawal,USA,105,40.73,73.33,3,success,,low,0
2026-01-02T02:18:30,investment-engine,/portfolio,Singapore,130,61.96,59.83,4,success,,low,0
2026-01-02T02:19:00,payment-api,/withdrawal,Singapore,103,60.91,58.78,7,success,,low,0
2026-01-02T02:19:30,portfolio-service,/payment,India,138,60.54,70.46,1,success,,low,0
2026-01-02T02:20:00,fraud-detection,/kyc,Germany,96,57.83,64.96,2,success,,low,0
2026-01-02T02:20:30,notification-service,/withdrawal,India,119,44.84,43.11,4,success,,low,0
2026-01-02T02:21:00,auth-service,/login,Singapore,95,60.41,48.1,4,success,,low,0
2026-01-02T02:21:30,notification-service,/login,Germany,145,58.64,56.35,4,success,,low,0
2026-01-02T02:22:00,fraud-detection,/payment,India,528,61.8,77.95,7,db_failure,DB_CONNECTION_FAILURE,critical,6
2026-01-02T02:22:30,investment-engine,/portfolio,Germany,104,64.61,79.15,3,success,,low,0
2026-01-02T02:23:00,trading-engine,/withdrawal,Singapore,114,58.13,57.7,5,success,,low,0
2026-01-02T02:23:30,trading-engine,/portfolio,UAE,154,57.33,38.91,8,success,,low,0
2026-01-02T02:24:00,auth-service,/kyc,Germany,139,51.53,67.38,5,success,,low,0
2026-01-02T02:24:30,payment-api,/portfolio,Singapore,128,60.74,81.19,3,success,,low,0
2026-01-02T02:25:00,fraud-detection,/login,USA,107,52.96,65.02,5,success,,low,0
2026-01-02T02:25:30,auth-service,/portfolio,Singapore,117,55.86,61.2,4,success,,low,0
2026-01-02T02:26:00,payment-api,/payment,USA,95,63.4,65.46,6,success,,low,0
2026-01-02T02:26:30,trading-engine,/payment,UAE,128,57.73,72.52,5,success,,low,0
2026-01-02T02:27:00,notification-service,/withdrawal,UAE,130,51.45,68.8,8,success,,low,0
2026-01-02T02:27:30,portfolio-service,/login,Singapore,153,48.11,58.36,3,success,,low,0
2026-01-02T02:28:00,auth-service,/transfer,Germany,145,60.62,76.45,5,success,,low,0
2026-01-02T02:28:30,fraud-detection,/transfer,USA,169,70.82,56.38,4,success,,low,0
2026-01-02T02:29:00,payment-api,/portfolio,India,118,67.46,72.55,0,success,,low,0
2026-01-02T02:29:30,auth-service,/transfer,UAE,418,81.56,75.66,4,db_failure,DB_CONNECTION_FAILURE,critical,8
2026-01-02T02:30:00,notification-service,/payment,Singapore,150,57.41,44.92,2,success,,low,0
2026-01-02T02:30:30,fraud-detection,/withdrawal,USA,128,53.48,60.16,2,success,,low,0
2026-01-02T02:31:00,fraud-detection,/portfolio,USA,149,74.27,70.92,3,success,,low,0
2026-01-02T02:31:30,portfolio-service,/portfolio,Germany,109,55.16,78.95,5,success,,low,0
2026-01-02T02:32:00,notification-service,/transfer,UAE,123,49.9,63.74,5,success,,low,0
2026-01-02T02:32:30,fraud-detection,/trade,Singapore,134,57.44,80.77,4,success,,low,0
2026-01-02T02:33:00,trading-engine,/kyc,Germany,121,63.89,44.66,1,success,,low,0
2026-01-02T02:33:30,payment-api,/kyc,UAE,86,43.95,66.15,2,success,,low,0
2026-01-02T02:34:00,trading-engine,/trade,India,109,59.67,48.2,1,success,,low,0
2026-01-02T02:34:30,fraud-detection,/kyc,India,56,49.94,67.9,8,success,,low,0
2026-01-02T02:35:00,trading-engine,/withdrawal,Germany,136,59.25,48.5,6,success,,low,0
2026-01-02T02:35:30,payment-api,/trade,India,110,36.84,46.49,1,success,,low,0
2026-01-02T02:36:00,trading-engine,/withdrawal,Germany,131,42.59,58.92,3,success,,low,0
2026-01-02T02:36:30,notification-service,/kyc,India,121,50.91,54.91,5,success,,low,0
2026-01-02T02:37:00,fraud-detection,/portfolio,USA,112,52.33,63.65,7,success,,low,0
2026-01-02T02:37:30,portfolio-service,/portfolio,India,108,65.02,75.35,6,success,,low,0
2026-01-02T02:38:00,trading-engine,/withdrawal,India,129,53.53,74.97,5,success,,low,0
2026-01-02T02:38:30,trading-engine,/login,Germany,734,79.52,59.03,39,timeout,TIMEOUT_ERROR,critical,10
2026-01-02T02:39:00,fraud-detection,/payment,UAE,123,45.16,70.41,7,success,,low,0
2026-01-02T02:39:30,trading-engine,/payment,Singapore,103,48.4,55.23,5,success,,low,0
2026-01-02T02:40:00,fraud-detection,/transfer,India,359,46.65,63.66,4,db_failure,DB_CONNECTION_FAILURE,critical,6
2026-01-02T02:40:30,portfolio-service,/payment,Singapore,130,58.76,60.28,8,success,,low,0
2026-01-02T02:41:00,auth-service,/login,USA,133,53.95,63.52,5,success,,low,0
2026-01-02T02:41:30,investment-engine,/kyc,India,106,50.79,56.21,2,success,,low,0
2026-01-02T02:42:00,payment-api,/withdrawal,Germany,132,41.91,49.25,5,success,,low,0
2026-01-02T02:42:30,auth-service,/login,India,141,56.62,57.49,1,success,,low,0
2026-01-02T02:43:00,notification-service,/withdrawal,USA,89,41.68,50.73,5,success,,low,0
2026-01-02T02:43:30,auth-service,/kyc,India,146,42.61,75.29,7,success,,low,0
2026-01-02T02:44:00,trading-engine,/login,UAE,151,54.21,52.19,7,success,,low,0
2026-01-02T02:44:30,trading-engine,/portfolio,Germany,105,54.52,62.27,7,success,,low,0
2026-01-02T02:45:00,payment-api,/trade,Singapore,122,50.84,57.11,4,success,,low,0
2026-01-02T02:45:30,fraud-detection,/kyc,UAE,133,56.32,55.01,8,success,,low,0
2026-01-02T02:46:00,investment-engine,/withdrawal,India,144,46.53,57.78,5,success,,low,0
2026-01-02T02:46:30,portfolio-service,/login,Germany,124,53.37,69.05,6,success,,low,0
2026-01-02T02:47:00,trading-engine,/withdrawal,Germany,127,63.35,67.26,6,success,,low,0
2026-01-02T02:47:30,fraud-detection,/portfolio,Germany,129,61.93,75.42,3,success,,low,0
2026-01-02T02:48:00,investment-engine,/portfolio,India,69,55.99,64.36,4,success,,low,0
2026-01-02T02:48:30,payment-api,/login,USA,146,57.06,52.45,3,success,,low,0
2026-01-02T02:49:00,portfolio-service,/withdrawal,UAE,505,51.7,66.18,21,high_latency,LATENCY_SPIKE,medium,4
2026-01-02T02:49:30,trading-engine,/trade,India,131,56.83,62.65,5,success,,low,0
2026-01-02T02:50:00,portfolio-service,/withdrawal,India,141,68.94,70.17,2,success,,low,0
2026-01-02T02:50:30,trading-engine,/payment,Germany,125,53.61,62.58,4,success,,low,0
2026-01-02T02:51:00,trading-engine,/login,UAE,119,61.97,67.42,7,success,,low,0
2026-01-02T02:51:30,portfolio-service,/payment,Germany,111,51.45,66.99,3,success,,low,0
2026-01-02T02:52:00,payment-api,/portfolio,UAE,103,46.6,74.94,8,success,,low,0
2026-01-02T02:52:30,portfolio-service,/kyc,Germany,109,48.72,51.88,2,success,,low,0
2026-01-02T02:53:00,payment-api,/transfer,India,129,54.02,57.76,5,success,,low,0
2026-01-02T02:53:30,notification-service,/payment,UAE,122,38.79,58.08,3,success,,low,0
2026-01-02T02:54:00,notification-service,/login,Germany,140,53.16,72.71,7,success,,low,0
2026-01-02T02:54:30,notification-service,/portfolio,India,133,53.14,64.47,3,success,,low,0
2026-01-02T02:55:00,payment-api,/login,Singapore,140,49.98,52.19,3,success,,low,0
2026-01-02T02:55:30,payment-api,/trade,Singapore,120,41.2,61.57,6,success,,low,0
2026-01-02T02:56:00,fraud-detection,/kyc,UAE,142,55.04,47.19,0,success,,low,0
2026-01-02T02:56:30,notification-service,/transfer,USA,109,59.25,61.29,3,success,,low,0
2026-01-02T02:57:00,fraud-detection,/payment,India,155,49.24,71.56,5,success,,low,0
2026-01-02T02:57:30,payment-api,/trade,USA,126,47.56,60.28,3,success,,low,0
2026-01-02T02:58:00,trading-engine,/withdrawal,India,113,40.49,59.54,5,success,,low,0
2026-01-02T02:58:30,trading-engine,/withdrawal,USA,117,52.59,61.92,5,success,,low,0
2026-01-02T02:59:00,trading-engine,/payment,USA,85,64.88,46.53,7,success,,low,0
2026-01-02T02:59:30,fraud-detection,/transfer,UAE,117,49.43,57.49,10,success,,low,0
2026-01-02T03:00:00,trading-engine,/portfolio,USA,96,54.53,67.7,4,success,,low,0
2026-01-02T03:00:30,investment-engine,/withdrawal,Singapore,109,61.5,33.9,5,success,,low,0
2026-01-02T03:01:00,payment-api,/kyc,UAE,108,47.79,51.88,4,success,,low,0
2026-01-02T03:01:30,fraud-detection,/transfer,Singapore,106,56.19,58.79,6,success,,low,0
2026-01-02T03:02:00,investment-engine,/login,India,256,53.33,70.91,53,queue_delay,QUEUE_BACKPRESSURE,medium,2
2026-01-02T03:02:30,payment-api,/trade,India,215,50.98,46.16,51,queue_delay,QUEUE_BACKPRESSURE,medium,3
2026-01-02T03:03:00,notification-service,/transfer,India,112,54.89,56.56,7,success,,low,0
2026-01-02T03:03:30,fraud-detection,/withdrawal,Germany,117,48.09,64.7,4,success,,low,0
2026-01-02T03:04:00,trading-engine,/trade,USA,141,59.11,59.91,2,success,,low,0
2026-01-02T03:04:30,auth-service,/portfolio,India,114,66.5,78.72,1,success,,low,0
2026-01-02T03:05:00,trading-engine,/trade,USA,133,52.51,40.96,5,success,,low,0
2026-01-02T03:05:30,notification-service,/kyc,UAE,151,63.15,74.56,2,success,,low,0
2026-01-02T03:06:00,fraud-detection,/kyc,Germany,118,55.58,75.09,6,success,,low,0
2026-01-02T03:06:30,auth-service,/kyc,Germany,72,58.14,72.28,4,success,,low,0
2026-01-02T03:07:00,trading-engine,/portfolio,Germany,83,52.74,60.97,12,success,,low,0
2026-01-02T03:07:30,fraud-detection,/transfer,USA,129,50.63,37.25,4,success,,low,0
2026-01-02T03:08:00,investment-engine,/transfer,Singapore,107,60.68,64.19,3,success,,low,0
2026-01-02T03:08:30,auth-service,/withdrawal,USA,139,53.68,75.39,6,success,,low,0
2026-01-02T03:09:00,investment-engine,/withdrawal,Singapore,98,62.82,53.47,6,success,,low,0
2026-01-02T03:09:30,investment-engine,/withdrawal,India,143,53.41,68.54,4,success,,low,0
2026-01-02T03:10:00,fraud-detection,/login,Singapore,105,53.73,47.58,7,success,,low,0
2026-01-02T03:10:30,portfolio-service,/login,UAE,89,55.71,72.3,5,success,,low,0
2026-01-02T03:11:00,portfolio-service,/withdrawal,Germany,124,53.68,49.91,5,success,,low,0
2026-01-02T03:11:30,portfolio-service,/trade,UAE,110,63.49,52.92,5,success,,low,0
2026-01-02T03:12:00,investment-engine,/transfer,India,355,58.13,79.19,4,db_failure,DB_CONNECTION_FAILURE,critical,6
2026-01-02T03:12:30,investment-engine,/withdrawal,USA,97,58.49,37.35,4,success,,low,0
2026-01-02T03:13:00,portfolio-service,/kyc,UAE,564,79.22,56.53,39,timeout,TIMEOUT_ERROR,critical,8
2026-01-02T03:13:30,fraud-detection,/portfolio,Germany,72,49.34,70.73,5,success,,low,0
2026-01-02T03:14:00,auth-service,/transfer,UAE,86,64.51,47.22,5,success,,low,0
2026-01-02T03:14:30,portfolio-service,/withdrawal,Singapore,123,64.12,60.93,6,success,,low,0
2026-01-02T03:15:00,portfolio-service,/kyc,Germany,114,66.0,72.09,2,success,,low,0
2026-01-02T03:15:30,portfolio-service,/portfolio,UAE,92,53.22,46.08,5,success,,low,0
2026-01-02T03:16:00,fraud-detection,/withdrawal,Germany,96,50.68,55.51,3,success,,low,0
2026-01-02T03:16:30,notification-service,/payment,India,137,54.07,60.29,5,success,,low,0
2026-01-02T03:17:00,investment-engine,/portfolio,Singapore,143,48.53,50.25,6,success,,low,0
2026-01-02T03:17:30,investment-engine,/withdrawal,UAE,155,50.32,71.34,6,success,,low,0
2026-01-02T03:18:00,portfolio-service,/kyc,UAE,148,61.82,72.71,4,success,,low,0
2026-01-02T03:18:30,auth-service,/portfolio,USA,131,54.55,50.03,4,success,,low,0
2026-01-02T03:19:00,fraud-detection,/kyc,India,132,46.12,69.92,7,success,,low,0
2026-01-02T03:19:30,portfolio-service,/login,Singapore,101,62.94,44.83,7,success,,low,0
2026-01-02T03:20:00,investment-engine,/trade,UAE,153,52.89,67.71,3,success,,low,0
2026-01-02T03:20:30,portfolio-service,/transfer,Singapore,249,53.67,41.04,34,queue_delay,QUEUE_BACKPRESSURE,medium,2
2026-01-02T03:21:00,payment-api,/trade,India,104,74.71,66.06,2,success,,low,0
2026-01-02T03:21:30,auth-service,/payment,Germany,116,48.69,56.03,6,success,,low,0
2026-01-02T03:22:00,auth-service,/withdrawal,UAE,99,60.34,57.97,3,success,,low,0
2026-01-02T03:22:30,trading-engine,/portfolio,Germany,96,57.31,57.91,5,success,,low,0
2026-01-02T03:23:00,portfolio-service,/transfer,USA,633,82.99,69.34,7,db_failure,DB_CONNECTION_FAILURE,critical,7
2026-01-02T03:23:30,payment-api,/login,USA,148,56.41,63.48,3,success,,low,0
2026-01-02T03:24:00,notification-service,/trade,UAE,99,61.06,52.04,2,success,,low,0
2026-01-02T03:24:30,notification-service,/login,USA,85,50.4,65.01,7,success,,low,0
2026-01-02T03:25:00,portfolio-service,/withdrawal,USA,101,50.47,65.45,5,success,,low,0
2026-01-02T03:25:30,portfolio-service,/transfer,India,522,61.7,74.01,5,db_failure,DB_CONNECTION_FAILURE,critical,6
2026-01-02T03:26:00,payment-api,/payment,Singapore,167,62.73,63.27,4,success,,low,0
2026-01-02T03:26:30,auth-service,/trade,India,98,60.99,48.03,4,success,,low,0
2026-01-02T03:27:00,payment-api,/withdrawal,India,120,45.59,61.95,5,success,,low,0
2026-01-02T03:27:30,investment-engine,/withdrawal,Singapore,139,67.56,70.75,7,success,,low,0
2026-01-02T03:28:00,portfolio-service,/trade,Singapore,118,50.98,58.69,5,success,,low,0
2026-01-02T03:28:30,portfolio-service,/payment,UAE,274,57.96,69.98,19,high_latency,LATENCY_SPIKE,medium,4
2026-01-02T03:29:00,portfolio-service,/portfolio,Germany,319,75.89,94.03,4,db_failure,DB_CONNECTION_FAILURE,critical,5
2026-01-02T03:29:30,trading-engine,/trade,USA,135,57.86,53.34,5,success,,low,0
2026-01-02T03:30:00,auth-service,/withdrawal,India,441,81.59,63.75,4,db_failure,DB_CONNECTION_FAILURE,critical,6
2026-01-02T03:30:30,fraud-detection,/trade,India,150,62.33,46.2,5,success,,low,0
2026-01-02T03:31:00,portfolio-service,/transfer,USA,112,56.22,47.48,3,success,,low,0
2026-01-02T03:31:30,trading-engine,/login,Germany,122,42.29,77.13,3,success,,low,0
2026-01-02T03:32:00,investment-engine,/login,Germany,105,56.99,40.36,9,success,,low,0
2026-01-02T03:32:30,trading-engine,/trade,UAE,105,58.96,61.11,6,success,,low,0
2026-01-02T03:33:00,portfolio-service,/login,Singapore,163,52.94,62.06,3,success,,low,0
2026-01-02T03:33:30,portfolio-service,/trade,USA,151,65.88,36.77,6,success,,low,0
2026-01-02T03:34:00,portfolio-service,/trade,Germany,103,60.76,58.89,4,success,,low,0
2026-01-02T03:34:30,notification-service,/trade,UAE,111,57.1,53.35,6,success,,low,0
2026-01-02T03:35:00,investment-engine,/withdrawal,Singapore,88,58.38,65.64,3,success,,low,0
2026-01-02T03:35:30,payment-api,/kyc,Germany,114,64.68,65.95,4,success,,low,0
2026-01-02T03:36:00,payment-api,/kyc,UAE,147,54.74,68.21,6,success,,low,0
2026-01-02T03:36:30,trading-engine,/withdrawal,Singapore,775,60.86,47.79,41,timeout,TIMEOUT_ERROR,critical,5
2026-01-02T03:37:00,notification-service,/transfer,USA,213,70.48,48.96,55,queue_delay,QUEUE_BACKPRESSURE,medium,2
2026-01-02T03:37:30,auth-service,/login,UAE,145,62.98,47.8,4,success,,low,0
2026-01-02T03:38:00,auth-service,/transfer,Singapore,118,47.6,62.4,0,success,,low,0
2026-01-02T03:38:30,notification-service,/trade,UAE,150,50.81,73.37,6,success,,low,0
2026-01-02T03:39:00,investment-engine,/withdrawal,USA,87,55.81,69.92,4,success,,low,0
2026-01-02T03:39:30,notification-service,/transfer,Singapore,140,52.92,63.03,4,success,,low,0
2026-01-02T03:40:00,payment-api,/payment,UAE,141,60.37,54.51,4,success,,low,0
2026-01-02T03:40:30,trading-engine,/kyc,Singapore,108,63.8,56.79,3,success,,low,0
2026-01-02T03:41:00,investment-engine,/withdrawal,India,113,45.72,49.78,6,success,,low,0
2026-01-02T03:41:30,fraud-detection,/kyc,Singapore,100,51.62,44.81,6,success,,low,0
2026-01-02T03:42:00,portfolio-service,/login,India,153,56.05,61.5,2,success,,low,0
2026-01-02T03:42:30,auth-service,/login,Germany,136,51.35,59.06,7,success,,low,0
2026-01-02T03:43:00,investment-engine,/transfer,UAE,103,56.89,60.77,6,success,,low,0
2026-01-02T03:43:30,trading-engine,/trade,UAE,128,53.81,51.86,4,success,,low,0
2026-01-02T03:44:00,trading-engine,/withdrawal,Germany,104,60.12,51.3,7,success,,low,0
2026-01-02T03:44:30,payment-api,/login,Singapore,128,53.39,30.02,5,success,,low,0
2026-01-02T03:45:00,investment-engine,/login,India,136,64.68,53.81,2,success,,low,0
2026-01-02T03:45:30,notification-service,/withdrawal,Germany,86,49.46,54.1,6,success,,low,0
2026-01-02T03:46:00,notification-service,/login,USA,126,69.87,66.48,3,success,,low,0
2026-01-02T03:46:30,fraud-detection,/withdrawal,USA,156,35.64,70.3,7,success,,low,0
2026-01-02T03:47:00,investment-engine,/portfolio,Singapore,147,61.42,50.1,5,success,,low,0
2026-01-02T03:47:30,notification-service,/login,USA,441,75.48,55.63,10,high_latency,LATENCY_SPIKE,medium,5
2026-01-02T03:48:00,trading-engine,/trade,India,138,66.23,63.13,9,success,,low,0
2026-01-02T03:48:30,trading-engine,/withdrawal,India,111,42.94,42.4,7,success,,low,0
2026-01-02T03:49:00,fraud-detection,/trade,UAE,72,50.57,74.7,3,success,,low,0
2026-01-02T03:49:30,trading-engine,/withdrawal,India,122,49.93,47.2,2,success,,low,0
2026-01-02T03:50:00,investment-engine,/kyc,India,126,59.05,55.61,2,success,,low,0
2026-01-02T03:50:30,notification-service,/withdrawal,Singapore,138,49.74,52.24,3,success,,low,0
2026-01-02T03:51:00,fraud-detection,/trade,Germany,86,55.68,48.19,4,success,,low,0
2026-01-02T03:51:30,fraud-detection,/portfolio,USA,135,60.49,61.4,7,success,,low,0
2026-01-02T03:52:00,portfolio-service,/transfer,Singapore,229,57.2,64.48,27,queue_delay,QUEUE_BACKPRESSURE,medium,4
2026-01-02T03:52:30,investment-engine,/login,India,130,46.35,63.68,3,success,,low,0
2026-01-02T03:53:00,payment-api,/portfolio,Germany,110,44.67,59.33,6,success,,low,0
2026-01-02T03:53:30,trading-engine,/login,UAE,115,58.13,50.03,1,success,,low,0
2026-01-02T03:54:00,auth-service,/withdrawal,Singapore,142,52.83,56.97,2,success,,low,0
2026-01-02T03:54:30,auth-service,/portfolio,UAE,126,53.36,46.15,5,success,,low,0
2026-01-02T03:55:00,notification-service,/login,India,107,65.95,68.44,6,success,,low,0
2026-01-02T03:55:30,payment-api,/transfer,UAE,103,59.12,48.01,3,success,,low,0
2026-01-02T03:56:00,fraud-detection,/kyc,Germany,129,63.5,57.24,5,success,,low,0
2026-01-02T03:56:30,payment-api,/payment,UAE,434,60.11,69.22,17,high_latency,LATENCY_SPIKE,medium,4
2026-01-02T03:57:00,payment-api,/withdrawal,Germany,106,55.66,64.3,2,success,,low,0
2026-01-02T03:57:30,investment-engine,/login,UAE,117,64.19,81.86,5,success,,low,0
2026-01-02T03:58:00,trading-engine,/portfolio,UAE,127,48.77,56.98,8,success,,low,0
2026-01-02T03:58:30,notification-service,/withdrawal,USA,161,62.08,65.93,7,success,,low,0
2026-01-02T03:59:00,payment-api,/payment,Singapore,140,58.25,53.06,4,success,,low,0
2026-01-02T03:59:30,notification-service,/trade,India,96,60.56,55.28,8,success,,low,0
2026-01-02T04:00:00,payment-api,/withdrawal,Singapore,102,67.27,43.11,5,success,,low,0
2026-01-02T04:00:30,portfolio-service,/transfer,UAE,137,53.57,53.34,5,success,,low,0
2026-01-02T04:01:00,portfolio-service,/withdrawal,India,138,39.12,72.51,3,success,,low,0
2026-01-02T04:01:30,auth-service,/portfolio,USA,107,53.76,53.78,4,success,,low,0
2026-01-02T04:02:00,portfolio-service,/withdrawal,USA,94,55.98,59.98,6,success,,low,0
2026-01-02T04:02:30,payment-api,/transfer,India,117,41.21,47.4,8,success,,low,0
2026-01-02T04:03:00,payment-api,/payment,UAE,158,67.65,65.68,6,success,,low,0
2026-01-02T04:03:30,payment-api,/transfer,UAE,125,55.09,47.41,4,success,,low,0
2026-01-02T04:04:00,auth-service,/payment,USA,98,53.99,48.29,7,success,,low,0
2026-01-02T04:04:30,payment-api,/portfolio,India,145,41.45,86.31,3,success,,low,0
2026-01-02T04:05:00,portfolio-service,/payment,USA,120,55.7,83.55,6,success,,low,0
2026-01-02T04:05:30,auth-service,/transfer,Germany,143,56.13,61.45,2,success,,low,0
2026-01-02T04:06:00,portfolio-service,/kyc,UAE,117,57.99,47.36,8,success,,low,0
2026-01-02T04:06:30,notification-service,/kyc,India,95,55.17,56.69,5,success,,low,0
2026-01-02T04:07:00,notification-service,/transfer,Singapore,105,55.69,77.79,2,success,,low,0
2026-01-02T04:07:30,payment-api,/trade,USA,126,47.22,69.33,4,success,,low,0
2026-01-02T04:08:00,portfolio-service,/portfolio,UAE,131,47.11,53.3,3,success,,low,0
2026-01-02T04:08:30,investment-engine,/login,USA,120,53.18,29.48,3,success,,low,0
2026-01-02T04:09:00,investment-engine,/login,USA,119,52.9,58.72,5,success,,low,0
2026-01-02T04:09:30,investment-engine,/kyc,India,149,52.59,50.3,5,success,,low,0
2026-01-02T04:10:00,portfolio-service,/login,Singapore,143,56.64,59.0,7,success,,low,0
2026-01-02T04:10:30,fraud-detection,/trade,India,111,45.76,51.45,4,success,,low,0
2026-01-02T04:11:00,notification-service,/trade,USA,132,58.39,57.26,3,success,,low,0
2026-01-02T04:11:30,notification-service,/transfer,Singapore,143,67.77,42.17,5,success,,low,0
2026-01-02T04:12:00,fraud-detection,/kyc,Singapore,126,56.09,62.61,5,success,,low,0
2026-01-02T04:12:30,payment-api,/transfer,Singapore,370,62.48,97.69,6,db_failure,DB_CONNECTION_FAILURE,critical,5
2026-01-02T04:13:00,portfolio-service,/withdrawal,USA,118,66.75,78.32,6,success,,low,0
2026-01-02T04:13:30,fraud-detection,/portfolio,India,86,64.52,44.72,5,success,,low,0
2026-01-02T04:14:00,payment-api,/login,Singapore,118,53.32,72.05,7,success,,low,0
2026-01-02T04:14:30,investment-engine,/withdrawal,Germany,226,61.59,66.32,58,queue_delay,QUEUE_BACKPRESSURE,medium,5
2026-01-02T04:15:00,payment-api,/transfer,Singapore,127,65.04,49.48,5,success,,low,0
2026-01-02T04:15:30,trading-engine,/portfolio,India,132,49.88,53.15,3,success,,low,0
2026-01-02T04:16:00,portfolio-service,/login,USA,300,49.9,52.36,42,queue_delay,QUEUE_BACKPRESSURE,medium,3
2026-01-02T04:16:30,trading-engine,/withdrawal,UAE,100,50.9,64.86,5,success,,low,0
2026-01-02T04:17:00,auth-service,/portfolio,Singapore,465,47.38,74.15,6,db_failure,DB_CONNECTION_FAILURE,critical,10
2026-01-02T04:17:30,notification-service,/payment,India,122,46.42,56.5,10,success,,low,0
2026-01-02T04:18:00,investment-engine,/portfolio,USA,104,62.54,70.45,3,success,,low,0
2026-01-02T04:18:30,fraud-detection,/trade,UAE,170,46.37,66.11,5,success,,low,0
2026-01-02T04:19:00,fraud-detection,/portfolio,USA,520,67.97,67.73,5,db_failure,DB_CONNECTION_FAILURE,critical,10
2026-01-02T04:19:30,notification-service,/payment,Singapore,124,67.36,60.62,8,success,,low,0
2026-01-02T04:20:00,portfolio-service,/kyc,UAE,120,44.99,64.15,3,success,,low,0
2026-01-02T04:20:30,payment-api,/payment,USA,324,62.58,77.02,10,high_latency,LATENCY_SPIKE,medium,2
2026-01-02T04:21:00,notification-service,/withdrawal,USA,148,42.76,82.82,6,success,,low,0
2026-01-02T04:21:30,notification-service,/withdrawal,UAE,144,58.13,61.87,3,success,,low,0
2026-01-02T04:22:00,investment-engine,/kyc,USA,124,56.18,63.07,3,success,,low,0
2026-01-02T04:22:30,investment-engine,/trade,UAE,121,45.51,53.47,4,success,,low,0
2026-01-02T04:23:00,portfolio-service,/login,Germany,132,58.48,55.21,4,success,,low,0
2026-01-02T04:23:30,payment-api,/portfolio,USA,102,44.58,55.32,3,success,,low,0
2026-01-02T04:24:00,investment-engine,/payment,Germany,120,54.61,51.92,4,success,,low,0
2026-01-02T04:24:30,trading-engine,/transfer,India,143,55.3,63.45,7,success,,low,0
2026-01-02T04:25:00,investment-engine,/login,USA,114,49.7,67.45,4,success,,low,0
2026-01-02T04:25:30,notification-service,/portfolio,UAE,119,50.8,54.4,2,success,,low,0
2026-01-02T04:26:00,auth-service,/kyc,Germany,132,59.29,67.36,7,success,,low,0
2026-01-02T04:26:30,payment-api,/portfolio,Germany,112,68.23,49.76,5,success,,low,0
2026-01-02T04:27:00,trading-engine,/trade,India,127,59.56,66.6,4,success,,low,0
2026-01-02T04:27:30,trading-engine,/portfolio,Singapore,568,78.25,88.09,1,db_failure,DB_CONNECTION_FAILURE,critical,5
2026-01-02T04:28:00,notification-service,/trade,Germany,122,53.45,41.97,1,success,,low,0
2026-01-02T04:28:30,trading-engine,/kyc,Germany,102,50.23,54.06,5,success,,low,0
2026-01-02T04:29:00,notification-service,/login,Singapore,144,63.16,54.11,5,success,,low,0
2026-01-02T04:29:30,investment-engine,/trade,India,104,39.44,68.48,3,success,,low,0
2026-01-02T04:30:00,fraud-detection,/transfer,USA,109,67.85,70.29,4,success,,low,0
2026-01-02T04:30:30,portfolio-service,/kyc,USA,89,51.74,76.32,5,success,,low,0
2026-01-02T04:31:00,fraud-detection,/withdrawal,India,318,47.12,55.8,40,queue_delay,QUEUE_BACKPRESSURE,medium,5
2026-01-02T04:31:30,auth-service,/withdrawal,UAE,106,50.81,47.63,5,success,,low,0
2026-01-02T04:32:00,auth-service,/portfolio,India,96,54.15,77.0,8,success,,low,0
2026-01-02T04:32:30,auth-service,/login,USA,464,70.87,70.03,16,timeout,TIMEOUT_ERROR,critical,5
2026-01-02T04:33:00,portfolio-service,/portfolio,UAE,106,59.9,63.57,3,success,,low,0
2026-01-02T04:33:30,auth-service,/payment,Singapore,132,52.76,68.1,2,success,,low,0
2026-01-02T04:34:00,fraud-detection,/transfer,USA,185,53.75,48.48,5,success,,low,0
2026-01-02T04:34:30,portfolio-service,/trade,Singapore,124,45.07,54.62,5,success,,low,0
2026-01-02T04:35:00,investment-engine,/login,USA,118,49.43,57.07,5,success,,low,0
2026-01-02T04:35:30,trading-engine,/payment,UAE,139,57.66,51.4,5,success,,low,0
2026-01-02T04:36:00,notification-service,/kyc,USA,122,66.59,60.0,3,success,,low,0
2026-01-02T04:36:30,investment-engine,/trade,India,83,55.28,67.15,4,success,,low,0
2026-01-02T04:37:00,trading-engine,/withdrawal,Singapore,154,49.63,59.32,6,success,,low,0
2026-01-02T04:37:30,auth-service,/payment,Germany,149,53.93,54.88,4,success,,low,0
2026-01-02T04:38:00,auth-service,/transfer,UAE,537,72.72,61.74,5,db_failure,DB_CONNECTION_FAILURE,critical,6
2026-01-02T04:38:30,fraud-detection,/payment,UAE,119,57.86,66.24,5,success,,low,0
2026-01-02T04:39:00,portfolio-service,/trade,India,121,42.9,68.63,1,success,,low,0
2026-01-02T04:39:30,fraud-detection,/trade,Germany,124,54.23,67.84,4,success,,low,0
2026-01-02T04:40:00,fraud-detection,/portfolio,Germany,79,77.57,50.26,4,success,,low,0
2026-01-02T04:40:30,payment-api,/payment,USA,104,46.76,65.34,9,success,,low,0
2026-01-02T04:41:00,trading-engine,/transfer,Germany,120,54.39,63.63,5,success,,low,0
2026-01-02T04:41:30,trading-engine,/trade,Germany,63,48.53,65.85,5,success,,low,0
2026-01-02T04:42:00,payment-api,/withdrawal,Germany,124,41.68,39.94,3,success,,low,0
2026-01-02T04:42:30,payment-api,/payment,Germany,208,45.66,47.37,51,queue_delay,QUEUE_BACKPRESSURE,medium,4
2026-01-02T04:43:00,investment-engine,/transfer,India,597,87.84,83.37,20,timeout,TIMEOUT_ERROR,critical,8
2026-01-02T04:43:30,auth-service,/withdrawal,India,298,45.1,56.88,15,high_latency,LATENCY_SPIKE,medium,3
2026-01-02T04:44:00,portfolio-service,/payment,Germany,119,44.42,57.59,3,success,,low,0
2026-01-02T04:44:30,auth-service,/transfer,UAE,401,76.92,90.44,8,db_failure,DB_CONNECTION_FAILURE,critical,9
2026-01-02T04:45:00,fraud-detection,/kyc,USA,116,63.61,70.27,8,success,,low,0
2026-01-02T04:45:30,fraud-detection,/trade,Singapore,163,62.18,76.69,5,success,,low,0
2026-01-02T04:46:00,auth-service,/kyc,UAE,119,73.03,59.87,6,success,,low,0
2026-01-02T04:46:30,fraud-detection,/portfolio,USA,119,51.03,39.83,6,success,,low,0
2026-01-02T04:47:00,notification-service,/withdrawal,India,125,51.93,82.77,2,success,,low,0
2026-01-02T04:47:30,fraud-detection,/transfer,India,131,55.5,75.39,6,success,,low,0
2026-01-02T04:48:00,trading-engine,/trade,Germany,113,59.1,68.46,2,success,,low,0
2026-01-02T04:48:30,fraud-detection,/kyc,Singapore,120,57.24,59.99,6,success,,low,0
2026-01-02T04:49:00,payment-api,/trade,UAE,246,62.95,51.54,50,queue_delay,QUEUE_BACKPRESSURE,medium,2
2026-01-02T04:49:30,fraud-detection,/trade,USA,136,61.64,68.89,2,success,,low,0
2026-01-02T04:50:00,investment-engine,/withdrawal,UAE,101,48.04,65.43,4,success,,low,0
2026-01-02T04:50:30,auth-service,/kyc,UAE,131,60.91,37.99,5,success,,low,0
2026-01-02T04:51:00,auth-service,/withdrawal,India,75,62.55,65.63,1,success,,low,0
2026-01-02T04:51:30,trading-engine,/transfer,Germany,129,46.94,70.19,5,success,,low,0
2026-01-02T04:52:00,payment-api,/transfer,Singapore,119,55.76,48.21,4,success,,low,0
2026-01-02T04:52:30,notification-service,/portfolio,Germany,102,65.5,65.13,3,success,,low,0
2026-01-02T04:53:00,fraud-detection,/trade,Singapore,140,64.01,52.46,6,success,,low,0
2026-01-02T04:53:30,auth-service,/login,Singapore,115,45.95,60.83,3,success,,low,0
2026-01-02T04:54:00,investment-engine,/portfolio,India,120,49.95,41.94,3,success,,low,0
2026-01-02T04:54:30,notification-service,/withdrawal,India,141,54.79,60.04,7,success,,low,0
2026-01-02T04:55:00,portfolio-service,/kyc,USA,117,58.52,62.2,3,success,,low,0
2026-01-02T04:55:30,portfolio-service,/withdrawal,Singapore,111,49.23,54.1,2,success,,low,0
2026-01-02T04:56:00,auth-service,/portfolio,UAE,97,54.19,58.3,4,success,,low,0
2026-01-02T04:56:30,trading-engine,/withdrawal,UAE,146,53.01,25.75,2,success,,low,0
2026-01-02T04:57:00,auth-service,/trade,Singapore,257,45.12,70.59,26,queue_delay,QUEUE_BACKPRESSURE,medium,2
2026-01-02T04:57:30,auth-service,/kyc,UAE,113,63.52,55.57,6,success,,low,0
2026-01-02T04:58:00,notification-service,/payment,UAE,134,55.33,54.14,6,success,,low,0
2026-01-02T04:58:30,auth-service,/transfer,Germany,80,61.16,64.98,4,success,,low,0
2026-01-02T04:59:00,auth-service,/login,USA,130,52.83,55.71,4,success,,low,0
2026-01-02T04:59:30,investment-engine,/payment,India,117,52.64,77.0,4,success,,low,0
2026-01-02T05:00:00,fraud-detection,/portfolio,UAE,91,58.37,54.71,5,success,,low,0
2026-01-02T05:00:30,payment-api,/login,UAE,129,51.25,57.81,4,success,,low,0
2026-01-02T05:01:00,trading-engine,/kyc,UAE,112,61.35,52.04,4,success,,low,0
2026-01-02T05:01:30,trading-engine,/withdrawal,UAE,134,55.88,47.24,9,success,,low,0
2026-01-02T05:02:00,notification-service,/withdrawal,USA,94,54.94,57.96,5,success,,low,0
2026-01-02T05:02:30,auth-service,/portfolio,USA,118,50.5,55.37,7,success,,low,0
2026-01-02T05:03:00,investment-engine,/trade,Germany,139,56.96,67.82,3,success,,low,0
2026-01-02T05:03:30,notification-service,/trade,Singapore,153,51.25,64.64,6,success,,low,0
2026-01-02T05:04:00,fraud-detection,/withdrawal,USA,138,59.25,55.23,4,success,,low,0
2026-01-02T05:04:30,investment-engine,/transfer,Germany,135,50.92,54.48,2,success,,low,0
2026-01-02T05:05:00,payment-api,/payment,Germany,610,64.05,86.03,4,db_failure,DB_CONNECTION_FAILURE,critical,10
2026-01-02T05:05:30,payment-api,/withdrawal,USA,121,55.29,47.67,5,success,,low,0
2026-01-02T05:06:00,trading-engine,/withdrawal,Germany,114,52.45,44.84,4,success,,low,0
2026-01-02T05:06:30,payment-api,/withdrawal,Germany,119,55.11,71.06,2,success,,low,0
2026-01-02T05:07:00,auth-service,/login,India,108,53.65,41.99,5,success,,low,0
2026-01-02T05:07:30,investment-engine,/payment,Singapore,118,43.4,47.23,4,success,,low,0
2026-01-02T05:08:00,investment-engine,/portfolio,USA,135,61.02,81.36,4,success,,low,0
2026-01-02T05:08:30,auth-service,/login,Singapore,114,59.7,60.73,5,success,,low,0
2026-01-02T05:09:00,investment-engine,/portfolio,Singapore,147,47.13,63.14,5,success,,low,0
2026-01-02T05:09:30,fraud-detection,/portfolio,USA,375,58.94,52.36,18,high_latency,LATENCY_SPIKE,medium,4
2026-01-02T05:10:00,investment-engine,/transfer,India,117,49.43,67.34,2,success,,low,0
2026-01-02T05:10:30,auth-service,/login,Singapore,400,64.67,61.12,8,db_failure,DB_CONNECTION_FAILURE,critical,7
2026-01-02T05:11:00,trading-engine,/withdrawal,Germany,159,49.99,49.48,5,success,,low,0
2026-01-02T05:11:30,portfolio-service,/portfolio,USA,119,66.39,54.41,5,success,,low,0
2026-01-02T05:12:00,investment-engine,/kyc,India,89,58.17,55.76,5,success,,low,0
2026-01-02T05:12:30,investment-engine,/login,India,95,45.07,64.35,5,success,,low,0
2026-01-02T05:13:00,notification-service,/kyc,India,141,57.54,53.49,1,success,,low,0
2026-01-02T05:13:30,auth-service,/transfer,India,115,58.48,63.39,3,success,,low,0
2026-01-02T05:14:00,notification-service,/trade,India,143,61.76,62.36,5,success,,low,0
2026-01-02T05:14:30,investment-engine,/trade,UAE,136,42.11,52.95,1,success,,low,0
2026-01-02T05:15:00,auth-service,/login,India,117,43.47,67.61,6,success,,low,0
2026-01-02T05:15:30,portfolio-service,/trade,Germany,109,57.89,59.78,5,success,,low,0
2026-01-02T05:16:00,notification-service,/portfolio,USA,134,61.02,50.31,9,success,,low,0
2026-01-02T05:16:30,notification-service,/portfolio,USA,120,58.03,45.05,4,success,,low,0
2026-01-02T05:17:00,investment-engine,/trade,Singapore,124,42.54,67.88,6,success,,low,0
2026-01-02T05:17:30,auth-service,/payment,UAE,86,53.48,49.28,6,success,,low,0
2026-01-02T05:18:00,payment-api,/payment,India,165,58.39,65.03,8,success,,low,0
2026-01-02T05:18:30,portfolio-service,/withdrawal,India,102,46.05,55.9,3,success,,low,0
2026-01-02T05:19:00,investment-engine,/portfolio,Singapore,89,52.03,59.15,4,success,,low,0
2026-01-02T05:19:30,fraud-detection,/kyc,UAE,108,58.13,41.97,6,success,,low,0
2026-01-02T05:20:00,portfolio-service,/portfolio,Germany,314,53.71,66.92,64,queue_delay,QUEUE_BACKPRESSURE,medium,5
2026-01-02T05:20:30,trading-engine,/transfer,Singapore,157,54.35,61.63,4,success,,low,0
2026-01-02T05:21:00,portfolio-service,/login,Singapore,164,41.44,67.78,3,success,,low,0
2026-01-02T05:21:30,auth-service,/trade,India,146,52.48,51.49,6,success,,low,0
2026-01-02T05:22:00,payment-api,/kyc,Singapore,148,40.71,64.63,6,success,,low,0
2026-01-02T05:22:30,portfolio-service,/trade,Germany,143,61.91,57.8,5,success,,low,0
2026-01-02T05:23:00,payment-api,/login,India,120,59.66,73.12,5,success,,low,0
2026-01-02T05:23:30,notification-service,/payment,India,107,52.68,58.6,6,success,,low,0
2026-01-02T05:24:00,payment-api,/trade,Singapore,130,58.71,57.08,4,success,,low,0
2026-01-02T05:24:30,fraud-detection,/kyc,USA,107,63.64,62.53,5,success,,low,0
2026-01-02T05:25:00,trading-engine,/trade,UAE,93,47.96,51.42,5,success,,low,0
2026-01-02T05:25:30,portfolio-service,/login,Singapore,114,53.96,55.67,5,success,,low,0
2026-01-02T05:26:00,notification-service,/kyc,Singapore,107,50.69,40.45,1,success,,low,0
2026-01-02T05:26:30,investment-engine,/payment,Germany,96,40.42,54.38,5,success,,low,0
2026-01-02T05:27:00,investment-engine,/portfolio,UAE,110,55.21,65.15,6,success,,low,0
2026-01-02T05:27:30,portfolio-service,/transfer,Germany,107,57.58,60.59,7,success,,low,0
2026-01-02T05:28:00,investment-engine,/login,Germany,118,50.49,67.05,3,success,,low,0
2026-01-02T05:28:30,fraud-detection,/login,UAE,105,68.08,74.76,4,success,,low,0
2026-01-02T05:29:00,trading-engine,/payment,USA,132,59.3,48.22,4,success,,low,0
2026-01-02T05:29:30,trading-engine,/trade,Singapore,146,68.0,57.57,7,success,,low,0
2026-01-02T05:30:00,fraud-detection,/withdrawal,India,96,36.87,59.09,3,success,,low,0
2026-01-02T05:30:30,auth-service,/login,Singapore,140,48.4,68.73,3,success,,low,0
2026-01-02T05:31:00,auth-service,/login,UAE,115,45.18,75.1,1,success,,low,0
2026-01-02T05:31:30,notification-service,/withdrawal,Singapore,203,47.33,74.51,61,queue_delay,QUEUE_BACKPRESSURE,medium,5
2026-01-02T05:32:00,auth-service,/login,Germany,156,50.26,73.88,4,success,,low,0
2026-01-02T05:32:30,fraud-detection,/withdrawal,Germany,120,55.93,61.56,2,success,,low,0
2026-01-02T05:33:00,notification-service,/trade,UAE,145,36.7,62.18,6,success,,low,0
2026-01-02T05:33:30,trading-engine,/payment,India,123,39.98,75.75,3,success,,low,0
2026-01-02T05:34:00,payment-api,/transfer,Germany,142,42.56,50.82,7,success,,low,0
2026-01-02T05:34:30,investment-engine,/withdrawal,Germany,135,62.63,53.52,3,success,,low,0
2026-01-02T05:35:00,fraud-detection,/payment,India,101,58.55,66.01,6,success,,low,0
2026-01-02T05:35:30,fraud-detection,/login,India,146,52.83,59.79,5,success,,low,0
2026-01-02T05:36:00,trading-engine,/trade,Singapore,145,49.42,64.77,4,success,,low,0
2026-01-02T05:36:30,fraud-detection,/portfolio,Singapore,132,56.98,47.48,4,success,,low,0
2026-01-02T05:37:00,portfolio-service,/kyc,USA,135,58.72,69.67,2,success,,low,0
2026-01-02T05:37:30,notification-service,/transfer,India,152,68.2,65.54,4,success,,low,0
2026-01-02T05:38:00,notification-service,/portfolio,Germany,339,69.14,83.86,6,db_failure,DB_CONNECTION_FAILURE,critical,7
2026-01-02T05:38:30,payment-api,/login,Singapore,143,61.86,72.8,3,success,,low,0
2026-01-02T05:39:00,investment-engine,/portfolio,Germany,117,53.32,71.01,4,success,,low,0
2026-01-02T05:39:30,auth-service,/login,USA,119,57.92,48.27,5,success,,low,0
2026-01-02T05:40:00,portfolio-service,/payment,India,121,59.02,55.16,6,success,,low,0
2026-01-02T05:40:30,payment-api,/payment,India,119,48.78,57.49,6,success,,low,0
2026-01-02T05:41:00,trading-engine,/withdrawal,India,119,59.55,71.45,6,success,,low,0
2026-01-02T05:41:30,auth-service,/portfolio,Germany,108,56.81,76.85,3,success,,low,0
2026-01-02T05:42:00,auth-service,/withdrawal,Germany,83,48.81,52.28,5,success,,low,0
2026-01-02T05:42:30,trading-engine,/kyc,India,117,45.03,61.81,3,success,,low,0
2026-01-02T05:43:00,notification-service,/kyc,Singapore,143,59.59,74.12,6,success,,low,0
2026-01-02T05:43:30,fraud-detection,/login,Germany,87,50.36,50.07,5,success,,low,0
2026-01-02T05:44:00,notification-service,/login,India,127,59.51,43.81,7,success,,low,0
2026-01-02T05:44:30,trading-engine,/payment,Germany,86,49.48,65.76,3,success,,low,0
2026-01-02T05:45:00,investment-engine,/trade,USA,99,56.58,60.76,5,success,,low,0
2026-01-02T05:45:30,notification-service,/login,India,91,53.34,62.62,0,success,,low,0
2026-01-02T05:46:00,investment-engine,/trade,USA,148,64.67,63.9,0,success,,low,0
2026-01-02T05:46:30,investment-engine,/kyc,UAE,117,61.23,72.69,6,success,,low,0
2026-01-02T05:47:00,notification-service,/withdrawal,India,455,39.57,60.17,7,db_failure,DB_CONNECTION_FAILURE,critical,8
2026-01-02T05:47:30,payment-api,/withdrawal,India,148,57.79,65.76,7,success,,low,0
2026-01-02T05:48:00,payment-api,/login,USA,100,60.73,52.89,6,success,,low,0
2026-01-02T05:48:30,trading-engine,/portfolio,USA,281,44.16,54.44,24,queue_delay,QUEUE_BACKPRESSURE,medium,4
2026-01-02T05:49:00,notification-service,/payment,Singapore,82,50.86,46.31,3,success,,low,0
2026-01-02T05:49:30,investment-engine,/payment,India,156,59.57,56.76,5,success,,low,0
2026-01-02T05:50:00,trading-engine,/trade,Germany,122,42.07,64.87,3,success,,low,0
2026-01-02T05:50:30,fraud-detection,/kyc,India,137,50.84,58.68,8,success,,low,0
2026-01-02T05:51:00,investment-engine,/trade,USA,145,62.34,53.81,5,success,,low,0
2026-01-02T05:51:30,notification-service,/portfolio,Singapore,101,59.57,70.15,6,success,,low,0
2026-01-02T05:52:00,portfolio-service,/kyc,USA,131,57.8,55.31,0,success,,low,0
2026-01-02T05:52:30,trading-engine,/kyc,UAE,178,57.32,59.57,3,success,,low,0
2026-01-02T05:53:00,investment-engine,/login,USA,106,66.1,49.67,6,success,,low,0
2026-01-02T05:53:30,trading-engine,/payment,USA,132,69.68,47.43,5,success,,low,0
2026-01-02T05:54:00,trading-engine,/kyc,India,111,57.56,44.98,6,success,,low,0
2026-01-02T05:54:30,portfolio-service,/login,Germany,144,66.61,51.92,6,success,,low,0
2026-01-02T05:55:00,fraud-detection,/payment,India,126,53.72,49.2,4,success,,low,0
2026-01-02T05:55:30,trading-engine,/withdrawal,UAE,125,51.43,63.12,4,success,,low,0
2026-01-02T05:56:00,fraud-detection,/portfolio,Singapore,133,51.32,65.76,8,success,,low,0
2026-01-02T05:56:30,portfolio-service,/portfolio,Germany,422,57.57,75.5,16,high_latency,LATENCY_SPIKE,medium,3
2026-01-02T05:57:00,trading-engine,/transfer,UAE,136,62.21,52.02,7,success,,low,0
2026-01-02T05:57:30,portfolio-service,/portfolio,UAE,112,54.16,50.27,4,success,,low,0
2026-01-02T05:58:00,payment-api,/payment,USA,93,47.09,63.68,3,success,,low,0
2026-01-02T05:58:30,notification-service,/login,USA,166,57.69,65.56,1,success,,low,0
2026-01-02T05:59:00,auth-service,/portfolio,Germany,130,62.5,56.1,2,success,,low,0
2026-01-02T05:59:30,portfolio-service,/login,UAE,94,48.91,71.41,6,success,,low,0
2026-01-02T06:00:00,payment-api,/login,UAE,108,55.63,52.02,1,success,,low,0
2026-01-02T06:00:30,notification-service,/payment,Germany,94,45.33,71.47,8,success,,low,0
2026-01-02T06:01:00,trading-engine,/payment,UAE,136,46.39,49.21,8,success,,low,0
2026-01-02T06:01:30,investment-engine,/portfolio,Germany,134,47.68,53.56,7,success,,low,0
2026-01-02T06:02:00,payment-api,/kyc,Germany,120,55.65,57.65,2,success,,low,0
2026-01-02T06:02:30,investment-engine,/kyc,UAE,115,54.6,51.5,5,success,,low,0
2026-01-02T06:03:00,payment-api,/payment,India,117,68.47,33.6,0,success,,low,0
2026-01-02T06:03:30,investment-engine,/payment,India,130,54.02,52.62,3,success,,low,0
2026-01-02T06:04:00,auth-service,/trade,UAE,106,53.68,54.91,5,success,,low,0
2026-01-02T06:04:30,auth-service,/kyc,USA,148,49.71,67.63,2,success,,low,0
2026-01-02T06:05:00,investment-engine,/withdrawal,Germany,154,61.96,42.36,7,success,,low,0
2026-01-02T06:05:30,payment-api,/kyc,Singapore,113,56.74,46.17,6,success,,low,0
2026-01-02T06:06:00,fraud-detection,/kyc,Germany,126,64.92,76.62,7,success,,low,0
2026-01-02T06:06:30,payment-api,/login,UAE,129,49.73,51.38,5,success,,low,0
2026-01-02T06:07:00,auth-service,/kyc,India,86,53.0,65.62,3,success,,low,0
2026-01-02T06:07:30,portfolio-service,/trade,Germany,121,47.3,70.49,1,success,,low,0
2026-01-02T06:08:00,fraud-detection,/payment,India,141,52.3,57.53,5,success,,low,0
2026-01-02T06:08:30,fraud-detection,/transfer,Germany,155,63.88,58.48,3,success,,low,0
2026-01-02T06:09:00,portfolio-service,/login,USA,162,50.03,63.62,3,success,,low,0
2026-01-02T06:09:30,auth-service,/withdrawal,UAE,123,54.04,48.86,5,success,,low,0
2026-01-02T06:10:00,portfolio-service,/kyc,India,122,60.66,55.7,4,success,,low,0
2026-01-02T06:10:30,notification-service,/portfolio,USA,83,49.63,58.17,5,success,,low,0
2026-01-02T06:11:00,payment-api,/payment,USA,127,67.63,59.41,3,success,,low,0
2026-01-02T06:11:30,portfolio-service,/trade,UAE,135,59.41,60.21,4,success,,low,0
2026-01-02T06:12:00,fraud-detection,/trade,USA,137,60.3,53.68,3,success,,low,0
2026-01-02T06:12:30,notification-service,/withdrawal,India,504,84.04,71.63,42,timeout,TIMEOUT_ERROR,critical,8
2026-01-02T06:13:00,notification-service,/trade,USA,129,51.73,60.77,3,success,,low,0
2026-01-02T06:13:30,portfolio-service,/kyc,Singapore,150,55.13,65.86,1,success,,low,0
2026-01-02T06:14:00,portfolio-service,/withdrawal,Singapore,105,46.22,50.48,6,success,,low,0
2026-01-02T06:14:30,fraud-detection,/login,Germany,111,57.78,59.15,8,success,,low,0
2026-01-02T06:15:00,trading-engine,/portfolio,Germany,120,45.08,64.31,4,success,,low,0
2026-01-02T06:15:30,payment-api,/payment,UAE,475,69.52,58.57,26,timeout,TIMEOUT_ERROR,critical,9
2026-01-02T06:16:00,fraud-detection,/withdrawal,Singapore,91,53.85,66.58,6,success,,low,0
2026-01-02T06:16:30,investment-engine,/trade,USA,142,55.69,67.63,7,success,,low,0
2026-01-02T06:17:00,investment-engine,/portfolio,Germany,136,60.19,64.56,3,success,,low,0
2026-01-02T06:17:30,notification-service,/kyc,Germany,127,39.26,36.49,7,success,,low,0
2026-01-02T06:18:00,portfolio-service,/payment,USA,146,46.19,58.64,1,success,,low,0
2026-01-02T06:18:30,investment-engine,/payment,Singapore,519,69.16,55.44,45,timeout,TIMEOUT_ERROR,critical,10
2026-01-02T06:19:00,investment-engine,/portfolio,India,114,55.93,66.35,2,success,,low,0
2026-01-02T06:19:30,trading-engine,/withdrawal,India,135,62.38,80.08,7,success,,low,0
2026-01-02T06:20:00,fraud-detection,/payment,Singapore,93,65.36,60.47,6,success,,low,0
2026-01-02T06:20:30,notification-service,/portfolio,Germany,552,78.29,71.04,35,timeout,TIMEOUT_ERROR,critical,9
2026-01-02T06:21:00,investment-engine,/transfer,Germany,94,47.44,58.34,5,success,,low,0
2026-01-02T06:21:30,fraud-detection,/kyc,India,125,48.74,73.96,4,success,,low,0
2026-01-02T06:22:00,notification-service,/kyc,Germany,98,60.24,61.52,2,success,,low,0
2026-01-02T06:22:30,portfolio-service,/login,India,124,63.15,69.56,6,success,,low,0
2026-01-02T06:23:00,auth-service,/trade,Germany,502,69.78,86.55,7,db_failure,DB_CONNECTION_FAILURE,critical,6
2026-01-02T06:23:30,investment-engine,/transfer,Germany,157,69.0,47.18,3,success,,low,0
2026-01-02T06:24:00,investment-engine,/payment,Singapore,145,55.22,61.63,5,success,,low,0
2026-01-02T06:24:30,auth-service,/portfolio,USA,88,57.97,66.19,3,success,,low,0
2026-01-02T06:25:00,notification-service,/trade,Germany,160,47.08,63.4,2,success,,low,0
2026-01-02T06:25:30,payment-api,/login,India,274,49.1,51.64,15,high_latency,LATENCY_SPIKE,medium,3
2026-01-02T06:26:00,portfolio-service,/login,UAE,157,67.66,69.95,7,success,,low,0
2026-01-02T06:26:30,fraud-detection,/kyc,India,138,44.77,57.85,4,success,,low,0
2026-01-02T06:27:00,trading-engine,/kyc,India,73,57.91,68.87,2,success,,low,0
2026-01-02T06:27:30,auth-service,/login,Singapore,111,62.39,47.45,4,success,,low,0
2026-01-02T06:28:00,portfolio-service,/portfolio,UAE,111,57.9,65.4,0,success,,low,0
2026-01-02T06:28:30,portfolio-service,/kyc,UAE,376,62.23,72.43,3,db_failure,DB_CONNECTION_FAILURE,critical,9
2026-01-02T06:29:00,auth-service,/withdrawal,Singapore,97,57.48,73.07,5,success,,low,0
2026-01-02T06:29:30,payment-api,/payment,Singapore,140,52.81,60.16,7,success,,low,0
2026-01-02T06:30:00,portfolio-service,/portfolio,India,617,55.94,69.83,33,timeout,TIMEOUT_ERROR,critical,9
2026-01-02T06:30:30,trading-engine,/trade,Singapore,107,49.22,65.49,6,success,,low,0
2026-01-02T06:31:00,trading-engine,/login,Singapore,85,57.6,59.71,8,success,,low,0
2026-01-02T06:31:30,portfolio-service,/login,UAE,125,61.7,53.24,5,success,,low,0
2026-01-02T06:32:00,portfolio-service,/transfer,India,133,46.67,38.65,2,success,,low,0
2026-01-02T06:32:30,fraud-detection,/portfolio,UAE,277,49.39,45.08,60,queue_delay,QUEUE_BACKPRESSURE,medium,4
2026-01-02T06:33:00,investment-engine,/login,USA,115,77.86,66.28,7,success,,low,0
2026-01-02T06:33:30,portfolio-service,/login,Germany,149,47.9,66.88,4,success,,low,0
2026-01-02T06:34:00,trading-engine,/trade,India,118,66.88,47.59,5,success,,low,0
2026-01-02T06:34:30,portfolio-service,/kyc,UAE,69,51.04,70.09,5,success,,low,0
2026-01-02T06:35:00,investment-engine,/portfolio,USA,120,59.8,53.77,4,success,,low,0
2026-01-02T06:35:30,portfolio-service,/transfer,India,110,59.38,47.25,8,success,,low,0
2026-01-02T06:36:00,trading-engine,/kyc,India,389,64.4,53.62,22,high_latency,LATENCY_SPIKE,medium,4
2026-01-02T06:36:30,investment-engine,/payment,UAE,94,50.89,70.8,10,success,,low,0
2026-01-02T06:37:00,fraud-detection,/portfolio,USA,593,66.8,54.63,41,timeout,TIMEOUT_ERROR,critical,7
2026-01-02T06:37:30,trading-engine,/kyc,Germany,114,63.22,50.52,5,success,,low,0
2026-01-02T06:38:00,portfolio-service,/kyc,Germany,143,42.47,55.83,0,success,,low,0
2026-01-02T06:38:30,trading-engine,/portfolio,UAE,124,43.6,59.33,10,success,,low,0
2026-01-02T06:39:00,trading-engine,/trade,USA,97,52.98,73.79,7,success,,low,0
2026-01-02T06:39:30,auth-service,/portfolio,UAE,90,52.25,67.62,4,success,,low,0
2026-01-02T06:40:00,notification-service,/payment,India,113,54.58,60.2,6,success,,low,0
2026-01-02T06:40:30,trading-engine,/payment,Singapore,102,49.91,68.66,6,success,,low,0
2026-01-02T06:41:00,fraud-detection,/payment,India,155,51.83,54.56,6,success,,low,0
2026-01-02T06:41:30,auth-service,/portfolio,UAE,109,41.55,47.64,3,success,,low,0
2026-01-02T06:42:00,auth-service,/withdrawal,Germany,132,47.06,58.02,6,success,,low,0
2026-01-02T06:42:30,auth-service,/withdrawal,UAE,80,46.17,73.22,5,success,,low,0
2026-01-02T06:43:00,investment-engine,/transfer,UAE,115,57.41,63.85,4,success,,low,0
2026-01-02T06:43:30,payment-api,/transfer,India,96,51.1,57.4,6,success,,low,0
2026-01-02T06:44:00,fraud-detection,/transfer,USA,95,46.9,50.0,3,success,,low,0
2026-01-02T06:44:30,notification-service,/trade,Germany,113,47.81,48.6,7,success,,low,0
2026-01-02T06:45:00,investment-engine,/portfolio,Germany,318,63.01,49.88,47,queue_delay,QUEUE_BACKPRESSURE,medium,4
2026-01-02T06:45:30,investment-engine,/payment,Singapore,125,52.33,72.17,3,success,,low,0
2026-01-02T06:46:00,fraud-detection,/portfolio,Singapore,87,66.69,66.95,5,success,,low,0
2026-01-02T06:46:30,portfolio-service,/login,UAE,122,46.06,65.59,4,success,,low,0
2026-01-02T06:47:00,trading-engine,/trade,Singapore,102,55.05,51.47,4,success,,low,0
2026-01-02T06:47:30,investment-engine,/login,India,128,46.5,60.77,4,success,,low,0
2026-01-02T06:48:00,auth-service,/withdrawal,USA,121,50.31,64.3,3,success,,low,0
2026-01-02T06:48:30,auth-service,/trade,India,158,76.93,48.16,3,success,,low,0
2026-01-02T06:49:00,investment-engine,/payment,Singapore,116,43.44,48.59,4,success,,low,0
2026-01-02T06:49:30,trading-engine,/kyc,USA,131,61.48,52.96,3,success,,low,0
2026-01-02T06:50:00,trading-engine,/trade,Germany,110,62.75,55.63,4,success,,low,0
2026-01-02T06:50:30,fraud-detection,/login,UAE,120,40.03,58.84,4,success,,low,0
2026-01-02T06:51:00,investment-engine,/payment,UAE,107,47.34,70.22,5,success,,low,0
2026-01-02T06:51:30,portfolio-service,/portfolio,Germany,87,72.35,54.33,3,success,,low,0
2026-01-02T06:52:00,trading-engine,/trade,Germany,175,50.64,60.39,7,success,,low,0
2026-01-02T06:52:30,notification-service,/portfolio,USA,109,48.01,62.87,9,success,,low,0
2026-01-02T06:53:00,payment-api,/transfer,USA,367,65.61,67.04,2,db_failure,DB_CONNECTION_FAILURE,critical,6
2026-01-02T06:53:30,portfolio-service,/withdrawal,Germany,92,53.9,54.05,7,success,,low,0
2026-01-02T06:54:00,fraud-detection,/payment,Singapore,91,44.51,59.99,6,success,,low,0
2026-01-02T06:54:30,payment-api,/trade,Singapore,146,61.62,61.12,1,success,,low,0
2026-01-02T06:55:00,portfolio-service,/transfer,Singapore,138,61.75,74.1,0,success,,low,0
2026-01-02T06:55:30,auth-service,/transfer,Singapore,119,61.25,56.29,3,success,,low,0
2026-01-02T06:56:00,investment-engine,/transfer,UAE,127,45.13,51.44,5,success,,low,0
2026-01-02T06:56:30,portfolio-service,/withdrawal,UAE,133,50.4,51.45,4,success,,low,0
2026-01-02T06:57:00,investment-engine,/payment,Singapore,130,54.38,62.82,6,success,,low,0
2026-01-02T06:57:30,investment-engine,/payment,Singapore,105,52.48,55.42,3,success,,low,0
2026-01-02T06:58:00,payment-api,/portfolio,USA,94,46.73,55.39,7,success,,low,0
2026-01-02T06:58:30,notification-service,/transfer,Germany,124,49.69,61.34,6,success,,low,0
2026-01-02T06:59:00,auth-service,/kyc,UAE,79,50.78,66.51,3,success,,low,0
2026-01-02T06:59:30,portfolio-service,/transfer,India,302,46.58,61.58,44,queue_delay,QUEUE_BACKPRESSURE,medium,3
2026-01-02T07:00:00,notification-service,/payment,Germany,292,53.21,58.39,12,high_latency,LATENCY_SPIKE,medium,4
2026-01-02T07:00:30,trading-engine,/transfer,Germany,146,45.37,67.93,3,success,,low,0
2026-01-02T07:01:00,fraud-detection,/withdrawal,UAE,117,58.39,37.99,2,success,,low,0
2026-01-02T07:01:30,auth-service,/withdrawal,UAE,229,67.35,58.22,41,queue_delay,QUEUE_BACKPRESSURE,medium,5
2026-01-02T07:02:00,fraud-detection,/payment,UAE,110,52.53,60.92,7,success,,low,0
2026-01-02T07:02:30,auth-service,/login,India,156,57.73,62.55,8,success,,low,0
2026-01-02T07:03:00,notification-service,/portfolio,USA,116,60.76,63.0,4,success,,low,0
2026-01-02T07:03:30,notification-service,/login,USA,121,58.38,62.73,8,success,,low,0
2026-01-02T07:04:00,auth-service,/portfolio,USA,96,61.82,48.29,10,success,,low,0
2026-01-02T07:04:30,auth-service,/kyc,USA,124,55.57,55.18,6,success,,low,0
2026-01-02T07:05:00,investment-engine,/trade,India,140,57.57,65.54,1,success,,low,0
2026-01-02T07:05:30,fraud-detection,/payment,India,93,54.27,68.86,5,success,,low,0
2026-01-02T07:06:00,payment-api,/withdrawal,Germany,126,62.82,64.59,3,success,,low,0
2026-01-02T07:06:30,notification-service,/transfer,Germany,407,72.03,74.19,3,db_failure,DB_CONNECTION_FAILURE,critical,8
2026-01-02T07:07:00,auth-service,/trade,USA,130,58.07,62.11,6,success,,low,0
2026-01-02T07:07:30,fraud-detection,/login,UAE,122,67.06,49.49,2,success,,low,0
2026-01-02T07:08:00,trading-engine,/login,Germany,136,49.93,48.82,2,success,,low,0
2026-01-02T07:08:30,notification-service,/login,UAE,127,63.61,55.01,2,success,,low,0
2026-01-02T07:09:00,fraud-detection,/withdrawal,Singapore,146,62.68,83.09,3,success,,low,0
2026-01-02T07:09:30,payment-api,/trade,India,136,52.27,57.56,5,success,,low,0
2026-01-02T07:10:00,fraud-detection,/login,India,112,53.4,60.53,3,success,,low,0
2026-01-02T07:10:30,investment-engine,/transfer,Singapore,105,56.57,58.16,4,success,,low,0
2026-01-02T07:11:00,portfolio-service,/trade,India,117,47.84,77.15,7,success,,low,0
2026-01-02T07:11:30,trading-engine,/withdrawal,India,481,62.33,78.46,5,db_failure,DB_CONNECTION_FAILURE,critical,9
2026-01-02T07:12:00,notification-service,/kyc,Germany,133,61.31,73.51,5,success,,low,0
2026-01-02T07:12:30,auth-service,/portfolio,USA,124,55.38,57.17,2,success,,low,0
2026-01-02T07:13:00,trading-engine,/login,USA,82,63.62,73.46,5,success,,low,0
2026-01-02T07:13:30,investment-engine,/payment,UAE,91,55.1,47.52,4,success,,low,0
2026-01-02T07:14:00,notification-service,/kyc,USA,91,74.09,78.38,6,success,,low,0
2026-01-02T07:14:30,fraud-detection,/kyc,Singapore,106,52.9,67.95,3,success,,low,0
2026-01-02T07:15:00,payment-api,/transfer,USA,136,56.91,55.99,0,success,,low,0
2026-01-02T07:15:30,auth-service,/kyc,UAE,131,64.32,73.04,2,success,,low,0
2026-01-02T07:16:00,trading-engine,/login,Germany,99,59.57,49.36,4,success,,low,0
2026-01-02T07:16:30,auth-service,/withdrawal,UAE,75,49.76,82.06,5,success,,low,0
2026-01-02T07:17:00,payment-api,/kyc,Singapore,121,71.67,55.0,3,success,,low,0
2026-01-02T07:17:30,notification-service,/transfer,USA,117,57.46,59.7,5,success,,low,0
2026-01-02T07:18:00,investment-engine,/login,India,83,48.43,66.32,6,success,,low,0
2026-01-02T07:18:30,auth-service,/portfolio,UAE,88,59.55,63.68,5,success,,low,0
2026-01-02T07:19:00,payment-api,/payment,UAE,138,57.56,59.94,5,success,,low,0
2026-01-02T07:19:30,portfolio-service,/portfolio,India,113,59.62,46.16,2,success,,low,0
2026-01-02T07:20:00,investment-engine,/transfer,India,288,35.21,61.32,42,queue_delay,QUEUE_BACKPRESSURE,medium,3
2026-01-02T07:20:30,investment-engine,/portfolio,Germany,108,54.26,66.16,6,success,,low,0
2026-01-02T07:21:00,payment-api,/transfer,Germany,123,70.16,57.68,6,success,,low,0
2026-01-02T07:21:30,payment-api,/trade,India,127,52.12,42.24,5,success,,low,0
2026-01-02T07:22:00,notification-service,/payment,USA,142,54.02,65.93,7,success,,low,0
2026-01-02T07:22:30,notification-service,/withdrawal,Singapore,300,71.77,62.87,6,db_failure,DB_CONNECTION_FAILURE,critical,7
2026-01-02T07:23:00,auth-service,/payment,Germany,111,48.67,50.31,7,success,,low,0
2026-01-02T07:23:30,notification-service,/trade,UAE,148,57.54,64.79,3,success,,low,0
2026-01-02T07:24:00,auth-service,/portfolio,Singapore,111,65.57,57.97,5,success,,low,0
2026-01-02T07:24:30,auth-service,/kyc,UAE,68,36.92,70.11,3,success,,low,0
2026-01-02T07:25:00,investment-engine,/trade,India,107,60.63,61.26,8,success,,low,0
2026-01-02T07:25:30,fraud-detection,/kyc,UAE,147,58.15,52.23,7,success,,low,0
2026-01-02T07:26:00,trading-engine,/withdrawal,USA,133,57.56,59.96,6,success,,low,0
2026-01-02T07:26:30,auth-service,/login,India,102,49.21,47.47,1,success,,low,0
2026-01-02T07:27:00,investment-engine,/portfolio,India,200,51.2,55.47,34,queue_delay,QUEUE_BACKPRESSURE,medium,5
2026-01-02T07:27:30,trading-engine,/login,UAE,168,52.93,70.01,3,success,,low,0
2026-01-02T07:28:00,notification-service,/trade,Germany,111,54.72,49.12,9,success,,low,0
2026-01-02T07:28:30,notification-service,/withdrawal,UAE,120,48.72,60.06,4,success,,low,0
2026-01-02T07:29:00,auth-service,/transfer,USA,98,48.82,43.71,4,success,,low,0
2026-01-02T07:29:30,portfolio-service,/trade,UAE,131,45.33,69.01,2,success,,low,0
2026-01-02T07:30:00,auth-service,/payment,Singapore,115,47.81,72.33,3,success,,low,0
2026-01-02T07:30:30,trading-engine,/payment,India,454,58.64,75.72,4,db_failure,DB_CONNECTION_FAILURE,critical,6
2026-01-02T07:31:00,portfolio-service,/payment,Singapore,171,68.31,55.95,5,success,,low,0
2026-01-02T07:31:30,fraud-detection,/kyc,USA,119,69.9,59.67,6,success,,low,0
2026-01-02T07:32:00,notification-service,/withdrawal,Germany,133,44.96,67.29,4,success,,low,0
2026-01-02T07:32:30,portfolio-service,/portfolio,UAE,533,85.32,69.95,41,timeout,TIMEOUT_ERROR,critical,7
2026-01-02T07:33:00,notification-service,/portfolio,UAE,118,72.21,57.01,3,success,,low,0
2026-01-02T07:33:30,notification-service,/trade,USA,369,67.75,44.45,16,high_latency,LATENCY_SPIKE,medium,5
2026-01-02T07:34:00,payment-api,/portfolio,India,132,56.73,55.41,8,success,,low,0
2026-01-02T07:34:30,portfolio-service,/payment,UAE,110,52.39,64.85,8,success,,low,0
2026-01-02T07:35:00,notification-service,/portfolio,Germany,97,60.17,66.29,6,success,,low,0
2026-01-02T07:35:30,trading-engine,/portfolio,UAE,119,55.74,76.22,9,success,,low,0
2026-01-02T07:36:00,auth-service,/login,Germany,143,57.21,33.73,0,success,,low,0
2026-01-02T07:36:30,portfolio-service,/kyc,UAE,105,49.06,61.43,4,success,,low,0
2026-01-02T07:37:00,trading-engine,/login,Singapore,104,47.76,58.82,1,success,,low,0
2026-01-02T07:37:30,notification-service,/login,UAE,110,59.37,47.05,2,success,,low,0
2026-01-02T07:38:00,portfolio-service,/portfolio,Germany,140,53.68,53.39,3,success,,low,0
2026-01-02T07:38:30,fraud-detection,/trade,Singapore,111,58.36,71.65,4,success,,low,0
2026-01-02T07:39:00,portfolio-service,/payment,UAE,124,59.66,76.57,8,success,,low,0
2026-01-02T07:39:30,auth-service,/trade,UAE,400,50.5,58.66,15,high_latency,LATENCY_SPIKE,medium,5
2026-01-02T07:40:00,auth-service,/payment,UAE,130,57.74,56.78,5,success,,low,0
2026-01-02T07:40:30,investment-engine,/kyc,USA,103,54.08,64.18,0,success,,low,0
2026-01-02T07:41:00,portfolio-service,/portfolio,India,129,61.52,71.16,2,success,,low,0
2026-01-02T07:41:30,fraud-detection,/login,India,77,63.58,47.02,5,success,,low,0
2026-01-02T07:42:00,notification-service,/transfer,USA,99,47.92,48.24,1,success,,low,0
2026-01-02T07:42:30,notification-service,/trade,UAE,129,51.66,62.83,5,success,,low,0
2026-01-02T07:43:00,fraud-detection,/portfolio,Germany,225,48.8,53.23,52,queue_delay,QUEUE_BACKPRESSURE,medium,3
2026-01-02T07:43:30,trading-engine,/kyc,India,118,56.43,53.24,5,success,,low,0
2026-01-02T07:44:00,trading-engine,/payment,UAE,105,54.51,66.56,9,success,,low,0
2026-01-02T07:44:30,notification-service,/portfolio,UAE,116,51.65,70.94,4,success,,low,0
2026-01-02T07:45:00,portfolio-service,/payment,Singapore,94,49.7,48.4,4,success,,low,0
2026-01-02T07:45:30,investment-engine,/transfer,USA,86,59.26,42.67,6,success,,low,0
2026-01-02T07:46:00,investment-engine,/kyc,India,308,47.49,47.74,32,queue_delay,QUEUE_BACKPRESSURE,medium,4
2026-01-02T07:46:30,fraud-detection,/transfer,India,246,54.61,94.93,26,queue_delay,QUEUE_BACKPRESSURE,medium,3
2026-01-02T07:47:00,payment-api,/kyc,India,105,43.85,72.25,10,success,,low,0
2026-01-02T07:47:30,fraud-detection,/portfolio,Germany,91,49.92,61.15,6,success,,low,0
2026-01-02T07:48:00,auth-service,/trade,Germany,128,55.42,83.49,3,success,,low,0
2026-01-02T07:48:30,fraud-detection,/payment,Germany,138,56.91,40.56,3,success,,low,0
2026-01-02T07:49:00,fraud-detection,/payment,UAE,160,57.22,51.11,5,success,,low,0
2026-01-02T07:49:30,investment-engine,/transfer,USA,104,51.99,45.02,5,success,,low,0
2026-01-02T07:50:00,notification-service,/trade,Singapore,145,47.12,51.85,8,success,,low,0
2026-01-02T07:50:30,auth-service,/portfolio,India,372,46.08,64.88,14,high_latency,LATENCY_SPIKE,medium,4
2026-01-02T07:51:00,trading-engine,/transfer,UAE,128,53.59,59.4,7,success,,low,0
2026-01-02T07:51:30,fraud-detection,/login,India,136,49.9,49.82,3,success,,low,0
2026-01-02T07:52:00,auth-service,/payment,Germany,116,57.06,53.7,7,success,,low,0
2026-01-02T07:52:30,investment-engine,/withdrawal,Germany,107,56.44,66.78,0,success,,low,0
2026-01-02T07:53:00,auth-service,/login,UAE,88,51.32,49.17,4,success,,low,0
2026-01-02T07:53:30,investment-engine,/payment,UAE,101,41.72,69.01,4,success,,low,0
2026-01-02T07:54:00,payment-api,/kyc,USA,120,53.14,52.11,4,success,,low,0
2026-01-02T07:54:30,payment-api,/payment,UAE,85,70.49,63.05,4,success,,low,0
2026-01-02T07:55:00,investment-engine,/portfolio,Singapore,121,51.4,77.65,7,success,,low,0
2026-01-02T07:55:30,fraud-detection,/trade,India,126,56.6,68.2,5,success,,low,0
2026-01-02T07:56:00,fraud-detection,/transfer,USA,98,59.53,53.19,4,success,,low,0
2026-01-02T07:56:30,portfolio-service,/portfolio,UAE,88,59.06,65.92,0,success,,low,0
2026-01-02T07:57:00,auth-service,/portfolio,UAE,114,64.71,59.71,1,success,,low,0
2026-01-02T07:57:30,portfolio-service,/withdrawal,Singapore,107,55.48,58.1,4,success,,low,0
2026-01-02T07:58:00,trading-engine,/kyc,Singapore,292,53.81,54.45,14,high_latency,LATENCY_SPIKE,medium,3
2026-01-02T07:58:30,fraud-detection,/kyc,Germany,152,70.04,62.12,8,success,,low,0
2026-01-02T07:59:00,fraud-detection,/trade,USA,146,53.59,67.13,3,success,,low,0
2026-01-02T07:59:30,payment-api,/portfolio,UAE,110,51.95,58.67,4,success,,low,0
2026-01-02T08:00:00,auth-service,/portfolio,Germany,109,52.08,61.44,9,success,,low,0
2026-01-02T08:00:30,payment-api,/login,UAE,126,49.9,59.37,7,success,,low,0
2026-01-02T08:01:00,payment-api,/withdrawal,Germany,119,54.55,55.36,6,success,,low,0
2026-01-02T08:01:30,notification-service,/payment,India,129,54.0,39.84,4,success,,low,0
2026-01-02T08:02:00,fraud-detection,/trade,USA,99,71.17,64.98,4,success,,low,0
2026-01-02T08:02:30,trading-engine,/login,Germany,98,44.41,45.3,7,success,,low,0
2026-01-02T08:03:00,auth-service,/withdrawal,Germany,121,45.5,48.73,3,success,,low,0
2026-01-02T08:03:30,notification-service,/kyc,UAE,146,55.56,62.07,5,success,,low,0
2026-01-02T08:04:00,portfolio-service,/login,USA,121,57.82,52.86,5,success,,low,0
2026-01-02T08:04:30,portfolio-service,/portfolio,India,155,56.26,52.01,6,success,,low,0
2026-01-02T08:05:00,fraud-detection,/login,India,138,57.67,65.46,4,success,,low,0
2026-01-02T08:05:30,portfolio-service,/transfer,India,123,63.33,46.1,5,success,,low,0
2026-01-02T08:06:00,fraud-detection,/payment,Singapore,74,55.82,59.71,1,success,,low,0
2026-01-02T08:06:30,portfolio-service,/portfolio,UAE,116,45.01,55.98,3,success,,low,0
2026-01-02T08:07:00,investment-engine,/kyc,USA,149,64.35,75.73,1,success,,low,0
2026-01-02T08:07:30,notification-service,/transfer,India,494,48.07,72.2,9,db_failure,DB_CONNECTION_FAILURE,critical,10
2026-01-02T08:08:00,portfolio-service,/login,India,139,63.74,47.04,0,success,,low,0
2026-01-02T08:08:30,portfolio-service,/kyc,USA,137,44.87,69.18,6,success,,low,0
2026-01-02T08:09:00,payment-api,/portfolio,Germany,218,55.94,65.84,44,queue_delay,QUEUE_BACKPRESSURE,medium,2
2026-01-02T08:09:30,notification-service,/kyc,USA,121,50.49,70.55,0,success,,low,0
2026-01-02T08:10:00,auth-service,/transfer,Singapore,89,51.35,65.8,2,success,,low,0
2026-01-02T08:10:30,payment-api,/login,Singapore,143,53.92,59.02,2,success,,low,0
2026-01-02T08:11:00,portfolio-service,/kyc,Germany,765,75.27,54.13,25,timeout,TIMEOUT_ERROR,critical,5
2026-01-02T08:11:30,auth-service,/portfolio,Singapore,114,43.07,70.62,6,success,,low,0
2026-01-02T08:12:00,portfolio-service,/kyc,USA,117,51.78,68.66,4,success,,low,0
2026-01-02T08:12:30,fraud-detection,/trade,Singapore,129,64.15,59.41,6,success,,low,0
2026-01-02T08:13:00,auth-service,/payment,UAE,117,73.56,64.0,6,success,,low,0
2026-01-02T08:13:30,investment-engine,/withdrawal,India,139,70.07,65.44,5,success,,low,0
2026-01-02T08:14:00,fraud-detection,/kyc,India,377,54.12,58.33,19,high_latency,LATENCY_SPIKE,medium,2
2026-01-02T08:14:30,portfolio-service,/login,Singapore,109,47.38,57.35,7,success,,low,0
2026-01-02T08:15:00,payment-api,/trade,India,138,55.36,51.56,6,success,,low,0
2026-01-02T08:15:30,fraud-detection,/trade,India,119,47.85,72.06,5,success,,low,0
2026-01-02T08:16:00,trading-engine,/kyc,UAE,121,61.67,58.62,2,success,,low,0
2026-01-02T08:16:30,portfolio-service,/portfolio,UAE,113,58.13,75.84,7,success,,low,0
2026-01-02T08:17:00,payment-api,/portfolio,UAE,128,51.51,62.03,6,success,,low,0
2026-01-02T08:17:30,payment-api,/kyc,UAE,817,74.41,59.74,45,timeout,TIMEOUT_ERROR,critical,10
2026-01-02T08:18:00,notification-service,/kyc,India,98,41.29,70.7,1,success,,low,0
2026-01-02T08:18:30,investment-engine,/login,Singapore,120,49.58,65.54,2,success,,low,0
2026-01-02T08:19:00,auth-service,/login,Singapore,114,59.35,50.24,5,success,,low,0
2026-01-02T08:19:30,auth-service,/kyc,UAE,135,47.4,44.76,7,success,,low,0
2026-01-02T08:20:00,notification-service,/transfer,UAE,104,53.78,55.31,2,success,,low,0
2026-01-02T08:20:30,auth-service,/login,Germany,114,60.76,49.66,4,success,,low,0
2026-01-02T08:21:00,notification-service,/payment,USA,119,62.19,56.84,4,success,,low,0
2026-01-02T08:21:30,auth-service,/trade,UAE,133,54.68,45.21,5,success,,low,0
2026-01-02T08:22:00,notification-service,/portfolio,Singapore,144,53.27,72.33,2,success,,low,0
2026-01-02T08:22:30,notification-service,/portfolio,Germany,92,49.62,54.53,4,success,,low,0
2026-01-02T08:23:00,fraud-detection,/login,Germany,220,56.12,64.4,29,queue_delay,QUEUE_BACKPRESSURE,medium,3
2026-01-02T08:23:30,fraud-detection,/withdrawal,Singapore,288,55.15,65.07,17,high_latency,LATENCY_SPIKE,medium,4
2026-01-02T08:24:00,portfolio-service,/trade,UAE,150,64.43,58.6,5,success,,low,0
2026-01-02T08:24:30,portfolio-service,/kyc,India,107,59.77,39.47,8,success,,low,0
2026-01-02T08:25:00,trading-engine,/transfer,Germany,121,40.36,42.97,8,success,,low,0
2026-01-02T08:25:30,portfolio-service,/kyc,India,126,43.05,69.14,7,success,,low,0
2026-01-02T08:26:00,payment-api,/login,USA,95,44.44,69.96,6,success,,low,0
2026-01-02T08:26:30,portfolio-service,/portfolio,India,88,54.62,44.23,6,success,,low,0
2026-01-02T08:27:00,portfolio-service,/withdrawal,India,411,59.01,87.57,5,db_failure,DB_CONNECTION_FAILURE,critical,8
2026-01-02T08:27:30,fraud-detection,/trade,USA,545,77.61,74.25,2,db_failure,DB_CONNECTION_FAILURE,critical,8
2026-01-02T08:28:00,investment-engine,/portfolio,USA,102,55.59,69.98,4,success,,low,0
2026-01-02T08:28:30,payment-api,/transfer,USA,410,55.45,56.76,18,high_latency,LATENCY_SPIKE,medium,2
2026-01-02T08:29:00,investment-engine,/trade,USA,134,60.3,65.86,4,success,,low,0
2026-01-02T08:29:30,notification-service,/portfolio,Germany,126,51.12,55.93,3,success,,low,0
2026-01-02T08:30:00,fraud-detection,/payment,India,124,51.06,40.73,6,success,,low,0
2026-01-02T08:30:30,payment-api,/transfer,Germany,124,44.27,51.32,5,success,,low,0
2026-01-02T08:31:00,auth-service,/portfolio,Germany,120,52.22,69.44,4,success,,low,0
2026-01-02T08:31:30,trading-engine,/portfolio,Singapore,111,60.4,52.99,8,success,,low,0
2026-01-02T08:32:00,fraud-detection,/kyc,India,741,74.46,64.37,37,timeout,TIMEOUT_ERROR,critical,10
2026-01-02T08:32:30,auth-service,/login,Germany,101,62.36,47.22,6,success,,low,0
2026-01-02T08:33:00,notification-service,/withdrawal,UAE,165,47.31,41.56,4,success,,low,0
2026-01-02T08:33:30,notification-service,/portfolio,USA,404,77.54,63.38,1,db_failure,DB_CONNECTION_FAILURE,critical,9
2026-01-02T08:34:00,fraud-detection,/withdrawal,Singapore,118,46.98,62.21,7,success,,low,0
2026-01-02T08:34:30,auth-service,/withdrawal,India,106,56.06,60.0,6,success,,low,0
2026-01-02T08:35:00,notification-service,/transfer,India,110,64.76,80.01,6,success,,low,0
2026-01-02T08:35:30,fraud-detection,/portfolio,Germany,424,76.8,80.03,2,db_failure,DB_CONNECTION_FAILURE,critical,8
2026-01-02T08:36:00,auth-service,/login,India,148,59.9,51.96,7,success,,low,0
2026-01-02T08:36:30,auth-service,/transfer,Germany,106,49.99,59.72,5,success,,low,0
2026-01-02T08:37:00,auth-service,/trade,India,87,55.64,64.63,7,success,,low,0
2026-01-02T08:37:30,investment-engine,/trade,Singapore,102,63.3,62.47,3,success,,low,0
2026-01-02T08:38:00,investment-engine,/trade,Singapore,81,50.72,59.51,3,success,,low,0
2026-01-02T08:38:30,fraud-detection,/trade,Singapore,228,68.16,48.72,39,queue_delay,QUEUE_BACKPRESSURE,medium,3
2026-01-02T08:39:00,investment-engine,/trade,India,95,48.68,60.34,5,success,,low,0
2026-01-02T08:39:30,fraud-detection,/transfer,Singapore,149,65.87,62.49,1,success,,low,0
2026-01-02T08:40:00,fraud-detection,/login,UAE,134,59.97,68.81,8,success,,low,0
2026-01-02T08:40:30,portfolio-service,/login,Singapore,125,42.73,66.41,7,success,,low,0
2026-01-02T08:41:00,notification-service,/transfer,UAE,100,34.26,53.21,3,success,,low,0
2026-01-02T08:41:30,trading-engine,/trade,India,95,50.21,67.66,6,success,,low,0
2026-01-02T08:42:00,payment-api,/kyc,Germany,98,54.26,46.1,5,success,,low,0
2026-01-02T08:42:30,portfolio-service,/kyc,UAE,139,48.91,51.85,5,success,,low,0
2026-01-02T08:43:00,trading-engine,/withdrawal,USA,104,37.55,56.06,8,success,,low,0
2026-01-02T08:43:30,portfolio-service,/payment,India,150,61.42,69.43,6,success,,low,0
2026-01-02T08:44:00,investment-engine,/withdrawal,India,109,46.88,47.72,2,success,,low,0
2026-01-02T08:44:30,auth-service,/trade,UAE,106,53.31,45.7,2,success,,low,0
2026-01-02T08:45:00,payment-api,/kyc,USA,86,58.09,48.57,1,success,,low,0
2026-01-02T08:45:30,auth-service,/transfer,USA,124,64.32,62.47,4,success,,low,0
2026-01-02T08:46:00,investment-engine,/trade,India,118,53.87,72.82,5,success,,low,0
2026-01-02T08:46:30,trading-engine,/payment,Singapore,118,50.76,49.35,6,success,,low,0
2026-01-02T08:47:00,portfolio-service,/payment,USA,120,48.46,55.64,3,success,,low,0
2026-01-02T08:47:30,auth-service,/login,India,114,54.96,53.84,2,success,,low,0
2026-01-02T08:48:00,trading-engine,/portfolio,USA,101,43.14,70.28,7,success,,low,0
2026-01-02T08:48:30,investment-engine,/kyc,Germany,93,58.71,56.05,2,success,,low,0
2026-01-02T08:49:00,notification-service,/transfer,Germany,126,56.82,73.48,3,success,,low,0
2026-01-02T08:49:30,investment-engine,/login,UAE,120,59.16,65.45,6,success,,low,0
2026-01-02T08:50:00,portfolio-service,/payment,India,133,59.26,56.88,4,success,,low,0
2026-01-02T08:50:30,trading-engine,/transfer,India,66,52.99,54.76,4,success,,low,0
2026-01-02T08:51:00,fraud-detection,/kyc,Germany,112,55.22,63.72,4,success,,low,0
2026-01-02T08:51:30,fraud-detection,/payment,India,87,67.81,74.86,7,success,,low,0
2026-01-02T08:52:00,portfolio-service,/transfer,UAE,124,42.3,58.79,3,success,,low,0
2026-01-02T08:52:30,payment-api,/login,Germany,123,49.34,53.49,4,success,,low,0
2026-01-02T08:53:00,trading-engine,/portfolio,Germany,151,54.58,46.86,6,success,,low,0
2026-01-02T08:53:30,fraud-detection,/trade,Singapore,105,47.88,67.89,9,success,,low,0
2026-01-02T08:54:00,investment-engine,/withdrawal,UAE,117,47.61,64.79,3,success,,low,0
2026-01-02T08:54:30,fraud-detection,/transfer,Germany,466,49.43,67.16,5,db_failure,DB_CONNECTION_FAILURE,critical,7
2026-01-02T08:55:00,payment-api,/kyc,Germany,135,66.35,45.86,3,success,,low,0
2026-01-02T08:55:30,notification-service,/transfer,USA,124,56.5,59.02,6,success,,low,0
2026-01-02T08:56:00,investment-engine,/payment,UAE,77,47.72,71.3,6,success,,low,0
2026-01-02T08:56:30,portfolio-service,/kyc,India,347,53.05,69.15,3,db_failure,DB_CONNECTION_FAILURE,critical,8
2026-01-02T08:57:00,portfolio-service,/payment,India,122,52.13,59.41,8,success,,low,0
2026-01-02T08:57:30,payment-api,/withdrawal,Germany,73,50.98,49.34,7,success,,low,0
2026-01-02T08:58:00,fraud-detection,/login,India,88,45.6,73.27,5,success,,low,0
2026-01-02T08:58:30,fraud-detection,/trade,USA,93,56.28,53.29,4,success,,low,0
2026-01-02T08:59:00,fraud-detection,/trade,India,85,44.59,63.46,4,success,,low,0
2026-01-02T08:59:30,trading-engine,/portfolio,India,102,58.58,64.72,4,success,,low,0
2026-01-02T09:00:00,fraud-detection,/trade,Germany,112,62.7,75.61,9,success,,low,0
2026-01-02T09:00:30,portfolio-service,/trade,USA,133,51.49,67.33,4,success,,low,0
2026-01-02T09:01:00,fraud-detection,/kyc,Singapore,379,50.46,61.36,20,high_latency,LATENCY_SPIKE,medium,2
2026-01-02T09:01:30,notification-service,/transfer,India,128,43.65,72.02,4,success,,low,0
2026-01-02T09:02:00,payment-api,/payment,Germany,307,56.38,69.81,11,high_latency,LATENCY_SPIKE,medium,5
2026-01-02T09:02:30,portfolio-service,/portfolio,India,106,55.31,48.43,5,success,,low,0
2026-01-02T09:03:00,trading-engine,/trade,UAE,139,50.48,63.02,2,success,,low,0
2026-01-02T09:03:30,fraud-detection,/login,USA,414,53.61,43.67,18,high_latency,LATENCY_SPIKE,medium,4
2026-01-02T09:04:00,portfolio-service,/trade,Singapore,96,49.91,62.93,4,success,,low,0
2026-01-02T09:04:30,fraud-detection,/payment,Germany,129,61.11,57.34,4,success,,low,0
2026-01-02T09:05:00,trading-engine,/portfolio,USA,124,46.9,88.5,0,success,,low,0
2026-01-02T09:05:30,notification-service,/withdrawal,Germany,98,64.02,61.86,3,success,,low,0
2026-01-02T09:06:00,notification-service,/portfolio,UAE,128,56.22,66.15,2,success,,low,0
2026-01-02T09:06:30,trading-engine,/portfolio,UAE,736,62.39,71.34,38,timeout,TIMEOUT_ERROR,critical,5
2026-01-02T09:07:00,notification-service,/withdrawal,Singapore,115,40.1,64.65,6,success,,low,0
2026-01-02T09:07:30,portfolio-service,/portfolio,Germany,108,49.94,32.93,5,success,,low,0
2026-01-02T09:08:00,trading-engine,/kyc,UAE,117,50.16,74.1,3,success,,low,0
2026-01-02T09:08:30,portfolio-service,/trade,Germany,118,61.38,50.36,7,success,,low,0
2026-01-02T09:09:00,investment-engine,/kyc,Singapore,114,53.68,60.4,2,success,,low,0
2026-01-02T09:09:30,notification-service,/transfer,USA,143,52.98,56.76,4,success,,low,0
2026-01-02T09:10:00,payment-api,/payment,India,96,59.68,43.71,0,success,,low,0
2026-01-02T09:10:30,portfolio-service,/trade,Germany,346,40.8,49.72,58,queue_delay,QUEUE_BACKPRESSURE,medium,5
2026-01-02T09:11:00,notification-service,/kyc,UAE,151,64.63,54.97,4,success,,low,0
2026-01-02T09:11:30,notification-service,/payment,USA,121,51.18,73.71,4,success,,low,0
2026-01-02T09:12:00,portfolio-service,/trade,India,141,65.69,74.83,7,success,,low,0
2026-01-02T09:12:30,payment-api,/login,India,92,53.2,59.84,0,success,,low,0
2026-01-02T09:13:00,investment-engine,/kyc,USA,83,57.01,66.07,5,success,,low,0
2026-01-02T09:13:30,auth-service,/payment,Singapore,113,62.92,73.42,2,success,,low,0
2026-01-02T09:14:00,fraud-detection,/withdrawal,Germany,279,61.53,53.84,49,queue_delay,QUEUE_BACKPRESSURE,medium,3
2026-01-02T09:14:30,auth-service,/portfolio,USA,132,58.98,37.47,4,success,,low,0
2026-01-02T09:15:00,portfolio-service,/transfer,Germany,132,75.06,54.41,4,success,,low,0
2026-01-02T09:15:30,trading-engine,/payment,UAE,432,42.65,73.55,9,high_latency,LATENCY_SPIKE,medium,2
2026-01-02T09:16:00,portfolio-service,/kyc,India,142,51.75,57.57,5,success,,low,0
2026-01-02T09:16:30,portfolio-service,/payment,UAE,119,53.73,65.57,4,success,,low,0
2026-01-02T09:17:00,notification-service,/transfer,Singapore,105,67.55,55.59,4,success,,low,0
2026-01-02T09:17:30,investment-engine,/payment,UAE,76,55.72,57.99,6,success,,low,0
2026-01-02T09:18:00,notification-service,/trade,UAE,106,64.83,68.24,4,success,,low,0
2026-01-02T09:18:30,trading-engine,/login,USA,132,44.05,53.07,7,success,,low,0
2026-01-02T09:19:00,investment-engine,/login,Singapore,115,43.26,71.69,1,success,,low,0
2026-01-02T09:19:30,trading-engine,/portfolio,USA,102,61.57,62.57,5,success,,low,0
2026-01-02T09:20:00,auth-service,/payment,Germany,396,76.92,77.32,4,db_failure,DB_CONNECTION_FAILURE,critical,10
2026-01-02T09:20:30,auth-service,/kyc,India,93,47.48,59.46,4,success,,low,0
2026-01-02T09:21:00,investment-engine,/payment,UAE,153,63.46,57.69,1,success,,low,0
2026-01-02T09:21:30,trading-engine,/login,India,122,53.64,68.43,6,success,,low,0
2026-01-02T09:22:00,notification-service,/transfer,Germany,117,55.75,62.74,5,success,,low,0
2026-01-02T09:22:30,portfolio-service,/payment,USA,119,43.33,47.41,5,success,,low,0
2026-01-02T09:23:00,auth-service,/transfer,Singapore,129,52.24,50.23,5,success,,low,0
2026-01-02T09:23:30,payment-api,/trade,Germany,143,45.74,67.15,5,success,,low,0
2026-01-02T09:24:00,fraud-detection,/portfolio,Germany,514,81.53,53.81,23,timeout,TIMEOUT_ERROR,critical,5
2026-01-02T09:24:30,notification-service,/trade,UAE,126,48.74,64.61,3,success,,low,0
2026-01-02T09:25:00,investment-engine,/portfolio,UAE,126,48.76,40.52,5,success,,low,0
2026-01-02T09:25:30,auth-service,/transfer,USA,136,57.6,45.96,5,success,,low,0
2026-01-02T09:26:00,portfolio-service,/portfolio,USA,120,44.31,51.95,8,success,,low,0
2026-01-02T09:26:30,fraud-detection,/payment,Germany,120,60.14,59.55,0,success,,low,0
2026-01-02T09:27:00,investment-engine,/login,Germany,104,45.43,58.76,6,success,,low,0
2026-01-02T09:27:30,auth-service,/trade,Germany,141,68.16,63.07,4,success,,low,0
2026-01-02T09:28:00,trading-engine,/withdrawal,India,431,60.86,64.02,13,high_latency,LATENCY_SPIKE,medium,2
2026-01-02T09:28:30,investment-engine,/transfer,USA,74,56.77,73.3,2,success,,low,0
2026-01-02T09:29:00,auth-service,/withdrawal,USA,97,61.47,60.4,5,success,,low,0
2026-01-02T09:29:30,investment-engine,/transfer,Singapore,125,64.84,63.14,6,success,,low,0
2026-01-02T09:30:00,auth-service,/kyc,India,604,74.6,63.17,28,timeout,TIMEOUT_ERROR,critical,10
2026-01-02T09:30:30,auth-service,/kyc,India,112,46.29,42.17,6,success,,low,0
2026-01-02T09:31:00,portfolio-service,/payment,UAE,114,55.45,59.22,4,success,,low,0
2026-01-02T09:31:30,payment-api,/withdrawal,USA,100,60.28,78.29,6,success,,low,0
2026-01-02T09:32:00,payment-api,/portfolio,UAE,86,72.33,51.86,7,success,,low,0
2026-01-02T09:32:30,investment-engine,/withdrawal,UAE,131,56.45,64.41,3,success,,low,0
2026-01-02T09:33:00,payment-api,/payment,Germany,104,58.03,67.04,5,success,,low,0
2026-01-02T09:33:30,auth-service,/transfer,USA,142,57.54,60.44,5,success,,low,0
2026-01-02T09:34:00,portfolio-service,/withdrawal,USA,575,82.05,65.41,8,db_failure,DB_CONNECTION_FAILURE,critical,10
2026-01-02T09:34:30,trading-engine,/login,Germany,111,67.62,46.6,5,success,,low,0
2026-01-02T09:35:00,notification-service,/withdrawal,USA,99,58.88,64.17,4,success,,low,0
2026-01-02T09:35:30,payment-api,/login,Singapore,147,71.47,71.92,6,success,,low,0
2026-01-02T09:36:00,investment-engine,/transfer,Singapore,107,40.04,92.88,3,success,,low,0
2026-01-02T09:36:30,fraud-detection,/portfolio,UAE,429,53.02,67.65,15,high_latency,LATENCY_SPIKE,medium,4
2026-01-02T09:37:00,auth-service,/withdrawal,India,141,59.18,58.54,7,success,,low,0
2026-01-02T09:37:30,auth-service,/kyc,India,211,42.37,54.89,36,queue_delay,QUEUE_BACKPRESSURE,medium,3
2026-01-02T09:38:00,payment-api,/kyc,Germany,152,57.62,55.04,2,success,,low,0
2026-01-02T09:38:30,payment-api,/trade,USA,102,72.86,65.09,3,success,,low,0
2026-01-02T09:39:00,portfolio-service,/payment,Germany,88,53.83,54.09,6,success,,low,0
2026-01-02T09:39:30,auth-service,/transfer,Germany,281,51.29,67.7,52,queue_delay,QUEUE_BACKPRESSURE,medium,4
2026-01-02T09:40:00,investment-engine,/kyc,UAE,114,43.47,64.52,7,success,,low,0
2026-01-02T09:40:30,investment-engine,/payment,India,96,56.08,61.43,5,success,,low,0
2026-01-02T09:41:00,trading-engine,/payment,Germany,473,77.08,67.42,34,timeout,TIMEOUT_ERROR,critical,8
2026-01-02T09:41:30,portfolio-service,/portfolio,UAE,121,53.27,40.31,7,success,,low,0
2026-01-02T09:42:00,notification-service,/kyc,India,155,57.51,50.04,0,success,,low,0
2026-01-02T09:42:30,investment-engine,/trade,Germany,138,57.43,47.13,1,success,,low,0
2026-01-02T09:43:00,payment-api,/portfolio,India,138,64.81,64.19,8,success,,low,0
2026-01-02T09:43:30,investment-engine,/payment,Singapore,123,45.89,48.01,4,success,,low,0
2026-01-02T09:44:00,investment-engine,/withdrawal,UAE,113,49.0,57.97,5,success,,low,0
2026-01-02T09:44:30,investment-engine,/trade,Germany,126,55.21,53.28,3,success,,low,0
2026-01-02T09:45:00,portfolio-service,/portfolio,Germany,108,48.27,60.85,7,success,,low,0
2026-01-02T09:45:30,auth-service,/transfer,USA,106,63.68,49.23,6,success,,low,0
2026-01-02T09:46:00,trading-engine,/portfolio,India,105,49.09,72.8,5,success,,low,0
2026-01-02T09:46:30,portfolio-service,/login,Singapore,125,65.76,59.42,3,success,,low,0
2026-01-02T09:47:00,portfolio-service,/transfer,Germany,127,58.62,74.63,6,success,,low,0
2026-01-02T09:47:30,investment-engine,/trade,India,128,69.65,58.82,2,success,,low,0
2026-01-02T09:48:00,notification-service,/trade,India,529,65.5,67.55,5,db_failure,DB_CONNECTION_FAILURE,critical,6
2026-01-02T09:48:30,payment-api,/login,India,122,62.08,64.66,3,success,,low,0
2026-01-02T09:49:00,payment-api,/trade,India,123,55.1,61.07,7,success,,low,0
2026-01-02T09:49:30,trading-engine,/login,USA,144,50.73,55.13,10,success,,low,0
2026-01-02T09:50:00,auth-service,/kyc,UAE,122,52.98,71.87,4,success,,low,0
2026-01-02T09:50:30,notification-service,/trade,USA,116,60.39,73.08,5,success,,low,0
2026-01-02T09:51:00,investment-engine,/portfolio,India,127,49.62,50.01,8,success,,low,0
2026-01-02T09:51:30,trading-engine,/trade,UAE,112,52.52,60.67,5,success,,low,0
2026-01-02T09:52:00,trading-engine,/portfolio,Singapore,126,52.41,41.51,6,success,,low,0
2026-01-02T09:52:30,portfolio-service,/payment,Germany,125,48.75,52.75,6,success,,low,0
2026-01-02T09:53:00,fraud-detection,/login,Singapore,105,49.09,71.54,4,success,,low,0
2026-01-02T09:53:30,portfolio-service,/login,Singapore,110,66.63,51.26,6,success,,low,0
2026-01-02T09:54:00,investment-engine,/withdrawal,Singapore,442,56.75,89.19,15,high_latency,LATENCY_SPIKE,medium,4
2026-01-02T09:54:30,auth-service,/payment,USA,123,53.62,60.68,0,success,,low,0
2026-01-02T09:55:00,investment-engine,/transfer,India,137,50.62,60.47,7,success,,low,0
2026-01-02T09:55:30,investment-engine,/transfer,India,126,54.21,68.99,1,success,,low,0
2026-01-02T09:56:00,investment-engine,/transfer,UAE,408,66.99,71.81,11,high_latency,LATENCY_SPIKE,medium,3
2026-01-02T09:56:30,payment-api,/kyc,Singapore,127,49.23,55.73,3,success,,low,0
2026-01-02T09:57:00,portfolio-service,/trade,Germany,353,50.89,37.65,11,high_latency,LATENCY_SPIKE,medium,4
2026-01-02T09:57:30,notification-service,/portfolio,Singapore,111,62.3,55.58,3,success,,low,0
2026-01-02T09:58:00,portfolio-service,/payment,USA,108,66.93,60.21,4,success,,low,0
2026-01-02T09:58:30,fraud-detection,/login,Singapore,89,51.69,58.59,4,success,,low,0
2026-01-02T09:59:00,investment-engine,/login,Germany,115,53.05,56.66,3,success,,low,0
2026-01-02T09:59:30,investment-engine,/payment,India,101,48.61,68.32,8,success,,low,0
2026-01-02T10:00:00,auth-service,/login,Germany,90,67.67,48.44,6,success,,low,0
2026-01-02T10:00:30,trading-engine,/login,Singapore,109,52.83,71.24,6,success,,low,0
2026-01-02T10:01:00,payment-api,/payment,UAE,112,51.65,52.65,1,success,,low,0
2026-01-02T10:01:30,trading-engine,/withdrawal,Germany,86,47.99,55.25,9,success,,low,0
2026-01-02T10:02:00,trading-engine,/portfolio,Germany,98,55.5,55.47,5,success,,low,0
2026-01-02T10:02:30,auth-service,/transfer,UAE,166,43.1,65.16,7,success,,low,0
2026-01-02T10:03:00,portfolio-service,/portfolio,Singapore,199,50.9,50.94,32,queue_delay,QUEUE_BACKPRESSURE,medium,5
2026-01-02T10:03:30,trading-engine,/withdrawal,USA,123,57.84,59.32,4,success,,low,0
2026-01-02T10:04:00,trading-engine,/trade,Germany,118,59.89,64.75,4,success,,low,0
2026-01-02T10:04:30,notification-service,/transfer,UAE,124,58.4,70.21,6,success,,low,0
2026-01-02T10:05:00,notification-service,/portfolio,Germany,150,58.78,48.89,3,success,,low,0
2026-01-02T10:05:30,portfolio-service,/kyc,Germany,86,57.52,50.3,6,success,,low,0
2026-01-02T10:06:00,portfolio-service,/transfer,India,120,65.03,73.67,3,success,,low,0
2026-01-02T10:06:30,portfolio-service,/portfolio,Germany,93,52.26,78.96,5,success,,low,0
2026-01-02T10:07:00,portfolio-service,/kyc,Singapore,97,35.57,32.83,8,success,,low,0
2026-01-02T10:07:30,portfolio-service,/transfer,Singapore,117,44.92,71.52,2,success,,low,0
2026-01-02T10:08:00,investment-engine,/trade,Singapore,297,71.15,54.96,60,queue_delay,QUEUE_BACKPRESSURE,medium,5
2026-01-02T10:08:30,trading-engine,/portfolio,UAE,114,52.09,74.63,7,success,,low,0
2026-01-02T10:09:00,auth-service,/withdrawal,UAE,94,48.76,49.89,6,success,,low,0
2026-01-02T10:09:30,payment-api,/login,Germany,126,55.03,80.45,3,success,,low,0
2026-01-02T10:10:00,portfolio-service,/login,Singapore,102,59.28,69.72,8,success,,low,0
2026-01-02T10:10:30,fraud-detection,/kyc,India,90,71.72,70.33,5,success,,low,0
2026-01-02T10:11:00,fraud-detection,/payment,India,121,47.8,54.14,3,success,,low,0
2026-01-02T10:11:30,payment-api,/login,Germany,91,56.51,67.78,2,success,,low,0
2026-01-02T10:12:00,auth-service,/login,Germany,163,64.57,78.58,6,success,,low,0
2026-01-02T10:12:30,auth-service,/kyc,UAE,144,57.73,64.23,5,success,,low,0
2026-01-02T10:13:00,trading-engine,/transfer,Singapore,530,61.68,76.28,5,db_failure,DB_CONNECTION_FAILURE,critical,10
2026-01-02T10:13:30,portfolio-service,/portfolio,Germany,128,53.81,56.94,5,success,,low,0
2026-01-02T10:14:00,fraud-detection,/payment,India,126,65.18,76.78,7,success,,low,0
2026-01-02T10:14:30,notification-service,/login,Germany,107,52.34,57.03,4,success,,low,0
2026-01-02T10:15:00,fraud-detection,/transfer,USA,263,57.89,50.73,59,queue_delay,QUEUE_BACKPRESSURE,medium,3
2026-01-02T10:15:30,auth-service,/trade,Germany,111,51.53,58.46,3,success,,low,0
2026-01-02T10:16:00,auth-service,/transfer,Singapore,124,59.79,51.36,8,success,,low,0
2026-01-02T10:16:30,trading-engine,/transfer,USA,108,50.29,62.95,5,success,,low,0
2026-01-02T10:17:00,notification-service,/payment,UAE,147,52.74,65.33,9,success,,low,0
2026-01-02T10:17:30,fraud-detection,/login,USA,117,54.17,60.45,5,success,,low,0
2026-01-02T10:18:00,investment-engine,/withdrawal,India,130,52.08,70.35,7,success,,low,0
2026-01-02T10:18:30,investment-engine,/withdrawal,India,94,54.57,54.89,4,success,,low,0
2026-01-02T10:19:00,fraud-detection,/login,Singapore,118,54.24,63.35,6,success,,low,0
2026-01-02T10:19:30,portfolio-service,/withdrawal,USA,175,51.9,55.21,3,success,,low,0
2026-01-02T10:20:00,auth-service,/transfer,UAE,229,73.45,58.16,28,queue_delay,QUEUE_BACKPRESSURE,medium,3
2026-01-02T10:20:30,fraud-detection,/portfolio,Germany,211,59.14,47.75,28,queue_delay,QUEUE_BACKPRESSURE,medium,5
2026-01-02T10:21:00,investment-engine,/portfolio,Germany,94,62.83,58.62,5,success,,low,0
2026-01-02T10:21:30,trading-engine,/login,Singapore,387,63.6,61.55,12,high_latency,LATENCY_SPIKE,medium,2
2026-01-02T10:22:00,trading-engine,/login,India,118,48.06,63.26,7,success,,low,0
2026-01-02T10:22:30,fraud-detection,/login,UAE,162,49.14,54.14,5,success,,low,0
2026-01-02T10:23:00,fraud-detection,/login,India,160,64.83,55.5,2,success,,low,0
2026-01-02T10:23:30,investment-engine,/withdrawal,Singapore,111,44.63,39.16,5,success,,low,0
2026-01-02T10:24:00,fraud-detection,/kyc,Germany,121,61.59,44.23,3,success,,low,0
2026-01-02T10:24:30,portfolio-service,/withdrawal,USA,508,86.66,51.69,42,timeout,TIMEOUT_ERROR,critical,6
2026-01-02T10:25:00,investment-engine,/withdrawal,UAE,101,51.45,58.57,5,success,,low,0
2026-01-02T10:25:30,payment-api,/withdrawal,UAE,100,42.93,69.65,3,success,,low,0
2026-01-02T10:26:00,trading-engine,/transfer,UAE,385,58.44,59.46,10,high_latency,LATENCY_SPIKE,medium,5
2026-01-02T10:26:30,notification-service,/payment,India,125,54.39,45.34,8,success,,low,0
2026-01-02T10:27:00,payment-api,/login,Singapore,110,59.51,56.61,5,success,,low,0
2026-01-02T10:27:30,fraud-detection,/kyc,India,217,63.16,67.09,32,queue_delay,QUEUE_BACKPRESSURE,medium,5
2026-01-02T10:28:00,payment-api,/payment,USA,139,39.16,52.48,6,success,,low,0
2026-01-02T10:28:30,fraud-detection,/portfolio,Singapore,107,53.68,58.52,5,success,,low,0
2026-01-02T10:29:00,notification-service,/kyc,Germany,96,66.41,73.56,6,success,,low,0
2026-01-02T10:29:30,payment-api,/kyc,USA,105,54.28,51.23,5,success,,low,0
2026-01-02T10:30:00,notification-service,/login,Singapore,144,62.09,59.64,4,success,,low,0
2026-01-02T10:30:30,fraud-detection,/withdrawal,India,168,48.35,46.87,4,success,,low,0
2026-01-02T10:31:00,fraud-detection,/kyc,UAE,66,63.28,71.97,3,success,,low,0
2026-01-02T10:31:30,payment-api,/withdrawal,Singapore,409,59.77,56.96,12,high_latency,LATENCY_SPIKE,medium,4
2026-01-02T10:32:00,payment-api,/payment,USA,89,53.33,50.81,5,success,,low,0
2026-01-02T10:32:30,payment-api,/portfolio,India,112,48.78,54.95,4,success,,low,0
2026-01-02T10:33:00,payment-api,/login,Singapore,84,52.33,82.8,7,success,,low,0
2026-01-02T10:33:30,fraud-detection,/payment,USA,119,65.71,66.22,3,success,,low,0
2026-01-02T10:34:00,investment-engine,/payment,Germany,258,61.92,45.46,36,queue_delay,QUEUE_BACKPRESSURE,medium,4
2026-01-02T10:34:30,notification-service,/kyc,UAE,158,66.85,53.91,3,success,,low,0
2026-01-02T10:35:00,auth-service,/trade,Germany,142,55.92,40.05,0,success,,low,0
2026-01-02T10:35:30,portfolio-service,/login,India,682,72.41,57.41,15,timeout,TIMEOUT_ERROR,critical,6
2026-01-02T10:36:00,fraud-detection,/kyc,USA,137,58.03,58.77,7,success,,low,0
2026-01-02T10:36:30,trading-engine,/login,UAE,135,50.12,60.63,3,success,,low,0
2026-01-02T10:37:00,portfolio-service,/login,India,102,65.21,63.38,5,success,,low,0
2026-01-02T10:37:30,fraud-detection,/portfolio,India,122,59.28,58.26,5,success,,low,0
2026-01-02T10:38:00,investment-engine,/withdrawal,Singapore,168,63.22,60.55,4,success,,low,0
2026-01-02T10:38:30,auth-service,/portfolio,India,124,49.74,48.28,3,success,,low,0
2026-01-02T10:39:00,auth-service,/login,India,77,42.97,65.9,7,success,,low,0
2026-01-02T10:39:30,auth-service,/trade,Germany,655,60.66,65.31,43,timeout,TIMEOUT_ERROR,critical,5
2026-01-02T10:40:00,investment-engine,/kyc,USA,112,65.95,60.81,4,success,,low,0
2026-01-02T10:40:30,portfolio-service,/payment,USA,158,68.05,67.43,11,success,,low,0
2026-01-02T10:41:00,payment-api,/payment,UAE,134,43.54,51.64,7,success,,low,0
2026-01-02T10:41:30,auth-service,/transfer,USA,119,58.49,66.43,6,success,,low,0
2026-01-02T10:42:00,portfolio-service,/payment,Singapore,430,68.68,73.26,6,db_failure,DB_CONNECTION_FAILURE,critical,9
2026-01-02T10:42:30,trading-engine,/withdrawal,UAE,133,68.65,79.46,6,success,,low,0
2026-01-02T10:43:00,investment-engine,/login,USA,112,62.76,62.81,5,success,,low,0
2026-01-02T10:43:30,notification-service,/payment,USA,87,55.81,76.1,5,success,,low,0
2026-01-02T10:44:00,trading-engine,/withdrawal,USA,96,59.96,53.13,4,success,,low,0
2026-01-02T10:44:30,fraud-detection,/withdrawal,Singapore,116,60.76,61.81,2,success,,low,0
2026-01-02T10:45:00,auth-service,/login,UAE,109,55.25,56.31,5,success,,low,0
2026-01-02T10:45:30,auth-service,/kyc,UAE,138,47.0,75.41,4,success,,low,0
2026-01-02T10:46:00,notification-service,/portfolio,UAE,143,54.56,56.65,3,success,,low,0
2026-01-02T10:46:30,trading-engine,/withdrawal,UAE,118,51.69,38.84,7,success,,low,0
2026-01-02T10:47:00,portfolio-service,/withdrawal,USA,99,53.05,59.76,3,success,,low,0
2026-01-02T10:47:30,notification-service,/portfolio,Germany,337,49.62,55.55,11,high_latency,LATENCY_SPIKE,medium,3
2026-01-02T10:48:00,trading-engine,/payment,USA,103,46.07,66.72,5,success,,low,0
2026-01-02T10:48:30,payment-api,/transfer,Germany,115,42.76,58.72,3,success,,low,0
2026-01-02T10:49:00,fraud-detection,/login,USA,104,63.74,83.59,5,success,,low,0
2026-01-02T10:49:30,investment-engine,/payment,Germany,111,53.42,63.31,4,success,,low,0
2026-01-02T10:50:00,auth-service,/payment,Singapore,325,58.29,76.73,5,db_failure,DB_CONNECTION_FAILURE,critical,10
2026-01-02T10:50:30,investment-engine,/transfer,USA,150,67.42,52.63,4,success,,low,0
2026-01-02T10:51:00,auth-service,/login,Germany,94,54.97,67.79,5,success,,low,0
2026-01-02T10:51:30,trading-engine,/withdrawal,USA,128,54.31,52.89,4,success,,low,0
2026-01-02T10:52:00,trading-engine,/payment,USA,134,58.37,63.45,2,success,,low,0
2026-01-02T10:52:30,fraud-detection,/payment,Singapore,453,65.85,66.61,46,timeout,TIMEOUT_ERROR,critical,8
2026-01-02T10:53:00,investment-engine,/transfer,India,82,53.56,48.01,4,success,,low,0
2026-01-02T10:53:30,payment-api,/portfolio,UAE,487,79.56,64.67,24,timeout,TIMEOUT_ERROR,critical,8
2026-01-02T10:54:00,investment-engine,/portfolio,UAE,87,51.12,79.75,3,success,,low,0
2026-01-02T10:54:30,portfolio-service,/payment,Germany,114,60.11,56.59,6,success,,low,0
2026-01-02T10:55:00,portfolio-service,/withdrawal,Singapore,97,59.31,60.64,1,success,,low,0
2026-01-02T10:55:30,fraud-detection,/portfolio,USA,98,49.25,65.09,1,success,,low,0
2026-01-02T10:56:00,notification-service,/login,Germany,166,47.94,44.84,1,success,,low,0
2026-01-02T10:56:30,portfolio-service,/payment,India,139,72.71,52.67,6,success,,low,0
2026-01-02T10:57:00,payment-api,/withdrawal,Germany,105,64.46,69.32,5,success,,low,0
2026-01-02T10:57:30,notification-service,/login,USA,401,54.15,50.64,16,high_latency,LATENCY_SPIKE,medium,2
2026-01-02T10:58:00,payment-api,/withdrawal,Germany,102,51.03,49.35,2,success,,low,0
2026-01-02T10:58:30,fraud-detection,/transfer,India,107,62.01,60.49,5,success,,low,0
2026-01-02T10:59:00,trading-engine,/portfolio,USA,127,57.88,72.6,6,success,,low,0
2026-01-02T10:59:30,trading-engine,/transfer,USA,87,45.73,88.6,6,success,,low,0
2026-01-02T11:00:00,investment-engine,/transfer,UAE,109,48.18,63.71,3,success,,low,0
2026-01-02T11:00:30,payment-api,/payment,India,117,56.53,45.43,6,success,,low,0
2026-01-02T11:01:00,notification-service,/payment,Germany,125,63.78,50.18,4,success,,low,0
2026-01-02T11:01:30,portfolio-service,/withdrawal,Singapore,135,67.35,51.36,5,success,,low,0
2026-01-02T11:02:00,fraud-detection,/login,UAE,112,47.18,70.15,0,success,,low,0
2026-01-02T11:02:30,notification-service,/trade,UAE,91,41.71,50.5,5,success,,low,0
2026-01-02T11:03:00,portfolio-service,/payment,India,131,38.59,80.11,3,success,,low,0
2026-01-02T11:03:30,payment-api,/portfolio,Singapore,126,37.55,62.09,8,success,,low,0
2026-01-02T11:04:00,auth-service,/withdrawal,UAE,132,65.41,46.42,4,success,,low,0
2026-01-02T11:04:30,notification-service,/kyc,UAE,106,59.14,55.47,5,success,,low,0
2026-01-02T11:05:00,fraud-detection,/withdrawal,Singapore,141,43.32,47.08,1,success,,low,0
2026-01-02T11:05:30,notification-service,/login,India,118,60.31,73.44,7,success,,low,0
2026-01-02T11:06:00,auth-service,/withdrawal,Singapore,115,55.06,57.85,3,success,,low,0
2026-01-02T11:06:30,payment-api,/trade,UAE,275,61.0,77.31,41,queue_delay,QUEUE_BACKPRESSURE,medium,2
2026-01-02T11:07:00,investment-engine,/trade,UAE,209,44.33,66.33,50,queue_delay,QUEUE_BACKPRESSURE,medium,5
2026-01-02T11:07:30,portfolio-service,/login,Germany,133,44.89,72.44,9,success,,low,0
2026-01-02T11:08:00,trading-engine,/portfolio,Singapore,136,57.63,57.63,1,success,,low,0
2026-01-02T11:08:30,payment-api,/portfolio,UAE,125,49.04,62.99,5,success,,low,0
2026-01-02T11:09:00,fraud-detection,/payment,India,161,40.3,58.89,3,success,,low,0
2026-01-02T11:09:30,fraud-detection,/trade,UAE,132,43.92,53.39,5,success,,low,0
2026-01-02T11:10:00,notification-service,/trade,UAE,476,65.68,79.66,1,db_failure,DB_CONNECTION_FAILURE,critical,8
2026-01-02T11:10:30,fraud-detection,/trade,UAE,142,44.27,59.15,7,success,,low,0
2026-01-02T11:11:00,notification-service,/payment,India,146,50.86,53.22,2,success,,low,0
2026-01-02T11:11:30,portfolio-service,/portfolio,USA,159,57.68,64.12,3,success,,low,0
2026-01-02T11:12:00,payment-api,/portfolio,USA,155,58.51,75.31,5,success,,low,0
2026-01-02T11:12:30,auth-service,/login,USA,175,53.65,63.1,5,success,,low,0
2026-01-02T11:13:00,fraud-detection,/payment,Germany,249,59.58,59.79,52,queue_delay,QUEUE_BACKPRESSURE,medium,3
2026-01-02T11:13:30,investment-engine,/payment,Singapore,130,54.03,57.76,3,success,,low,0
2026-01-02T11:14:00,auth-service,/withdrawal,Singapore,119,55.13,55.46,6,success,,low,0
2026-01-02T11:14:30,auth-service,/portfolio,Singapore,147,53.36,88.34,4,success,,low,0
2026-01-02T11:15:00,portfolio-service,/portfolio,Singapore,236,52.82,79.31,29,queue_delay,QUEUE_BACKPRESSURE,medium,4
2026-01-02T11:15:30,notification-service,/portfolio,India,438,62.55,82.95,4,db_failure,DB_CONNECTION_FAILURE,critical,9
2026-01-02T11:16:00,notification-service,/portfolio,USA,128,52.11,64.86,4,success,,low,0
2026-01-02T11:16:30,trading-engine,/trade,Germany,101,52.61,66.98,7,success,,low,0
2026-01-02T11:17:00,fraud-detection,/transfer,Singapore,100,49.03,63.92,5,success,,low,0
2026-01-02T11:17:30,payment-api,/trade,Germany,103,69.5,62.55,7,success,,low,0
2026-01-02T11:18:00,trading-engine,/payment,Germany,126,57.2,54.36,4,success,,low,0
2026-01-02T11:18:30,payment-api,/portfolio,Singapore,82,55.79,52.22,4,success,,low,0
2026-01-02T11:19:00,trading-engine,/payment,UAE,147,49.69,71.33,5,success,,low,0
2026-01-02T11:19:30,portfolio-service,/payment,UAE,127,60.15,54.0,5,success,,low,0
2026-01-02T11:20:00,notification-service,/payment,Singapore,426,72.76,68.21,3,db_failure,DB_CONNECTION_FAILURE,critical,6
2026-01-02T11:20:30,fraud-detection,/portfolio,USA,125,43.5,53.98,2,success,,low,0
2026-01-02T11:21:00,auth-service,/trade,Germany,73,47.5,59.32,2,success,,low,0
2026-01-02T11:21:30,auth-service,/trade,India,120,60.78,64.57,4,success,,low,0
2026-01-02T11:22:00,trading-engine,/trade,USA,163,53.85,57.77,6,success,,low,0
2026-01-02T11:22:30,auth-service,/login,USA,133,68.85,71.22,4,success,,low,0
2026-01-02T11:23:00,fraud-detection,/portfolio,USA,144,52.37,74.17,2,success,,low,0
2026-01-02T11:23:30,portfolio-service,/transfer,USA,127,54.21,84.48,5,success,,low,0
2026-01-02T11:24:00,fraud-detection,/login,India,119,59.17,47.8,6,success,,low,0
2026-01-02T11:24:30,auth-service,/kyc,UAE,75,52.75,54.44,5,success,,low,0
2026-01-02T11:25:00,investment-engine,/payment,USA,117,53.14,41.29,4,success,,low,0
2026-01-02T11:25:30,payment-api,/portfolio,Singapore,97,48.99,72.98,3,success,,low,0
2026-01-02T11:26:00,payment-api,/login,UAE,125,60.27,70.51,4,success,,low,0
2026-01-02T11:26:30,notification-service,/kyc,USA,124,55.94,42.22,5,success,,low,0
2026-01-02T11:27:00,auth-service,/payment,USA,125,60.09,58.95,6,success,,low,0
2026-01-02T11:27:30,portfolio-service,/payment,India,86,58.56,65.29,2,success,,low,0
2026-01-02T11:28:00,investment-engine,/withdrawal,India,138,64.78,67.3,2,success,,low,0
2026-01-02T11:28:30,notification-service,/trade,UAE,130,53.21,73.89,3,success,,low,0
2026-01-02T11:29:00,notification-service,/portfolio,UAE,127,41.69,46.53,5,success,,low,0
2026-01-02T11:29:30,trading-engine,/transfer,Singapore,77,58.5,49.98,7,success,,low,0
2026-01-02T11:30:00,trading-engine,/login,USA,118,57.75,84.62,3,success,,low,0
2026-01-02T11:30:30,notification-service,/portfolio,Singapore,457,44.27,54.39,16,high_latency,LATENCY_SPIKE,medium,2
2026-01-02T11:31:00,portfolio-service,/login,Singapore,115,47.24,68.98,4,success,,low,0
2026-01-02T11:31:30,trading-engine,/withdrawal,Singapore,134,47.91,70.68,7,success,,low,0
2026-01-02T11:32:00,fraud-detection,/withdrawal,Germany,265,56.22,68.81,36,queue_delay,QUEUE_BACKPRESSURE,medium,5
2026-01-02T11:32:30,payment-api,/login,UAE,532,67.74,62.13,0,db_failure,DB_CONNECTION_FAILURE,critical,10
2026-01-02T11:33:00,payment-api,/withdrawal,Germany,161,59.21,57.02,3,success,,low,0
2026-01-02T11:33:30,auth-service,/login,USA,108,47.08,59.63,6,success,,low,0
2026-01-02T11:34:00,portfolio-service,/trade,UAE,125,59.87,59.69,3,success,,low,0
2026-01-02T11:34:30,fraud-detection,/transfer,Singapore,291,47.81,44.52,19,high_latency,LATENCY_SPIKE,medium,2
2026-01-02T11:35:00,portfolio-service,/kyc,India,397,71.67,66.78,8,db_failure,DB_CONNECTION_FAILURE,critical,5
2026-01-02T11:35:30,trading-engine,/kyc,USA,116,60.46,64.96,5,success,,low,0
2026-01-02T11:36:00,trading-engine,/portfolio,UAE,107,46.5,62.22,6,success,,low,0
2026-01-02T11:36:30,portfolio-service,/portfolio,India,122,54.89,57.96,3,success,,low,0
2026-01-02T11:37:00,investment-engine,/transfer,India,120,63.94,41.57,1,success,,low,0
2026-01-02T11:37:30,payment-api,/trade,USA,152,62.41,67.94,6,success,,low,0
2026-01-02T11:38:00,notification-service,/kyc,UAE,124,53.02,56.07,3,success,,low,0
2026-01-02T11:38:30,payment-api,/payment,USA,126,58.53,46.09,7,success,,low,0
2026-01-02T11:39:00,portfolio-service,/kyc,Singapore,132,50.95,70.84,2,success,,low,0
2026-01-02T11:39:30,portfolio-service,/portfolio,Singapore,104,65.16,71.36,4,success,,low,0
2026-01-02T11:40:00,portfolio-service,/transfer,Singapore,108,57.96,51.91,3,success,,low,0
2026-01-02T11:40:30,payment-api,/trade,Germany,106,79.56,73.06,1,success,,low,0
2026-01-02T11:41:00,fraud-detection,/transfer,India,129,59.04,52.88,5,success,,low,0
2026-01-02T11:41:30,notification-service,/withdrawal,USA,115,59.81,53.82,4,success,,low,0
2026-01-02T11:42:00,portfolio-service,/portfolio,UAE,126,59.78,56.47,5,success,,low,0
2026-01-02T11:42:30,notification-service,/withdrawal,USA,102,46.22,77.44,5,success,,low,0
2026-01-02T11:43:00,payment-api,/portfolio,India,723,79.14,60.83,24,timeout,TIMEOUT_ERROR,critical,6
2026-01-02T11:43:30,investment-engine,/payment,India,278,66.19,83.64,15,high_latency,LATENCY_SPIKE,medium,4
2026-01-02T11:44:00,trading-engine,/kyc,UAE,115,35.43,71.43,4,success,,low,0
2026-01-02T11:44:30,payment-api,/kyc,UAE,285,41.32,67.7,61,queue_delay,QUEUE_BACKPRESSURE,medium,5
2026-01-02T11:45:00,investment-engine,/payment,Singapore,83,49.41,61.43,8,success,,low,0
2026-01-02T11:45:30,payment-api,/trade,Singapore,111,60.03,54.33,8,success,,low,0
2026-01-02T11:46:00,trading-engine,/kyc,USA,111,51.38,51.45,3,success,,low,0
2026-01-02T11:46:30,notification-service,/trade,Germany,137,53.46,40.63,4,success,,low,0
2026-01-02T11:47:00,notification-service,/withdrawal,Singapore,109,64.86,61.73,4,success,,low,0
2026-01-02T11:47:30,portfolio-service,/transfer,USA,96,59.26,72.11,4,success,,low,0
2026-01-02T11:48:00,auth-service,/kyc,Germany,263,61.17,72.62,39,queue_delay,QUEUE_BACKPRESSURE,medium,4
2026-01-02T11:48:30,portfolio-service,/trade,India,138,59.8,43.75,3,success,,low,0
2026-01-02T11:49:00,payment-api,/kyc,USA,421,62.21,47.62,15,high_latency,LATENCY_SPIKE,medium,4
2026-01-02T11:49:30,payment-api,/withdrawal,USA,121,57.98,58.42,2,success,,low,0
2026-01-02T11:50:00,payment-api,/withdrawal,USA,104,63.3,50.3,6,success,,low,0
2026-01-02T11:50:30,portfolio-service,/kyc,Germany,127,51.35,56.44,3,success,,low,0
2026-01-02T11:51:00,auth-service,/login,Singapore,106,56.56,69.11,6,success,,low,0
2026-01-02T11:51:30,payment-api,/portfolio,India,128,47.97,61.05,8,success,,low,0
2026-01-02T11:52:00,notification-service,/trade,Germany,117,55.0,56.6,5,success,,low,0
2026-01-02T11:52:30,portfolio-service,/portfolio,India,115,59.76,54.67,5,success,,low,0
2026-01-02T11:53:00,investment-engine,/trade,USA,122,63.2,64.5,7,success,,low,0
2026-01-02T11:53:30,fraud-detection,/withdrawal,Singapore,146,37.69,49.46,1,success,,low,0
2026-01-02T11:54:00,payment-api,/transfer,USA,116,53.34,61.28,4,success,,low,0
2026-01-02T11:54:30,trading-engine,/payment,Singapore,131,51.29,55.14,4,success,,low,0
2026-01-02T11:55:00,trading-engine,/login,UAE,123,72.91,64.28,1,success,,low,0
2026-01-02T11:55:30,investment-engine,/withdrawal,India,312,46.77,38.41,53,queue_delay,QUEUE_BACKPRESSURE,medium,4
2026-01-02T11:56:00,payment-api,/withdrawal,Singapore,116,54.85,73.13,3,success,,low,0
2026-01-02T11:56:30,portfolio-service,/portfolio,Singapore,140,64.59,58.85,7,success,,low,0
2026-01-02T11:57:00,auth-service,/kyc,India,126,53.23,64.38,6,success,,low,0
2026-01-02T11:57:30,auth-service,/kyc,India,106,51.7,59.53,5,success,,low,0
2026-01-02T11:58:00,payment-api,/withdrawal,Germany,103,55.77,43.76,4,success,,low,0
2026-01-02T11:58:30,notification-service,/portfolio,Germany,99,46.66,69.62,5,success,,low,0
2026-01-02T11:59:00,auth-service,/transfer,India,114,68.66,59.06,4,success,,low,0
2026-01-02T11:59:30,investment-engine,/kyc,Germany,139,59.28,53.21,2,success,,low,0
2026-01-02T12:00:00,portfolio-service,/login,UAE,93,51.21,65.58,4,success,,low,0
2026-01-02T12:00:30,notification-service,/withdrawal,USA,119,58.48,61.02,6,success,,low,0
2026-01-02T12:01:00,auth-service,/login,USA,117,78.04,56.91,4,success,,low,0
2026-01-02T12:01:30,portfolio-service,/withdrawal,UAE,484,60.85,77.31,5,db_failure,DB_CONNECTION_FAILURE,critical,9
2026-01-02T12:02:00,portfolio-service,/payment,Germany,133,62.13,54.7,7,success,,low,0
2026-01-02T12:02:30,portfolio-service,/login,Germany,140,55.27,60.41,4,success,,low,0
2026-01-02T12:03:00,auth-service,/portfolio,UAE,146,46.95,58.92,3,success,,low,0
2026-01-02T12:03:30,portfolio-service,/transfer,Germany,121,57.67,58.83,5,success,,low,0
2026-01-02T12:04:00,fraud-detection,/payment,Germany,130,54.86,54.41,4,success,,low,0
2026-01-02T12:04:30,notification-service,/kyc,Germany,125,42.3,51.22,6,success,,low,0
2026-01-02T12:05:00,investment-engine,/trade,India,107,60.38,54.51,4,success,,low,0
2026-01-02T12:05:30,portfolio-service,/kyc,India,111,59.09,61.67,3,success,,low,0
2026-01-02T12:06:00,notification-service,/payment,UAE,119,63.02,54.54,10,success,,low,0
2026-01-02T12:06:30,trading-engine,/payment,Singapore,141,47.53,57.27,0,success,,low,0
2026-01-02T12:07:00,payment-api,/withdrawal,Singapore,144,65.94,68.79,7,success,,low,0
2026-01-02T12:07:30,portfolio-service,/kyc,Singapore,98,59.15,77.59,6,success,,low,0
2026-01-02T12:08:00,notification-service,/transfer,Germany,91,36.21,48.16,5,success,,low,0
2026-01-02T12:08:30,fraud-detection,/portfolio,USA,122,50.73,67.73,6,success,,low,0
2026-01-02T12:09:00,fraud-detection,/trade,USA,563,81.59,82.04,4,db_failure,DB_CONNECTION_FAILURE,critical,5
2026-01-02T12:09:30,notification-service,/login,India,87,52.26,84.05,4,success,,low,0
2026-01-02T12:10:00,notification-service,/trade,India,138,53.31,55.85,5,success,,low,0
2026-01-02T12:10:30,notification-service,/login,Germany,150,65.55,60.99,4,success,,low,0
2026-01-02T12:11:00,investment-engine,/login,USA,119,52.77,57.22,3,success,,low,0
2026-01-02T12:11:30,auth-service,/withdrawal,UAE,119,59.04,43.17,8,success,,low,0
2026-01-02T12:12:00,fraud-detection,/trade,Germany,129,49.16,61.2,6,success,,low,0
2026-01-02T12:12:30,portfolio-service,/kyc,UAE,129,49.09,57.4,5,success,,low,0
2026-01-02T12:13:00,payment-api,/login,Singapore,112,51.16,61.96,4,success,,low,0
2026-01-02T12:13:30,portfolio-service,/payment,UAE,97,62.68,42.97,4,success,,low,0
2026-01-02T12:14:00,trading-engine,/transfer,USA,99,62.38,63.41,6,success,,low,0
2026-01-02T12:14:30,portfolio-service,/payment,USA,89,68.42,74.62,1,success,,low,0
2026-01-02T12:15:00,investment-engine,/portfolio,USA,123,62.97,35.8,3,success,,low,0
2026-01-02T12:15:30,auth-service,/withdrawal,Singapore,126,60.72,54.35,6,success,,low,0
2026-01-02T12:16:00,notification-service,/withdrawal,UAE,107,76.89,49.2,6,success,,low,0
2026-01-02T12:16:30,investment-engine,/transfer,UAE,89,57.84,45.09,3,success,,low,0
2026-01-02T12:17:00,auth-service,/trade,UAE,62,47.6,64.88,4,success,,low,0
2026-01-02T12:17:30,fraud-detection,/transfer,Germany,104,50.45,53.33,4,success,,low,0
2026-01-02T12:18:00,fraud-detection,/kyc,Singapore,119,53.07,57.51,7,success,,low,0
2026-01-02T12:18:30,portfolio-service,/transfer,India,123,53.36,58.49,5,success,,low,0
2026-01-02T12:19:00,portfolio-service,/payment,UAE,192,52.69,55.25,41,queue_delay,QUEUE_BACKPRESSURE,medium,3
2026-01-02T12:19:30,portfolio-service,/withdrawal,Singapore,59,51.11,70.79,2,success,,low,0
2026-01-02T12:20:00,fraud-detection,/login,Singapore,118,41.71,60.22,5,success,,low,0
2026-01-02T12:20:30,investment-engine,/portfolio,Singapore,66,67.25,51.64,6,success,,low,0
2026-01-02T12:21:00,portfolio-service,/payment,Singapore,137,48.54,65.02,5,success,,low,0
2026-01-02T12:21:30,investment-engine,/login,Germany,102,43.11,61.86,2,success,,low,0
2026-01-02T12:22:00,fraud-detection,/payment,USA,123,55.57,49.54,4,success,,low,0
2026-01-02T12:22:30,investment-engine,/transfer,USA,115,50.03,63.33,1,success,,low,0
2026-01-02T12:23:00,notification-service,/payment,Germany,124,68.64,76.38,6,success,,low,0
2026-01-02T12:23:30,portfolio-service,/portfolio,USA,141,59.45,64.69,8,success,,low,0
2026-01-02T12:24:00,notification-service,/login,India,158,60.75,60.27,4,success,,low,0
2026-01-02T12:24:30,auth-service,/trade,Germany,111,61.0,62.95,8,success,,low,0
2026-01-02T12:25:00,investment-engine,/portfolio,Germany,107,53.43,53.16,6,success,,low,0
2026-01-02T12:25:30,payment-api,/payment,UAE,624,79.56,58.66,40,timeout,TIMEOUT_ERROR,critical,7
2026-01-02T12:26:00,portfolio-service,/login,Germany,135,44.32,61.7,5,success,,low,0
2026-01-02T12:26:30,investment-engine,/withdrawal,Germany,279,46.49,68.05,14,high_latency,LATENCY_SPIKE,medium,5
2026-01-02T12:27:00,fraud-detection,/trade,UAE,139,66.13,64.58,6,success,,low,0
2026-01-02T12:27:30,portfolio-service,/transfer,USA,700,49.89,68.69,32,timeout,TIMEOUT_ERROR,critical,8
2026-01-02T12:28:00,auth-service,/kyc,Germany,82,57.63,61.45,4,success,,low,0
2026-01-02T12:28:30,investment-engine,/login,Germany,142,51.14,56.37,3,success,,low,0
2026-01-02T12:29:00,auth-service,/portfolio,USA,105,43.12,76.23,1,success,,low,0
2026-01-02T12:29:30,trading-engine,/withdrawal,UAE,129,57.27,65.59,3,success,,low,0
2026-01-02T12:30:00,fraud-detection,/payment,India,124,37.73,53.5,3,success,,low,0
2026-01-02T12:30:30,notification-service,/payment,Singapore,102,61.56,49.8,3,success,,low,0
2026-01-02T12:31:00,payment-api,/kyc,Germany,133,49.57,63.67,4,success,,low,0
2026-01-02T12:31:30,payment-api,/withdrawal,Singapore,127,49.21,72.68,5,success,,low,0
2026-01-02T12:32:00,auth-service,/trade,India,139,59.18,52.98,5,success,,low,0
2026-01-02T12:32:30,investment-engine,/payment,USA,551,84.24,63.68,44,timeout,TIMEOUT_ERROR,critical,8
2026-01-02T12:33:00,notification-service,/withdrawal,USA,123,57.47,68.31,4,success,,low,0
2026-01-02T12:33:30,auth-service,/trade,UAE,130,64.95,57.58,5,success,,low,0
2026-01-02T12:34:00,payment-api,/withdrawal,Germany,128,53.41,56.84,4,success,,low,0
2026-01-02T12:34:30,notification-service,/login,UAE,112,71.01,37.3,6,success,,low,0
2026-01-02T12:35:00,fraud-detection,/login,USA,115,53.99,51.07,2,success,,low,0
2026-01-02T12:35:30,trading-engine,/kyc,India,156,46.08,72.54,6,success,,low,0
2026-01-02T12:36:00,trading-engine,/transfer,India,296,56.35,67.81,27,queue_delay,QUEUE_BACKPRESSURE,medium,5
2026-01-02T12:36:30,auth-service,/login,USA,157,52.39,61.99,4,success,,low,0
2026-01-02T12:37:00,payment-api,/payment,India,122,39.22,54.33,3,success,,low,0
2026-01-02T12:37:30,investment-engine,/portfolio,UAE,129,38.81,63.83,7,success,,low,0
2026-01-02T12:38:00,investment-engine,/kyc,India,142,52.95,58.94,3,success,,low,0
2026-01-02T12:38:30,payment-api,/payment,Germany,130,62.88,52.69,6,success,,low,0
2026-01-02T12:39:00,auth-service,/transfer,Germany,145,52.35,59.03,2,success,,low,0
2026-01-02T12:39:30,trading-engine,/payment,India,93,38.67,58.28,8,success,,low,0
2026-01-02T12:40:00,fraud-detection,/withdrawal,Singapore,110,62.7,79.72,1,success,,low,0
2026-01-02T12:40:30,auth-service,/withdrawal,Germany,125,45.31,50.75,3,success,,low,0
2026-01-02T12:41:00,portfolio-service,/login,Singapore,99,45.96,60.52,6,success,,low,0
2026-01-02T12:41:30,trading-engine,/kyc,USA,128,43.31,67.64,3,success,,low,0
2026-01-02T12:42:00,trading-engine,/payment,USA,101,41.57,76.82,6,success,,low,0
2026-01-02T12:42:30,investment-engine,/transfer,Singapore,130,52.02,60.33,4,success,,low,0
2026-01-02T12:43:00,notification-service,/transfer,Singapore,100,59.6,57.29,5,success,,low,0
2026-01-02T12:43:30,investment-engine,/login,UAE,125,52.0,63.55,2,success,,low,0
2026-01-02T12:44:00,investment-engine,/trade,Singapore,113,52.26,67.06,2,success,,low,0
2026-01-02T12:44:30,notification-service,/withdrawal,India,109,52.29,46.39,5,success,,low,0
2026-01-02T12:45:00,portfolio-service,/payment,UAE,98,45.39,54.58,7,success,,low,0
2026-01-02T12:45:30,auth-service,/withdrawal,India,101,70.82,69.49,5,success,,low,0
2026-01-02T12:46:00,portfolio-service,/withdrawal,Germany,323,55.06,46.5,67,queue_delay,QUEUE_BACKPRESSURE,medium,3
2026-01-02T12:46:30,portfolio-service,/portfolio,UAE,107,54.66,61.88,6,success,,low,0
2026-01-02T12:47:00,trading-engine,/login,USA,122,52.89,67.15,3,success,,low,0
2026-01-02T12:47:30,auth-service,/payment,Germany,144,64.58,37.83,5,success,,low,0
2026-01-02T12:48:00,fraud-detection,/withdrawal,Singapore,119,69.87,50.93,6,success,,low,0
2026-01-02T12:48:30,portfolio-service,/transfer,UAE,95,40.37,60.74,2,success,,low,0
2026-01-02T12:49:00,notification-service,/transfer,India,106,48.42,70.45,5,success,,low,0
2026-01-02T12:49:30,auth-service,/portfolio,UAE,89,69.63,58.15,7,success,,low,0
2026-01-02T12:50:00,portfolio-service,/payment,Germany,124,60.13,74.59,5,success,,low,0
2026-01-02T12:50:30,payment-api,/login,USA,76,52.35,59.93,4,success,,low,0
2026-01-02T12:51:00,investment-engine,/transfer,Germany,93,49.84,56.16,6,success,,low,0
2026-01-02T12:51:30,payment-api,/trade,USA,145,67.68,79.78,5,success,,low,0
2026-01-02T12:52:00,payment-api,/kyc,Singapore,115,58.26,54.8,2,success,,low,0
2026-01-02T12:52:30,notification-service,/login,UAE,143,48.35,42.79,3,success,,low,0
2026-01-02T12:53:00,trading-engine,/payment,UAE,137,43.3,48.32,4,success,,low,0
2026-01-02T12:53:30,auth-service,/trade,Germany,158,66.14,67.06,2,success,,low,0
2026-01-02T12:54:00,portfolio-service,/kyc,Germany,144,50.9,73.74,5,success,,low,0
2026-01-02T12:54:30,notification-service,/login,India,142,50.53,51.9,5,success,,low,0
2026-01-02T12:55:00,payment-api,/kyc,Germany,118,49.06,53.92,9,success,,low,0
2026-01-02T12:55:30,notification-service,/kyc,India,106,59.77,66.4,3,success,,low,0
2026-01-02T12:56:00,portfolio-service,/transfer,Germany,121,38.48,64.74,4,success,,low,0
2026-01-02T12:56:30,portfolio-service,/transfer,India,102,47.74,50.72,5,success,,low,0
2026-01-02T12:57:00,payment-api,/transfer,UAE,115,63.04,51.46,2,success,,low,0
2026-01-02T12:57:30,portfolio-service,/transfer,India,769,83.57,69.61,35,timeout,TIMEOUT_ERROR,critical,10
2026-01-02T12:58:00,notification-service,/payment,USA,166,41.95,81.6,5,success,,low,0
2026-01-02T12:58:30,notification-service,/trade,USA,135,53.9,56.96,6,success,,low,0
2026-01-02T12:59:00,investment-engine,/kyc,Germany,131,61.98,58.58,7,success,,low,0
2026-01-02T12:59:30,portfolio-service,/payment,Singapore,122,67.82,57.39,3,success,,low,0
2026-01-02T13:00:00,fraud-detection,/login,Germany,354,52.74,42.16,16,high_latency,LATENCY_SPIKE,medium,4
2026-01-02T13:00:30,auth-service,/payment,UAE,90,55.93,40.08,4,success,,low,0
2026-01-02T13:01:00,portfolio-service,/payment,Germany,102,53.34,43.32,4,success,,low,0
2026-01-02T13:01:30,portfolio-service,/withdrawal,Germany,141,54.02,54.08,4,success,,low,0
2026-01-02T13:02:00,payment-api,/withdrawal,USA,90,46.15,50.37,4,success,,low,0
2026-01-02T13:02:30,trading-engine,/withdrawal,UAE,136,47.86,56.01,4,success,,low,0
2026-01-02T13:03:00,trading-engine,/login,USA,115,50.76,74.52,8,success,,low,0
2026-01-02T13:03:30,investment-engine,/kyc,UAE,102,62.85,53.35,5,success,,low,0
2026-01-02T13:04:00,notification-service,/trade,USA,123,62.23,61.35,3,success,,low,0
2026-01-02T13:04:30,fraud-detection,/portfolio,USA,127,48.02,36.3,3,success,,low,0
2026-01-02T13:05:00,fraud-detection,/login,Germany,151,54.46,59.24,3,success,,low,0
2026-01-02T13:05:30,trading-engine,/payment,Singapore,117,67.57,55.41,6,success,,low,0
2026-01-02T13:06:00,auth-service,/payment,India,129,46.05,62.76,2,success,,low,0
2026-01-02T13:06:30,trading-engine,/withdrawal,Singapore,105,48.99,45.04,3,success,,low,0
2026-01-02T13:07:00,fraud-detection,/portfolio,India,122,65.27,53.26,2,success,,low,0
2026-01-02T13:07:30,fraud-detection,/portfolio,India,120,56.18,50.5,3,success,,low,0
2026-01-02T13:08:00,investment-engine,/trade,USA,160,48.32,55.08,4,success,,low,0
2026-01-02T13:08:30,payment-api,/withdrawal,Singapore,130,57.18,65.33,4,success,,low,0
2026-01-02T13:09:00,auth-service,/kyc,UAE,87,33.02,73.3,4,success,,low,0
2026-01-02T13:09:30,fraud-detection,/transfer,Germany,105,55.52,66.58,4,success,,low,0
2026-01-02T13:10:00,payment-api,/transfer,USA,96,48.64,62.4,9,success,,low,0
2026-01-02T13:10:30,auth-service,/transfer,Singapore,95,45.13,61.85,6,success,,low,0
2026-01-02T13:11:00,notification-service,/trade,UAE,117,62.12,57.99,3,success,,low,0
2026-01-02T13:11:30,portfolio-service,/kyc,Germany,133,59.2,43.02,5,success,,low,0
2026-01-02T13:12:00,investment-engine,/portfolio,India,82,49.17,61.84,5,success,,low,0
2026-01-02T13:12:30,investment-engine,/payment,Singapore,85,49.76,52.11,2,success,,low,0
2026-01-02T13:13:00,portfolio-service,/trade,Germany,123,56.29,57.54,4,success,,low,0
2026-01-02T13:13:30,investment-engine,/withdrawal,Germany,307,47.68,57.13,49,queue_delay,QUEUE_BACKPRESSURE,medium,3
2026-01-02T13:14:00,notification-service,/payment,Germany,99,68.15,67.26,2,success,,low,0
2026-01-02T13:14:30,trading-engine,/trade,USA,88,67.09,58.62,5,success,,low,0
2026-01-02T13:15:00,fraud-detection,/login,UAE,147,61.68,68.2,7,success,,low,0
2026-01-02T13:15:30,fraud-detection,/transfer,Germany,115,47.0,54.05,7,success,,low,0
2026-01-02T13:16:00,trading-engine,/transfer,UAE,119,60.91,60.91,4,success,,low,0
2026-01-02T13:16:30,notification-service,/withdrawal,Germany,102,64.14,57.11,1,success,,low,0
2026-01-02T13:17:00,portfolio-service,/login,India,188,76.88,57.05,63,queue_delay,QUEUE_BACKPRESSURE,medium,3
2026-01-02T13:17:30,trading-engine,/login,India,359,54.44,79.31,17,high_latency,LATENCY_SPIKE,medium,4
2026-01-02T13:18:00,investment-engine,/transfer,UAE,117,56.38,71.41,2,success,,low,0
2026-01-02T13:18:30,trading-engine,/withdrawal,Germany,108,52.14,53.62,3,success,,low,0
2026-01-02T13:19:00,notification-service,/portfolio,India,104,45.87,69.46,6,success,,low,0
2026-01-02T13:19:30,portfolio-service,/login,USA,90,61.91,59.13,5,success,,low,0
2026-01-02T13:20:00,auth-service,/payment,India,136,52.22,69.17,5,success,,low,0
2026-01-02T13:20:30,payment-api,/portfolio,UAE,133,50.12,77.77,1,success,,low,0
2026-01-02T13:21:00,notification-service,/portfolio,UAE,101,52.03,56.09,2,success,,low,0
2026-01-02T13:21:30,fraud-detection,/login,India,102,66.58,61.85,3,success,,low,0
2026-01-02T13:22:00,investment-engine,/payment,UAE,68,52.88,61.75,4,success,,low,0
2026-01-02T13:22:30,portfolio-service,/payment,Germany,127,60.47,70.1,3,success,,low,0
2026-01-02T13:23:00,trading-engine,/portfolio,Germany,123,47.95,55.25,4,success,,low,0
2026-01-02T13:23:30,notification-service,/payment,UAE,157,47.52,44.36,2,success,,low,0
2026-01-02T13:24:00,trading-engine,/login,India,124,51.1,62.75,1,success,,low,0
2026-01-02T13:24:30,payment-api,/withdrawal,Germany,127,51.27,73.51,5,success,,low,0
2026-01-02T13:25:00,fraud-detection,/payment,USA,146,62.65,51.7,4,success,,low,0
2026-01-02T13:25:30,fraud-detection,/withdrawal,USA,137,54.12,69.59,5,success,,low,0
2026-01-02T13:26:00,notification-service,/withdrawal,Germany,138,59.45,58.21,4,success,,low,0
2026-01-02T13:26:30,investment-engine,/withdrawal,UAE,429,60.05,60.21,11,high_latency,LATENCY_SPIKE,medium,2
2026-01-02T13:27:00,payment-api,/transfer,UAE,121,38.65,71.41,6,success,,low,0
2026-01-02T13:27:30,fraud-detection,/withdrawal,UAE,115,63.33,67.78,4,success,,low,0
2026-01-02T13:28:00,portfolio-service,/portfolio,Germany,798,74.93,75.09,12,timeout,TIMEOUT_ERROR,critical,8
2026-01-02T13:28:30,fraud-detection,/payment,Germany,117,59.2,64.79,4,success,,low,0
2026-01-02T13:29:00,investment-engine,/payment,USA,107,48.05,63.56,2,success,,low,0
2026-01-02T13:29:30,notification-service,/portfolio,UAE,120,62.21,57.09,2,success,,low,0
2026-01-02T13:30:00,notification-service,/withdrawal,India,106,64.23,62.75,4,success,,low,0
2026-01-02T13:30:30,auth-service,/login,Germany,91,48.02,75.63,2,success,,low,0
2026-01-02T13:31:00,portfolio-service,/payment,Germany,102,41.88,45.94,8,success,,low,0
2026-01-02T13:31:30,portfolio-service,/payment,Singapore,147,54.17,32.04,6,success,,low,0
2026-01-02T13:32:00,investment-engine,/kyc,UAE,131,65.28,70.75,6,success,,low,0
2026-01-02T13:32:30,notification-service,/transfer,USA,120,61.21,41.33,4,success,,low,0
2026-01-02T13:33:00,payment-api,/kyc,India,468,75.44,63.45,5,db_failure,DB_CONNECTION_FAILURE,critical,5
2026-01-02T13:33:30,investment-engine,/kyc,USA,734,79.7,61.56,31,timeout,TIMEOUT_ERROR,critical,9
2026-01-02T13:34:00,payment-api,/kyc,Singapore,89,54.12,60.9,4,success,,low,0
2026-01-02T13:34:30,fraud-detection,/login,Singapore,139,57.6,63.99,8,success,,low,0
2026-01-02T13:35:00,trading-engine,/portfolio,India,136,60.18,54.97,5,success,,low,0
2026-01-02T13:35:30,payment-api,/kyc,India,138,60.56,46.9,1,success,,low,0
2026-01-02T13:36:00,payment-api,/payment,Germany,115,58.71,64.76,7,success,,low,0
2026-01-02T13:36:30,auth-service,/trade,UAE,738,68.2,62.37,44,timeout,TIMEOUT_ERROR,critical,10
2026-01-02T13:37:00,payment-api,/payment,India,114,57.88,57.02,4,success,,low,0
2026-01-02T13:37:30,notification-service,/kyc,USA,101,46.87,84.16,5,success,,low,0
2026-01-02T13:38:00,payment-api,/login,USA,125,62.97,61.1,6,success,,low,0
2026-01-02T13:38:30,auth-service,/payment,UAE,106,45.33,57.9,1,success,,low,0
2026-01-02T13:39:00,notification-service,/trade,Germany,163,49.98,50.61,4,success,,low,0
2026-01-02T13:39:30,portfolio-service,/kyc,Singapore,125,53.82,74.56,2,success,,low,0
2026-01-02T13:40:00,fraud-detection,/payment,Germany,109,65.28,64.87,4,success,,low,0
2026-01-02T13:40:30,portfolio-service,/withdrawal,Germany,152,54.77,57.07,5,success,,low,0
2026-01-02T13:41:00,notification-service,/kyc,Germany,89,58.55,64.88,2,success,,low,0
2026-01-02T13:41:30,fraud-detection,/portfolio,Singapore,99,49.85,55.0,8,success,,low,0
2026-01-02T13:42:00,trading-engine,/trade,Singapore,124,52.52,59.12,7,success,,low,0
2026-01-02T13:42:30,fraud-detection,/trade,Germany,132,56.84,64.07,4,success,,low,0
2026-01-02T13:43:00,payment-api,/trade,UAE,87,66.82,49.24,9,success,,low,0
2026-01-02T13:43:30,payment-api,/portfolio,Germany,158,41.07,68.55,6,success,,low,0
2026-01-02T13:44:00,trading-engine,/withdrawal,India,119,44.57,55.37,4,success,,low,0
2026-01-02T13:44:30,investment-engine,/portfolio,India,108,54.22,68.39,2,success,,low,0
2026-01-02T13:45:00,fraud-detection,/portfolio,UAE,254,62.69,70.5,30,queue_delay,QUEUE_BACKPRESSURE,medium,3
2026-01-02T13:45:30,portfolio-service,/kyc,Singapore,126,51.02,64.84,5,success,,low,0
2026-01-02T13:46:00,trading-engine,/kyc,UAE,122,48.37,54.41,1,success,,low,0
2026-01-02T13:46:30,investment-engine,/login,USA,101,65.53,62.27,5,success,,low,0
2026-01-02T13:47:00,fraud-detection,/trade,Germany,105,59.46,65.49,6,success,,low,0
2026-01-02T13:47:30,fraud-detection,/login,India,114,59.51,61.69,5,success,,low,0
2026-01-02T13:48:00,notification-service,/portfolio,USA,119,61.64,30.33,8,success,,low,0
2026-01-02T13:48:30,payment-api,/login,Germany,140,48.52,54.48,5,success,,low,0
2026-01-02T13:49:00,auth-service,/transfer,Germany,104,66.45,66.65,4,success,,low,0
2026-01-02T13:49:30,notification-service,/trade,Germany,146,63.34,67.98,5,success,,low,0
2026-01-02T13:50:00,fraud-detection,/portfolio,Singapore,121,65.71,59.67,6,success,,low,0
2026-01-02T13:50:30,trading-engine,/trade,USA,153,58.03,81.09,2,success,,low,0
2026-01-02T13:51:00,trading-engine,/portfolio,Singapore,102,30.52,76.52,5,success,,low,0
2026-01-02T13:51:30,portfolio-service,/withdrawal,India,117,67.26,56.23,4,success,,low,0
2026-01-02T13:52:00,notification-service,/payment,USA,111,51.65,74.38,1,success,,low,0
2026-01-02T13:52:30,payment-api,/trade,UAE,116,57.36,45.81,6,success,,low,0
2026-01-02T13:53:00,payment-api,/trade,India,118,68.72,47.68,4,success,,low,0
2026-01-02T13:53:30,investment-engine,/portfolio,UAE,135,66.2,66.19,7,success,,low,0
2026-01-02T13:54:00,trading-engine,/kyc,Singapore,97,52.39,47.54,6,success,,low,0
2026-01-02T13:54:30,trading-engine,/trade,Germany,121,58.89,70.74,8,success,,low,0
2026-01-02T13:55:00,investment-engine,/portfolio,UAE,108,59.92,63.56,5,success,,low,0
2026-01-02T13:55:30,portfolio-service,/withdrawal,UAE,133,53.28,69.6,7,success,,low,0
2026-01-02T13:56:00,investment-engine,/trade,India,79,58.97,56.12,2,success,,low,0
2026-01-02T13:56:30,fraud-detection,/login,India,527,63.74,60.49,29,timeout,TIMEOUT_ERROR,critical,7
2026-01-02T13:57:00,fraud-detection,/kyc,USA,122,52.14,54.02,5,success,,low,0
2026-01-02T13:57:30,trading-engine,/payment,India,143,56.17,58.91,7,success,,low,0
2026-01-02T13:58:00,auth-service,/payment,Germany,153,53.31,76.41,2,success,,low,0
2026-01-02T13:58:30,payment-api,/payment,Singapore,106,46.02,46.16,2,success,,low,0
2026-01-02T13:59:00,auth-service,/portfolio,India,140,44.77,42.63,6,success,,low,0
2026-01-02T13:59:30,portfolio-service,/trade,India,262,42.74,56.87,37,queue_delay,QUEUE_BACKPRESSURE,medium,4
2026-01-02T14:00:00,auth-service,/portfolio,UAE,137,57.7,72.89,3,success,,low,0
2026-01-02T14:00:30,trading-engine,/trade,Singapore,123,56.04,51.83,4,success,,low,0
2026-01-02T14:01:00,payment-api,/payment,Singapore,141,50.04,39.24,3,success,,low,0
2026-01-02T14:01:30,trading-engine,/portfolio,Germany,80,54.77,76.03,4,success,,low,0
2026-01-02T14:02:00,portfolio-service,/transfer,UAE,141,60.02,67.26,4,success,,low,0
2026-01-02T14:02:30,payment-api,/transfer,Singapore,118,57.75,70.2,6,success,,low,0
2026-01-02T14:03:00,portfolio-service,/login,USA,121,55.35,45.58,3,success,,low,0
2026-01-02T14:03:30,payment-api,/transfer,India,114,67.82,61.38,4,success,,low,0
2026-01-02T14:04:00,trading-engine,/trade,Germany,135,56.58,63.85,6,success,,low,0
2026-01-02T14:04:30,trading-engine,/portfolio,USA,152,49.47,64.22,4,success,,low,0
2026-01-02T14:05:00,trading-engine,/kyc,Singapore,135,47.28,61.81,4,success,,low,0
2026-01-02T14:05:30,trading-engine,/portfolio,Singapore,552,63.78,63.45,4,db_failure,DB_CONNECTION_FAILURE,critical,9
2026-01-02T14:06:00,portfolio-service,/transfer,Singapore,129,50.19,75.02,4,success,,low,0
2026-01-02T14:06:30,auth-service,/login,Germany,122,51.14,70.05,6,success,,low,0
2026-01-02T14:07:00,investment-engine,/kyc,Singapore,251,52.35,81.19,39,queue_delay,QUEUE_BACKPRESSURE,medium,2
2026-01-02T14:07:30,fraud-detection,/kyc,USA,136,59.57,50.4,5,success,,low,0
2026-01-02T14:08:00,fraud-detection,/trade,Singapore,160,55.5,66.56,3,success,,low,0
2026-01-02T14:08:30,investment-engine,/payment,USA,128,62.49,60.8,5,success,,low,0
2026-01-02T14:09:00,trading-engine,/login,Germany,95,42.97,56.63,1,success,,low,0
2026-01-02T14:09:30,trading-engine,/withdrawal,UAE,88,60.19,46.07,4,success,,low,0
2026-01-02T14:10:00,payment-api,/transfer,India,384,56.77,69.78,13,high_latency,LATENCY_SPIKE,medium,2
2026-01-02T14:10:30,fraud-detection,/trade,Singapore,113,45.01,51.51,1,success,,low,0
2026-01-02T14:11:00,fraud-detection,/transfer,Germany,664,94.54,62.63,40,timeout,TIMEOUT_ERROR,critical,7
2026-01-02T14:11:30,payment-api,/payment,UAE,66,52.88,61.03,2,success,,low,0
2026-01-02T14:12:00,trading-engine,/login,India,137,42.05,46.46,8,success,,low,0
2026-01-02T14:12:30,notification-service,/payment,India,162,59.02,66.29,1,success,,low,0
2026-01-02T14:13:00,auth-service,/trade,USA,122,45.53,61.6,5,success,,low,0
2026-01-02T14:13:30,investment-engine,/login,India,129,44.99,58.7,3,success,,low,0
2026-01-02T14:14:00,trading-engine,/portfolio,UAE,109,48.94,50.78,5,success,,low,0
2026-01-02T14:14:30,trading-engine,/withdrawal,India,138,65.08,64.31,2,success,,low,0
2026-01-02T14:15:00,auth-service,/withdrawal,India,104,46.75,63.15,5,success,,low,0
2026-01-02T14:15:30,notification-service,/login,India,435,70.54,62.83,6,db_failure,DB_CONNECTION_FAILURE,critical,5
2026-01-02T14:16:00,fraud-detection,/kyc,UAE,443,61.96,56.88,2,db_failure,DB_CONNECTION_FAILURE,critical,6
2026-01-02T14:16:30,trading-engine,/portfolio,Germany,104,61.58,68.63,10,success,,low,0
2026-01-02T14:17:00,portfolio-service,/kyc,Singapore,134,55.85,64.48,3,success,,low,0
2026-01-02T14:17:30,notification-service,/portfolio,Germany,135,55.5,61.59,1,success,,low,0
2026-01-02T14:18:00,auth-service,/withdrawal,UAE,86,51.17,72.27,5,success,,low,0
2026-01-02T14:18:30,auth-service,/transfer,India,113,46.55,43.72,8,success,,low,0
2026-01-02T14:19:00,notification-service,/portfolio,India,120,47.69,76.45,8,success,,low,0
2026-01-02T14:19:30,notification-service,/trade,UAE,97,61.06,86.95,2,success,,low,0
2026-01-02T14:20:00,notification-service,/withdrawal,Germany,145,60.63,41.7,4,success,,low,0
2026-01-02T14:20:30,trading-engine,/transfer,India,113,43.1,63.8,5,success,,low,0
2026-01-02T14:21:00,investment-engine,/payment,Germany,135,68.15,85.83,6,success,,low,0
2026-01-02T14:21:30,auth-service,/withdrawal,Singapore,118,28.96,50.73,4,success,,low,0
2026-01-02T14:22:00,payment-api,/withdrawal,UAE,108,53.47,61.69,5,success,,low,0
2026-01-02T14:22:30,portfolio-service,/transfer,Singapore,103,61.27,54.33,6,success,,low,0
2026-01-02T14:23:00,trading-engine,/portfolio,UAE,131,53.19,63.54,4,success,,low,0
2026-01-02T14:23:30,fraud-detection,/trade,Germany,118,55.95,62.98,4,success,,low,0
2026-01-02T14:24:00,investment-engine,/login,Singapore,113,54.94,78.47,2,success,,low,0
2026-01-02T14:24:30,fraud-detection,/kyc,Singapore,130,48.41,72.73,2,success,,low,0
2026-01-02T14:25:00,payment-api,/transfer,Germany,104,55.02,49.83,8,success,,low,0
2026-01-02T14:25:30,payment-api,/kyc,India,103,53.13,76.87,4,success,,low,0
2026-01-02T14:26:00,investment-engine,/kyc,India,118,63.55,70.85,5,success,,low,0
2026-01-02T14:26:30,fraud-detection,/kyc,India,134,62.95,53.82,2,success,,low,0
2026-01-02T14:27:00,investment-engine,/login,UAE,145,54.24,54.91,5,success,,low,0
2026-01-02T14:27:30,notification-service,/kyc,India,122,59.67,49.4,7,success,,low,0
2026-01-02T14:28:00,payment-api,/transfer,Singapore,119,58.34,76.33,2,success,,low,0
2026-01-02T14:28:30,portfolio-service,/withdrawal,Singapore,99,61.67,46.49,5,success,,low,0
2026-01-02T14:29:00,fraud-detection,/withdrawal,USA,261,65.71,67.87,45,queue_delay,QUEUE_BACKPRESSURE,medium,5
2026-01-02T14:29:30,notification-service,/transfer,Singapore,110,60.49,60.35,6,success,,low,0
2026-01-02T14:30:00,investment-engine,/transfer,Germany,137,45.6,56.43,8,success,,low,0
2026-01-02T14:30:30,trading-engine,/login,India,410,84.62,69.18,36,timeout,TIMEOUT_ERROR,critical,9
2026-01-02T14:31:00,payment-api,/trade,UAE,133,52.85,61.1,2,success,,low,0
2026-01-02T14:31:30,investment-engine,/payment,Singapore,90,69.16,53.69,0,success,,low,0
2026-01-02T14:32:00,payment-api,/trade,Germany,97,48.1,58.33,3,success,,low,0
2026-01-02T14:32:30,payment-api,/kyc,Germany,126,47.12,51.68,5,success,,low,0
2026-01-02T14:33:00,auth-service,/kyc,USA,93,56.83,40.22,6,success,,low,0
2026-01-02T14:33:30,investment-engine,/login,Singapore,118,58.91,57.07,4,success,,low,0
2026-01-02T14:34:00,notification-service,/login,UAE,100,46.65,81.03,2,success,,low,0
2026-01-02T14:34:30,investment-engine,/login,USA,299,54.54,67.89,35,queue_delay,QUEUE_BACKPRESSURE,medium,4
2026-01-02T14:35:00,auth-service,/trade,USA,120,56.07,59.94,1,success,,low,0
2026-01-02T14:35:30,payment-api,/login,Germany,141,66.58,60.9,3,success,,low,0
2026-01-02T14:36:00,notification-service,/withdrawal,India,126,51.71,72.04,1,success,,low,0
2026-01-02T14:36:30,notification-service,/kyc,USA,125,42.15,64.57,3,success,,low,0
2026-01-02T14:37:00,investment-engine,/payment,UAE,224,60.58,51.75,25,queue_delay,QUEUE_BACKPRESSURE,medium,3
2026-01-02T14:37:30,payment-api,/portfolio,Singapore,112,53.8,68.96,6,success,,low,0
2026-01-02T14:38:00,investment-engine,/payment,Germany,95,60.13,66.23,6,success,,low,0
2026-01-02T14:38:30,payment-api,/login,USA,152,47.87,75.92,0,success,,low,0
2026-01-02T14:39:00,investment-engine,/payment,Singapore,265,54.4,64.55,31,queue_delay,QUEUE_BACKPRESSURE,medium,2
2026-01-02T14:39:30,portfolio-service,/portfolio,USA,144,52.48,69.56,6,success,,low,0
2026-01-02T14:40:00,investment-engine,/withdrawal,USA,409,59.39,67.93,0,db_failure,DB_CONNECTION_FAILURE,critical,10
2026-01-02T14:40:30,notification-service,/payment,Germany,101,54.85,52.91,4,success,,low,0
2026-01-02T14:41:00,portfolio-service,/payment,USA,139,60.81,63.56,3,success,,low,0
2026-01-02T14:41:30,fraud-detection,/payment,UAE,156,51.01,54.06,1,success,,low,0
2026-01-02T14:42:00,trading-engine,/kyc,Singapore,85,46.64,61.24,6,success,,low,0
2026-01-02T14:42:30,trading-engine,/login,Germany,137,60.1,49.2,4,success,,low,0
2026-01-02T14:43:00,payment-api,/withdrawal,UAE,99,58.12,52.4,4,success,,low,0
2026-01-02T14:43:30,fraud-detection,/kyc,India,125,64.32,46.52,0,success,,low,0
2026-01-02T14:44:00,payment-api,/login,UAE,72,63.05,78.39,4,success,,low,0
2026-01-02T14:44:30,trading-engine,/kyc,Singapore,118,63.08,55.42,6,success,,low,0
2026-01-02T14:45:00,payment-api,/login,USA,113,45.28,31.74,5,success,,low,0
2026-01-02T14:45:30,portfolio-service,/portfolio,Germany,137,51.85,56.46,6,success,,low,0
2026-01-02T14:46:00,payment-api,/kyc,USA,142,46.74,47.34,9,success,,low,0
2026-01-02T14:46:30,notification-service,/portfolio,Singapore,123,64.36,65.7,4,success,,low,0
2026-01-02T14:47:00,trading-engine,/trade,UAE,125,59.57,58.6,5,success,,low,0
2026-01-02T14:47:30,payment-api,/withdrawal,Singapore,186,54.04,51.8,5,success,,low,0
2026-01-02T14:48:00,payment-api,/login,Singapore,122,56.64,77.66,3,success,,low,0
2026-01-02T14:48:30,investment-engine,/trade,Singapore,132,64.09,71.59,4,success,,low,0
2026-01-02T14:49:00,fraud-detection,/transfer,Germany,139,46.32,76.95,5,success,,low,0
2026-01-02T14:49:30,auth-service,/transfer,UAE,137,63.12,49.63,1,success,,low,0
2026-01-02T14:50:00,investment-engine,/withdrawal,India,454,47.78,58.42,11,high_latency,LATENCY_SPIKE,medium,3
2026-01-02T14:50:30,portfolio-service,/transfer,India,97,47.91,48.5,3,success,,low,0
2026-01-02T14:51:00,trading-engine,/transfer,India,126,51.4,58.2,2,success,,low,0
2026-01-02T14:51:30,payment-api,/kyc,UAE,456,54.76,67.04,5,db_failure,DB_CONNECTION_FAILURE,critical,8
2026-01-02T14:52:00,portfolio-service,/transfer,India,390,67.54,79.16,18,high_latency,LATENCY_SPIKE,medium,4
2026-01-02T14:52:30,investment-engine,/trade,Germany,132,58.67,64.79,8,success,,low,0
2026-01-02T14:53:00,notification-service,/payment,USA,69,61.38,89.73,4,success,,low,0
2026-01-02T14:53:30,portfolio-service,/portfolio,Germany,98,50.62,68.93,4,success,,low,0
2026-01-02T14:54:00,payment-api,/trade,India,150,49.4,67.44,2,success,,low,0
2026-01-02T14:54:30,auth-service,/kyc,Singapore,341,62.53,62.4,13,high_latency,LATENCY_SPIKE,medium,5
2026-01-02T14:55:00,portfolio-service,/portfolio,USA,108,57.74,54.62,3,success,,low,0
2026-01-02T14:55:30,fraud-detection,/payment,Germany,431,64.06,68.33,6,db_failure,DB_CONNECTION_FAILURE,critical,8
2026-01-02T14:56:00,trading-engine,/kyc,USA,461,63.94,57.58,27,timeout,TIMEOUT_ERROR,critical,10
2026-01-02T14:56:30,payment-api,/kyc,Germany,127,56.59,62.2,4,success,,low,0
2026-01-02T14:57:00,notification-service,/payment,UAE,92,46.51,68.68,4,success,,low,0
2026-01-02T14:57:30,notification-service,/kyc,USA,97,61.26,60.32,3,success,,low,0
2026-01-02T14:58:00,auth-service,/login,India,153,44.41,61.28,5,success,,low,0
2026-01-02T14:58:30,auth-service,/login,Germany,140,54.49,48.69,6,success,,low,0
2026-01-02T14:59:00,portfolio-service,/kyc,USA,123,51.11,39.09,3,success,,low,0
2026-01-02T14:59:30,fraud-detection,/kyc,Singapore,131,46.67,77.61,4,success,,low,0
2026-01-02T15:00:00,notification-service,/login,Germany,86,53.21,62.26,9,success,,low,0
2026-01-02T15:00:30,investment-engine,/withdrawal,India,134,61.7,54.99,3,success,,low,0
2026-01-02T15:01:00,trading-engine,/kyc,USA,238,51.7,74.13,26,queue_delay,QUEUE_BACKPRESSURE,medium,5
2026-01-02T15:01:30,auth-service,/portfolio,Germany,509,66.62,60.55,39,timeout,TIMEOUT_ERROR,critical,10
2026-01-02T15:02:00,payment-api,/withdrawal,India,129,48.32,70.79,5,success,,low,0
2026-01-02T15:02:30,notification-service,/payment,India,169,52.82,66.04,5,success,,low,0
2026-01-02T15:03:00,fraud-detection,/withdrawal,UAE,597,68.2,66.7,22,timeout,TIMEOUT_ERROR,critical,6
2026-01-02T15:03:30,investment-engine,/transfer,UAE,390,57.77,69.32,16,high_latency,LATENCY_SPIKE,medium,5
2026-01-02T15:04:00,investment-engine,/trade,UAE,65,58.14,59.51,8,success,,low,0
2026-01-02T15:04:30,fraud-detection,/login,Singapore,750,70.0,49.61,23,timeout,TIMEOUT_ERROR,critical,7
2026-01-02T15:05:00,payment-api,/transfer,UAE,141,57.5,52.64,4,success,,low,0
2026-01-02T15:05:30,notification-service,/payment,UAE,293,50.93,70.8,21,high_latency,LATENCY_SPIKE,medium,4
2026-01-02T15:06:00,auth-service,/payment,Singapore,155,72.09,43.89,5,success,,low,0
2026-01-02T15:06:30,notification-service,/transfer,Germany,106,50.43,46.88,7,success,,low,0
2026-01-02T15:07:00,payment-api,/trade,UAE,126,61.33,53.6,3,success,,low,0
2026-01-02T15:07:30,fraud-detection,/trade,Germany,115,62.66,63.29,5,success,,low,0
2026-01-02T15:08:00,payment-api,/transfer,Singapore,103,63.03,49.52,6,success,,low,0
2026-01-02T15:08:30,investment-engine,/transfer,Singapore,118,52.02,66.6,6,success,,low,0
2026-01-02T15:09:00,investment-engine,/withdrawal,India,144,41.22,53.88,4,success,,low,0
2026-01-02T15:09:30,trading-engine,/transfer,Singapore,139,54.69,57.2,6,success,,low,0
2026-01-02T15:10:00,portfolio-service,/transfer,Singapore,126,52.68,74.45,4,success,,low,0
2026-01-02T15:10:30,fraud-detection,/transfer,UAE,113,50.56,59.9,6,success,,low,0
2026-01-02T15:11:00,notification-service,/portfolio,UAE,83,57.17,47.33,6,success,,low,0
2026-01-02T15:11:30,auth-service,/portfolio,UAE,120,61.02,57.19,3,success,,low,0
2026-01-02T15:12:00,investment-engine,/payment,USA,157,61.24,56.62,5,success,,low,0
2026-01-02T15:12:30,trading-engine,/withdrawal,UAE,128,46.62,54.52,1,success,,low,0
2026-01-02T15:13:00,trading-engine,/login,UAE,151,43.11,64.05,4,success,,low,0
2026-01-02T15:13:30,trading-engine,/kyc,India,100,63.8,59.3,4,success,,low,0
2026-01-02T15:14:00,notification-service,/portfolio,Germany,153,58.02,66.54,3,success,,low,0
2026-01-02T15:14:30,auth-service,/transfer,India,123,52.11,63.67,9,success,,low,0
2026-01-02T15:15:00,investment-engine,/withdrawal,Singapore,114,40.5,66.26,6,success,,low,0
2026-01-02T15:15:30,fraud-detection,/login,USA,100,65.78,81.46,7,success,,low,0
2026-01-02T15:16:00,notification-service,/portfolio,UAE,428,48.57,67.43,10,high_latency,LATENCY_SPIKE,medium,3
2026-01-02T15:16:30,auth-service,/withdrawal,USA,115,58.98,64.31,5,success,,low,0
2026-01-02T15:17:00,auth-service,/kyc,USA,572,71.3,68.0,4,db_failure,DB_CONNECTION_FAILURE,critical,10
2026-01-02T15:17:30,fraud-detection,/trade,Singapore,113,39.27,63.38,6,success,,low,0
2026-01-02T15:18:00,portfolio-service,/login,Germany,138,59.01,61.8,8,success,,low,0
2026-01-02T15:18:30,investment-engine,/withdrawal,India,108,47.41,51.6,7,success,,low,0
2026-01-02T15:19:00,payment-api,/payment,India,85,50.87,54.55,3,success,,low,0
2026-01-02T15:19:30,payment-api,/withdrawal,Singapore,115,52.64,73.19,3,success,,low,0
2026-01-02T15:20:00,portfolio-service,/kyc,UAE,110,59.57,60.47,5,success,,low,0
2026-01-02T15:20:30,investment-engine,/withdrawal,India,107,41.7,75.19,5,success,,low,0
2026-01-02T15:21:00,portfolio-service,/login,USA,103,53.88,65.79,5,success,,low,0
2026-01-02T15:21:30,payment-api,/payment,UAE,124,52.28,68.1,3,success,,low,0
2026-01-02T15:22:00,investment-engine,/trade,Singapore,289,60.47,54.08,36,queue_delay,QUEUE_BACKPRESSURE,medium,4
2026-01-02T15:22:30,auth-service,/kyc,USA,127,59.66,58.51,4,success,,low,0
2026-01-02T15:23:00,fraud-detection,/trade,Singapore,426,59.13,72.83,6,db_failure,DB_CONNECTION_FAILURE,critical,6
2026-01-02T15:23:30,notification-service,/transfer,India,127,59.45,58.03,8,success,,low,0
2026-01-02T15:24:00,payment-api,/portfolio,USA,272,59.93,56.66,63,queue_delay,QUEUE_BACKPRESSURE,medium,2
2026-01-02T15:24:30,trading-engine,/payment,UAE,158,53.76,76.31,7,success,,low,0
2026-01-02T15:25:00,portfolio-service,/trade,Singapore,88,36.0,41.91,6,success,,low,0
2026-01-02T15:25:30,portfolio-service,/portfolio,USA,139,44.51,62.0,3,success,,low,0
2026-01-02T15:26:00,payment-api,/transfer,USA,139,55.98,57.02,5,success,,low,0
2026-01-02T15:26:30,auth-service,/transfer,UAE,132,59.69,71.63,1,success,,low,0
2026-01-02T15:27:00,notification-service,/trade,Germany,104,58.2,59.13,6,success,,low,0
2026-01-02T15:27:30,investment-engine,/login,Germany,127,57.7,65.74,5,success,,low,0
2026-01-02T15:28:00,investment-engine,/payment,UAE,107,58.86,72.17,5,success,,low,0
2026-01-02T15:28:30,trading-engine,/withdrawal,UAE,146,61.59,73.68,6,success,,low,0
2026-01-02T15:29:00,trading-engine,/login,India,138,60.39,64.71,5,success,,low,0
2026-01-02T15:29:30,fraud-detection,/kyc,USA,118,53.7,62.66,7,success,,low,0
2026-01-02T15:30:00,payment-api,/transfer,India,119,59.78,50.93,6,success,,low,0
2026-01-02T15:30:30,portfolio-service,/portfolio,Singapore,116,57.39,79.39,1,success,,low,0
2026-01-02T15:31:00,trading-engine,/trade,Germany,143,42.16,58.41,5,success,,low,0
2026-01-02T15:31:30,investment-engine,/kyc,Germany,121,53.86,58.47,7,success,,low,0
2026-01-02T15:32:00,portfolio-service,/transfer,India,182,55.04,47.75,58,queue_delay,QUEUE_BACKPRESSURE,medium,3
2026-01-02T15:32:30,fraud-detection,/withdrawal,Germany,132,47.25,48.77,4,success,,low,0
2026-01-02T15:33:00,auth-service,/trade,USA,92,58.64,54.44,3,success,,low,0
2026-01-02T15:33:30,payment-api,/portfolio,Singapore,123,51.3,58.72,3,success,,low,0
2026-01-02T15:34:00,notification-service,/login,Singapore,111,54.65,57.93,4,success,,low,0
2026-01-02T15:34:30,fraud-detection,/payment,India,118,61.61,53.36,4,success,,low,0
2026-01-02T15:35:00,investment-engine,/portfolio,Singapore,126,54.1,70.26,8,success,,low,0
2026-01-02T15:35:30,payment-api,/portfolio,USA,826,88.91,71.49,18,timeout,TIMEOUT_ERROR,critical,7
2026-01-02T15:36:00,trading-engine,/login,India,139,68.34,56.79,8,success,,low,0
2026-01-02T15:36:30,notification-service,/withdrawal,UAE,109,61.21,64.58,5,success,,low,0
2026-01-02T15:37:00,investment-engine,/transfer,UAE,117,64.18,72.27,3,success,,low,0
2026-01-02T15:37:30,payment-api,/kyc,USA,105,62.05,64.21,5,success,,low,0
2026-01-02T15:38:00,fraud-detection,/withdrawal,Singapore,87,54.45,46.06,2,success,,low,0
2026-01-02T15:38:30,fraud-detection,/portfolio,Singapore,108,52.46,57.27,5,success,,low,0
2026-01-02T15:39:00,notification-service,/withdrawal,India,140,58.57,83.34,1,success,,low,0
2026-01-02T15:39:30,fraud-detection,/payment,Germany,375,78.63,72.8,5,db_failure,DB_CONNECTION_FAILURE,critical,10
2026-01-02T15:40:00,fraud-detection,/withdrawal,UAE,99,36.88,73.82,4,success,,low,0
2026-01-02T15:40:30,auth-service,/payment,Germany,106,71.4,53.38,5,success,,low,0
2026-01-02T15:41:00,investment-engine,/kyc,UAE,112,51.39,57.91,6,success,,low,0
2026-01-02T15:41:30,notification-service,/trade,Germany,95,51.3,60.55,6,success,,low,0
2026-01-02T15:42:00,investment-engine,/payment,Germany,112,77.02,69.9,6,success,,low,0
2026-01-02T15:42:30,portfolio-service,/kyc,USA,102,59.64,61.92,4,success,,low,0
2026-01-02T15:43:00,fraud-detection,/kyc,India,720,84.93,86.09,28,timeout,TIMEOUT_ERROR,critical,7
2026-01-02T15:43:30,notification-service,/payment,Germany,277,52.0,36.25,30,queue_delay,QUEUE_BACKPRESSURE,medium,2
2026-01-02T15:44:00,portfolio-service,/login,USA,136,55.6,51.59,1,success,,low,0
2026-01-02T15:44:30,notification-service,/transfer,UAE,143,47.72,59.15,4,success,,low,0
2026-01-02T15:45:00,investment-engine,/payment,India,141,50.46,63.5,9,success,,low,0
2026-01-02T15:45:30,auth-service,/login,UAE,144,58.84,77.22,6,success,,low,0
2026-01-02T15:46:00,portfolio-service,/trade,UAE,103,59.06,45.53,5,success,,low,0
2026-01-02T15:46:30,trading-engine,/portfolio,USA,131,51.58,63.89,1,success,,low,0
2026-01-02T15:47:00,payment-api,/login,Germany,246,49.57,68.63,63,queue_delay,QUEUE_BACKPRESSURE,medium,2
2026-01-02T15:47:30,fraud-detection,/transfer,USA,110,55.16,67.26,3,success,,low,0
2026-01-02T15:48:00,trading-engine,/portfolio,Germany,136,55.46,37.58,7,success,,low,0
2026-01-02T15:48:30,notification-service,/portfolio,Singapore,147,58.71,48.23,5,success,,low,0
2026-01-02T15:49:00,investment-engine,/kyc,USA,136,44.85,55.61,6,success,,low,0
2026-01-02T15:49:30,notification-service,/transfer,UAE,147,69.84,62.49,5,success,,low,0
2026-01-02T15:50:00,fraud-detection,/payment,UAE,756,84.56,61.95,43,timeout,TIMEOUT_ERROR,critical,5
2026-01-02T15:50:30,fraud-detection,/kyc,USA,140,45.83,73.07,3,success,,low,0
2026-01-02T15:51:00,fraud-detection,/portfolio,Germany,130,42.32,62.75,3,success,,low,0
2026-01-02T15:51:30,payment-api,/payment,Germany,100,66.61,70.7,3,success,,low,0
2026-01-02T15:52:00,portfolio-service,/withdrawal,India,103,66.26,47.7,6,success,,low,0
2026-01-02T15:52:30,trading-engine,/portfolio,UAE,138,57.65,63.94,4,success,,low,0
2026-01-02T15:53:00,trading-engine,/trade,USA,133,74.54,52.78,7,success,,low,0
2026-01-02T15:53:30,auth-service,/withdrawal,Germany,117,55.98,63.15,6,success,,low,0
2026-01-02T15:54:00,notification-service,/kyc,Singapore,152,48.86,39.69,3,success,,low,0
2026-01-02T15:54:30,notification-service,/withdrawal,Germany,152,46.6,57.57,2,success,,low,0
2026-01-02T15:55:00,portfolio-service,/transfer,USA,134,61.46,45.31,2,success,,low,0
2026-01-02T15:55:30,auth-service,/portfolio,India,110,59.44,65.96,2,success,,low,0
2026-01-02T15:56:00,fraud-detection,/payment,Germany,158,58.98,70.63,4,success,,low,0
2026-01-02T15:56:30,trading-engine,/kyc,USA,110,68.72,46.77,4,success,,low,0
2026-01-02T15:57:00,notification-service,/withdrawal,UAE,108,56.69,51.07,4,success,,low,0
2026-01-02T15:57:30,auth-service,/kyc,USA,135,45.32,58.76,5,success,,low,0
2026-01-02T15:58:00,fraud-detection,/login,Germany,127,50.21,48.55,5,success,,low,0
2026-01-02T15:58:30,payment-api,/withdrawal,India,407,68.63,52.07,18,high_latency,LATENCY_SPIKE,medium,2
2026-01-02T15:59:00,notification-service,/portfolio,Singapore,135,55.85,60.88,8,success,,low,0
2026-01-02T15:59:30,trading-engine,/payment,UAE,128,55.84,53.32,3,success,,low,0
2026-01-02T16:00:00,portfolio-service,/trade,Germany,108,50.6,73.84,5,success,,low,0
2026-01-02T16:00:30,investment-engine,/payment,India,122,68.3,74.51,6,success,,low,0
2026-01-02T16:01:00,trading-engine,/transfer,Singapore,279,42.07,73.46,43,queue_delay,QUEUE_BACKPRESSURE,medium,4
2026-01-02T16:01:30,fraud-detection,/withdrawal,India,117,67.26,59.22,6,success,,low,0
2026-01-02T16:02:00,auth-service,/kyc,Germany,168,43.95,63.68,3,success,,low,0
2026-01-02T16:02:30,investment-engine,/portfolio,UAE,133,58.86,54.41,5,success,,low,0
2026-01-02T16:03:00,auth-service,/kyc,UAE,140,61.68,57.7,3,success,,low,0
2026-01-02T16:03:30,auth-service,/transfer,UAE,118,55.25,61.33,2,success,,low,0
2026-01-02T16:04:00,auth-service,/kyc,UAE,111,53.78,51.7,2,success,,low,0
2026-01-02T16:04:30,portfolio-service,/transfer,UAE,93,45.11,67.3,7,success,,low,0
2026-01-02T16:05:00,trading-engine,/payment,Singapore,113,56.21,68.6,7,success,,low,0
2026-01-02T16:05:30,portfolio-service,/trade,India,693,74.79,73.72,21,timeout,TIMEOUT_ERROR,critical,7
2026-01-02T16:06:00,fraud-detection,/login,Germany,562,62.93,76.62,2,db_failure,DB_CONNECTION_FAILURE,critical,8
2026-01-02T16:06:30,trading-engine,/trade,UAE,133,45.04,76.64,3,success,,low,0
2026-01-02T16:07:00,notification-service,/transfer,Singapore,118,50.26,58.27,1,success,,low,0
2026-01-02T16:07:30,trading-engine,/login,USA,116,60.86,47.94,7,success,,low,0
2026-01-02T16:08:00,auth-service,/withdrawal,Singapore,149,47.39,50.22,5,success,,low,0
2026-01-02T16:08:30,fraud-detection,/portfolio,UAE,162,56.27,47.72,3,success,,low,0
2026-01-02T16:09:00,fraud-detection,/portfolio,Germany,440,73.14,41.3,3,db_failure,DB_CONNECTION_FAILURE,critical,8
2026-01-02T16:09:30,payment-api,/payment,USA,121,61.16,77.41,3,success,,low,0
2026-01-02T16:10:00,investment-engine,/kyc,Singapore,129,40.75,47.41,4,success,,low,0
2026-01-02T16:10:30,notification-service,/trade,UAE,156,58.81,66.04,6,success,,low,0
2026-01-02T16:11:00,payment-api,/trade,USA,110,38.06,70.39,5,success,,low,0
2026-01-02T16:11:30,investment-engine,/withdrawal,UAE,250,62.6,67.0,59,queue_delay,QUEUE_BACKPRESSURE,medium,3
2026-01-02T16:12:00,portfolio-service,/trade,Germany,138,37.78,85.08,3,success,,low,0
2026-01-02T16:12:30,investment-engine,/login,Singapore,125,60.42,63.03,1,success,,low,0
2026-01-02T16:13:00,investment-engine,/login,Singapore,138,53.66,49.5,3,success,,low,0
2026-01-02T16:13:30,payment-api,/login,India,147,55.35,52.11,5,success,,low,0
2026-01-02T16:14:00,auth-service,/portfolio,India,125,48.11,63.65,6,success,,low,0
2026-01-02T16:14:30,notification-service,/kyc,Germany,119,46.77,49.43,2,success,,low,0
2026-01-02T16:15:00,notification-service,/withdrawal,UAE,108,52.41,68.19,6,success,,low,0
2026-01-02T16:15:30,notification-service,/transfer,Singapore,117,49.59,62.95,9,success,,low,0
2026-01-02T16:16:00,investment-engine,/login,UAE,289,62.04,60.51,52,queue_delay,QUEUE_BACKPRESSURE,medium,2
2026-01-02T16:16:30,fraud-detection,/login,Singapore,109,44.96,45.51,7,success,,low,0
2026-01-02T16:17:00,auth-service,/kyc,UAE,123,62.05,54.98,8,success,,low,0
2026-01-02T16:17:30,portfolio-service,/login,UAE,344,69.29,86.85,6,db_failure,DB_CONNECTION_FAILURE,critical,6
2026-01-02T16:18:00,portfolio-service,/login,Germany,120,50.48,54.84,3,success,,low,0
2026-01-02T16:18:30,portfolio-service,/login,UAE,96,59.65,49.92,6,success,,low,0
2026-01-02T16:19:00,investment-engine,/portfolio,Germany,705,76.51,65.92,28,timeout,TIMEOUT_ERROR,critical,10
2026-01-02T16:19:30,auth-service,/payment,USA,113,58.44,45.44,6,success,,low,0
2026-01-02T16:20:00,trading-engine,/portfolio,UAE,137,73.7,50.39,1,success,,low,0
2026-01-02T16:20:30,portfolio-service,/trade,Germany,134,56.4,45.6,7,success,,low,0
2026-01-02T16:21:00,notification-service,/withdrawal,India,89,58.39,64.2,6,success,,low,0
2026-01-02T16:21:30,payment-api,/login,UAE,126,47.07,71.76,4,success,,low,0
2026-01-02T16:22:00,fraud-detection,/withdrawal,UAE,105,59.45,41.84,5,success,,low,0
2026-01-02T16:22:30,payment-api,/login,Germany,280,55.38,45.01,39,queue_delay,QUEUE_BACKPRESSURE,medium,4
2026-01-02T16:23:00,auth-service,/withdrawal,Germany,71,63.7,58.99,4,success,,low,0
2026-01-02T16:23:30,portfolio-service,/payment,UAE,151,45.55,76.89,4,success,,low,0
2026-01-02T16:24:00,auth-service,/kyc,India,107,50.6,55.39,4,success,,low,0
2026-01-02T16:24:30,notification-service,/withdrawal,Germany,94,59.56,91.44,3,success,,low,0
2026-01-02T16:25:00,portfolio-service,/kyc,USA,108,71.29,58.55,7,success,,low,0
2026-01-02T16:25:30,fraud-detection,/payment,Singapore,126,57.11,51.85,5,success,,low,0
2026-01-02T16:26:00,investment-engine,/transfer,India,132,27.66,67.86,4,success,,low,0
2026-01-02T16:26:30,trading-engine,/kyc,India,126,50.43,63.58,7,success,,low,0
2026-01-02T16:27:00,payment-api,/login,Singapore,129,48.31,49.2,6,success,,low,0
2026-01-02T16:27:30,portfolio-service,/portfolio,Singapore,107,57.23,64.79,0,success,,low,0
2026-01-02T16:28:00,trading-engine,/transfer,UAE,475,51.55,52.15,32,timeout,TIMEOUT_ERROR,critical,7
2026-01-02T16:28:30,portfolio-service,/portfolio,Singapore,102,49.49,68.51,7,success,,low,0
2026-01-02T16:29:00,auth-service,/transfer,Singapore,132,40.68,78.27,4,success,,low,0
2026-01-02T16:29:30,trading-engine,/transfer,Germany,117,57.79,75.18,7,success,,low,0
2026-01-02T16:30:00,notification-service,/portfolio,UAE,111,58.34,65.98,0,success,,low,0
2026-01-02T16:30:30,fraud-detection,/payment,Singapore,118,64.75,74.46,2,success,,low,0
2026-01-02T16:31:00,trading-engine,/trade,UAE,140,48.58,62.47,1,success,,low,0
2026-01-02T16:31:30,trading-engine,/login,Germany,387,74.87,61.04,13,high_latency,LATENCY_SPIKE,medium,5
2026-01-02T16:32:00,portfolio-service,/portfolio,USA,81,50.83,63.67,6,success,,low,0
2026-01-02T16:32:30,auth-service,/login,Germany,108,53.45,48.37,4,success,,low,0
2026-01-02T16:33:00,investment-engine,/trade,India,264,53.25,54.37,46,queue_delay,QUEUE_BACKPRESSURE,medium,2
2026-01-02T16:33:30,portfolio-service,/portfolio,USA,161,54.91,58.42,1,success,,low,0
2026-01-02T16:34:00,portfolio-service,/transfer,USA,262,38.81,69.57,20,high_latency,LATENCY_SPIKE,medium,2
2026-01-02T16:34:30,auth-service,/payment,India,155,68.22,56.87,3,success,,low,0
2026-01-02T16:35:00,fraud-detection,/withdrawal,UAE,121,42.41,58.4,0,success,,low,0
2026-01-02T16:35:30,investment-engine,/withdrawal,Singapore,134,64.44,59.1,5,success,,low,0
2026-01-02T16:36:00,investment-engine,/portfolio,India,80,58.83,44.31,7,success,,low,0
2026-01-02T16:36:30,auth-service,/withdrawal,India,149,56.45,61.31,8,success,,low,0
2026-01-02T16:37:00,fraud-detection,/portfolio,Singapore,106,53.38,59.97,2,success,,low,0
2026-01-02T16:37:30,trading-engine,/withdrawal,USA,101,44.44,68.27,1,success,,low,0
2026-01-02T16:38:00,fraud-detection,/trade,UAE,123,45.14,59.15,3,success,,low,0
2026-01-02T16:38:30,payment-api,/payment,Germany,138,53.38,53.45,5,success,,low,0
2026-01-02T16:39:00,auth-service,/withdrawal,USA,98,52.63,50.92,6,success,,low,0
2026-01-02T16:39:30,investment-engine,/payment,Singapore,80,58.21,68.28,6,success,,low,0
2026-01-02T16:40:00,trading-engine,/login,Germany,119,54.35,62.21,4,success,,low,0
2026-01-02T16:40:30,portfolio-service,/transfer,India,108,45.73,54.76,6,success,,low,0
2026-01-02T16:41:00,auth-service,/portfolio,UAE,84,51.15,58.43,2,success,,low,0
2026-01-02T16:41:30,trading-engine,/withdrawal,USA,122,42.62,66.96,7,success,,low,0
2026-01-02T16:42:00,payment-api,/kyc,Singapore,92,52.74,66.25,1,success,,low,0
2026-01-02T16:42:30,portfolio-service,/transfer,Germany,173,35.09,77.64,5,success,,low,0
2026-01-02T16:43:00,fraud-detection,/trade,Singapore,107,49.02,67.11,3,success,,low,0
2026-01-02T16:43:30,fraud-detection,/transfer,USA,338,54.98,55.84,42,queue_delay,QUEUE_BACKPRESSURE,medium,5
2026-01-02T16:44:00,notification-service,/portfolio,Singapore,838,56.89,53.14,34,timeout,TIMEOUT_ERROR,critical,5
2026-01-02T16:44:30,trading-engine,/kyc,USA,130,44.99,54.89,5,success,,low,0
2026-01-02T16:45:00,portfolio-service,/payment,Singapore,99,56.52,67.35,6,success,,low,0
2026-01-02T16:45:30,fraud-detection,/kyc,USA,144,66.77,63.34,6,success,,low,0
2026-01-02T16:46:00,auth-service,/login,UAE,166,58.41,56.71,3,success,,low,0
2026-01-02T16:46:30,notification-service,/kyc,India,137,58.46,34.33,3,success,,low,0
2026-01-02T16:47:00,trading-engine,/payment,UAE,133,56.01,63.31,4,success,,low,0
2026-01-02T16:47:30,investment-engine,/portfolio,India,119,64.2,39.73,3,success,,low,0
2026-01-02T16:48:00,investment-engine,/kyc,USA,272,56.78,46.63,9,high_latency,LATENCY_SPIKE,medium,5
2026-01-02T16:48:30,notification-service,/kyc,India,100,73.71,70.27,7,success,,low,0
2026-01-02T16:49:00,payment-api,/portfolio,India,146,56.07,66.33,6,success,,low,0
2026-01-02T16:49:30,auth-service,/withdrawal,Singapore,83,69.6,76.27,7,success,,low,0
2026-01-02T16:50:00,payment-api,/withdrawal,UAE,75,49.05,69.28,6,success,,low,0
2026-01-02T16:50:30,investment-engine,/withdrawal,USA,306,53.1,65.99,28,queue_delay,QUEUE_BACKPRESSURE,medium,5
2026-01-02T16:51:00,fraud-detection,/transfer,Germany,118,54.54,76.05,6,success,,low,0
2026-01-02T16:51:30,notification-service,/portfolio,India,413,66.43,63.03,6,db_failure,DB_CONNECTION_FAILURE,critical,6
2026-01-02T16:52:00,fraud-detection,/withdrawal,USA,99,70.49,68.32,8,success,,low,0
2026-01-02T16:52:30,payment-api,/trade,USA,141,67.11,69.16,3,success,,low,0
2026-01-02T16:53:00,trading-engine,/kyc,USA,123,44.84,74.05,3,success,,low,0
2026-01-02T16:53:30,portfolio-service,/kyc,USA,94,65.19,47.28,5,success,,low,0
2026-01-02T16:54:00,notification-service,/portfolio,Germany,145,59.38,52.09,8,success,,low,0
2026-01-02T16:54:30,trading-engine,/payment,India,119,51.06,70.64,4,success,,low,0
2026-01-02T16:55:00,portfolio-service,/payment,Germany,98,48.68,69.16,6,success,,low,0
2026-01-02T16:55:30,investment-engine,/kyc,India,100,68.31,44.83,6,success,,low,0
2026-01-02T16:56:00,trading-engine,/portfolio,USA,131,56.4,69.81,6,success,,low,0
2026-01-02T16:56:30,fraud-detection,/trade,Germany,97,49.56,61.88,4,success,,low,0
2026-01-02T16:57:00,payment-api,/kyc,India,385,47.76,75.07,15,high_latency,LATENCY_SPIKE,medium,3
2026-01-02T16:57:30,notification-service,/transfer,USA,412,64.05,63.05,16,high_latency,LATENCY_SPIKE,medium,2
2026-01-02T16:58:00,investment-engine,/withdrawal,India,93,44.39,69.21,4,success,,low,0
2026-01-02T16:58:30,payment-api,/login,UAE,117,70.27,52.65,3,success,,low,0
2026-01-02T16:59:00,portfolio-service,/portfolio,India,117,58.19,62.07,4,success,,low,0
2026-01-02T16:59:30,notification-service,/login,India,137,55.92,58.21,6,success,,low,0
2026-01-02T17:00:00,trading-engine,/transfer,UAE,150,53.35,70.51,4,success,,low,0
2026-01-02T17:00:30,portfolio-service,/login,USA,109,46.31,55.9,6,success,,low,0
2026-01-02T17:01:00,fraud-detection,/kyc,India,136,50.94,70.57,4,success,,low,0
2026-01-02T17:01:30,auth-service,/trade,Singapore,144,56.67,57.01,7,success,,low,0
2026-01-02T17:02:00,portfolio-service,/trade,UAE,398,76.43,64.42,4,db_failure,DB_CONNECTION_FAILURE,critical,5
2026-01-02T17:02:30,portfolio-service,/trade,UAE,114,49.5,71.24,5,success,,low,0
2026-01-02T17:03:00,auth-service,/payment,UAE,96,46.7,44.3,6,success,,low,0
2026-01-02T17:03:30,payment-api,/withdrawal,USA,101,57.02,62.9,3,success,,low,0
2026-01-02T17:04:00,trading-engine,/portfolio,India,88,59.69,43.65,8,success,,low,0
2026-01-02T17:04:30,payment-api,/portfolio,UAE,133,50.29,52.44,4,success,,low,0
2026-01-02T17:05:00,trading-engine,/login,Germany,140,53.42,69.69,5,success,,low,0
2026-01-02T17:05:30,portfolio-service,/transfer,UAE,143,45.59,42.78,1,success,,low,0
2026-01-02T17:06:00,payment-api,/withdrawal,Singapore,194,52.83,59.99,68,queue_delay,QUEUE_BACKPRESSURE,medium,4
2026-01-02T17:06:30,fraud-detection,/kyc,USA,253,58.75,63.65,18,high_latency,LATENCY_SPIKE,medium,2
2026-01-02T17:07:00,investment-engine,/portfolio,USA,131,49.2,76.22,5,success,,low,0
2026-01-02T17:07:30,investment-engine,/payment,Germany,699,76.06,70.88,40,timeout,TIMEOUT_ERROR,critical,7
2026-01-02T17:08:00,notification-service,/transfer,UAE,439,74.45,70.03,37,timeout,TIMEOUT_ERROR,critical,10
2026-01-02T17:08:30,investment-engine,/payment,India,349,62.87,78.71,4,db_failure,DB_CONNECTION_FAILURE,critical,8
2026-01-02T17:09:00,portfolio-service,/portfolio,India,91,39.94,76.18,3,success,,low,0
2026-01-02T17:09:30,fraud-detection,/login,UAE,112,65.0,68.05,7,success,,low,0
2026-01-02T17:10:00,payment-api,/withdrawal,USA,134,54.48,66.48,9,success,,low,0
2026-01-02T17:10:30,trading-engine,/transfer,Germany,126,61.1,68.67,5,success,,low,0
2026-01-02T17:11:00,investment-engine,/withdrawal,USA,110,57.05,73.14,3,success,,low,0
2026-01-02T17:11:30,auth-service,/login,Germany,132,55.38,70.0,2,success,,low,0
2026-01-02T17:12:00,investment-engine,/kyc,USA,88,57.78,62.37,5,success,,low,0
2026-01-02T17:12:30,trading-engine,/portfolio,USA,125,46.1,69.26,4,success,,low,0
2026-01-02T17:13:00,payment-api,/payment,UAE,606,68.52,87.98,4,db_failure,DB_CONNECTION_FAILURE,critical,5
2026-01-02T17:13:30,auth-service,/payment,India,108,54.06,65.73,8,success,,low,0
2026-01-02T17:14:00,payment-api,/payment,USA,102,63.19,63.74,3,success,,low,0
2026-01-02T17:14:30,trading-engine,/portfolio,UAE,104,69.6,65.82,3,success,,low,0
2026-01-02T17:15:00,investment-engine,/transfer,India,108,58.87,72.95,1,success,,low,0
2026-01-02T17:15:30,auth-service,/transfer,Singapore,101,39.37,45.61,2,success,,low,0
2026-01-02T17:16:00,auth-service,/withdrawal,USA,126,59.43,51.66,6,success,,low,0
2026-01-02T17:16:30,trading-engine,/login,USA,91,64.11,41.98,3,success,,low,0
2026-01-02T17:17:00,investment-engine,/trade,India,119,51.11,72.48,5,success,,low,0
2026-01-02T17:17:30,notification-service,/login,India,93,39.53,61.11,7,success,,low,0
2026-01-02T17:18:00,payment-api,/login,India,102,54.81,56.65,4,success,,low,0
2026-01-02T17:18:30,investment-engine,/withdrawal,UAE,138,46.69,68.0,4,success,,low,0
2026-01-02T17:19:00,portfolio-service,/trade,India,103,41.25,43.85,7,success,,low,0
2026-01-02T17:19:30,trading-engine,/trade,India,126,52.94,57.94,11,success,,low,0
2026-01-02T17:20:00,payment-api,/portfolio,UAE,111,50.88,73.04,6,success,,low,0
2026-01-02T17:20:30,auth-service,/trade,India,103,49.9,65.31,5,success,,low,0
2026-01-02T17:21:00,payment-api,/withdrawal,Germany,411,46.27,51.89,18,high_latency,LATENCY_SPIKE,medium,2
2026-01-02T17:21:30,auth-service,/portfolio,UAE,111,43.58,63.05,2,success,,low,0
2026-01-02T17:22:00,trading-engine,/transfer,UAE,500,77.3,54.28,18,timeout,TIMEOUT_ERROR,critical,6
2026-01-02T17:22:30,fraud-detection,/kyc,Germany,127,52.35,53.34,2,success,,low,0
2026-01-02T17:23:00,fraud-detection,/trade,Singapore,137,66.01,51.43,1,success,,low,0
2026-01-02T17:23:30,trading-engine,/portfolio,India,142,55.12,75.16,3,success,,low,0
2026-01-02T17:24:00,trading-engine,/payment,Singapore,101,50.33,60.0,4,success,,low,0
2026-01-02T17:24:30,payment-api,/login,Germany,142,47.97,68.25,8,success,,low,0
2026-01-02T17:25:00,fraud-detection,/withdrawal,Singapore,78,69.57,60.89,2,success,,low,0
2026-01-02T17:25:30,auth-service,/kyc,Singapore,110,51.93,61.73,5,success,,low,0
2026-01-02T17:26:00,auth-service,/transfer,Singapore,149,55.98,55.81,7,success,,low,0
2026-01-02T17:26:30,portfolio-service,/trade,India,90,63.51,77.11,5,success,,low,0
2026-01-02T17:27:00,payment-api,/withdrawal,USA,117,58.31,54.08,4,success,,low,0
2026-01-02T17:27:30,trading-engine,/transfer,USA,99,58.78,67.97,8,success,,low,0
2026-01-02T17:28:00,portfolio-service,/trade,India,97,79.86,65.19,4,success,,low,0
2026-01-02T17:28:30,trading-engine,/kyc,Germany,134,56.57,56.05,5,success,,low,0
2026-01-02T17:29:00,notification-service,/kyc,USA,108,62.38,48.91,6,success,,low,0
2026-01-02T17:29:30,payment-api,/transfer,USA,121,62.36,62.62,6,success,,low,0
2026-01-02T17:30:00,investment-engine,/portfolio,USA,106,49.76,56.15,7,success,,low,0
2026-01-02T17:30:30,auth-service,/login,UAE,91,55.51,67.18,3,success,,low,0
2026-01-02T17:31:00,trading-engine,/transfer,Singapore,109,57.38,68.7,3,success,,low,0
2026-01-02T17:31:30,portfolio-service,/portfolio,Germany,154,48.95,52.22,9,success,,low,0
2026-01-02T17:32:00,trading-engine,/withdrawal,USA,158,57.62,79.27,7,success,,low,0
2026-01-02T17:32:30,payment-api,/login,USA,132,44.7,57.7,4,success,,low,0
2026-01-02T17:33:00,notification-service,/portfolio,UAE,136,53.45,61.47,5,success,,low,0
2026-01-02T17:33:30,trading-engine,/login,Singapore,117,37.74,62.44,3,success,,low,0
2026-01-02T17:34:00,trading-engine,/transfer,UAE,124,49.01,49.84,6,success,,low,0
2026-01-02T17:34:30,trading-engine,/transfer,USA,141,66.46,57.09,6,success,,low,0
2026-01-02T17:35:00,portfolio-service,/login,India,113,63.45,63.66,8,success,,low,0
2026-01-02T17:35:30,portfolio-service,/kyc,Singapore,499,79.76,71.19,29,timeout,TIMEOUT_ERROR,critical,10
2026-01-02T17:36:00,investment-engine,/withdrawal,USA,102,43.5,60.32,4,success,,low,0
2026-01-02T17:36:30,trading-engine,/payment,Singapore,115,49.03,54.41,4,success,,low,0
2026-01-02T17:37:00,fraud-detection,/kyc,USA,131,50.89,72.37,6,success,,low,0
2026-01-02T17:37:30,notification-service,/trade,UAE,104,65.92,53.06,6,success,,low,0
2026-01-02T17:38:00,auth-service,/portfolio,USA,136,51.85,49.04,3,success,,low,0
2026-01-02T17:38:30,fraud-detection,/portfolio,Germany,134,63.62,56.18,4,success,,low,0
2026-01-02T17:39:00,payment-api,/kyc,USA,100,48.13,53.05,4,success,,low,0
2026-01-02T17:39:30,notification-service,/withdrawal,India,525,92.09,71.42,48,timeout,TIMEOUT_ERROR,critical,6
